run_id,timestamp,model_key,model_name,params_json,cv_f1_up_mean,cv_f1_up_std,cv_f1_up_folds_json,cv_precision_up_mean,cv_precision_up_std,cv_recall_up_mean,cv_recall_up_std,cv_precision_up_folds_json,cv_recall_up_folds_json,cv_fold_ranges_json,decision_threshold,train_seconds,dataset_fingerprint,content_fingerprint,policy_version,status,note
GB_20260708_152321,2026-07-08T15:34:07,gradient_boosting,Gradient Boosting,"{""n_estimators"": 100, ""learning_rate"": 0.05, ""max_depth"": 3, ""subsample"": 0.85}",0.5447914529805301,0.02207574366736267,"[0.5768523089350626, 0.5380120741699008, 0.563853776862224, 0.5197668963133072, 0.5254722086221558]",,,,,,,,0.4178342467881343,645.591,74ab309fcc94,,legacy,ok,
LR_20260708_153914,2026-07-08T15:39:18,logistic_regression,Logistic Regression,"{""C"": 1.0, ""solver"": ""lbfgs""}",0.5475182087514682,0.021828365977292097,"[0.5722491768302065, 0.5408583556044647, 0.5731685586407136, 0.5331637965997654, 0.5181511560821905]",,,,,,,,0.33970549289881125,3.738,74ab309fcc94,,legacy,ok,
LR_20260708_153935,2026-07-08T15:39:39,logistic_regression,Logistic Regression,"{""C"": 1.2, ""solver"": ""lbfgs""}",0.5475173265027934,0.021823702348722388,"[0.5722345314295093, 0.5408583556044647, 0.5731685586407136, 0.5331740307570891, 0.5181511560821905]",,,,,,,,0.3395310430454378,3.874,74ab309fcc94,,legacy,ok,
GB_20260708_153144,2026-07-08T15:43:09,gradient_boosting,Gradient Boosting,"{""n_estimators"": 100, ""learning_rate"": 0.05, ""max_depth"": 3, ""subsample"": 0.85}",0.5447914529805301,0.02207574366736267,"[0.5768523089350626, 0.5380120741699008, 0.563853776862224, 0.5197668963133072, 0.5254722086221558]",,,,,,,,0.4178342467881343,684.732,74ab309fcc94,,legacy,ok,
LR_20260708_154444,2026-07-08T15:44:47,logistic_regression,Logistic Regression,"{""C"": 2.0, ""solver"": ""lbfgs""}",0.5475125129005391,0.021815904780810143,"[0.5722345314295093, 0.5408583556044647, 0.5731386463454261, 0.5331798750411049, 0.5181511560821905]",,,,,,,,0.33941355019893427,3.602,74ab309fcc94,,legacy,ok,
LR_20260708_154506,2026-07-08T15:45:09,logistic_regression,Logistic Regression,"{""C"": 3.11348903984e-06, ""solver"": ""liblinear""}",0.548273143281848,0.022718943442288225,"[0.5723809719173727, 0.5408441259063665, 0.5753480711589414, 0.5376685337172522, 0.5151240137093072]",,,,,,,,0.4258225141081483,2.753,74ab309fcc94,,legacy,ok,
LR_20260709_075829,2026-07-09T07:58:31,logistic_regression,Logistic Regression,"{""C"": 0.5, ""solver"": ""lbfgs""}",0.5475216231703259,0.021832634634423323,"[0.5722826589417239, 0.5408583556044647, 0.5731536026498396, 0.5331623425734109, 0.5181511560821905]",,,,,,,,0.35053023430880953,2.353,74ab309fcc94,,legacy,ok,smoke test LR 2h script
LR_20260709_075841,2026-07-09T07:58:42,logistic_regression,Logistic Regression,"{""C"": 5.444e-08, ""solver"": ""lbfgs""}",0.5482515049330698,0.02270165934904565,"[0.5723398800061535, 0.5408497930528632, 0.5753539569522874, 0.5375038151067704, 0.5152100795472746]",,,,,,,,0.49792017820912066,1.201,74ab309fcc94,,legacy,ok,auto LR search 2h (threshold-tuned)
LR_20260709_075843,2026-07-09T07:58:45,logistic_regression,Logistic Regression,"{""C"": 0.000576701643, ""solver"": ""lbfgs""}",0.5483810182727161,0.021504416276373877,"[0.5721758395044001, 0.5408265917759987, 0.5745771664716057, 0.5343135667325194, 0.5200119268790568]",,,,,,,,0.34021751258824234,1.884,74ab309fcc94,,legacy,ok,auto LR search 2h (threshold-tuned)
LR_20260709_075846,2026-07-09T07:58:48,logistic_regression,Logistic Regression,"{""C"": 31.035934814547, ""solver"": ""lbfgs""}",0.5475459247959302,0.021794928381530125,"[0.572222792081239, 0.5408526871803471, 0.5731536026498396, 0.5333493859860342, 0.5181511560821905]",,,,,,,,0.3388899984221479,2.521,74ab309fcc94,,legacy,ok,auto LR search 2h (threshold-tuned)
LR_20260709_075849,2026-07-09T07:58:50,logistic_regression,Logistic Regression,"{""C"": 5.1243295e-05, ""solver"": ""lbfgs""}",0.5481166205066231,0.02212291060685281,"[0.5722902689727334, 0.540827125179434, 0.5752406307597788, 0.5333769276878644, 0.5188481499333056]",,,,,,,,0.35457843582133997,1.451,74ab309fcc94,,legacy,ok,auto LR search 2h (threshold-tuned)
LR_20260709_075851,2026-07-09T07:58:53,logistic_regression,Logistic Regression,"{""C"": 0.358461942435, ""solver"": ""lbfgs""}",0.5475075460616775,0.021813832705491046,"[0.5722065245312099, 0.5408583556044647, 0.5731536026498396, 0.5331623425734109, 0.5181569049494624]",,,,,,,,0.35206229079760754,2.344,74ab309fcc94,,legacy,ok,auto LR search 2h (threshold-tuned)
LR_20260709_075854,2026-07-09T07:58:55,logistic_regression,Logistic Regression,"{""C"": 1.0809167e-05, ""solver"": ""lbfgs""}",0.5481645159034632,0.022747919504223477,"[0.5724369299586544, 0.5408497930528632, 0.5752156187900764, 0.5372175780674233, 0.5151026596482986]",,,,,,,,0.37546062613222436,1.295,74ab309fcc94,,legacy,ok,auto LR search 2h (threshold-tuned)
LR_20260709_075856,2026-07-09T07:58:59,logistic_regression,Logistic Regression,"{""C"": 628.779136056853, ""solver"": ""lbfgs""}",0.5475400154751888,0.021802900015117463,"[0.572222792081239, 0.5408526871803471, 0.5731536026498396, 0.5333493859860342, 0.5181216094784837]",,,,,,,,0.3387986160141211,2.315,74ab309fcc94,,legacy,ok,auto LR search 2h (threshold-tuned)
LR_20260709_075859,2026-07-09T07:59:01,logistic_regression,Logistic Regression,"{""C"": 2.1585778e-05, ""solver"": ""lbfgs""}",0.5481213715722622,0.022757045399142962,"[0.5723695009848982, 0.5408226355776788, 0.575232204483313, 0.5371031432633075, 0.5150793735521132]",,,,,,,,0.34957384271745773,1.341,74ab309fcc94,,legacy,ok,auto LR search 2h (threshold-tuned)
LR_20260709_075901,2026-07-09T07:59:03,logistic_regression,Logistic Regression,"{""C"": 3.90832e-07, ""solver"": ""lbfgs""}",0.5482410877249542,0.02271769703511295,"[0.5723457499179521, 0.5408441259063665, 0.5753539569522874, 0.5374997368808807, 0.5151618689672846]",,,,,,,,0.4860978942743551,1.172,74ab309fcc94,,legacy,ok,auto LR search 2h (threshold-tuned)
LR_20260709_075903,2026-07-09T07:59:11,logistic_regression,Logistic Regression,"{""C"": 1171.752921629475, ""solver"": ""liblinear""}",0.5476876026521331,0.021790639215278827,"[0.5722488823264017, 0.5408583556044647, 0.573338494209706, 0.533909970842953, 0.5180823102771401]",,,,,,,,0.3294388525345378,7.785,74ab309fcc94,,legacy,ok,auto LR search 2h (threshold-tuned)
LR_20260709_075912,2026-07-09T07:59:13,logistic_regression,Logistic Regression,"{""C"": 1.5143e-08, ""solver"": ""lbfgs""}",0.5482546756640864,0.022697044884073488,"[0.5723398800061535, 0.5408497930528632, 0.5753539569522874, 0.5375038151067704, 0.5152259332023575]",,,,,,,,0.49941629141004906,1.115,74ab309fcc94,,legacy,ok,auto LR search 2h (threshold-tuned)
LR_20260709_075914,2026-07-09T07:59:15,logistic_regression,Logistic Regression,"{""C"": 3.965042e-06, ""solver"": ""lbfgs""}",0.5482813385990102,0.02272690335027843,"[0.5724103268952643, 0.5408441259063665, 0.5753598428660577, 0.537662883564523, 0.5151295137628392]",,,,,,,,0.4144068382958688,1.343,74ab309fcc94,,legacy,ok,auto LR search 2h (threshold-tuned)
LR_20260709_075916,2026-07-09T07:59:18,logistic_regression,Logistic Regression,"{""C"": 3.222071e-06, ""solver"": ""liblinear""}",0.548273143281848,0.022718943442288225,"[0.5723809719173727, 0.5408441259063665, 0.5753480711589414, 0.5376685337172522, 0.5151240137093072]",,,,,,,,0.42426376635624924,2.288,74ab309fcc94,,legacy,ok,auto LR search 2h (threshold-tuned)
LR_20260709_075919,2026-07-09T07:59:22,logistic_regression,Logistic Regression,"{""C"": 6.5278244e-05, ""solver"": ""liblinear""}",0.5489847120006233,0.02151298302469983,"[0.5722609168401941, 0.5408214585079631, 0.5752350134147091, 0.5372776081692809, 0.5193285630709689]",,,,,,,,0.33252634388066976,3.171,74ab309fcc94,,legacy,ok,auto LR search 2h (threshold-tuned)
LR_20260709_075923,2026-07-09T07:59:30,logistic_regression,Logistic Regression,"{""C"": 952.189535408408, ""solver"": ""liblinear""}",0.5476887517755894,0.02178907805347874,"[0.5722488823264017, 0.5408583556044647, 0.573338494209706, 0.533909970842953, 0.5180880558944216]",,,,,,,,0.32944023183505633,7.012,74ab309fcc94,,legacy,ok,auto LR search 2h (threshold-tuned)
LR_20260709_075931,2026-07-09T07:59:38,logistic_regression,Logistic Regression,"{""C"": 8.633168407012, ""solver"": ""liblinear""}",0.5476876271211839,0.021793523310298654,"[0.5722547501615004, 0.5408583556044647, 0.573338494209706, 0.533909970842953, 0.5180765647872954]",,,,,,,,0.3297549560512154,7.085,74ab309fcc94,,legacy,ok,auto LR search 2h (threshold-tuned)
LR_20260709_075938,2026-07-09T07:59:41,logistic_regression,Logistic Regression,"{""C"": 18.474948184736, ""solver"": ""lbfgs""}",0.5475459247959302,0.021794928381530125,"[0.572222792081239, 0.5408526871803471, 0.5731536026498396, 0.5333493859860342, 0.5181511560821905]",,,,,,,,0.33894551831019637,2.353,74ab309fcc94,,legacy,ok,auto LR search 2h (threshold-tuned)
LR_20260709_075941,2026-07-09T07:59:44,logistic_regression,Logistic Regression,"{""C"": 0.140908168551, ""solver"": ""lbfgs""}",0.5474966116327995,0.021832547400732153,"[0.572216922587726, 0.5408526871803471, 0.5731624236199181, 0.5331302194068781, 0.5181208053691275]",,,,,,,,0.34060165180407587,2.348,74ab309fcc94,,legacy,ok,auto LR search 2h (threshold-tuned)
LR_20260709_075945,2026-07-09T07:59:46,logistic_regression,Logistic Regression,"{""C"": 1.1484e-08, ""solver"": ""lbfgs""}",0.5482546756640864,0.022697044884073488,"[0.5723398800061535, 0.5408497930528632, 0.5753539569522874, 0.5375038151067704, 0.5152259332023575]",,,,,,,,0.4995570267540991,1.106,74ab309fcc94,,legacy,ok,auto LR search 2h (threshold-tuned)
LR_20260709_075946,2026-07-09T07:59:48,logistic_regression,Logistic Regression,"{""C"": 2.055375e-06, ""solver"": ""lbfgs""}",0.548277491796435,0.02271036928221379,"[0.572363360375791, 0.5408497930528632, 0.5753539569522874, 0.5376798343789737, 0.5151405142222601]",,,,,,,,0.4434704466463605,1.264,74ab309fcc94,,legacy,ok,auto LR search 2h (threshold-tuned)
LR_20260709_075949,2026-07-09T07:59:50,logistic_regression,Logistic Regression,"{""C"": 4.33557e-07, ""solver"": ""lbfgs""}",0.5482483996064313,0.022707052423857146,"[0.5723457499179521, 0.5408441259063665, 0.5753539569522874, 0.5374997368808807, 0.5151984283746703]",,,,,,,,0.48470253501030697,1.223,74ab309fcc94,,legacy,ok,auto LR search 2h (threshold-tuned)
LR_20260709_075951,2026-07-09T07:59:53,logistic_regression,Logistic Regression,"{""C"": 510.958327805047, ""solver"": ""lbfgs""}",0.5475400154751888,0.021802900015117463,"[0.572222792081239, 0.5408526871803471, 0.5731536026498396, 0.5333493859860342, 0.5181216094784837]",,,,,,,,0.3387995637148137,2.5,74ab309fcc94,,legacy,ok,auto LR search 2h (threshold-tuned)
LR_20260709_075954,2026-07-09T07:59:56,logistic_regression,Logistic Regression,"{""C"": 0.001467094445, ""solver"": ""lbfgs""}",0.5479662038884442,0.021929298518948537,"[0.5721818163166911, 0.5408401705908857, 0.5743001910457679, 0.5343480138169258, 0.5181608276719506]",,,,,,,,0.33537143053270113,2.047,74ab309fcc94,,legacy,ok,auto LR search 2h (threshold-tuned)
LR_20260709_075957,2026-07-09T08:00:02,logistic_regression,Logistic Regression,"{""C"": 0.002073221993, ""solver"": ""liblinear""}",0.5478472112767672,0.02182380586616931,"[0.5721789084940501, 0.5408345034264518, 0.573763476772463, 0.5344114694102279, 0.5180476982806433]",,,,,,,,0.3360625240121016,4.824,74ab309fcc94,,legacy,ok,auto LR search 2h (threshold-tuned)
LR_20260709_080002,2026-07-09T08:00:09,logistic_regression,Logistic Regression,"{""C"": 0.027736637926, ""solver"": ""liblinear""}",0.5480830278963057,0.021395991585909123,"[0.5719611538501148, 0.5408430628628922, 0.5738532110091743, 0.5340560463981787, 0.5197016653611688]",,,,,,,,0.35810032253589835,6.511,74ab309fcc94,,legacy,ok,auto LR search 2h (threshold-tuned)
LR_20260709_080010,2026-07-09T08:00:11,logistic_regression,Logistic Regression,"{""C"": 0.000709682065, ""solver"": ""lbfgs""}",0.548423015129538,0.02157657504761253,"[0.5721699709740613, 0.5408288363807827, 0.5748418978448587, 0.534279419388284, 0.5199949510597037]",,,,,,,,0.33482721417663963,1.893,74ab309fcc94,,legacy,ok,auto LR search 2h (threshold-tuned)
LR_20260709_080012,2026-07-09T08:00:20,logistic_regression,Logistic Regression,"{""C"": 81.731691695939, ""solver"": ""liblinear""}",0.5476876026521331,0.021790639215278827,"[0.5722488823264017, 0.5408583556044647, 0.573338494209706, 0.533909970842953, 0.5180823102771401]",,,,,,,,0.32946806840596865,7.27,74ab309fcc94,,legacy,ok,auto LR search 2h (threshold-tuned)
LR_20260709_080020,2026-07-09T08:00:27,logistic_regression,Logistic Regression,"{""C"": 0.192355731582, ""solver"": ""liblinear""}",0.5476944059722693,0.02180062975055598,"[0.5723002331768549, 0.5408583556044647, 0.5733326358738295, 0.533887003567053, 0.5180938016391443]",,,,,,,,0.3485299436143491,6.877,74ab309fcc94,,legacy,ok,auto LR search 2h (threshold-tuned)
LR_20260709_080028,2026-07-09T08:00:30,logistic_regression,Logistic Regression,"{""C"": 0.023332428838, ""solver"": ""lbfgs""}",0.5480603414914677,0.02144427337724684,"[0.5720228594964732, 0.5408294814954564, 0.5738048338179658, 0.5341675416472728, 0.5194769910001699]",,,,,,,,0.3591491438851694,2.45,74ab309fcc94,,legacy,ok,auto LR search 2h (threshold-tuned)
LR_20260709_080031,2026-07-09T08:00:33,logistic_regression,Logistic Regression,"{""C"": 0.000234672975, ""solver"": ""lbfgs""}",0.5483020781351103,0.02178916852970293,"[0.5722256982552594, 0.5408265917759987, 0.5747993163809623, 0.5346191516612673, 0.5190396326020643]",,,,,,,,0.34449195255937815,1.562,74ab309fcc94,,legacy,ok,auto LR search 2h (threshold-tuned)
LR_20260709_080033,2026-07-09T08:00:39,logistic_regression,Logistic Regression,"{""C"": 0.003863525025, ""solver"": ""liblinear""}",0.5480593297459927,0.021347301876746553,"[0.5719727386908806, 0.5408327919696557, 0.5736361263377708, 0.534248055315471, 0.5196069364161849]",,,,,,,,0.3526510075446713,5.192,74ab309fcc94,,legacy,ok,auto LR search 2h (threshold-tuned)
LR_20260709_080039,2026-07-09T08:00:45,logistic_regression,Logistic Regression,"{""C"": 0.010174413567, ""solver"": ""liblinear""}",0.5481336336540118,0.021292494026870362,"[0.572022645393721, 0.5408741760717617, 0.5736919560384507, 0.5341224419007978, 0.5199569488653278]",,,,,,,,0.3548179437028243,5.739,74ab309fcc94,,legacy,ok,auto LR search 2h (threshold-tuned)
LR_20260709_080046,2026-07-09T08:00:48,logistic_regression,Logistic Regression,"{""C"": 6.004448e-06, ""solver"": ""liblinear""}",0.5481661065986522,0.022778352629304142,"[0.5723869802939999, 0.5408441259063665, 0.5753480711589414, 0.5371616286048201, 0.5150897270291332]",,,,,,,,0.3980086077597868,2.249,74ab309fcc94,,legacy,ok,auto LR search 2h (threshold-tuned)
LR_20260709_080049,2026-07-09T08:00:51,logistic_regression,Logistic Regression,"{""C"": 0.271827171493, ""solver"": ""lbfgs""}",0.5475134106582116,0.021833153754643824,"[0.5722579520160835, 0.5408526871803471, 0.5731593564953099, 0.5331623425734109, 0.5181347150259067]",,,,,,,,0.3400451821679659,2.379,74ab309fcc94,,legacy,ok,auto LR search 2h (threshold-tuned)
LR_20260709_080052,2026-07-09T08:00:54,logistic_regression,Logistic Regression,"{""C"": 1.223516e-06, ""solver"": ""liblinear""}",0.5482474221337978,0.022718289350678607,"[0.5723516199501554, 0.5408441259063665, 0.5753539569522874, 0.5375345983434892, 0.5151528095166905]",,,,,,,,0.46282623996938776,1.992,74ab309fcc94,,legacy,ok,auto LR search 2h (threshold-tuned)
LR_20260709_080055,2026-07-09T08:01:00,logistic_regression,Logistic Regression,"{""C"": 0.001369053833, ""solver"": ""liblinear""}",0.5479529236327564,0.02192076072565588,"[0.5721818163166911, 0.5408401705908857, 0.5742498182950888, 0.534342572696548, 0.5181502402645685]",,,,,,,,0.3356357522712843,4.651,74ab309fcc94,,legacy,ok,auto LR search 2h (threshold-tuned)
LR_20260709_080100,2026-07-09T08:01:08,logistic_regression,Logistic Regression,"{""C"": 28.961915633992, ""solver"": ""liblinear""}",0.5476876026521331,0.021790639215278827,"[0.5722488823264017, 0.5408583556044647, 0.573338494209706, 0.533909970842953, 0.5180823102771401]",,,,,,,,0.32952655521301805,7.327,74ab309fcc94,,legacy,ok,auto LR search 2h (threshold-tuned)
LR_20260709_080108,2026-07-09T08:01:14,logistic_regression,Logistic Regression,"{""C"": 0.00649030837, ""solver"": ""liblinear""}",0.5481081270502235,0.02135259872557588,"[0.5720110374366789, 0.5408685081946598, 0.5737319729738197, 0.5342179602350827, 0.5197111564108765]",,,,,,,,0.35604526139277615,5.605,74ab309fcc94,,legacy,ok,auto LR search 2h (threshold-tuned)
LR_20260709_080115,2026-07-09T08:01:16,logistic_regression,Logistic Regression,"{""C"": 2.6335e-08, ""solver"": ""lbfgs""}",0.5482546756640864,0.022697044884073488,"[0.5723398800061535, 0.5408497930528632, 0.5753539569522874, 0.5375038151067704, 0.5152259332023575]",,,,,,,,0.4989870196159229,1.175,74ab309fcc94,,legacy,ok,auto LR search 2h (threshold-tuned)
LR_20260709_080117,2026-07-09T08:01:20,logistic_regression,Logistic Regression,"{""C"": 4.7818891e-05, ""solver"": ""liblinear""}",0.5488846557385937,0.021672146414372852,"[0.5723225276979893, 0.5408169681218955, 0.5752232325714753, 0.5372622093084463, 0.5187983409931622]",,,,,,,,0.3409351374014352,3.205,74ab309fcc94,,legacy,ok,auto LR search 2h (threshold-tuned)
LR_20260709_080121,2026-07-09T08:01:22,logistic_regression,Logistic Regression,"{""C"": 4.3106541e-05, ""solver"": ""lbfgs""}",0.5488247318789362,0.021742396314410495,"[0.572328398937207, 0.5408169681218955, 0.5752075591453989, 0.5372166240220699, 0.51855410916811]",,,,,,,,0.34256211895116284,1.41,74ab309fcc94,,legacy,ok,auto LR search 2h (threshold-tuned)
LR_20260709_080123,2026-07-09T08:01:30,logistic_regression,Logistic Regression,"{""C"": 747.46694196602, ""solver"": ""liblinear""}",0.5476887517755894,0.02178907805347874,"[0.5722488823264017, 0.5408583556044647, 0.573338494209706, 0.533909970842953, 0.5180880558944216]",,,,,,,,0.32944211635807685,7.319,74ab309fcc94,,legacy,ok,auto LR search 2h (threshold-tuned)
LR_20260709_080131,2026-07-09T08:01:32,logistic_regression,Logistic Regression,"{""C"": 4.97876e-07, ""solver"": ""lbfgs""}",0.5482492152516094,0.02270666638348884,"[0.5723457499179521, 0.5408441259063665, 0.5753539569522874, 0.5375038151067704, 0.5151984283746703]",,,,,,,,0.4826534248950832,1.183,74ab309fcc94,,legacy,ok,auto LR search 2h (threshold-tuned)
LR_20260709_080133,2026-07-09T08:01:34,logistic_regression,Logistic Regression,"{""C"": 6.2517e-08, ""solver"": ""lbfgs""}",0.5482515049330698,0.02270165934904565,"[0.5723398800061535, 0.5408497930528632, 0.5753539569522874, 0.5375038151067704, 0.5152100795472746]",,,,,,,,0.49761624189259634,1.159,74ab309fcc94,,legacy,ok,auto LR search 2h (threshold-tuned)
LR_20260709_080135,2026-07-09T08:01:36,logistic_regression,Logistic Regression,"{""C"": 0.000177956105, ""solver"": ""lbfgs""}",0.5483239274802263,0.02175582159123105,"[0.5722315677183769, 0.5408265917759987, 0.5748147228087608, 0.5345146843510464, 0.5192320707469488]",,,,,,,,0.3469394419358967,1.5,74ab309fcc94,,legacy,ok,auto LR search 2h (threshold-tuned)
LR_20260709_080137,2026-07-09T08:01:39,logistic_regression,Logistic Regression,"{""C"": 2.443346e-06, ""solver"": ""lbfgs""}",0.5482765805728615,0.022719291782941027,"[0.5723809719173727, 0.5408441259063665, 0.5753539569522874, 0.5376798343789737, 0.5151240137093072]",,,,,,,,0.4362853887859556,1.291,74ab309fcc94,,legacy,ok,auto LR search 2h (threshold-tuned)
LR_20260709_080139,2026-07-09T08:01:43,logistic_regression,Logistic Regression,"{""C"": 8.3157203e-05, ""solver"": ""liblinear""}",0.5481790857820142,0.022067638723735575,"[0.5722520822221311, 0.5407942994865347, 0.5752678260513324, 0.5336678941136855, 0.5189133270363874]",,,,,,,,0.3476348106945381,3.303,74ab309fcc94,,legacy,ok,auto LR search 2h (threshold-tuned)
LR_20260709_080143,2026-07-09T08:01:46,logistic_regression,Logistic Regression,"{""C"": 163.217212856328, ""solver"": ""lbfgs""}",0.5475400154751888,0.021802900015117463,"[0.572222792081239, 0.5408526871803471, 0.5731536026498396, 0.5333493859860342, 0.5181216094784837]",,,,,,,,0.3388103470154413,2.31,74ab309fcc94,,legacy,ok,auto LR search 2h (threshold-tuned)
LR_20260709_080146,2026-07-09T08:01:50,logistic_regression,Logistic Regression,"{""C"": 0.000105933004, ""solver"": ""liblinear""}",0.5483179300171679,0.0216122636485925,"[0.5722403429954663, 0.5408209244569261, 0.5746252376351794, 0.5340876030386293, 0.5198155419596384]",,,,,,,,0.3552067701798346,3.397,74ab309fcc94,,legacy,ok,auto LR search 2h (threshold-tuned)
LR_20260709_080151,2026-07-09T08:01:52,logistic_regression,Logistic Regression,"{""C"": 6.4716e-08, ""solver"": ""lbfgs""}",0.5482515049330698,0.02270165934904565,"[0.5723398800061535, 0.5408497930528632, 0.5753539569522874, 0.5375038151067704, 0.5152100795472746]",,,,,,,,0.497533575131731,1.153,74ab309fcc94,,legacy,ok,auto LR search 2h (threshold-tuned)
LR_20260709_080153,2026-07-09T08:01:55,logistic_regression,Logistic Regression,"{""C"": 8.339719415007, ""solver"": ""lbfgs""}",0.547548272665584,0.021797587053197138,"[0.5722345314295093, 0.5408526871803471, 0.5731536026498396, 0.5333493859860342, 0.5181511560821905]",,,,,,,,0.3390575464230708,2.311,74ab309fcc94,,legacy,ok,auto LR search 2h (threshold-tuned)
LR_20260709_080156,2026-07-09T08:01:58,logistic_regression,Logistic Regression,"{""C"": 0.001805388673, ""solver"": ""lbfgs""}",0.5479572967084717,0.02189763523788254,"[0.5721730388485962, 0.5408345034264518, 0.5742056074766355, 0.5344165372000691, 0.5181567965906064]",,,,,,,,0.3347143960948542,2.041,74ab309fcc94,,legacy,ok,auto LR search 2h (threshold-tuned)
LR_20260709_080158,2026-07-09T08:02:01,logistic_regression,Logistic Regression,"{""C"": 5.051022e-06, ""solver"": ""liblinear""}",0.5481754473153445,0.022777124927006676,"[0.5724015550153347, 0.5408441259063665, 0.5753539569522874, 0.5371713747249391, 0.5151062239777944]",,,,,,,,0.4063777978379958,2.255,74ab309fcc94,,legacy,ok,auto LR search 2h (threshold-tuned)
LR_20260709_080202,2026-07-09T08:02:09,logistic_regression,Logistic Regression,"{""C"": 0.036576656604, ""solver"": ""liblinear""}",0.547855166700911,0.02172833404703741,"[0.5719905667178151, 0.5408430628628922, 0.5738947324528026, 0.5339983735429655, 0.5185490979280797]",,,,,,,,0.3567557357071625,6.975,74ab309fcc94,,legacy,ok,auto LR search 2h (threshold-tuned)
LR_20260709_080209,2026-07-09T08:02:17,logistic_regression,Logistic Regression,"{""C"": 2.401461312159, ""solver"": ""liblinear""}",0.5476897789123871,0.02178896176605073,"[0.5722547501615004, 0.5408430628628922, 0.5733415631832781, 0.533909970842953, 0.5180995475113123]",,,,,,,,0.33069740365084466,7.268,74ab309fcc94,,legacy,ok,auto LR search 2h (threshold-tuned)
LR_20260709_080217,2026-07-09T08:02:19,logistic_regression,Logistic Regression,"{""C"": 1.76424e-07, ""solver"": ""liblinear""}",0.5482461005091628,0.022708245721678656,"[0.5723398800061535, 0.5408441259063665, 0.5753539569522874, 0.5375038151067704, 0.5151887245742353]",,,,,,,,0.4934374976621093,1.769,74ab309fcc94,,legacy,ok,auto LR search 2h (threshold-tuned)
LR_20260709_080220,2026-07-09T08:02:27,logistic_regression,Logistic Regression,"{""C"": 4672.905342242992, ""solver"": ""liblinear""}",0.5476887517755894,0.02178907805347874,"[0.5722488823264017, 0.5408583556044647, 0.573338494209706, 0.533909970842953, 0.5180880558944216]",,,,,,,,0.3294367074396425,7.259,74ab309fcc94,,legacy,ok,auto LR search 2h (threshold-tuned)
LR_20260709_080228,2026-07-09T08:02:35,logistic_regression,Logistic Regression,"{""C"": 2.485961325448, ""solver"": ""liblinear""}",0.5476897789123871,0.02178896176605073,"[0.5722547501615004, 0.5408430628628922, 0.5733415631832781, 0.533909970842953, 0.5180995475113123]",,,,,,,,0.33065821628683534,7.417,74ab309fcc94,,legacy,ok,auto LR search 2h (threshold-tuned)
LR_20260709_080236,2026-07-09T08:02:43,logistic_regression,Logistic Regression,"{""C"": 2.240980345417, ""solver"": ""liblinear""}",0.5476897789123871,0.02178896176605073,"[0.5722547501615004, 0.5408430628628922, 0.5733415631832781, 0.533909970842953, 0.5180995475113123]",,,,,,,,0.33084961056788076,7.187,74ab309fcc94,,legacy,ok,auto LR search 2h (threshold-tuned)
LR_20260709_080244,2026-07-09T08:02:45,logistic_regression,Logistic Regression,"{""C"": 4.1882e-07, ""solver"": ""lbfgs""}",0.5482483996064313,0.022707052423857146,"[0.5723457499179521, 0.5408441259063665, 0.5753539569522874, 0.5374997368808807, 0.5151984283746703]",,,,,,,,0.48517838310659345,1.198,74ab309fcc94,,legacy,ok,auto LR search 2h (threshold-tuned)
LR_20260709_080246,2026-07-09T08:02:52,logistic_regression,Logistic Regression,"{""C"": 0.006056584555, ""solver"": ""liblinear""}",0.5481100584647758,0.021333271775290676,"[0.5719787065352815, 0.5408685081946598, 0.5737165767026174, 0.5342684505826499, 0.5197180503086705]",,,,,,,,0.3554512156175314,5.462,74ab309fcc94,,legacy,ok,auto LR search 2h (threshold-tuned)
LR_20260709_080252,2026-07-09T08:02:59,logistic_regression,Logistic Regression,"{""C"": 0.015407588407, ""solver"": ""liblinear""}",0.548040307161377,0.02142756742218668,"[0.5720609429689109, 0.5408741760717617, 0.5736950327220349, 0.5340546869917818, 0.5195166970523956]",,,,,,,,0.35528828083856057,6.865,74ab309fcc94,,legacy,ok,auto LR search 2h (threshold-tuned)
LR_20260709_080300,2026-07-09T08:03:02,logistic_regression,Logistic Regression,"{""C"": 2507.546881031052, ""solver"": ""lbfgs""}",0.5475400154751888,0.021802900015117463,"[0.572222792081239, 0.5408526871803471, 0.5731536026498396, 0.5333493859860342, 0.5181216094784837]",,,,,,,,0.338795538621006,2.371,74ab309fcc94,,legacy,ok,auto LR search 2h (threshold-tuned)
LR_20260709_080303,2026-07-09T08:03:05,logistic_regression,Logistic Regression,"{""C"": 8.0330617e-05, ""solver"": ""lbfgs""}",0.5482161423027139,0.02203277961526446,"[0.5722520822221311, 0.5408214585079631, 0.5752619342680692, 0.5337568982901998, 0.5189883382252061]",,,,,,,,0.3450418904605981,1.436,74ab309fcc94,,legacy,ok,auto LR search 2h (threshold-tuned)
LR_20260709_080305,2026-07-09T08:03:12,logistic_regression,Logistic Regression,"{""C"": 0.220892120991, ""solver"": ""liblinear""}",0.5476964449606998,0.021797629821768354,"[0.5722855675398049, 0.5408583556044647, 0.5733444921016843, 0.5338942620462332, 0.5180995475113123]",,,,,,,,0.34867917552155125,7.11,74ab309fcc94,,legacy,ok,auto LR search 2h (threshold-tuned)
LR_20260709_080313,2026-07-09T08:03:15,logistic_regression,Logistic Regression,"{""C"": 1.029238e-06, ""solver"": ""liblinear""}",0.5482449630749118,0.02272187180695098,"[0.5723516199501554, 0.5408441259063665, 0.5753539569522874, 0.5375345983434892, 0.5151405142222601]",,,,,,,,0.46754607192299813,2.039,74ab309fcc94,,legacy,ok,auto LR search 2h (threshold-tuned)
LR_20260709_080316,2026-07-09T08:03:18,logistic_regression,Logistic Regression,"{""C"": 12.629225589467, ""solver"": ""lbfgs""}",0.5475459247959302,0.021794928381530125,"[0.572222792081239, 0.5408526871803471, 0.5731536026498396, 0.5333493859860342, 0.5181511560821905]",,,,,,,,0.33900717997901786,2.371,74ab309fcc94,,legacy,ok,auto LR search 2h (threshold-tuned)
LR_20260709_080319,2026-07-09T08:03:22,logistic_regression,Logistic Regression,"{""C"": 0.008558852055, ""solver"": ""lbfgs""}",0.5481312125696827,0.021336822936401417,"[0.5720344217070861, 0.5408741760717617, 0.5737016851469022, 0.5343475211738685, 0.5196982587487947]",,,,,,,,0.3539625122832063,2.374,74ab309fcc94,,legacy,ok,auto LR search 2h (threshold-tuned)
LR_20260709_080322,2026-07-09T08:03:26,logistic_regression,Logistic Regression,"{""C"": 4.1641312e-05, ""solver"": ""liblinear""}",0.5488373275189018,0.021724193624093096,"[0.5723342702968875, 0.5408226355776788, 0.5752016706932558, 0.5372068780338848, 0.5186211829928019]",,,,,,,,0.34390816280228564,3.122,74ab309fcc94,,legacy,ok,auto LR search 2h (threshold-tuned)
LR_20260709_080326,2026-07-09T08:03:28,logistic_regression,Logistic Regression,"{""C"": 0.001074704609, ""solver"": ""lbfgs""}",0.5483449138297984,0.021505663861241087,"[0.5721612473074161, 0.5408345034264518, 0.5744832796861901, 0.5343640014682702, 0.519881537260664]",,,,,,,,0.33610372205975214,1.949,74ab309fcc94,,legacy,ok,auto LR search 2h (threshold-tuned)
LR_20260709_080329,2026-07-09T08:03:32,logistic_regression,Logistic Regression,"{""C"": 5.4912927e-05, ""solver"": ""liblinear""}",0.54885148133142,0.02168610751578328,"[0.5722785277584014, 0.5408130115380988, 0.5752176139272913, 0.5372232341205083, 0.5187250193128002]",,,,,,,,0.33860819249051993,3.232,74ab309fcc94,,legacy,ok,auto LR search 2h (threshold-tuned)
LR_20260709_080333,2026-07-09T08:03:40,logistic_regression,Logistic Regression,"{""C"": 0.911905714874, ""solver"": ""liblinear""}",0.5476935806797639,0.021787745235960995,"[0.5722489412102505, 0.5408430628628922, 0.573350490119156, 0.5339258616952092, 0.5180995475113123]",,,,,,,,0.3325883217229573,7.147,74ab309fcc94,,legacy,ok,auto LR search 2h (threshold-tuned)
LR_20260709_080341,2026-07-09T08:03:42,logistic_regression,Logistic Regression,"{""C"": 1.918022e-06, ""solver"": ""lbfgs""}",0.5482763177418303,0.02270912420588485,"[0.5723574901027672, 0.5408497930528632, 0.5753539569522874, 0.5376798343789737, 0.5151405142222601]",,,,,,,,0.44615966327165124,1.315,74ab309fcc94,,legacy,ok,auto LR search 2h (threshold-tuned)
LR_20260709_080343,2026-07-09T08:03:50,logistic_regression,Logistic Regression,"{""C"": 0.020318182462, ""solver"": ""liblinear""}",0.54808872900731,0.021410601148098025,"[0.5720434093202365, 0.5408238130175034, 0.5738231247133386, 0.5340634318243427, 0.5196898661611288]",,,,,,,,0.35886873321669777,6.655,74ab309fcc94,,legacy,ok,auto LR search 2h (threshold-tuned)
LR_20260709_080351,2026-07-09T08:03:53,logistic_regression,Logistic Regression,"{""C"": 0.011286666877, ""solver"": ""lbfgs""}",0.5480797760739724,0.021381884148893675,"[0.5719990942215452, 0.5408741760717617, 0.5737045969451143, 0.5342916653176633, 0.5195293478137776]",,,,,,,,0.3533616646786933,2.365,74ab309fcc94,,legacy,ok,auto LR search 2h (threshold-tuned)
LR_20260709_080354,2026-07-09T08:04:01,logistic_regression,Logistic Regression,"{""C"": 2.164807451242, ""solver"": ""liblinear""}",0.5476897789123871,0.02178896176605073,"[0.5722547501615004, 0.5408430628628922, 0.5733415631832781, 0.533909970842953, 0.5180995475113123]",,,,,,,,0.33089430259861363,7.301,74ab309fcc94,,legacy,ok,auto LR search 2h (threshold-tuned)
LR_20260709_080402,2026-07-09T08:04:04,logistic_regression,Logistic Regression,"{""C"": 0.001277564921, ""solver"": ""lbfgs""}",0.5479385608884367,0.021966171523253208,"[0.5721612473074161, 0.5408345034264518, 0.5743145743145743, 0.5343696027633852, 0.5180128766303564]",,,,,,,,0.33448981120935006,2.01,74ab309fcc94,,legacy,ok,auto LR search 2h (threshold-tuned)
LR_20260709_080405,2026-07-09T08:04:07,logistic_regression,Logistic Regression,"{""C"": 0.581709132937, ""solver"": ""lbfgs""}",0.5475195854732058,0.021827546949761096,"[0.5722577734022479, 0.5408583556044647, 0.573162550836443, 0.5331623425734109, 0.5181569049494624]",,,,,,,,0.3363395622039128,2.382,74ab309fcc94,,legacy,ok,auto LR search 2h (threshold-tuned)
LR_20260709_080408,2026-07-09T08:04:09,logistic_regression,Logistic Regression,"{""C"": 0.000190699888, ""solver"": ""lbfgs""}",0.5482898400715014,0.021790391929024964,"[0.5722315677183769, 0.5408265917759987, 0.5748180660655687, 0.5344240386273496, 0.5191489361702127]",,,,,,,,0.3463189856371189,1.659,74ab309fcc94,,legacy,ok,auto LR search 2h (threshold-tuned)
LR_20260709_080410,2026-07-09T08:04:15,logistic_regression,Logistic Regression,"{""C"": 0.000596993995, ""solver"": ""liblinear""}",0.5483689426373558,0.021514100402328748,"[0.5721699709740613, 0.5408288363807827, 0.5745857497928749, 0.5342519004837595, 0.5200082555553007]",,,,,,,,0.337734783288676,4.575,74ab309fcc94,,legacy,ok,auto LR search 2h (threshold-tuned)
LR_20260709_080416,2026-07-09T08:04:17,logistic_regression,Logistic Regression,"{""C"": 1.223516e-06, ""solver"": ""lbfgs""}",0.5482474221337978,0.022718289350678607,"[0.5723516199501554, 0.5408441259063665, 0.5753539569522874, 0.5375345983434892, 0.5151528095166905]",,,,,,,,0.4627406466393203,1.324,74ab309fcc94,,legacy,ok,auto LR search 2h (threshold-tuned)
LR_20260709_080418,2026-07-09T08:04:21,logistic_regression,Logistic Regression,"{""C"": 6.7575184e-05, ""solver"": ""liblinear""}",0.5489849805329428,0.021511161331955932,"[0.5722550467749877, 0.5408214585079631, 0.5752409040172857, 0.5372678654145787, 0.5193396279498982]",,,,,,,,0.3318905210515558,3.238,74ab309fcc94,,legacy,ok,auto LR search 2h (threshold-tuned)
LR_20260709_080422,2026-07-09T08:04:24,logistic_regression,Logistic Regression,"{""C"": 0.00186891473, ""solver"": ""lbfgs""}",0.5478597181633447,0.021788774262690925,"[0.5721730388485962, 0.5408345034264518, 0.5737273808778411, 0.5344340131649941, 0.5181296544988402]",,,,,,,,0.33619822955085366,2.107,74ab309fcc94,,legacy,ok,auto LR search 2h (threshold-tuned)
LR_20260709_080425,2026-07-09T08:04:29,logistic_regression,Logistic Regression,"{""C"": 0.00046863913, ""solver"": ""liblinear""}",0.548197482110466,0.02176066738821162,"[0.5721757858571356, 0.5407439237839707, 0.574633822950548, 0.5343133545911474, 0.5191205233695285]",,,,,,,,0.3430970567045771,3.969,74ab309fcc94,,legacy,ok,auto LR search 2h (threshold-tuned)
LR_20260709_080430,2026-07-09T08:04:37,logistic_regression,Logistic Regression,"{""C"": 45.401618927595, ""solver"": ""liblinear""}",0.5476876026521331,0.021790639215278827,"[0.5722488823264017, 0.5408583556044647, 0.573338494209706, 0.533909970842953, 0.5180823102771401]",,,,,,,,0.3294909538441685,7.197,74ab309fcc94,,legacy,ok,auto LR search 2h (threshold-tuned)
LR_20260709_080438,2026-07-09T08:04:40,logistic_regression,Logistic Regression,"{""C"": 2.485961325448, ""solver"": ""lbfgs""}",0.5477336081236602,0.021550520333128657,"[0.5722345314295093, 0.5408583556044647, 0.5731536026498396, 0.5333493859860342, 0.5190721649484537]",,,,,,,,0.33994829781710567,2.415,74ab309fcc94,,legacy,ok,auto LR search 2h (threshold-tuned)
LR_20260709_080441,2026-07-09T08:04:48,logistic_regression,Logistic Regression,"{""C"": 5183.741116717181, ""solver"": ""liblinear""}",0.5476864535541641,0.021792200472986405,"[0.5722488823264017, 0.5408583556044647, 0.573338494209706, 0.533909970842953, 0.5180765647872954]",,,,,,,,0.3294388387474709,7.159,74ab309fcc94,,legacy,ok,auto LR search 2h (threshold-tuned)
LR_20260709_080449,2026-07-09T08:04:56,logistic_regression,Logistic Regression,"{""C"": 829.179030319558, ""solver"": ""liblinear""}",0.5476864535541641,0.021792200472986405,"[0.5722488823264017, 0.5408583556044647, 0.573338494209706, 0.533909970842953, 0.5180765647872954]",,,,,,,,0.32943648366665185,7.018,74ab309fcc94,,legacy,ok,auto LR search 2h (threshold-tuned)
LR_20260709_080457,2026-07-09T08:05:04,logistic_regression,Logistic Regression,"{""C"": 4360.631993086864, ""solver"": ""liblinear""}",0.5476876026521331,0.021790639215278827,"[0.5722488823264017, 0.5408583556044647, 0.573338494209706, 0.533909970842953, 0.5180823102771401]",,,,,,,,0.3293788893717157,7.391,74ab309fcc94,,legacy,ok,auto LR search 2h (threshold-tuned)
LR_20260709_080505,2026-07-09T08:05:12,logistic_regression,Logistic Regression,"{""C"": 55.870682933204, ""solver"": ""liblinear""}",0.5476887517755894,0.02178907805347874,"[0.5722488823264017, 0.5408583556044647, 0.573338494209706, 0.533909970842953, 0.5180880558944216]",,,,,,,,0.32948341047513874,7.316,74ab309fcc94,,legacy,ok,auto LR search 2h (threshold-tuned)
LR_20260709_080513,2026-07-09T08:05:14,logistic_regression,Logistic Regression,"{""C"": 0.000149699043, ""solver"": ""lbfgs""}",0.548307844183342,0.021731077232717246,"[0.5722403429954663, 0.5408226355776788, 0.5747784170424506, 0.5342901164732629, 0.5194077088278513]",,,,,,,,0.34987053395705553,1.55,74ab309fcc94,,legacy,ok,auto LR search 2h (threshold-tuned)
LR_20260709_080515,2026-07-09T08:05:17,logistic_regression,Logistic Regression,"{""C"": 2.09726e-07, ""solver"": ""liblinear""}",0.5482461005091628,0.022708245721678656,"[0.5723398800061535, 0.5408441259063665, 0.5753539569522874, 0.5375038151067704, 0.5151887245742353]",,,,,,,,0.4922538321461919,1.759,74ab309fcc94,,legacy,ok,auto LR search 2h (threshold-tuned)
LR_20260709_080518,2026-07-09T08:05:25,logistic_regression,Logistic Regression,"{""C"": 0.131491785703, ""solver"": ""liblinear""}",0.5476449133742036,0.021735755725434472,"[0.5722121221458725, 0.5408583556044647, 0.5731534760871616, 0.5339042766545612, 0.5180963363789586]",,,,,,,,0.34890949941821153,6.948,74ab309fcc94,,legacy,ok,auto LR search 2h (threshold-tuned)
LR_20260709_080525,2026-07-09T08:05:28,logistic_regression,Logistic Regression,"{""C"": 4.475211003897, ""solver"": ""lbfgs""}",0.547548232403539,0.021795909537741184,"[0.5722286616951656, 0.5408583556044647, 0.5731536026498396, 0.5333493859860342, 0.5181511560821905]",,,,,,,,0.3392622246216379,2.398,74ab309fcc94,,legacy,ok,auto LR search 2h (threshold-tuned)
LR_20260709_080529,2026-07-09T08:05:30,logistic_regression,Logistic Regression,"{""C"": 6.9351e-08, ""solver"": ""lbfgs""}",0.5482515049330698,0.02270165934904565,"[0.5723398800061535, 0.5408497930528632, 0.5753539569522874, 0.5375038151067704, 0.5152100795472746]",,,,,,,,0.4973595902804764,1.148,74ab309fcc94,,legacy,ok,auto LR search 2h (threshold-tuned)
LR_20260709_080531,2026-07-09T08:05:33,logistic_regression,Logistic Regression,"{""C"": 1.789847e-06, ""solver"": ""liblinear""}",0.5482775658174355,0.022713219684927635,"[0.5723692307692307, 0.5408497930528632, 0.5753539569522874, 0.5376798343789737, 0.5151350139338223]",,,,,,,,0.44890386207746713,2.063,74ab309fcc94,,legacy,ok,auto LR search 2h (threshold-tuned)
LR_20260709_080533,2026-07-09T08:05:35,logistic_regression,Logistic Regression,"{""C"": 2.5660291e-05, ""solver"": ""lbfgs""}",0.5481204884745615,0.02275640939732164,"[0.5723577569403123, 0.5408073440643864, 0.5752350134147091, 0.537133951793781, 0.5150683761596191]",,,,,,,,0.34400244464901103,1.348,74ab309fcc94,,legacy,ok,auto LR search 2h (threshold-tuned)
LR_20260709_080535,2026-07-09T08:05:39,logistic_regression,Logistic Regression,"{""C"": 0.000184217831, ""solver"": ""liblinear""}",0.548400668492173,0.02164247089875474,"[0.5722315677183769, 0.5408265917759987, 0.5747937776213788, 0.534512092692697, 0.5196393126524131]",,,,,,,,0.3468896245979402,3.677,74ab309fcc94,,legacy,ok,auto LR search 2h (threshold-tuned)
LR_20260709_080540,2026-07-09T08:05:41,logistic_regression,Logistic Regression,"{""C"": 9.8853885e-05, ""solver"": ""lbfgs""}",0.5482154550471339,0.02204577332880053,"[0.572254987435253, 0.5408056335666681, 0.5753228267436741, 0.5336270318366284, 0.5190667956534455]",,,,,,,,0.34448789077547826,1.484,74ab309fcc94,,legacy,ok,auto LR search 2h (threshold-tuned)
LR_20260709_080542,2026-07-09T08:05:47,logistic_regression,Logistic Regression,"{""C"": 0.000685559347, ""solver"": ""liblinear""}",0.5484030133144941,0.021532715399405863,"[0.5721846153846154, 0.5408288363807827, 0.574691243095637, 0.5342736491959436, 0.5200367225154923]",,,,,,,,0.33659070749446907,4.387,74ab309fcc94,,legacy,ok,auto LR search 2h (threshold-tuned)
LR_20260709_080547,2026-07-09T08:05:50,logistic_regression,Logistic Regression,"{""C"": 0.031851428238, ""solver"": ""lbfgs""}",0.5478269068549982,0.021714638326711562,"[0.5718819553210782, 0.5408526871803471, 0.573888570386199, 0.5340175826079425, 0.5184937387794244]",,,,,,,,0.35741465601918654,2.427,74ab309fcc94,,legacy,ok,auto LR search 2h (threshold-tuned)
LR_20260709_080551,2026-07-09T08:05:58,logistic_regression,Logistic Regression,"{""C"": 5.700919796462, ""solver"": ""liblinear""}",0.5476876271211839,0.021793523310298654,"[0.5722547501615004, 0.5408583556044647, 0.573338494209706, 0.533909970842953, 0.5180765647872954]",,,,,,,,0.3300156323853981,7.73,74ab309fcc94,,legacy,ok,auto LR search 2h (threshold-tuned)
LR_20260709_080559,2026-07-09T08:06:01,logistic_regression,Logistic Regression,"{""C"": 5.412735e-06, ""solver"": ""liblinear""}",0.5481738732179275,0.022782001440425227,"[0.572404525731636, 0.5408441259063665, 0.5753539569522874, 0.5371770304702141, 0.5150897270291332]",,,,,,,,0.40314845553218337,2.291,74ab309fcc94,,legacy,ok,auto LR search 2h (threshold-tuned)
LR_20260709_080602,2026-07-09T08:06:05,logistic_regression,Logistic Regression,"{""C"": 1.9458591e-05, ""solver"": ""liblinear""}",0.5481247468905159,0.022751144841049325,"[0.5723695009848982, 0.5408554603181256, 0.5752162563341352, 0.5371031432633075, 0.5150793735521132]",,,,,,,,0.3518839424410346,2.762,74ab309fcc94,,legacy,ok,auto LR search 2h (threshold-tuned)
LR_20260709_080606,2026-07-09T08:06:07,logistic_regression,Logistic Regression,"{""C"": 7.03573e-07, ""solver"": ""lbfgs""}",0.5482188343605723,0.02274452267067005,"[0.5723516199501554, 0.5408441259063665, 0.5753362999335072, 0.5375038151067704, 0.5150583109060618]",,,,,,,,0.47643900966493946,1.285,74ab309fcc94,,legacy,ok,auto LR search 2h (threshold-tuned)
LR_20260709_080608,2026-07-09T08:06:10,logistic_regression,Logistic Regression,"{""C"": 0.334507228374, ""solver"": ""lbfgs""}",0.5475233967185755,0.02183342764613404,"[0.5722914462398175, 0.5408526871803471, 0.5731536026498396, 0.5331623425734109, 0.5181569049494624]",,,,,,,,0.35048072367447375,2.424,74ab309fcc94,,legacy,ok,auto LR search 2h (threshold-tuned)
LR_20260709_080611,2026-07-09T08:06:13,logistic_regression,Logistic Regression,"{""C"": 3.0241e-08, ""solver"": ""liblinear""}",0.5482546756640864,0.022697044884073488,"[0.5723398800061535, 0.5408497930528632, 0.5753539569522874, 0.5375038151067704, 0.5152259332023575]",,,,,,,,0.4988387973836764,1.656,74ab309fcc94,,legacy,ok,auto LR search 2h (threshold-tuned)
LR_20260709_080614,2026-07-09T08:06:21,logistic_regression,Logistic Regression,"{""C"": 2879.546891994564, ""solver"": ""liblinear""}",0.5476876026521331,0.021790639215278827,"[0.5722488823264017, 0.5408583556044647, 0.573338494209706, 0.533909970842953, 0.5180823102771401]",,,,,,,,0.32943891763246,7.19,74ab309fcc94,,legacy,ok,auto LR search 2h (threshold-tuned)
LR_20260709_080622,2026-07-09T08:06:29,logistic_regression,Logistic Regression,"{""C"": 1.531903962102, ""solver"": ""liblinear""}",0.5476862455123321,0.02178212323313569,"[0.5722313371616079, 0.5408430628628922, 0.5733415631832781, 0.533909970842953, 0.5181052935109297]",,,,,,,,0.3314036621326875,7.235,74ab309fcc94,,legacy,ok,auto LR search 2h (threshold-tuned)
LR_20260709_080630,2026-07-09T08:06:31,logistic_regression,Logistic Regression,"{""C"": 1.739e-08, ""solver"": ""lbfgs""}",0.5482546756640864,0.022697044884073488,"[0.5723398800061535, 0.5408497930528632, 0.5753539569522874, 0.5375038151067704, 0.5152259332023575]",,,,,,,,0.4993299618175386,1.177,74ab309fcc94,,legacy,ok,auto LR search 2h (threshold-tuned)
LR_20260709_080632,2026-07-09T08:06:39,logistic_regression,Logistic Regression,"{""C"": 11.384668793565, ""solver"": ""liblinear""}",0.5476876271211839,0.021793523310298654,"[0.5722547501615004, 0.5408583556044647, 0.573338494209706, 0.533909970842953, 0.5180765647872954]",,,,,,,,0.32966742664016324,7.3,74ab309fcc94,,legacy,ok,auto LR search 2h (threshold-tuned)
LR_20260709_080640,2026-07-09T08:06:44,logistic_regression,Logistic Regression,"{""C"": 0.000502199291, ""solver"": ""liblinear""}",0.5483690523532113,0.02153236683974032,"[0.5721699177486513, 0.5408322592138494, 0.5746128748252111, 0.5342820739844948, 0.5199481359938497]",,,,,,,,0.3405339508031319,4.473,74ab309fcc94,,legacy,ok,auto LR search 2h (threshold-tuned)
LR_20260709_080645,2026-07-09T08:06:47,logistic_regression,Logistic Regression,"{""C"": 4.04584e-07, ""solver"": ""liblinear""}",0.5482483996064313,0.022707052423857146,"[0.5723457499179521, 0.5408441259063665, 0.5753539569522874, 0.5374997368808807, 0.5151984283746703]",,,,,,,,0.48564459089422707,1.913,74ab309fcc94,,legacy,ok,auto LR search 2h (threshold-tuned)
LR_20260709_080648,2026-07-09T08:06:49,logistic_regression,Logistic Regression,"{""C"": 3.17598e-07, ""solver"": ""lbfgs""}",0.5482390354930022,0.02271470457946641,"[0.5723398800061535, 0.5408441259063665, 0.5753539569522874, 0.5374843442476293, 0.5151728703525744]",,,,,,,,0.48853824898444503,1.168,74ab309fcc94,,legacy,ok,auto LR search 2h (threshold-tuned)
LR_20260709_080650,2026-07-09T08:06:51,logistic_regression,Logistic Regression,"{""C"": 1.64634e-07, ""solver"": ""liblinear""}",0.5482461005091628,0.022708245721678656,"[0.5723398800061535, 0.5408441259063665, 0.5753539569522874, 0.5375038151067704, 0.5151887245742353]",,,,,,,,0.49386059090839723,1.791,74ab309fcc94,,legacy,ok,auto LR search 2h (threshold-tuned)
LR_20260709_080652,2026-07-09T08:06:59,logistic_regression,Logistic Regression,"{""C"": 6379.049099588075, ""solver"": ""liblinear""}",0.5476887517755894,0.02178907805347874,"[0.5722488823264017, 0.5408583556044647, 0.573338494209706, 0.533909970842953, 0.5180880558944216]",,,,,,,,0.3294375114615322,7.202,74ab309fcc94,,legacy,ok,auto LR search 2h (threshold-tuned)
LR_20260709_080700,2026-07-09T08:07:02,logistic_regression,Logistic Regression,"{""C"": 0.001934676072, ""solver"": ""lbfgs""}",0.5478801947118431,0.021785016113420715,"[0.5721789084940501, 0.5408345034264518, 0.5737660440363143, 0.5344442405862482, 0.5181772770161515]",,,,,,,,0.3362094091174457,2.089,74ab309fcc94,,legacy,ok,auto LR search 2h (threshold-tuned)
LR_20260709_080703,2026-07-09T08:07:05,logistic_regression,Logistic Regression,"{""C"": 0.346277505538, ""solver"": ""lbfgs""}",0.5475222209785728,0.021832093961304186,"[0.5722855675398049, 0.5408526871803471, 0.5731536026498396, 0.5331623425734109, 0.5181569049494624]",,,,,,,,0.3504422083415374,2.372,74ab309fcc94,,legacy,ok,auto LR search 2h (threshold-tuned)
LR_20260709_080706,2026-07-09T08:07:13,logistic_regression,Logistic Regression,"{""C"": 97.159295133084, ""solver"": ""liblinear""}",0.5476864535541641,0.021792200472986405,"[0.5722488823264017, 0.5408583556044647, 0.573338494209706, 0.533909970842953, 0.5180765647872954]",,,,,,,,0.3294613633834667,7.167,74ab309fcc94,,legacy,ok,auto LR search 2h (threshold-tuned)
LR_20260709_080714,2026-07-09T08:07:21,logistic_regression,Logistic Regression,"{""C"": 6.546663596042, ""solver"": ""liblinear""}",0.5476876271211839,0.021793523310298654,"[0.5722547501615004, 0.5408583556044647, 0.573338494209706, 0.533909970842953, 0.5180765647872954]",,,,,,,,0.32999061883847797,7.185,74ab309fcc94,,legacy,ok,auto LR search 2h (threshold-tuned)
LR_20260709_080722,2026-07-09T08:07:25,logistic_regression,Logistic Regression,"{""C"": 1255.664430282534, ""solver"": ""lbfgs""}",0.5475400154751888,0.021802900015117463,"[0.572222792081239, 0.5408526871803471, 0.5731536026498396, 0.5333493859860342, 0.5181216094784837]",,,,,,,,0.3387965652249915,2.404,74ab309fcc94,,legacy,ok,auto LR search 2h (threshold-tuned)
LR_20260709_080725,2026-07-09T08:07:28,logistic_regression,Logistic Regression,"{""C"": 5.228751e-06, ""solver"": ""liblinear""}",0.5481755962777475,0.02278281687531443,"[0.5724132979105335, 0.5408441259063665, 0.5753539569522874, 0.5371713747249391, 0.515095225894611]",,,,,,,,0.4047739580838249,2.253,74ab309fcc94,,legacy,ok,auto LR search 2h (threshold-tuned)
LR_20260709_080728,2026-07-09T08:07:36,logistic_regression,Logistic Regression,"{""C"": 673.807234508469, ""solver"": ""liblinear""}",0.5476887517755894,0.02178907805347874,"[0.5722488823264017, 0.5408583556044647, 0.573338494209706, 0.533909970842953, 0.5180880558944216]",,,,,,,,0.32944168258679235,7.233,74ab309fcc94,,legacy,ok,auto LR search 2h (threshold-tuned)
LR_20260709_080736,2026-07-09T08:07:44,logistic_regression,Logistic Regression,"{""C"": 34.428741780739, ""solver"": ""liblinear""}",0.5476876026521331,0.021790639215278827,"[0.5722488823264017, 0.5408583556044647, 0.573338494209706, 0.533909970842953, 0.5180823102771401]",,,,,,,,0.3295090132774249,7.213,74ab309fcc94,,legacy,ok,auto LR search 2h (threshold-tuned)
LR_20260709_080744,2026-07-09T08:07:46,logistic_regression,Logistic Regression,"{""C"": 0.00046863913, ""solver"": ""lbfgs""}",0.5481622601597957,0.021746801371869965,"[0.5721757858571356, 0.5407439237839707, 0.5745309116528694, 0.5342527940508874, 0.5191078854541151]",,,,,,,,0.343356293594988,1.809,74ab309fcc94,,legacy,ok,auto LR search 2h (threshold-tuned)
LR_20260709_080747,2026-07-09T08:07:48,logistic_regression,Logistic Regression,"{""C"": 1.997e-08, ""solver"": ""lbfgs""}",0.5482546756640864,0.022697044884073488,"[0.5723398800061535, 0.5408497930528632, 0.5753539569522874, 0.5375038151067704, 0.5152259332023575]",,,,,,,,0.49923092858699947,1.124,74ab309fcc94,,legacy,ok,auto LR search 2h (threshold-tuned)
LR_20260709_080749,2026-07-09T08:07:51,logistic_regression,Logistic Regression,"{""C"": 0.943992863076, ""solver"": ""lbfgs""}",0.5475170092548689,0.021827005986232217,"[0.5722433070058468, 0.5408583556044647, 0.5731684309820774, 0.5331637965997654, 0.5181511560821905]",,,,,,,,0.33970223494995816,2.403,74ab309fcc94,,legacy,ok,auto LR search 2h (threshold-tuned)
LR_20260709_080752,2026-07-09T08:07:54,logistic_regression,Logistic Regression,"{""C"": 6.5278244e-05, ""solver"": ""lbfgs""}",0.548979353382957,0.02152131660101934,"[0.5722609168401941, 0.5408214585079631, 0.5752350134147091, 0.5372832643779806, 0.5192961137739374]",,,,,,,,0.33238636663675614,1.425,74ab309fcc94,,legacy,ok,auto LR search 2h (threshold-tuned)
LR_20260709_080754,2026-07-09T08:08:01,logistic_regression,Logistic Regression,"{""C"": 0.623366456799, ""solver"": ""liblinear""}",0.5476949721431669,0.02179544825025014,"[0.5722665463420638, 0.5408430628628922, 0.573350490119156, 0.5339316489448184, 0.5180831124469041]",,,,,,,,0.33363486946544774,7.11,74ab309fcc94,,legacy,ok,auto LR search 2h (threshold-tuned)
LR_20260709_080802,2026-07-09T08:08:05,logistic_regression,Logistic Regression,"{""C"": 7.78240615441, ""solver"": ""lbfgs""}",0.547548272665584,0.021797587053197138,"[0.5722345314295093, 0.5408526871803471, 0.5731536026498396, 0.5333493859860342, 0.5181511560821905]",,,,,,,,0.33905936373845175,2.397,74ab309fcc94,,legacy,ok,auto LR search 2h (threshold-tuned)
LR_20260709_080805,2026-07-09T08:08:07,logistic_regression,Logistic Regression,"{""C"": 9.4672e-08, ""solver"": ""lbfgs""}",0.5482515049330698,0.02270165934904565,"[0.5723398800061535, 0.5408497930528632, 0.5753539569522874, 0.5375038151067704, 0.5152100795472746]",,,,,,,,0.49641524412087773,1.154,74ab309fcc94,,legacy,ok,auto LR search 2h (threshold-tuned)
LR_20260709_080807,2026-07-09T08:08:15,logistic_regression,Logistic Regression,"{""C"": 0.384132100221, ""solver"": ""liblinear""}",0.5476905976365662,0.021789757987140355,"[0.5722387170346322, 0.5408430628628922, 0.5733564882621249, 0.5339258616952092, 0.5180888583279728]",,,,,,,,0.34919622270542494,7.14,74ab309fcc94,,legacy,ok,auto LR search 2h (threshold-tuned)
LR_20260709_080815,2026-07-09T08:08:17,logistic_regression,Logistic Regression,"{""C"": 3.8524e-08, ""solver"": ""liblinear""}",0.5482546756640864,0.022697044884073488,"[0.5723398800061535, 0.5408497930528632, 0.5753539569522874, 0.5375038151067704, 0.5152259332023575]",,,,,,,,0.4985234499285597,1.653,74ab309fcc94,,legacy,ok,auto LR search 2h (threshold-tuned)
LR_20260709_080818,2026-07-09T08:08:19,logistic_regression,Logistic Regression,"{""C"": 1.3769674e-05, ""solver"": ""lbfgs""}",0.548135005500789,0.022754096581756107,"[0.5723958226471614, 0.5408611277021576, 0.5752097268173764, 0.5371380435927134, 0.5150703067445361]",,,,,,,,0.36613742103978836,1.333,74ab309fcc94,,legacy,ok,auto LR search 2h (threshold-tuned)
LR_20260709_080820,2026-07-09T08:08:22,logistic_regression,Logistic Regression,"{""C"": 2.0673e-08, ""solver"": ""liblinear""}",0.5482546756640864,0.022697044884073488,"[0.5723398800061535, 0.5408497930528632, 0.5753539569522874, 0.5375038151067704, 0.5152259332023575]",,,,,,,,0.49920450815638306,1.656,74ab309fcc94,,legacy,ok,auto LR search 2h (threshold-tuned)
LR_20260709_080822,2026-07-09T08:08:30,logistic_regression,Logistic Regression,"{""C"": 0.026793845192, ""solver"": ""liblinear""}",0.5480971473730698,0.021390948739589237,"[0.5719434832756632, 0.5408430628628922, 0.5738795080258495, 0.5341230226187511, 0.5196966600821924]",,,,,,,,0.35785258977738865,7.148,74ab309fcc94,,legacy,ok,auto LR search 2h (threshold-tuned)
LR_20260709_080830,2026-07-09T08:08:37,logistic_regression,Logistic Regression,"{""C"": 0.014377955046, ""solver"": ""liblinear""}",0.547899455793971,0.021519291466106025,"[0.572072721283123, 0.540827125179434, 0.5736808035248178, 0.533419346373785, 0.5194972826086957]",,,,,,,,0.35129686953997014,6.519,74ab309fcc94,,legacy,ok,auto LR search 2h (threshold-tuned)
LR_20260709_080838,2026-07-09T08:08:40,logistic_regression,Logistic Regression,"{""C"": 1.759165232872, ""solver"": ""lbfgs""}",0.5475101752125566,0.021817441044611006,"[0.5722345314295093, 0.5408583556044647, 0.5731386463454261, 0.5331681866011926, 0.5181511560821905]",,,,,,,,0.3394538154995808,2.573,74ab309fcc94,,legacy,ok,auto LR search 2h (threshold-tuned)
LR_20260709_080841,2026-07-09T08:08:44,logistic_regression,Logistic Regression,"{""C"": 0.645300798867, ""solver"": ""lbfgs""}",0.5475195854732058,0.021827546949761096,"[0.5722577734022479, 0.5408583556044647, 0.573162550836443, 0.5331623425734109, 0.5181569049494624]",,,,,,,,0.33631318083934075,2.475,74ab309fcc94,,legacy,ok,auto LR search 2h (threshold-tuned)
LR_20260709_080844,2026-07-09T08:08:48,logistic_regression,Logistic Regression,"{""C"": 0.000485129095, ""solver"": ""liblinear""}",0.5482317889723117,0.021713034852919727,"[0.5721699177486513, 0.5408322592138494, 0.5746159662733968, 0.5342598997060349, 0.5192809019196263]",,,,,,,,0.34004632583522953,3.904,74ab309fcc94,,legacy,ok,auto LR search 2h (threshold-tuned)
LR_20260709_080849,2026-07-09T08:08:51,logistic_regression,Logistic Regression,"{""C"": 10.623872588031, ""solver"": ""lbfgs""}",0.5475470987187154,0.021796257617810424,"[0.5722286616951656, 0.5408526871803471, 0.5731536026498396, 0.5333493859860342, 0.5181511560821905]",,,,,,,,0.3390430105677564,2.393,74ab309fcc94,,legacy,ok,auto LR search 2h (threshold-tuned)
LR_20260709_080852,2026-07-09T08:08:55,logistic_regression,Logistic Regression,"{""C"": 0.880909237078, ""solver"": ""lbfgs""}",0.5475529870200795,0.021800968891179617,"[0.5722374373019048, 0.5408526871803471, 0.5731684309820774, 0.5333552235538773, 0.5181511560821905]",,,,,,,,0.33921531080243594,2.41,74ab309fcc94,,legacy,ok,auto LR search 2h (threshold-tuned)
LR_20260709_080855,2026-07-09T08:08:58,logistic_regression,Logistic Regression,"{""C"": 0.018315911469, ""solver"": ""lbfgs""}",0.5481284818280623,0.021371037324400415,"[0.5720550539936793, 0.5408741760717617, 0.5737867214122698, 0.5341819283889683, 0.5197445292736328]",,,,,,,,0.3548182459845619,2.44,74ab309fcc94,,legacy,ok,auto LR search 2h (threshold-tuned)
LR_20260709_080859,2026-07-09T08:09:01,logistic_regression,Logistic Regression,"{""C"": 0.122704665635, ""solver"": ""lbfgs""}",0.5474960761699529,0.021825994954230703,"[0.5721916344810585, 0.5408526871803471, 0.5731744384701652, 0.5331243766918364, 0.5181372440263572]",,,,,,,,0.35074826753770805,2.382,74ab309fcc94,,legacy,ok,auto LR search 2h (threshold-tuned)
LR_20260709_080902,2026-07-09T08:09:04,logistic_regression,Logistic Regression,"{""C"": 1.011594030384, ""solver"": ""lbfgs""}",0.5475182087514682,0.021828365977292097,"[0.5722491768302065, 0.5408583556044647, 0.5731685586407136, 0.5331637965997654, 0.5181511560821905]",,,,,,,,0.33970212478720574,2.453,74ab309fcc94,,legacy,ok,auto LR search 2h (threshold-tuned)
LR_20260709_080905,2026-07-09T08:09:12,logistic_regression,Logistic Regression,"{""C"": 147.132846476977, ""solver"": ""liblinear""}",0.5476864535541641,0.021792200472986405,"[0.5722488823264017, 0.5408583556044647, 0.573338494209706, 0.533909970842953, 0.5180765647872954]",,,,,,,,0.32944902920575975,7.215,74ab309fcc94,,legacy,ok,auto LR search 2h (threshold-tuned)
LR_20260709_080913,2026-07-09T08:09:16,logistic_regression,Logistic Regression,"{""C"": 1.479833198238, ""solver"": ""lbfgs""}",0.5475173329033248,0.021821617766239167,"[0.5722287191481504, 0.5408583556044647, 0.5731685586407136, 0.5331798750411049, 0.5181511560821905]",,,,,,,,0.34059820244578926,2.431,74ab309fcc94,,legacy,ok,auto LR search 2h (threshold-tuned)
LR_20260709_080916,2026-07-09T08:09:20,logistic_regression,Logistic Regression,"{""C"": 0.000218990629, ""solver"": ""liblinear""}",0.5483424570793255,0.021764528105096288,"[0.5722256982552594, 0.5408265917759987, 0.5748440963805499, 0.5346656186405091, 0.5191502803443102]",,,,,,,,0.34523276309854173,4.144,74ab309fcc94,,legacy,ok,auto LR search 2h (threshold-tuned)
LR_20260709_080921,2026-07-09T08:09:23,logistic_regression,Logistic Regression,"{""C"": 1.24845e-07, ""solver"": ""liblinear""}",0.5482472007050424,0.022706644169059167,"[0.5723398800061535, 0.5408441259063665, 0.5753539569522874, 0.5375038151067704, 0.5151942255536336]",,,,,,,,0.4953043506812037,1.733,74ab309fcc94,,legacy,ok,auto LR search 2h (threshold-tuned)
LR_20260709_080924,2026-07-09T08:09:26,logistic_regression,Logistic Regression,"{""C"": 0.002464561583, ""solver"": ""lbfgs""}",0.5482519173931959,0.021283252473675997,"[0.5721847782599329, 0.5408401705908857, 0.57375167000668, 0.5344544708777687, 0.5200284972307126]",,,,,,,,0.33848518551034557,2.109,74ab309fcc94,,legacy,ok,auto LR search 2h (threshold-tuned)
LR_20260709_080927,2026-07-09T08:09:28,logistic_regression,Logistic Regression,"{""C"": 8.196757e-06, ""solver"": ""lbfgs""}",0.5481797856122803,0.02278378327038483,"[0.5724310571240971, 0.5408441259063665, 0.5753539569522874, 0.5371616286048201, 0.5151081594738304]",,,,,,,,0.3837639859070449,1.39,74ab309fcc94,,legacy,ok,auto LR search 2h (threshold-tuned)
LR_20260709_080929,2026-07-09T08:09:30,logistic_regression,Logistic Regression,"{""C"": 5.603193e-06, ""solver"": ""lbfgs""}",0.548166686864658,0.02277896966394716,"[0.572389881624028, 0.5408441259063665, 0.5753480711589414, 0.5371616286048201, 0.5150897270291332]",,,,,,,,0.4011096089526675,1.352,74ab309fcc94,,legacy,ok,auto LR search 2h (threshold-tuned)
LR_20260709_080931,2026-07-09T08:09:33,logistic_regression,Logistic Regression,"{""C"": 2422.313155711237, ""solver"": ""lbfgs""}",0.5475400154751888,0.021802900015117463,"[0.572222792081239, 0.5408526871803471, 0.5731536026498396, 0.5333493859860342, 0.5181216094784837]",,,,,,,,0.33879557481729794,2.355,74ab309fcc94,,legacy,ok,auto LR search 2h (threshold-tuned)
LR_20260709_080934,2026-07-09T08:09:40,logistic_regression,Logistic Regression,"{""C"": 0.002002751353, ""solver"": ""liblinear""}",0.5478362593424853,0.021826010535884174,"[0.5721789084940501, 0.5408401705908857, 0.5737366146909637, 0.5344099834832079, 0.5180156194533191]",,,,,,,,0.33613909585394636,5.57,74ab309fcc94,,legacy,ok,auto LR search 2h (threshold-tuned)
LR_20260709_080941,2026-07-09T08:09:45,logistic_regression,Logistic Regression,"{""C"": 0.000251478364, ""solver"": ""liblinear""}",0.5483434135852839,0.021718345955282773,"[0.5722139596902405, 0.5407439237839707, 0.5748044530894343, 0.5346479237078338, 0.5193068076549402]",,,,,,,,0.34676764927877946,4.648,74ab309fcc94,,legacy,ok,auto LR search 2h (threshold-tuned)
LR_20260709_080946,2026-07-09T08:09:49,logistic_regression,Logistic Regression,"{""C"": 10000.0, ""solver"": ""lbfgs""}",0.5475400154751888,0.021802900015117463,"[0.572222792081239, 0.5408526871803471, 0.5731536026498396, 0.5333493859860342, 0.5181216094784837]",,,,,,,,0.33879476716591184,2.588,74ab309fcc94,,legacy,ok,auto LR search 2h (threshold-tuned)
LR_20260709_080950,2026-07-09T08:09:58,logistic_regression,Logistic Regression,"{""C"": 2.955209235203, ""solver"": ""liblinear""}",0.547693423244383,0.021788691122234506,"[0.5722547501615004, 0.5408583556044647, 0.5733444921016843, 0.533909970842953, 0.5180995475113123]",,,,,,,,0.33053821248658755,8.826,74ab309fcc94,,legacy,ok,auto LR search 2h (threshold-tuned)
LR_20260709_081000,2026-07-09T08:10:03,logistic_regression,Logistic Regression,"{""C"": 1.288657993729, ""solver"": ""lbfgs""}",0.5475190816180608,0.021825690358264115,"[0.5722433070058468, 0.5408583556044647, 0.5731685586407136, 0.5331740307570891, 0.5181511560821905]",,,,,,,,0.33942197885857484,3.444,74ab309fcc94,,legacy,ok,auto LR search 2h (threshold-tuned)
LR_20260709_081004,2026-07-09T08:10:14,logistic_regression,Logistic Regression,"{""C"": 429.82494325872, ""solver"": ""liblinear""}",0.5476876026521331,0.021790639215278827,"[0.5722488823264017, 0.5408583556044647, 0.573338494209706, 0.533909970842953, 0.5180823102771401]",,,,,,,,0.32944284451590855,9.719,74ab309fcc94,,legacy,ok,auto LR search 2h (threshold-tuned)
LR_20260709_081015,2026-07-09T08:10:24,logistic_regression,Logistic Regression,"{""C"": 1.20254164466, ""solver"": ""liblinear""}",0.547686243884909,0.021784916653779282,"[0.5722430730736889, 0.5408430628628922, 0.5733355651336988, 0.533909970842953, 0.5180995475113123]",,,,,,,,0.3319172406627633,9.087,74ab309fcc94,,legacy,ok,auto LR search 2h (threshold-tuned)
LR_20260709_081025,2026-07-09T08:10:28,logistic_regression,Logistic Regression,"{""C"": 0.000639745897, ""solver"": ""lbfgs""}",0.5483809029768889,0.021546763552173418,"[0.5721846153846154, 0.5407207093893466, 0.5747059857880201, 0.5342606291644618, 0.5200325751580009]",,,,,,,,0.34411231380789303,2.591,74ab309fcc94,,legacy,ok,auto LR search 2h (threshold-tuned)
LR_20260709_081029,2026-07-09T08:10:38,logistic_regression,Logistic Regression,"{""C"": 9.576934853444, ""solver"": ""liblinear""}",0.5476876271211839,0.021793523310298654,"[0.5722547501615004, 0.5408583556044647, 0.573338494209706, 0.533909970842953, 0.5180765647872954]",,,,,,,,0.3297118022875657,9.186,74ab309fcc94,,legacy,ok,auto LR search 2h (threshold-tuned)
LR_20260709_081039,2026-07-09T08:10:42,logistic_regression,Logistic Regression,"{""C"": 3.830267e-06, ""solver"": ""liblinear""}",0.548287231671498,0.022721266742067883,"[0.5724044556588098, 0.5408441259063665, 0.5753598428660577, 0.5376927199924331, 0.5151350139338223]",,,,,,,,0.4164953246616401,2.556,74ab309fcc94,,legacy,ok,auto LR search 2h (threshold-tuned)
LR_20260709_081043,2026-07-09T08:10:46,logistic_regression,Logistic Regression,"{""C"": 36.894251028056, ""solver"": ""lbfgs""}",0.5475459247959302,0.021794928381530125,"[0.572222792081239, 0.5408526871803471, 0.5731536026498396, 0.5333493859860342, 0.5181511560821905]",,,,,,,,0.33887685633734876,2.978,74ab309fcc94,,legacy,ok,auto LR search 2h (threshold-tuned)
LR_20260709_081047,2026-07-09T08:10:50,logistic_regression,Logistic Regression,"{""C"": 1.6944794e-05, ""solver"": ""liblinear""}",0.5481178925285605,0.02275872366380869,"[0.5723636289023627, 0.5408611277021576, 0.5752190647776595, 0.5370918318995019, 0.5150538093611206]",,,,,,,,0.3570292483141089,2.966,74ab309fcc94,,legacy,ok,auto LR search 2h (threshold-tuned)
LR_20260709_081051,2026-07-09T08:10:59,logistic_regression,Logistic Regression,"{""C"": 2.854759072488, ""solver"": ""liblinear""}",0.5476928374607016,0.021788001520048266,"[0.5722547501615004, 0.5408583556044647, 0.5733415631832781, 0.533909970842953, 0.5180995475113123]",,,,,,,,0.3305772673979942,7.966,74ab309fcc94,,legacy,ok,auto LR search 2h (threshold-tuned)
LR_20260709_081100,2026-07-09T08:11:02,logistic_regression,Logistic Regression,"{""C"": 8.056245012498, ""solver"": ""lbfgs""}",0.547548272665584,0.021797587053197138,"[0.5722345314295093, 0.5408526871803471, 0.5731536026498396, 0.5333493859860342, 0.5181511560821905]",,,,,,,,0.3390584428294511,2.519,74ab309fcc94,,legacy,ok,auto LR search 2h (threshold-tuned)
LR_20260709_081103,2026-07-09T08:11:10,logistic_regression,Logistic Regression,"{""C"": 0.065845053359, ""solver"": ""liblinear""}",0.5476946378755964,0.021755452327723402,"[0.5720950306218916, 0.5408526871803471, 0.5734303760404902, 0.5339464665307362, 0.5181486290045163]",,,,,,,,0.3503705486160818,7.54,74ab309fcc94,,legacy,ok,auto LR search 2h (threshold-tuned)
LR_20260709_081111,2026-07-09T08:11:15,logistic_regression,Logistic Regression,"{""C"": 0.000125928827, ""solver"": ""liblinear""}",0.5483376819679503,0.02157423248999299,"[0.5722256982552594, 0.5408226355776788, 0.5745891933439974, 0.5341864203791418, 0.5198644622836741]",,,,,,,,0.3533594620897443,3.585,74ab309fcc94,,legacy,ok,auto LR search 2h (threshold-tuned)
LR_20260709_081116,2026-07-09T08:11:20,logistic_regression,Logistic Regression,"{""C"": 0.000437321673, ""solver"": ""liblinear""}",0.5482736063119569,0.021652310558638397,"[0.5721699177486513, 0.5407439237839707, 0.5746250103588298, 0.5343163220080642, 0.519512857660268]",,,,,,,,0.343872230573683,4.408,74ab309fcc94,,legacy,ok,auto LR search 2h (threshold-tuned)
LR_20260709_081121,2026-07-09T08:11:23,logistic_regression,Logistic Regression,"{""C"": 1.266567e-06, ""solver"": ""liblinear""}",0.5482474221337978,0.022718289350678607,"[0.5723516199501554, 0.5408441259063665, 0.5753539569522874, 0.5375345983434892, 0.5151528095166905]",,,,,,,,0.46179308267030483,2.043,74ab309fcc94,,legacy,ok,auto LR search 2h (threshold-tuned)
LR_20260709_081124,2026-07-09T08:11:31,logistic_regression,Logistic Regression,"{""C"": 35.640182965842, ""solver"": ""liblinear""}",0.5476876026521331,0.021790639215278827,"[0.5722488823264017, 0.5408583556044647, 0.573338494209706, 0.533909970842953, 0.5180823102771401]",,,,,,,,0.3295066714399695,7.513,74ab309fcc94,,legacy,ok,auto LR search 2h (threshold-tuned)
LR_20260709_081132,2026-07-09T08:11:34,logistic_regression,Logistic Regression,"{""C"": 2.32653e-07, ""solver"": ""liblinear""}",0.5482461005091628,0.022708245721678656,"[0.5723398800061535, 0.5408441259063665, 0.5753539569522874, 0.5375038151067704, 0.5151887245742353]",,,,,,,,0.4914485813497569,1.907,74ab309fcc94,,legacy,ok,auto LR search 2h (threshold-tuned)
LR_20260709_081135,2026-07-09T08:11:37,logistic_regression,Logistic Regression,"{""C"": 0.00093586675, ""solver"": ""lbfgs""}",0.5483711153522692,0.021510301168841627,"[0.5721582342745203, 0.5408288363807827, 0.5745535067568965, 0.534410074502151, 0.5199049248469956]",,,,,,,,0.33533682843078816,1.959,74ab309fcc94,,legacy,ok,auto LR search 2h (threshold-tuned)
LR_20260709_081137,2026-07-09T08:11:44,logistic_regression,Logistic Regression,"{""C"": 0.012520510234, ""solver"": ""liblinear""}",0.5480448928709785,0.02143219562765266,"[0.572046376572829, 0.5408741760717617, 0.5737222315015867, 0.5340849956634866, 0.5194966845452282]",,,,,,,,0.35451606944952324,6.449,74ab309fcc94,,legacy,ok,auto LR search 2h (threshold-tuned)
LR_20260709_081145,2026-07-09T08:11:47,logistic_regression,Logistic Regression,"{""C"": 0.323137033289, ""solver"": ""lbfgs""}",0.5475210065429783,0.021827912794042295,"[0.5722679925215212, 0.5408526871803471, 0.5731593564953099, 0.5331623425734109, 0.5181626539443027]",,,,,,,,0.3506659164174411,2.45,74ab309fcc94,,legacy,ok,auto LR search 2h (threshold-tuned)
LR_20260709_081148,2026-07-09T08:11:50,logistic_regression,Logistic Regression,"{""C"": 0.000242930393, ""solver"": ""lbfgs""}",0.5482979565416674,0.021771583806817946,"[0.5722110532146227, 0.5407439237839707, 0.574796217464707, 0.5346338522489934, 0.519104735996043]",,,,,,,,0.3471934645040594,1.615,74ab309fcc94,,legacy,ok,auto LR search 2h (threshold-tuned)
LR_20260709_081150,2026-07-09T08:11:52,logistic_regression,Logistic Regression,"{""C"": 3.52317e-07, ""solver"": ""liblinear""}",0.5482410138693768,0.022714849591201486,"[0.5723398800061535, 0.5408441259063665, 0.5753539569522874, 0.5374997368808807, 0.5151673696011959]",,,,,,,,0.48737947123524183,1.96,74ab309fcc94,,legacy,ok,auto LR search 2h (threshold-tuned)
LR_20260709_081153,2026-07-09T08:12:01,logistic_regression,Logistic Regression,"{""C"": 43.85837794334, ""solver"": ""liblinear""}",0.5476876026521331,0.021790639215278827,"[0.5722488823264017, 0.5408583556044647, 0.573338494209706, 0.533909970842953, 0.5180823102771401]",,,,,,,,0.3294927741960586,7.708,74ab309fcc94,,legacy,ok,auto LR search 2h (threshold-tuned)
LR_20260709_081202,2026-07-09T08:12:04,logistic_regression,Logistic Regression,"{""C"": 3306.733910309256, ""solver"": ""lbfgs""}",0.5475400154751888,0.021802900015117463,"[0.572222792081239, 0.5408526871803471, 0.5731536026498396, 0.5333493859860342, 0.5181216094784837]",,,,,,,,0.3387952897053773,2.72,74ab309fcc94,,legacy,ok,auto LR search 2h (threshold-tuned)
LR_20260709_081205,2026-07-09T08:12:08,logistic_regression,Logistic Regression,"{""C"": 2.2345315e-05, ""solver"": ""liblinear""}",0.5481172790445508,0.022752317867978974,"[0.5723636289023627, 0.5408226355776788, 0.5752176139272913, 0.5371031432633075, 0.5150793735521132]",,,,,,,,0.34875287578069475,2.982,74ab309fcc94,,legacy,ok,auto LR search 2h (threshold-tuned)
LR_20260709_081209,2026-07-09T08:12:12,logistic_regression,Logistic Regression,"{""C"": 0.005850715916, ""solver"": ""lbfgs""}",0.5480978153509022,0.021359820500666152,"[0.5720021413276232, 0.5408685081946598, 0.5737107535526714, 0.5342809003326565, 0.5196267733468996]",,,,,,,,0.3555333336649747,2.647,74ab309fcc94,,legacy,ok,auto LR search 2h (threshold-tuned)
LR_20260709_081213,2026-07-09T08:12:15,logistic_regression,Logistic Regression,"{""C"": 0.007453159674, ""solver"": ""lbfgs""}",0.5481169308021929,0.021329324347973393,"[0.571984355701935, 0.5408685081946598, 0.5737050960735172, 0.5343287446597333, 0.5196979493811196]",,,,,,,,0.3547585606600991,2.613,74ab309fcc94,,legacy,ok,auto LR search 2h (threshold-tuned)
LR_20260709_081216,2026-07-09T08:12:19,logistic_regression,Logistic Regression,"{""C"": 547.549048727121, ""solver"": ""lbfgs""}",0.5475400154751888,0.021802900015117463,"[0.572222792081239, 0.5408526871803471, 0.5731536026498396, 0.5333493859860342, 0.5181216094784837]",,,,,,,,0.3387992256574973,2.693,74ab309fcc94,,legacy,ok,auto LR search 2h (threshold-tuned)
LR_20260709_081220,2026-07-09T08:12:28,logistic_regression,Logistic Regression,"{""C"": 0.086830707898, ""solver"": ""liblinear""}",0.5478213810081367,0.02191213571015761,"[0.5721332196109461, 0.5408487313049585, 0.5740258658391819, 0.5339970069620665, 0.5181020813235311]",,,,,,,,0.35017003777387745,8.395,74ab309fcc94,,legacy,ok,auto LR search 2h (threshold-tuned)
LR_20260709_081229,2026-07-09T08:12:33,logistic_regression,Logistic Regression,"{""C"": 2.9467051e-05, ""solver"": ""liblinear""}",0.5487516911179455,0.02185418121425669,"[0.5723577569403123, 0.5408379267704818, 0.5752004834133901, 0.5371858185302573, 0.5181764699352862]",,,,,,,,0.3535865102125847,3.509,74ab309fcc94,,legacy,ok,auto LR search 2h (threshold-tuned)
LR_20260709_081234,2026-07-09T08:12:37,logistic_regression,Logistic Regression,"{""C"": 1.429532365463, ""solver"": ""lbfgs""}",0.547524341466076,0.021829557508524656,"[0.5722637619619065, 0.5408583556044647, 0.5731685586407136, 0.5331798750411049, 0.5181511560821905]",,,,,,,,0.33850948360960065,2.789,74ab309fcc94,,legacy,ok,auto LR search 2h (threshold-tuned)
LR_20260709_081238,2026-07-09T08:12:43,logistic_regression,Logistic Regression,"{""C"": 0.002380788966, ""solver"": ""liblinear""}",0.5478289675691661,0.021852162372682397,"[0.5721847782599329, 0.5408401705908857, 0.573763476772463, 0.534407012014119, 0.5179494002084304]",,,,,,,,0.3361135049436177,5.669,74ab309fcc94,,legacy,ok,auto LR search 2h (threshold-tuned)
LR_20260709_081244,2026-07-09T08:12:46,logistic_regression,Logistic Regression,"{""C"": 0.002733984166, ""solver"": ""lbfgs""}",0.5478019438509164,0.02188936693457928,"[0.5721906481462484, 0.5408401705908857, 0.5737463588811977, 0.5344468541956646, 0.5177856874405854]",,,,,,,,0.3358033227081828,2.329,74ab309fcc94,,legacy,ok,auto LR search 2h (threshold-tuned)
LR_20260709_081247,2026-07-09T08:12:49,logistic_regression,Logistic Regression,"{""C"": 4.398495e-06, ""solver"": ""lbfgs""}",0.5481762279576853,0.02278024575687536,"[0.5724161982521643, 0.5408441259063665, 0.5753480711589414, 0.5371713747249391, 0.5151013697460152]",,,,,,,,0.4125997707748608,1.449,74ab309fcc94,,legacy,ok,auto LR search 2h (threshold-tuned)
LR_20260709_081250,2026-07-09T08:12:51,logistic_regression,Logistic Regression,"{""C"": 3.1305e-08, ""solver"": ""lbfgs""}",0.5482546756640864,0.022697044884073488,"[0.5723398800061535, 0.5408497930528632, 0.5753539569522874, 0.5375038151067704, 0.5152259332023575]",,,,,,,,0.49879697335580575,1.301,74ab309fcc94,,legacy,ok,auto LR search 2h (threshold-tuned)
LR_20260709_081252,2026-07-09T08:12:54,logistic_regression,Logistic Regression,"{""C"": 3.1305e-08, ""solver"": ""liblinear""}",0.5482546756640864,0.022697044884073488,"[0.5723398800061535, 0.5408497930528632, 0.5753539569522874, 0.5375038151067704, 0.5152259332023575]",,,,,,,,0.4987982244951074,1.853,74ab309fcc94,,legacy,ok,auto LR search 2h (threshold-tuned)
LR_20260709_081255,2026-07-09T08:12:57,logistic_regression,Logistic Regression,"{""C"": 0.136118575892, ""solver"": ""lbfgs""}",0.5475059013539132,0.021823234036470674,"[0.572216922587726, 0.5408679795005082, 0.5731624236199181, 0.5331302194068781, 0.5181519616545358]",,,,,,,,0.3402791635243259,2.671,74ab309fcc94,,legacy,ok,auto LR search 2h (threshold-tuned)
LR_20260709_081258,2026-07-09T08:13:06,logistic_regression,Logistic Regression,"{""C"": 401.101298170325, ""solver"": ""liblinear""}",0.5476887517755894,0.02178907805347874,"[0.5722488823264017, 0.5408583556044647, 0.573338494209706, 0.533909970842953, 0.5180880558944216]",,,,,,,,0.3294438478989158,8.148,74ab309fcc94,,legacy,ok,auto LR search 2h (threshold-tuned)
LR_20260709_081307,2026-07-09T08:13:09,logistic_regression,Logistic Regression,"{""C"": 1.12542e-07, ""solver"": ""lbfgs""}",0.5482483341343416,0.022706274745874822,"[0.5723398800061535, 0.5408497930528632, 0.5753539569522874, 0.5375038151067704, 0.5151942255536336]",,,,,,,,0.4957549490907266,1.35,74ab309fcc94,,legacy,ok,auto LR search 2h (threshold-tuned)
LR_20260709_081310,2026-07-09T08:13:12,logistic_regression,Logistic Regression,"{""C"": 0.000394225471, ""solver"": ""lbfgs""}",0.5483155886034419,0.021550671855738387,"[0.5721816540859862, 0.5407439237839707, 0.5745355780394759, 0.5342699664973523, 0.5198468206104244]",,,,,,,,0.3454547862143866,1.816,74ab309fcc94,,legacy,ok,auto LR search 2h (threshold-tuned)
LR_20260709_081312,2026-07-09T08:13:15,logistic_regression,Logistic Regression,"{""C"": 0.046594581919, ""solver"": ""lbfgs""}",0.5476130360671834,0.02194560674343321,"[0.5721038245751043, 0.5408526871803471, 0.5737911761332235, 0.5331843869102378, 0.518133105537004]",,,,,,,,0.35200989491993007,2.775,74ab309fcc94,,legacy,ok,auto LR search 2h (threshold-tuned)
LR_20260709_081316,2026-07-09T08:13:25,logistic_regression,Logistic Regression,"{""C"": 387.467512045613, ""solver"": ""liblinear""}",0.5476887517755894,0.02178907805347874,"[0.5722488823264017, 0.5408583556044647, 0.573338494209706, 0.533909970842953, 0.5180880558944216]",,,,,,,,0.3294436371385671,8.614,74ab309fcc94,,legacy,ok,auto LR search 2h (threshold-tuned)
LR_20260709_081326,2026-07-09T08:13:29,logistic_regression,Logistic Regression,"{""C"": 1020.377682384534, ""solver"": ""lbfgs""}",0.5475400154751888,0.021802900015117463,"[0.572222792081239, 0.5408526871803471, 0.5731536026498396, 0.5333493859860342, 0.5181216094784837]",,,,,,,,0.33879703952794066,2.984,74ab309fcc94,,legacy,ok,auto LR search 2h (threshold-tuned)
LR_20260709_081330,2026-07-09T08:13:36,logistic_regression,Logistic Regression,"{""C"": 0.010903023136, ""solver"": ""liblinear""}",0.5481085173788626,0.021399711684244642,"[0.5720020586721565, 0.5408741760717617, 0.573973558919437, 0.533678137189921, 0.5200146560410369]",,,,,,,,0.3547142183094109,6.686,74ab309fcc94,,legacy,ok,auto LR search 2h (threshold-tuned)
LR_20260709_081338,2026-07-09T08:13:41,logistic_regression,Logistic Regression,"{""C"": 0.025003309506, ""solver"": ""lbfgs""}",0.5480668376102091,0.021442986867774003,"[0.5719878028679742, 0.5408447751807987, 0.5738584843715802, 0.5341258498982288, 0.5195172757324639]",,,,,,,,0.3591518805394525,3.877,74ab309fcc94,,legacy,ok,auto LR search 2h (threshold-tuned)
LR_20260709_081343,2026-07-09T08:13:44,logistic_regression,Logistic Regression,"{""C"": 2.9213e-08, ""solver"": ""lbfgs""}",0.5482546756640864,0.022697044884073488,"[0.5723398800061535, 0.5408497930528632, 0.5753539569522874, 0.5375038151067704, 0.5152259332023575]",,,,,,,,0.4988769253953603,1.87,74ab309fcc94,,legacy,ok,auto LR search 2h (threshold-tuned)
LR_20260709_081346,2026-07-09T08:13:57,logistic_regression,Logistic Regression,"{""C"": 1492.682562154745, ""solver"": ""liblinear""}",0.5476876026521331,0.021790639215278827,"[0.5722488823264017, 0.5408583556044647, 0.573338494209706, 0.533909970842953, 0.5180823102771401]",,,,,,,,0.32943812115076654,10.524,74ab309fcc94,,legacy,ok,auto LR search 2h (threshold-tuned)
LR_20260709_081357,2026-07-09T08:13:59,logistic_regression,Logistic Regression,"{""C"": 2.14e-08, ""solver"": ""lbfgs""}",0.5482546756640864,0.022697044884073488,"[0.5723398800061535, 0.5408497930528632, 0.5753539569522874, 0.5375038151067704, 0.5152259332023575]",,,,,,,,0.4991760795524732,1.3,74ab309fcc94,,legacy,ok,auto LR search 2h (threshold-tuned)
LR_20260709_081400,2026-07-09T08:14:02,logistic_regression,Logistic Regression,"{""C"": 20.494604859354, ""solver"": ""lbfgs""}",0.5475459247959302,0.021794928381530125,"[0.572222792081239, 0.5408526871803471, 0.5731536026498396, 0.5333493859860342, 0.5181511560821905]",,,,,,,,0.3389321282218755,2.712,74ab309fcc94,,legacy,ok,auto LR search 2h (threshold-tuned)
LR_20260709_081403,2026-07-09T08:14:05,logistic_regression,Logistic Regression,"{""C"": 0.000139695198, ""solver"": ""lbfgs""}",0.5482908160741101,0.021738708465951034,"[0.5722403429954663, 0.5408226355776788, 0.5747847325716178, 0.5341563963652846, 0.519449972860503]",,,,,,,,0.3503526602060875,1.754,74ab309fcc94,,legacy,ok,auto LR search 2h (threshold-tuned)
LR_20260709_081406,2026-07-09T08:14:09,logistic_regression,Logistic Regression,"{""C"": 15.541372208032, ""solver"": ""lbfgs""}",0.5475459247959302,0.021794928381530125,"[0.572222792081239, 0.5408526871803471, 0.5731536026498396, 0.5333493859860342, 0.5181511560821905]",,,,,,,,0.3389709118648914,2.679,74ab309fcc94,,legacy,ok,auto LR search 2h (threshold-tuned)
LR_20260709_081410,2026-07-09T08:14:12,logistic_regression,Logistic Regression,"{""C"": 2.805822e-06, ""solver"": ""lbfgs""}",0.54827655050552,0.022718213959211708,"[0.5723809719173727, 0.5408441259063665, 0.5753539569522874, 0.5376741839887346, 0.5151295137628392]",,,,,,,,0.43032575721587724,1.799,74ab309fcc94,,legacy,ok,auto LR search 2h (threshold-tuned)
LR_20260709_081413,2026-07-09T08:14:14,logistic_regression,Logistic Regression,"{""C"": 9.8003e-08, ""solver"": ""lbfgs""}",0.5482515049330698,0.02270165934904565,"[0.5723398800061535, 0.5408497930528632, 0.5753539569522874, 0.5375038151067704, 0.5152100795472746]",,,,,,,,0.4962917798000371,1.441,74ab309fcc94,,legacy,ok,auto LR search 2h (threshold-tuned)
LR_20260709_081415,2026-07-09T08:14:23,logistic_regression,Logistic Regression,"{""C"": 17.846968436566, ""solver"": ""liblinear""}",0.5476887762191528,0.02179196208548148,"[0.5722547501615004, 0.5408583556044647, 0.573338494209706, 0.533909970842953, 0.5180823102771401]",,,,,,,,0.32958192197400565,8.283,74ab309fcc94,,legacy,ok,auto LR search 2h (threshold-tuned)
LR_20260709_081424,2026-07-09T08:14:26,logistic_regression,Logistic Regression,"{""C"": 1.29238e-07, ""solver"": ""lbfgs""}",0.5482472007050424,0.022706644169059167,"[0.5723398800061535, 0.5408441259063665, 0.5753539569522874, 0.5375038151067704, 0.5151942255536336]",,,,,,,,0.4951433359187659,1.344,74ab309fcc94,,legacy,ok,auto LR search 2h (threshold-tuned)
LR_20260709_081427,2026-07-09T08:14:29,logistic_regression,Logistic Regression,"{""C"": 1774.440031609014, ""solver"": ""lbfgs""}",0.5475400154751888,0.021802900015117463,"[0.572222792081239, 0.5408526871803471, 0.5731536026498396, 0.5333493859860342, 0.5181216094784837]",,,,,,,,0.33879596399836337,2.665,74ab309fcc94,,legacy,ok,auto LR search 2h (threshold-tuned)
LR_20260709_081430,2026-07-09T08:14:33,logistic_regression,Logistic Regression,"{""C"": 7.26233612167, ""solver"": ""lbfgs""}",0.547548272665584,0.021797587053197138,"[0.5722345314295093, 0.5408526871803471, 0.5731536026498396, 0.5333493859860342, 0.5181511560821905]",,,,,,,,0.33906128047162926,2.699,74ab309fcc94,,legacy,ok,auto LR search 2h (threshold-tuned)
LR_20260709_081434,2026-07-09T08:14:36,logistic_regression,Logistic Regression,"{""C"": 1.20254164466, ""solver"": ""lbfgs""}",0.5475173265027934,0.021823702348722388,"[0.5722345314295093, 0.5408583556044647, 0.5731685586407136, 0.5331740307570891, 0.5181511560821905]",,,,,,,,0.339530527887234,2.68,74ab309fcc94,,legacy,ok,auto LR search 2h (threshold-tuned)
LR_20260709_081437,2026-07-09T08:14:41,logistic_regression,Logistic Regression,"{""C"": 0.228664633113, ""solver"": ""lbfgs""}",0.5475118742488629,0.02183759652495585,"[0.5722796889605654, 0.5408526871803471, 0.5731474688187821, 0.5331448112587137, 0.5181347150259067]",,,,,,,,0.3504790336415704,3.662,74ab309fcc94,,legacy,ok,auto LR search 2h (threshold-tuned)
LR_20260709_081443,2026-07-09T08:14:48,logistic_regression,Logistic Regression,"{""C"": 0.000234672975, ""solver"": ""liblinear""}",0.5482911156946089,0.02178848937561,"[0.5722256982552594, 0.5407439237839707, 0.574793362749363, 0.53464813598734, 0.5190444576971115]",,,,,,,,0.3475161137243307,5.501,74ab309fcc94,,legacy,ok,auto LR search 2h (threshold-tuned)
LR_20260709_081450,2026-07-09T08:14:53,logistic_regression,Logistic Regression,"{""C"": 1.885142481092, ""solver"": ""lbfgs""}",0.5475101752125566,0.021817441044611006,"[0.5722345314295093, 0.5408583556044647, 0.5731386463454261, 0.5331681866011926, 0.5181511560821905]",,,,,,,,0.33942201437238545,3.351,74ab309fcc94,,legacy,ok,auto LR search 2h (threshold-tuned)
LR_20260709_081454,2026-07-09T08:14:57,logistic_regression,Logistic Regression,"{""C"": 2.863e-07, ""solver"": ""liblinear""}",0.5482429296648306,0.0227128620732701,"[0.5723398800061535, 0.5408441259063665, 0.5753539569522874, 0.5375038151067704, 0.5151728703525744]",,,,,,,,0.4895943244852351,2.641,74ab309fcc94,,legacy,ok,auto LR search 2h (threshold-tuned)
LR_20260709_081458,2026-07-09T08:15:01,logistic_regression,Logistic Regression,"{""C"": 0.068161937606, ""solver"": ""lbfgs""}",0.5476551392604377,0.021977292041164796,"[0.5722473294987674, 0.5408526871803471, 0.5738267279760602, 0.5331813548733574, 0.5181675967736568]",,,,,,,,0.34942298870113525,2.889,74ab309fcc94,,legacy,ok,auto LR search 2h (threshold-tuned)
LR_20260709_081502,2026-07-09T08:15:05,logistic_regression,Logistic Regression,"{""C"": 0.006718682294, ""solver"": ""lbfgs""}",0.5481455184886331,0.021349939753591167,"[0.5720433650094204, 0.5408685081946598, 0.5737377956455908, 0.5344247444027437, 0.5196531791907515]",,,,,,,,0.3555409496432266,3.758,74ab309fcc94,,legacy,ok,auto LR search 2h (threshold-tuned)
LR_20260709_081507,2026-07-09T08:15:10,logistic_regression,Logistic Regression,"{""C"": 0.014377955046, ""solver"": ""lbfgs""}",0.548050172901157,0.021413555787752676,"[0.5720228166635778, 0.5408741760717617, 0.5736922868148272, 0.5341954737627456, 0.5194661111928724]",,,,,,,,0.355416133583869,3.575,74ab309fcc94,,legacy,ok,auto LR search 2h (threshold-tuned)
LR_20260709_081511,2026-07-09T08:15:13,logistic_regression,Logistic Regression,"{""C"": 2.710449e-06, ""solver"": ""lbfgs""}",0.5482776505397167,0.02271660900286298,"[0.5723809719173727, 0.5408441259063665, 0.5753539569522874, 0.5376741839887346, 0.5151350139338223]",,,,,,,,0.43183947341403084,1.593,74ab309fcc94,,legacy,ok,auto LR search 2h (threshold-tuned)
LR_20260709_081514,2026-07-09T08:15:24,logistic_regression,Logistic Regression,"{""C"": 0.009828576295, ""solver"": ""liblinear""}",0.5480751158123808,0.021338183930486643,"[0.572022645393721, 0.5408741760717617, 0.5737100865335435, 0.5338126361655774, 0.5199560348973002]",,,,,,,,0.3556148362465099,9.478,74ab309fcc94,,legacy,ok,auto LR search 2h (threshold-tuned)
LR_20260709_081525,2026-07-09T08:15:34,logistic_regression,Logistic Regression,"{""C"": 24.363148747414, ""solver"": ""liblinear""}",0.5476876026521331,0.021790639215278827,"[0.5722488823264017, 0.5408583556044647, 0.573338494209706, 0.533909970842953, 0.5180823102771401]",,,,,,,,0.32954339780455133,9.392,74ab309fcc94,,legacy,ok,auto LR search 2h (threshold-tuned)
LR_20260709_081535,2026-07-09T08:15:41,logistic_regression,Logistic Regression,"{""C"": 0.006955091992, ""solver"": ""liblinear""}",0.5481313999403274,0.021293562567545103,"[0.5719963754685119, 0.5408685081946598, 0.5737023498694517, 0.5341735756055905, 0.5199161905634239]",,,,,,,,0.3556538660871251,6.083,74ab309fcc94,,legacy,ok,auto LR search 2h (threshold-tuned)
LR_20260709_081542,2026-07-09T08:15:45,logistic_regression,Logistic Regression,"{""C"": 0.015949733899, ""solver"": ""lbfgs""}",0.5480788279538815,0.021406416381011466,"[0.5720550991413923, 0.5408741760717617, 0.573711996327442, 0.534233824707232, 0.5195190435215796]",,,,,,,,0.35502119881057975,2.791,74ab309fcc94,,legacy,ok,auto LR search 2h (threshold-tuned)
LR_20260709_081546,2026-07-09T08:15:49,logistic_regression,Logistic Regression,"{""C"": 2.240980345417, ""solver"": ""lbfgs""}",0.5476967146737917,0.02156971475463611,"[0.5722345314295093, 0.5408583556044647, 0.5731386463454261, 0.5331798750411049, 0.5190721649484537]",,,,,,,,0.3401218164128744,2.707,74ab309fcc94,,legacy,ok,auto LR search 2h (threshold-tuned)
LR_20260709_081550,2026-07-09T08:15:58,logistic_regression,Logistic Regression,"{""C"": 0.025003309506, ""solver"": ""liblinear""}",0.5480844832928871,0.02140436945184657,"[0.5719818307291399, 0.5408373945396426, 0.5738677229374055, 0.5340110985866644, 0.5197243696715822]",,,,,,,,0.3583295258216278,8.169,74ab309fcc94,,legacy,ok,auto LR search 2h (threshold-tuned)
LR_20260709_081559,2026-07-09T08:16:01,logistic_regression,Logistic Regression,"{""C"": 1.918022e-06, ""solver"": ""liblinear""}",0.5482786658751231,0.022711614558598027,"[0.5723692307692307, 0.5408497930528632, 0.5753539569522874, 0.5376798343789737, 0.5151405142222601]",,,,,,,,0.44630445542212316,2.257,74ab309fcc94,,legacy,ok,auto LR search 2h (threshold-tuned)
LR_20260709_081602,2026-07-09T08:16:04,logistic_regression,Logistic Regression,"{""C"": 3.40341e-07, ""solver"": ""liblinear""}",0.5482410138693768,0.022714849591201486,"[0.5723398800061535, 0.5408441259063665, 0.5753539569522874, 0.5374997368808807, 0.5151673696011959]",,,,,,,,0.48777930784964935,2.117,74ab309fcc94,,legacy,ok,auto LR search 2h (threshold-tuned)
LR_20260709_081605,2026-07-09T08:16:12,logistic_regression,Logistic Regression,"{""C"": 0.011286666877, ""solver"": ""liblinear""}",0.548062600982937,0.02134116975272326,"[0.5720432764069464, 0.5408741760717617, 0.5736977780560861, 0.5336780810012167, 0.5200196933786739]",,,,,,,,0.354988414752283,7.117,74ab309fcc94,,legacy,ok,auto LR search 2h (threshold-tuned)
LR_20260709_081613,2026-07-09T08:16:16,logistic_regression,Logistic Regression,"{""C"": 919.823775100058, ""solver"": ""lbfgs""}",0.5475400154751888,0.021802900015117463,"[0.572222792081239, 0.5408526871803471, 0.5731536026498396, 0.5333493859860342, 0.5181216094784837]",,,,,,,,0.3387973161844263,2.733,74ab309fcc94,,legacy,ok,auto LR search 2h (threshold-tuned)
LR_20260709_081617,2026-07-09T08:16:20,logistic_regression,Logistic Regression,"{""C"": 97.159295133084, ""solver"": ""lbfgs""}",0.5475459247959302,0.021794928381530125,"[0.572222792081239, 0.5408526871803471, 0.5731536026498396, 0.5333493859860342, 0.5181511560821905]",,,,,,,,0.3388334062418544,2.83,74ab309fcc94,,legacy,ok,auto LR search 2h (threshold-tuned)
LR_20260709_081621,2026-07-09T08:16:24,logistic_regression,Logistic Regression,"{""C"": 1.244855374404, ""solver"": ""lbfgs""}",0.5475202555829328,0.021827020315924466,"[0.5722491768302065, 0.5408583556044647, 0.5731685586407136, 0.5331740307570891, 0.5181511560821905]",,,,,,,,0.33948846725896703,3.154,74ab309fcc94,,legacy,ok,auto LR search 2h (threshold-tuned)
LR_20260709_081625,2026-07-09T08:16:28,logistic_regression,Logistic Regression,"{""C"": 132.633526412888, ""solver"": ""lbfgs""}",0.5475459247959302,0.021794928381530125,"[0.572222792081239, 0.5408526871803471, 0.5731536026498396, 0.5333493859860342, 0.5181511560821905]",,,,,,,,0.3388262771573075,2.731,74ab309fcc94,,legacy,ok,auto LR search 2h (threshold-tuned)
LR_20260709_081629,2026-07-09T08:16:37,logistic_regression,Logistic Regression,"{""C"": 2595.779718135706, ""solver"": ""liblinear""}",0.5476887517755894,0.02178907805347874,"[0.5722488823264017, 0.5408583556044647, 0.573338494209706, 0.533909970842953, 0.5180880558944216]",,,,,,,,0.3293784894286036,8.343,74ab309fcc94,,legacy,ok,auto LR search 2h (threshold-tuned)
GB_20260709_081212,2026-07-09T08:16:39,gradient_boosting,Gradient Boosting,"{""n_estimators"": 40, ""learning_rate"": 0.15, ""max_depth"": 5, ""subsample"": 0.5}",0.5383686459273549,0.02049629358804842,"[0.5596165064549674, 0.5283036302105591, 0.565274514262614, 0.5123095423731053, 0.5263390363355288]",,,,,,,,0.4172591055570408,266.475,74ab309fcc94,,legacy,ok,auto GB search 3h ext (threshold-tuned)
LR_20260709_081638,2026-07-09T08:16:46,logistic_regression,Logistic Regression,"{""C"": 90.666491134128, ""solver"": ""liblinear""}",0.5476887517755894,0.02178907805347874,"[0.5722488823264017, 0.5408583556044647, 0.573338494209706, 0.533909970842953, 0.5180880558944216]",,,,,,,,0.3294642306682018,7.97,74ab309fcc94,,legacy,ok,auto LR search 2h (threshold-tuned)
LR_20260709_081647,2026-07-09T08:16:55,logistic_regression,Logistic Regression,"{""C"": 1.244855374404, ""solver"": ""liblinear""}",0.5476850947104754,0.021786477444612547,"[0.5722430730736889, 0.5408430628628922, 0.5733355651336988, 0.533909970842953, 0.5180938016391443]",,,,,,,,0.3316963553138824,8.683,74ab309fcc94,,legacy,ok,auto LR search 2h (threshold-tuned)
LR_20260709_081656,2026-07-09T08:16:58,logistic_regression,Logistic Regression,"{""C"": 1.6368826e-05, ""solver"": ""lbfgs""}",0.5481242769763846,0.022763051692745426,"[0.5723782752323696, 0.5408611277021576, 0.5752308416763917, 0.5370918318995019, 0.515059308371502]",,,,,,,,0.35819255933440997,1.694,74ab309fcc94,,legacy,ok,auto LR search 2h (threshold-tuned)
LR_20260709_081659,2026-07-09T08:17:03,logistic_regression,Logistic Regression,"{""C"": 5.3046388e-05, ""solver"": ""liblinear""}",0.5488485121665302,0.021693132538136265,"[0.5722843983053455, 0.5408130115380988, 0.5752176139272913, 0.5372232341205083, 0.518704302941407]",,,,,,,,0.33941525669595396,3.666,74ab309fcc94,,legacy,ok,auto LR search 2h (threshold-tuned)
LR_20260709_081704,2026-07-09T08:17:06,logistic_regression,Logistic Regression,"{""C"": 6.0392e-08, ""solver"": ""liblinear""}",0.5482515049330698,0.02270165934904565,"[0.5723398800061535, 0.5408497930528632, 0.5753539569522874, 0.5375038151067704, 0.5152100795472746]",,,,,,,,0.49769641741314813,1.95,74ab309fcc94,,legacy,ok,auto LR search 2h (threshold-tuned)
LR_20260709_081707,2026-07-09T08:17:11,logistic_regression,Logistic Regression,"{""C"": 8.6083249e-05, ""solver"": ""liblinear""}",0.5482434928678688,0.021998737066264144,"[0.5722667268419271, 0.5407999664672165, 0.5752650176678445, 0.5337402656645415, 0.5191454876978142]",,,,,,,,0.3471802872369764,3.696,74ab309fcc94,,legacy,ok,auto LR search 2h (threshold-tuned)
LR_20260709_081711,2026-07-09T08:17:14,logistic_regression,Logistic Regression,"{""C"": 4.48813e-07, ""solver"": ""liblinear""}",0.5482492152516094,0.02270666638348884,"[0.5723457499179521, 0.5408441259063665, 0.5753539569522874, 0.5375038151067704, 0.5151984283746703]",,,,,,,,0.4842054370196145,2.186,74ab309fcc94,,legacy,ok,auto LR search 2h (threshold-tuned)
LR_20260709_081715,2026-07-09T08:17:17,logistic_regression,Logistic Regression,"{""C"": 12.199947096994, ""solver"": ""lbfgs""}",0.5475459247959302,0.021794928381530125,"[0.572222792081239, 0.5408526871803471, 0.5731536026498396, 0.5333493859860342, 0.5181511560821905]",,,,,,,,0.3390139112344078,2.682,74ab309fcc94,,legacy,ok,auto LR search 2h (threshold-tuned)
LR_20260709_081718,2026-07-09T08:17:21,logistic_regression,Logistic Regression,"{""C"": 0.010174413567, ""solver"": ""lbfgs""}",0.5480835719355379,0.02127383385365076,"[0.5720108695652174, 0.5408741760717617, 0.5734737018355345, 0.5343503214948432, 0.5197087907103329]",,,,,,,,0.3539785434361893,2.674,74ab309fcc94,,legacy,ok,auto LR search 2h (threshold-tuned)
LR_20260709_081722,2026-07-09T08:17:23,logistic_regression,Logistic Regression,"{""C"": 2.76568e-07, ""solver"": ""lbfgs""}",0.5482429296648306,0.0227128620732701,"[0.5723398800061535, 0.5408441259063665, 0.5753539569522874, 0.5375038151067704, 0.5151728703525744]",,,,,,,,0.4899242071354474,1.292,74ab309fcc94,,legacy,ok,auto LR search 2h (threshold-tuned)
LR_20260709_081724,2026-07-09T08:17:25,logistic_regression,Logistic Regression,"{""C"": 3.8524e-08, ""solver"": ""lbfgs""}",0.5482546756640864,0.022697044884073488,"[0.5723398800061535, 0.5408497930528632, 0.5753539569522874, 0.5375038151067704, 0.5152259332023575]",,,,,,,,0.4985223267857723,1.271,74ab309fcc94,,legacy,ok,auto LR search 2h (threshold-tuned)
LR_20260709_081726,2026-07-09T08:17:34,logistic_regression,Logistic Regression,"{""C"": 0.07561330964, ""solver"": ""liblinear""}",0.547695120466362,0.021760683528742913,"[0.5721009094178698, 0.5408430628628922, 0.5734331541855747, 0.5339710012905184, 0.5181274745749553]",,,,,,,,0.35108212971188996,8.037,74ab309fcc94,,legacy,ok,auto LR search 2h (threshold-tuned)
LR_20260709_081735,2026-07-09T08:17:39,logistic_regression,Logistic Regression,"{""C"": 9.8853885e-05, ""solver"": ""liblinear""}",0.5484705229662833,0.021789950995439462,"[0.5722608570783844, 0.5408056335666681, 0.5753228267436741, 0.5342166208865191, 0.5197466765561705]",,,,,,,,0.3444215617482814,3.842,74ab309fcc94,,legacy,ok,auto LR search 2h (threshold-tuned)
LR_20260709_081740,2026-07-09T08:17:48,logistic_regression,Logistic Regression,"{""C"": 3.27826876409, ""solver"": ""liblinear""}",0.5476922740699494,0.021790252021335478,"[0.5722547501615004, 0.5408583556044647, 0.5733444921016843, 0.533909970842953, 0.5180938016391443]",,,,,,,,0.330442738847757,8.046,74ab309fcc94,,legacy,ok,auto LR search 2h (threshold-tuned)
LR_20260709_081749,2026-07-09T08:17:51,logistic_regression,Logistic Regression,"{""C"": 1.997e-08, ""solver"": ""liblinear""}",0.5482546756640864,0.022697044884073488,"[0.5723398800061535, 0.5408497930528632, 0.5753539569522874, 0.5375038151067704, 0.5152259332023575]",,,,,,,,0.49923143960966526,1.825,74ab309fcc94,,legacy,ok,auto LR search 2h (threshold-tuned)
LR_20260709_081752,2026-07-09T08:18:00,logistic_regression,Logistic Regression,"{""C"": 0.122704665635, ""solver"": ""liblinear""}",0.5477087166567745,0.021805565842775328,"[0.5722824747350259, 0.5408583556044647, 0.573394831246797, 0.5338984888233637, 0.518109432874221]",,,,,,,,0.3480722566836992,8.148,74ab309fcc94,,legacy,ok,auto LR search 2h (threshold-tuned)
LR_20260709_081801,2026-07-09T08:18:10,logistic_regression,Logistic Regression,"{""C"": 21.962263425637, ""solver"": ""liblinear""}",0.5476887762191528,0.02179196208548148,"[0.5722547501615004, 0.5408583556044647, 0.573338494209706, 0.533909970842953, 0.5180823102771401]",,,,,,,,0.3295563965351122,8.799,74ab309fcc94,,legacy,ok,auto LR search 2h (threshold-tuned)
LR_20260709_081811,2026-07-09T08:18:20,logistic_regression,Logistic Regression,"{""C"": 0.011683809856, ""solver"": ""liblinear""}",0.5479577715400477,0.02152959474930243,"[0.5720345963756178, 0.5408741760717617, 0.5736950327220349, 0.5340889389736477, 0.5190961135571763]",,,,,,,,0.35371744522345394,9.551,74ab309fcc94,,legacy,ok,auto LR search 2h (threshold-tuned)
LR_20260709_081823,2026-07-09T08:18:27,logistic_regression,Logistic Regression,"{""C"": 3.11255e-06, ""solver"": ""liblinear""}",0.548273143281848,0.022718943442288225,"[0.5723809719173727, 0.5408441259063665, 0.5753480711589414, 0.5376685337172522, 0.5151240137093072]",,,,,,,,0.4258361043295139,4.12,74ab309fcc94,,legacy,ok,auto LR search 2h (threshold-tuned)
LR_20260709_081828,2026-07-09T08:18:40,logistic_regression,Logistic Regression,"{""C"": 10000.0, ""solver"": ""liblinear""}",0.5476887517755894,0.02178907805347874,"[0.5722488823264017, 0.5408583556044647, 0.573338494209706, 0.533909970842953, 0.5180880558944216]",,,,,,,,0.32943928491483165,12.492,74ab309fcc94,,legacy,ok,auto LR search 2h (threshold-tuned)
LR_20260709_081841,2026-07-09T08:18:44,logistic_regression,Logistic Regression,"{""C"": 1.729009e-06, ""solver"": ""liblinear""}",0.5482763917387475,0.022711974439684316,"[0.572363360375791, 0.5408497930528632, 0.5753539569522874, 0.5376798343789737, 0.5151350139338223]",,,,,,,,0.4501724241366924,2.989,74ab309fcc94,,legacy,ok,auto LR search 2h (threshold-tuned)
LR_20260709_081845,2026-07-09T08:18:47,logistic_regression,Logistic Regression,"{""C"": 0.000102332248, ""solver"": ""lbfgs""}",0.5484284076853687,0.021827378386411234,"[0.572254987435253, 0.5408056335666681, 0.5753141288875689, 0.5341349883630722, 0.5196323001742815]",,,,,,,,0.3437687094930114,1.852,74ab309fcc94,,legacy,ok,auto LR search 2h (threshold-tuned)
LR_20260709_081848,2026-07-09T08:18:51,logistic_regression,Logistic Regression,"{""C"": 747.46694196602, ""solver"": ""lbfgs""}",0.5475400154751888,0.021802900015117463,"[0.572222792081239, 0.5408526871803471, 0.5731536026498396, 0.5333493859860342, 0.5181216094784837]",,,,,,,,0.3387979636840258,2.831,74ab309fcc94,,legacy,ok,auto LR search 2h (threshold-tuned)
LR_20260709_081852,2026-07-09T08:18:56,logistic_regression,Logistic Regression,"{""C"": 0.000134946835, ""solver"": ""liblinear""}",0.5482401752283173,0.02168917626765941,"[0.5722403429954663, 0.5408226355776788, 0.574537518187487, 0.5342223754227977, 0.5193780039581566]",,,,,,,,0.352058542285263,4.361,74ab309fcc94,,legacy,ok,auto LR search 2h (threshold-tuned)
LR_20260709_081857,2026-07-09T08:18:59,logistic_regression,Logistic Regression,"{""C"": 1.008683e-05, ""solver"": ""lbfgs""}",0.5481932812823294,0.022779087376563454,"[0.5724369299586544, 0.5408441259063665, 0.5753539569522874, 0.5372232341205083, 0.5151081594738304]",,,,,,,,0.37417246692761225,1.681,74ab309fcc94,,legacy,ok,auto LR search 2h (threshold-tuned)
LR_20260709_081900,2026-07-09T08:19:09,logistic_regression,Logistic Regression,"{""C"": 888.558155468944, ""solver"": ""liblinear""}",0.5476887517755894,0.02178907805347874,"[0.5722488823264017, 0.5408583556044647, 0.573338494209706, 0.533909970842953, 0.5180880558944216]",,,,,,,,0.32940622084787347,8.859,74ab309fcc94,,legacy,ok,auto LR search 2h (threshold-tuned)
LR_20260709_081910,2026-07-09T08:19:11,logistic_regression,Logistic Regression,"{""C"": 1.4755747e-05, ""solver"": ""lbfgs""}",0.5481337767941616,0.02276377735437449,"[0.5724016947587636, 0.5408611277021576, 0.5752190647776595, 0.5371380435927134, 0.5150489531395138]",,,,,,,,0.3620670743075645,1.549,74ab309fcc94,,legacy,ok,auto LR search 2h (threshold-tuned)
LR_20260709_081912,2026-07-09T08:19:20,logistic_regression,Logistic Regression,"{""C"": 0.441118929291, ""solver"": ""liblinear""}",0.5476912198096968,0.021784106791912103,"[0.5722533851116727, 0.5408430628628922, 0.5733326358738295, 0.5339258616952092, 0.5181011535048802]",,,,,,,,0.3491296526514821,8.023,74ab309fcc94,,legacy,ok,auto LR search 2h (threshold-tuned)
LR_20260709_081921,2026-07-09T08:19:29,logistic_regression,Logistic Regression,"{""C"": 9331.73619775004, ""solver"": ""liblinear""}",0.5476876026521331,0.021790639215278827,"[0.5722488823264017, 0.5408583556044647, 0.573338494209706, 0.533909970842953, 0.5180823102771401]",,,,,,,,0.3293782884791863,8.197,74ab309fcc94,,legacy,ok,auto LR search 2h (threshold-tuned)
LR_20260709_081930,2026-07-09T08:19:38,logistic_regression,Logistic Regression,"{""C"": 0.03076877016, ""solver"": ""liblinear""}",0.5480898561115656,0.02140686131116937,"[0.5719377034320794, 0.5408430628628922, 0.5739124996090941, 0.5340661484926339, 0.5196898661611288]",,,,,,,,0.3582790000669026,7.547,74ab309fcc94,,legacy,ok,auto LR search 2h (threshold-tuned)
LR_20260709_081939,2026-07-09T08:19:50,logistic_regression,Logistic Regression,"{""C"": 215.236610960694, ""solver"": ""liblinear""}",0.5476887517755894,0.02178907805347874,"[0.5722488823264017, 0.5408583556044647, 0.573338494209706, 0.533909970842953, 0.5180880558944216]",,,,,,,,0.32944883533548225,11.268,74ab309fcc94,,legacy,ok,auto LR search 2h (threshold-tuned)
LR_20260709_081952,2026-07-09T08:19:53,logistic_regression,Logistic Regression,"{""C"": 2.2932e-08, ""solver"": ""lbfgs""}",0.5482546756640864,0.022697044884073488,"[0.5723398800061535, 0.5408497930528632, 0.5753539569522874, 0.5375038151067704, 0.5152259332023575]",,,,,,,,0.4991173509925896,1.804,74ab309fcc94,,legacy,ok,auto LR search 2h (threshold-tuned)
LR_20260709_081955,2026-07-09T08:20:06,logistic_regression,Logistic Regression,"{""C"": 0.456640543234, ""solver"": ""liblinear""}",0.5476864092091411,0.02178479631389841,"[0.5722416272858023, 0.5408430628628922, 0.5733326358738295, 0.5339258616952092, 0.5180888583279728]",,,,,,,,0.34908393125631126,10.979,74ab309fcc94,,legacy,ok,auto LR search 2h (threshold-tuned)
LR_20260709_082008,2026-07-09T08:20:19,logistic_regression,Logistic Regression,"{""C"": 38.192445875651, ""solver"": ""liblinear""}",0.5476887517755894,0.02178907805347874,"[0.5722488823264017, 0.5408583556044647, 0.573338494209706, 0.533909970842953, 0.5180880558944216]",,,,,,,,0.32950788380562235,11.832,74ab309fcc94,,legacy,ok,auto LR search 2h (threshold-tuned)
LR_20260709_082021,2026-07-09T08:20:26,logistic_regression,Logistic Regression,"{""C"": 0.020318182462, ""solver"": ""lbfgs""}",0.5480296633085942,0.021444906368953787,"[0.5720726748674662, 0.5408741760717617, 0.5737957771432145, 0.5336524340494969, 0.5197532544110309]",,,,,,,,0.3554991941607934,4.873,74ab309fcc94,,legacy,ok,auto LR search 2h (threshold-tuned)
LR_20260709_082028,2026-07-09T08:20:30,logistic_regression,Logistic Regression,"{""C"": 1.505643e-06, ""solver"": ""lbfgs""}",0.548277643371417,0.02270590729736074,"[0.5723574901027672, 0.5408441259063665, 0.5753539569522874, 0.5376798343789737, 0.5151528095166905]",,,,,,,,0.45507330071895585,2.482,74ab309fcc94,,legacy,ok,auto LR search 2h (threshold-tuned)
LR_20260709_082032,2026-07-09T08:20:36,logistic_regression,Logistic Regression,"{""C"": 5.0802e-08, ""solver"": ""liblinear""}",0.5482515049330698,0.02270165934904565,"[0.5723398800061535, 0.5408497930528632, 0.5753539569522874, 0.5375038151067704, 0.5152100795472746]",,,,,,,,0.4980581248516308,3.244,74ab309fcc94,,legacy,ok,auto LR search 2h (threshold-tuned)
LR_20260709_082037,2026-07-09T08:20:45,logistic_regression,Logistic Regression,"{""C"": 0.002299863854, ""solver"": ""liblinear""}",0.5478255937835979,0.02186089985729749,"[0.5721847782599329, 0.5408401705908857, 0.5737723738454313, 0.5344042144353045, 0.5179264317864349]",,,,,,,,0.33611782560187087,7.575,74ab309fcc94,,legacy,ok,auto LR search 2h (threshold-tuned)
LR_20260709_082046,2026-07-09T08:20:58,logistic_regression,Logistic Regression,"{""C"": 93.856765183879, ""solver"": ""liblinear""}",0.5476876026521331,0.021790639215278827,"[0.5722488823264017, 0.5408583556044647, 0.573338494209706, 0.533909970842953, 0.5180823102771401]",,,,,,,,0.3294611979640277,11.613,74ab309fcc94,,legacy,ok,auto LR search 2h (threshold-tuned)
LR_20260709_082059,2026-07-09T08:21:09,logistic_regression,Logistic Regression,"{""C"": 0.014883870917, ""solver"": ""liblinear""}",0.5480294472276814,0.021430532179636547,"[0.5720815788660908, 0.540827125179434, 0.5736743215031316, 0.5340416305290546, 0.5195225800606966]",,,,,,,,0.3502649870570984,9.25,74ab309fcc94,,legacy,ok,auto LR search 2h (threshold-tuned)
LR_20260709_082110,2026-07-09T08:21:19,logistic_regression,Logistic Regression,"{""C"": 0.291293244615, ""solver"": ""liblinear""}",0.5476823787063148,0.021786942857555648,"[0.572221080747894, 0.5408583556044647, 0.5733415631832781, 0.5339200745710538, 0.5180708194248833]",,,,,,,,0.34906601878717713,9.317,74ab309fcc94,,legacy,ok,auto LR search 2h (threshold-tuned)
LR_20260709_082120,2026-07-09T08:21:24,logistic_regression,Logistic Regression,"{""C"": 0.199124136217, ""solver"": ""lbfgs""}",0.5475085121399136,0.02182467518011067,"[0.5722111094014464, 0.5408526871803471, 0.573177506419999, 0.5331550450470198, 0.5181462126507561]",,,,,,,,0.34118577866973504,3.612,74ab309fcc94,,legacy,ok,auto LR search 2h (threshold-tuned)
LR_20260709_082125,2026-07-09T08:21:28,logistic_regression,Logistic Regression,"{""C"": 0.000968797013, ""solver"": ""lbfgs""}",0.5483069855078724,0.021552242495975277,"[0.5721582342745203, 0.5408288363807827, 0.5745158719480009, 0.5342330730153916, 0.5197989119206666]",,,,,,,,0.336071309119517,2.788,74ab309fcc94,,legacy,ok,auto LR search 2h (threshold-tuned)
LR_20260709_082129,2026-07-09T08:21:30,logistic_regression,Logistic Regression,"{""C"": 4.5796e-08, ""solver"": ""lbfgs""}",0.5482515049330698,0.02270165934904565,"[0.5723398800061535, 0.5408497930528632, 0.5753539569522874, 0.5375038151067704, 0.5152100795472746]",,,,,,,,0.4982459560077854,1.445,74ab309fcc94,,legacy,ok,auto LR search 2h (threshold-tuned)
LR_20260709_082131,2026-07-09T08:21:35,logistic_regression,Logistic Regression,"{""C"": 8126.197236907803, ""solver"": ""lbfgs""}",0.5475400154751888,0.021802900015117463,"[0.572222792081239, 0.5408526871803471, 0.5731536026498396, 0.5333493859860342, 0.5181216094784837]",,,,,,,,0.33879482671732564,3.803,74ab309fcc94,,legacy,ok,auto LR search 2h (threshold-tuned)
LR_20260709_082137,2026-07-09T08:21:39,logistic_regression,Logistic Regression,"{""C"": 1.852827e-06, ""solver"": ""liblinear""}",0.5482775658174355,0.022713219684927635,"[0.5723692307692307, 0.5408497930528632, 0.5753539569522874, 0.5376798343789737, 0.5151350139338223]",,,,,,,,0.44761424917764503,2.953,74ab309fcc94,,legacy,ok,auto LR search 2h (threshold-tuned)
LR_20260709_082141,2026-07-09T08:21:44,logistic_regression,Logistic Regression,"{""C"": 137.300490934721, ""solver"": ""lbfgs""}",0.5475400154751888,0.021802900015117463,"[0.572222792081239, 0.5408526871803471, 0.5731536026498396, 0.5333493859860342, 0.5181216094784837]",,,,,,,,0.33881334032854166,3.311,74ab309fcc94,,legacy,ok,auto LR search 2h (threshold-tuned)
LR_20260709_082145,2026-07-09T08:21:49,logistic_regression,Logistic Regression,"{""C"": 2.0852059e-05, ""solver"": ""liblinear""}",0.548120723622657,0.022750579740934022,"[0.5723695009848982, 0.5408073440643864, 0.5752134477181057, 0.537133951793781, 0.5150793735521132]",,,,,,,,0.3500741929112911,4.086,74ab309fcc94,,legacy,ok,auto LR search 2h (threshold-tuned)
LR_20260709_082151,2026-07-09T08:21:54,logistic_regression,Logistic Regression,"{""C"": 26.107841275333, ""solver"": ""lbfgs""}",0.5475459247959302,0.021794928381530125,"[0.572222792081239, 0.5408526871803471, 0.5731536026498396, 0.5333493859860342, 0.5181511560821905]",,,,,,,,0.33890554484899227,3.587,74ab309fcc94,,legacy,ok,auto LR search 2h (threshold-tuned)
LR_20260709_082156,2026-07-09T08:21:59,logistic_regression,Logistic Regression,"{""C"": 3.574304e-06, ""solver"": ""liblinear""}",0.5482708583698792,0.02272411531015394,"[0.5723868426720822, 0.5408441259063665, 0.5753480711589414, 0.537662883564523, 0.5151123685474831]",,,,,,,,0.4192046543347909,3.29,74ab309fcc94,,legacy,ok,auto LR search 2h (threshold-tuned)
LR_20260709_082200,2026-07-09T08:22:03,logistic_regression,Logistic Regression,"{""C"": 0.000485129095, ""solver"": ""lbfgs""}",0.5481851229773377,0.021783808043861992,"[0.5721757858571356, 0.5407439237839707, 0.5746551117913504, 0.5342829968440621, 0.5190677966101694]",,,,,,,,0.342299428088063,2.405,74ab309fcc94,,legacy,ok,auto LR search 2h (threshold-tuned)
LR_20260709_082204,2026-07-09T08:22:08,logistic_regression,Logistic Regression,"{""C"": 16.088225139392, ""solver"": ""lbfgs""}",0.5475459247959302,0.021794928381530125,"[0.572222792081239, 0.5408526871803471, 0.5731536026498396, 0.5333493859860342, 0.5181511560821905]",,,,,,,,0.3389655047362546,3.758,74ab309fcc94,,legacy,ok,auto LR search 2h (threshold-tuned)
GB_20260709_081640,2026-07-09T08:22:08,gradient_boosting,Gradient Boosting,"{""n_estimators"": 80, ""learning_rate"": 0.05, ""max_depth"": 2, ""subsample"": 0.7}",0.546410662066622,0.019887148597353615,"[0.5747507603920243, 0.5353955463131445, 0.5657011057594464, 0.5303978901502121, 0.5258080077182827]",,,,,,,,0.41977794872080293,328.43,74ab309fcc94,,legacy,ok,auto GB search 3h ext (threshold-tuned)
LR_20260709_082209,2026-07-09T08:22:11,logistic_regression,Logistic Regression,"{""C"": 1.3187e-08, ""solver"": ""lbfgs""}",0.5482546756640864,0.022697044884073488,"[0.5723398800061535, 0.5408497930528632, 0.5753539569522874, 0.5375038151067704, 0.5152259332023575]",,,,,,,,0.4994915004325243,1.688,74ab309fcc94,,legacy,ok,auto LR search 2h (threshold-tuned)
LR_20260709_082212,2026-07-09T08:22:14,logistic_regression,Logistic Regression,"{""C"": 2.9467051e-05, ""solver"": ""lbfgs""}",0.5487583176637651,0.021837298858142038,"[0.5723577569403123, 0.5408379267704818, 0.5751858907392614, 0.5371858185302573, 0.5182241953385127]",,,,,,,,0.3533135013416917,1.961,74ab309fcc94,,legacy,ok,auto LR search 2h (threshold-tuned)
LR_20260709_082215,2026-07-09T08:22:19,logistic_regression,Logistic Regression,"{""C"": 304.161246863205, ""solver"": ""lbfgs""}",0.5475400154751888,0.021802900015117463,"[0.572222792081239, 0.5408526871803471, 0.5731536026498396, 0.5333493859860342, 0.5181216094784837]",,,,,,,,0.33880300300982913,3.581,74ab309fcc94,,legacy,ok,auto LR search 2h (threshold-tuned)
LR_20260709_082220,2026-07-09T08:22:24,logistic_regression,Logistic Regression,"{""C"": 697.516431896586, ""solver"": ""lbfgs""}",0.5475400154751888,0.021802900015117463,"[0.572222792081239, 0.5408526871803471, 0.5731536026498396, 0.5333493859860342, 0.5181216094784837]",,,,,,,,0.33879821120504827,3.461,74ab309fcc94,,legacy,ok,auto LR search 2h (threshold-tuned)
LR_20260709_082225,2026-07-09T08:22:28,logistic_regression,Logistic Regression,"{""C"": 0.000502199291, ""solver"": ""lbfgs""}",0.5481735957425644,0.02178029816733672,"[0.5721699177486513, 0.5407439237839707, 0.574621223889562, 0.5342918204779483, 0.5190410928126896]",,,,,,,,0.34230572049717434,2.474,74ab309fcc94,,legacy,ok,auto LR search 2h (threshold-tuned)
LR_20260709_082229,2026-07-09T08:22:32,logistic_regression,Logistic Regression,"{""C"": 0.012094927072, ""solver"": ""lbfgs""}",0.5479652094284849,0.021307841474390642,"[0.5720434536374401, 0.5408741760717617, 0.5732399974849621, 0.5341902536137799, 0.5194781663344809]",,,,,,,,0.35484158861585036,3.664,74ab309fcc94,,legacy,ok,auto LR search 2h (threshold-tuned)
LR_20260709_082233,2026-07-09T08:22:40,logistic_regression,Logistic Regression,"{""C"": 0.007453159674, ""solver"": ""liblinear""}",0.5481359816662958,0.021279641093936763,"[0.571990242797888, 0.5408685081946598, 0.5736905321426706, 0.5341819283889683, 0.5199486968072924]",,,,,,,,0.3550016486683105,6.438,74ab309fcc94,,legacy,ok,auto LR search 2h (threshold-tuned)
LR_20260709_082241,2026-07-09T08:22:44,logistic_regression,Logistic Regression,"{""C"": 1.3301631e-05, ""solver"": ""liblinear""}",0.5481214991842751,0.022758289027416116,"[0.5723958226471614, 0.5408497930528632, 0.5752038349653787, 0.5370877385114359, 0.5150703067445361]",,,,,,,,0.3678374486046228,2.903,74ab309fcc94,,legacy,ok,auto LR search 2h (threshold-tuned)
LR_20260709_082245,2026-07-09T08:22:47,logistic_regression,Logistic Regression,"{""C"": 6.4716e-08, ""solver"": ""liblinear""}",0.5482515049330698,0.02270165934904565,"[0.5723398800061535, 0.5408497930528632, 0.5753539569522874, 0.5375038151067704, 0.5152100795472746]",,,,,,,,0.4975338268534014,2.099,74ab309fcc94,,legacy,ok,auto LR search 2h (threshold-tuned)
LR_20260709_082248,2026-07-09T08:22:49,logistic_regression,Logistic Regression,"{""C"": 1.266567e-06, ""solver"": ""lbfgs""}",0.5482474221337978,0.022718289350678607,"[0.5723516199501554, 0.5408441259063665, 0.5753539569522874, 0.5375345983434892, 0.5151528095166905]",,,,,,,,0.46171221700727577,1.667,74ab309fcc94,,legacy,ok,auto LR search 2h (threshold-tuned)
LR_20260709_082250,2026-07-09T08:22:59,logistic_regression,Logistic Regression,"{""C"": 0.037863676284, ""solver"": ""liblinear""}",0.5478539615792379,0.02171307993550494,"[0.5719905667178151, 0.5408430628628922, 0.5738648209148146, 0.5339867934552788, 0.5185845639453887]",,,,,,,,0.3566525575979639,8.994,74ab309fcc94,,legacy,ok,auto LR search 2h (threshold-tuned)
LR_20260709_082301,2026-07-09T08:23:15,logistic_regression,Logistic Regression,"{""C"": 0.173399887356, ""solver"": ""liblinear""}",0.5476848007068083,0.02178846759682999,"[0.5722474472500154, 0.5408583556044647, 0.5733326358738295, 0.533894170831391, 0.5180913939743405]",,,,,,,,0.34887995446638104,14.452,74ab309fcc94,,legacy,ok,auto LR search 2h (threshold-tuned)
LR_20260709_082317,2026-07-09T08:23:21,logistic_regression,Logistic Regression,"{""C"": 0.063606922046, ""solver"": ""lbfgs""}",0.5476285962477828,0.021956735098319052,"[0.5721302042661625, 0.5408526871803471, 0.5738327111963798, 0.5331696678101334, 0.518157710785891]",,,,,,,,0.35108226587757374,4.184,74ab309fcc94,,legacy,ok,auto LR search 2h (threshold-tuned)
LR_20260709_082322,2026-07-09T08:23:26,logistic_regression,Logistic Regression,"{""C"": 11.384668793565, ""solver"": ""lbfgs""}",0.5475459247959302,0.021794928381530125,"[0.572222792081239, 0.5408526871803471, 0.5731536026498396, 0.5333493859860342, 0.5181511560821905]",,,,,,,,0.3390280137106045,3.832,74ab309fcc94,,legacy,ok,auto LR search 2h (threshold-tuned)
LR_20260709_082328,2026-07-09T08:23:38,logistic_regression,Logistic Regression,"{""C"": 1212.983291216235, ""solver"": ""liblinear""}",0.5476887517755894,0.02178907805347874,"[0.5722488823264017, 0.5408583556044647, 0.573338494209706, 0.533909970842953, 0.5180880558944216]",,,,,,,,0.329438496066905,10.4,74ab309fcc94,,legacy,ok,auto LR search 2h (threshold-tuned)
LR_20260709_082339,2026-07-09T08:23:44,logistic_regression,Logistic Regression,"{""C"": 0.000144610641, ""solver"": ""liblinear""}",0.5482851357267744,0.021718298258545186,"[0.5722403429954663, 0.5408226355776788, 0.574724796318179, 0.5341753022452504, 0.5194626014972972]",,,,,,,,0.3506837644317754,5.051,74ab309fcc94,,legacy,ok,auto LR search 2h (threshold-tuned)
LR_20260709_082346,2026-07-09T08:23:49,logistic_regression,Logistic Regression,"{""C"": 39.53632019404, ""solver"": ""lbfgs""}",0.5475459247959302,0.021794928381530125,"[0.572222792081239, 0.5408526871803471, 0.5731536026498396, 0.5333493859860342, 0.5181511560821905]",,,,,,,,0.3388721916247589,3.554,74ab309fcc94,,legacy,ok,auto LR search 2h (threshold-tuned)
LR_20260709_082350,2026-07-09T08:24:00,logistic_regression,Logistic Regression,"{""C"": 230.650123835036, ""solver"": ""liblinear""}",0.5476876026521331,0.021790639215278827,"[0.5722488823264017, 0.5408583556044647, 0.573338494209706, 0.533909970842953, 0.5180823102771401]",,,,,,,,0.3294481700813708,10.033,74ab309fcc94,,legacy,ok,auto LR search 2h (threshold-tuned)
LR_20260709_082402,2026-07-09T08:24:12,logistic_regression,Logistic Regression,"{""C"": 1056.281624406962, ""solver"": ""liblinear""}",0.5476887517755894,0.02178907805347874,"[0.5722488823264017, 0.5408583556044647, 0.573338494209706, 0.533909970842953, 0.5180880558944216]",,,,,,,,0.32938027991148217,10.227,74ab309fcc94,,legacy,ok,auto LR search 2h (threshold-tuned)
LR_20260709_082413,2026-07-09T08:24:16,logistic_regression,Logistic Regression,"{""C"": 0.001572155935, ""solver"": ""lbfgs""}",0.5479889815491781,0.021936427925343557,"[0.5721818163166911, 0.5408401705908857, 0.5743384238447723, 0.5344728975795051, 0.5181115994140365]",,,,,,,,0.33518263952460003,2.846,74ab309fcc94,,legacy,ok,auto LR search 2h (threshold-tuned)
LR_20260709_082417,2026-07-09T08:24:24,logistic_regression,Logistic Regression,"{""C"": 0.000408097049, ""solver"": ""liblinear""}",0.5483299450578605,0.021525938926547254,"[0.5721816540859862, 0.5407439237839707, 0.5745119789344917, 0.5343163220080642, 0.5198958464767891]",,,,,,,,0.345543470769149,6.084,74ab309fcc94,,legacy,ok,auto LR search 2h (threshold-tuned)
LR_20260709_082425,2026-07-09T08:24:28,logistic_regression,Logistic Regression,"{""C"": 0.025883098814, ""solver"": ""lbfgs""}",0.5479022095363213,0.021258573775916813,"[0.5719790239329096, 0.5408447751807987, 0.5730740181268882, 0.5341027195565564, 0.5195105108844539]",,,,,,,,0.3606997963303914,3.265,74ab309fcc94,,legacy,ok,auto LR search 2h (threshold-tuned)
LR_20260709_082429,2026-07-09T08:24:39,logistic_regression,Logistic Regression,"{""C"": 200.853127358296, ""solver"": ""liblinear""}",0.5476887517755894,0.02178907805347874,"[0.5722488823264017, 0.5408583556044647, 0.573338494209706, 0.533909970842953, 0.5180880558944216]",,,,,,,,0.3294497611574691,9.815,74ab309fcc94,,legacy,ok,auto LR search 2h (threshold-tuned)
LR_20260709_082440,2026-07-09T08:24:44,logistic_regression,Logistic Regression,"{""C"": 3.5029226e-05, ""solver"": ""liblinear""}",0.548756881353801,0.021867285514434818,"[0.5723460133776519, 0.5408073440643864, 0.5752557682263664, 0.5372068780338848, 0.5181684030667155]",,,,,,,,0.34890960649647224,3.917,74ab309fcc94,,legacy,ok,auto LR search 2h (threshold-tuned)
LR_20260709_082445,2026-07-09T08:24:48,logistic_regression,Logistic Regression,"{""C"": 2879.546891994564, ""solver"": ""lbfgs""}",0.5475400154751888,0.021802900015117463,"[0.572222792081239, 0.5408526871803471, 0.5731536026498396, 0.5333493859860342, 0.5181216094784837]",,,,,,,,0.33879540567916056,3.026,74ab309fcc94,,legacy,ok,auto LR search 2h (threshold-tuned)
LR_20260709_082449,2026-07-09T08:24:58,logistic_regression,Logistic Regression,"{""C"": 2109.381797313569, ""solver"": ""liblinear""}",0.5476864535541641,0.021792200472986405,"[0.5722488823264017, 0.5408583556044647, 0.573338494209706, 0.533909970842953, 0.5180765647872954]",,,,,,,,0.3294371393721358,8.57,74ab309fcc94,,legacy,ok,auto LR search 2h (threshold-tuned)
LR_20260709_082459,2026-07-09T08:25:01,logistic_regression,Logistic Regression,"{""C"": 0.004285880424, ""solver"": ""lbfgs""}",0.5480483149048493,0.021351465648975887,"[0.5719815914917274, 0.5408327919696557, 0.5735980698327815, 0.5342799801463131, 0.5195491410837688]",,,,,,,,0.3525011482426574,2.512,74ab309fcc94,,legacy,ok,auto LR search 2h (threshold-tuned)
LR_20260709_082502,2026-07-09T08:25:03,logistic_regression,Logistic Regression,"{""C"": 3.28773e-07, ""solver"": ""lbfgs""}",0.5482410138693768,0.022714849591201486,"[0.5723398800061535, 0.5408441259063665, 0.5753539569522874, 0.5374997368808807, 0.5151673696011959]",,,,,,,,0.48816173422520137,1.317,74ab309fcc94,,legacy,ok,auto LR search 2h (threshold-tuned)
LR_20260709_082504,2026-07-09T08:25:07,logistic_regression,Logistic Regression,"{""C"": 38.192445875651, ""solver"": ""lbfgs""}",0.5475459247959302,0.021794928381530125,"[0.572222792081239, 0.5408526871803471, 0.5731536026498396, 0.5333493859860342, 0.5181511560821905]",,,,,,,,0.3388744842833556,2.818,74ab309fcc94,,legacy,ok,auto LR search 2h (threshold-tuned)
LR_20260709_082508,2026-07-09T08:25:11,logistic_regression,Logistic Regression,"{""C"": 3085.756852716054, ""solver"": ""lbfgs""}",0.5475400154751888,0.021802900015117463,"[0.572222792081239, 0.5408526871803471, 0.5731536026498396, 0.5333493859860342, 0.5181216094784837]",,,,,,,,0.3387953455968125,2.848,74ab309fcc94,,legacy,ok,auto LR search 2h (threshold-tuned)
LR_20260709_082512,2026-07-09T08:25:15,logistic_regression,Logistic Regression,"{""C"": 1.084036248932, ""solver"": ""lbfgs""}",0.5475179479332374,0.021826036449245172,"[0.5722433070058468, 0.5408526871803471, 0.5731685586407136, 0.5331740307570891, 0.5181511560821905]",,,,,,,,0.33956246460701206,2.76,74ab309fcc94,,legacy,ok,auto LR search 2h (threshold-tuned)
LR_20260709_082516,2026-07-09T08:25:18,logistic_regression,Logistic Regression,"{""C"": 0.003863525025, ""solver"": ""lbfgs""}",0.5482643959468035,0.02141707965781161,"[0.5719668502599475, 0.5408401705908857, 0.5742884733196963, 0.5343428997310463, 0.5198835858324419]",,,,,,,,0.3525376266902159,2.601,74ab309fcc94,,legacy,ok,auto LR search 2h (threshold-tuned)
LR_20260709_082519,2026-07-09T08:25:21,logistic_regression,Logistic Regression,"{""C"": 9.412763e-06, ""solver"": ""lbfgs""}",0.5481879699486335,0.022782714302947597,"[0.5724369299586544, 0.5408441259063665, 0.5753539569522874, 0.5372021772775608, 0.5151026596482986]",,,,,,,,0.3771674950016385,1.548,74ab309fcc94,,legacy,ok,auto LR search 2h (threshold-tuned)
LR_20260709_082522,2026-07-09T08:25:25,logistic_regression,Logistic Regression,"{""C"": 2.164807451242, ""solver"": ""lbfgs""}",0.5475125129005391,0.021815904780810143,"[0.5722345314295093, 0.5408583556044647, 0.5731386463454261, 0.5331798750411049, 0.5181511560821905]",,,,,,,,0.3394055194059743,2.906,74ab309fcc94,,legacy,ok,auto LR search 2h (threshold-tuned)
LR_20260709_082526,2026-07-09T08:25:28,logistic_regression,Logistic Regression,"{""C"": 7.918142e-06, ""solver"": ""liblinear""}",0.5481808110701503,0.02277933990801284,"[0.5724251844100418, 0.5408441259063665, 0.5753539569522874, 0.5371616286048201, 0.5151191594772359]",,,,,,,,0.38567003890978063,2.859,74ab309fcc94,,legacy,ok,auto LR search 2h (threshold-tuned)
LR_20260709_082529,2026-07-09T08:25:31,logistic_regression,Logistic Regression,"{""C"": 8.783743e-06, ""solver"": ""lbfgs""}",0.5481890265369259,0.022779321451117517,"[0.5724310571240971, 0.5408441259063665, 0.5753539569522874, 0.537207833228048, 0.5151081594738304]",,,,,,,,0.38043553725717816,1.606,74ab309fcc94,,legacy,ok,auto LR search 2h (threshold-tuned)
LR_20260709_082532,2026-07-09T08:25:35,logistic_regression,Logistic Regression,"{""C"": 9.092815e-06, ""solver"": ""liblinear""}",0.5481832829807086,0.022785031274408504,"[0.5724369299586544, 0.5408458378740884, 0.5753539569522874, 0.5371770304702141, 0.5151026596482986]",,,,,,,,0.3796210551678039,2.978,74ab309fcc94,,legacy,ok,auto LR search 2h (threshold-tuned)
LR_20260709_082536,2026-07-09T08:25:38,logistic_regression,Logistic Regression,"{""C"": 5.6356e-08, ""solver"": ""lbfgs""}",0.5482515049330698,0.02270165934904565,"[0.5723398800061535, 0.5408497930528632, 0.5753539569522874, 0.5375038151067704, 0.5152100795472746]",,,,,,,,0.497847865299367,1.493,74ab309fcc94,,legacy,ok,auto LR search 2h (threshold-tuned)
LR_20260709_082539,2026-07-09T08:25:48,logistic_regression,Logistic Regression,"{""C"": 2980.869261589558, ""solver"": ""liblinear""}",0.5476887517755894,0.02178907805347874,"[0.5722488823264017, 0.5408583556044647, 0.573338494209706, 0.533909970842953, 0.5180880558944216]",,,,,,,,0.32943927595316963,9.493,74ab309fcc94,,legacy,ok,auto LR search 2h (threshold-tuned)
LR_20260709_082549,2026-07-09T08:25:53,logistic_regression,Logistic Regression,"{""C"": 0.000618000371, ""solver"": ""lbfgs""}",0.5483433250571691,0.021518458603028555,"[0.5721846153846154, 0.5407207093893466, 0.5745564520305331, 0.5342461315854831, 0.5200087168958675]",,,,,,,,0.34482769105107547,3.692,74ab309fcc94,,legacy,ok,auto LR search 2h (threshold-tuned)
LR_20260709_082555,2026-07-09T08:26:08,logistic_regression,Logistic Regression,"{""C"": 10.623872588031, ""solver"": ""liblinear""}",0.5476876271211839,0.021793523310298654,"[0.5722547501615004, 0.5408583556044647, 0.573338494209706, 0.533909970842953, 0.5180765647872954]",,,,,,,,0.3296846411892672,13.013,74ab309fcc94,,legacy,ok,auto LR search 2h (threshold-tuned)
LR_20260709_082609,2026-07-09T08:26:17,logistic_regression,Logistic Regression,"{""C"": 0.004436687331, ""solver"": ""liblinear""}",0.5480209038317411,0.021386565912309134,"[0.5720051064530741, 0.5407252864766258, 0.5736395250477772, 0.5341883109873264, 0.519546290193902]",,,,,,,,0.36424060781899253,7.136,74ab309fcc94,,legacy,ok,auto LR search 2h (threshold-tuned)
LR_20260709_082618,2026-07-09T08:26:20,logistic_regression,Logistic Regression,"{""C"": 1.334001892064, ""solver"": ""lbfgs""}",0.5475220228613313,0.02183187270611456,"[0.5722637619619065, 0.5408583556044647, 0.5731685586407136, 0.5331740307570891, 0.5181454073424828]",,,,,,,,0.33862341832421744,2.847,74ab309fcc94,,legacy,ok,auto LR search 2h (threshold-tuned)
LR_20260709_082621,2026-07-09T08:26:24,logistic_regression,Logistic Regression,"{""C"": 1.95711e-07, ""solver"": ""liblinear""}",0.5482461005091628,0.022708245721678656,"[0.5723398800061535, 0.5408441259063665, 0.5753539569522874, 0.5375038151067704, 0.5151887245742353]",,,,,,,,0.4927499343587529,2.146,74ab309fcc94,,legacy,ok,auto LR search 2h (threshold-tuned)
LR_20260709_082625,2026-07-09T08:26:32,logistic_regression,Logistic Regression,"{""C"": 0.012961068354, ""solver"": ""liblinear""}",0.5480317224251905,0.021432059785026405,"[0.5720199357442952, 0.540827125179434, 0.5737253100597152, 0.534107779499572, 0.5194784616429363]",,,,,,,,0.3505180548411569,7.015,74ab309fcc94,,legacy,ok,auto LR search 2h (threshold-tuned)
LR_20260709_082633,2026-07-09T08:26:35,logistic_regression,Logistic Regression,"{""C"": 1.380941302263, ""solver"": ""lbfgs""}",0.5475231726092729,0.021830325690131762,"[0.5722637619619065, 0.5408583556044647, 0.5731685586407136, 0.5331740307570891, 0.5181511560821905]",,,,,,,,0.3385677468882785,2.728,74ab309fcc94,,legacy,ok,auto LR search 2h (threshold-tuned)
LR_20260709_082636,2026-07-09T08:26:44,logistic_regression,Logistic Regression,"{""C"": 650.903933605485, ""solver"": ""liblinear""}",0.5476876026521331,0.021790639215278827,"[0.5722488823264017, 0.5408583556044647, 0.573338494209706, 0.533909970842953, 0.5180823102771401]",,,,,,,,0.32944063493987064,7.913,74ab309fcc94,,legacy,ok,auto LR search 2h (threshold-tuned)
LR_20260709_082645,2026-07-09T08:26:53,logistic_regression,Logistic Regression,"{""C"": 0.741032570053, ""solver"": ""liblinear""}",0.547687880267739,0.0217872756808134,"[0.5722489412102505, 0.5408430628628922, 0.5733326358738295, 0.5339316489448184, 0.5180831124469041]",,,,,,,,0.3330621133596318,8.124,74ab309fcc94,,legacy,ok,auto LR search 2h (threshold-tuned)
LR_20260709_082654,2026-07-09T08:26:57,logistic_regression,Logistic Regression,"{""C"": 10.262757808941, ""solver"": ""lbfgs""}",0.547548272665584,0.021797587053197138,"[0.5722345314295093, 0.5408526871803471, 0.5731536026498396, 0.5333493859860342, 0.5181511560821905]",,,,,,,,0.3390508608100928,2.683,74ab309fcc94,,legacy,ok,auto LR search 2h (threshold-tuned)
LR_20260709_082658,2026-07-09T08:27:00,logistic_regression,Logistic Regression,"{""C"": 147.132846476977, ""solver"": ""lbfgs""}",0.5475400154751888,0.021802900015117463,"[0.572222792081239, 0.5408526871803471, 0.5731536026498396, 0.5333493859860342, 0.5181216094784837]",,,,,,,,0.3388120804765701,2.699,74ab309fcc94,,legacy,ok,auto LR search 2h (threshold-tuned)
LR_20260709_082701,2026-07-09T08:27:09,logistic_regression,Logistic Regression,"{""C"": 3.059193929181, ""solver"": ""liblinear""}",0.5476922740699494,0.021790252021335478,"[0.5722547501615004, 0.5408583556044647, 0.5733444921016843, 0.533909970842953, 0.5180938016391443]",,,,,,,,0.3305004485070014,8.01,74ab309fcc94,,legacy,ok,auto LR search 2h (threshold-tuned)
LR_20260709_082710,2026-07-09T08:27:18,logistic_regression,Logistic Regression,"{""C"": 8708.130046439872, ""solver"": ""liblinear""}",0.5476876026521331,0.021790639215278827,"[0.5722488823264017, 0.5408583556044647, 0.573338494209706, 0.533909970842953, 0.5180823102771401]",,,,,,,,0.32943730512381214,8.033,74ab309fcc94,,legacy,ok,auto LR search 2h (threshold-tuned)
LR_20260709_082719,2026-07-09T08:27:28,logistic_regression,Logistic Regression,"{""C"": 0.081028125997, ""solver"": ""liblinear""}",0.5476811464633945,0.02177230252569674,"[0.5721097523378892, 0.5408487313049585, 0.5734122419958594, 0.5339551024834617, 0.5180799041948039]",,,,,,,,0.3512280207330254,8.131,74ab309fcc94,,legacy,ok,auto LR search 2h (threshold-tuned)
LR_20260709_082728,2026-07-09T08:27:31,logistic_regression,Logistic Regression,"{""C"": 5.507140515334, ""solver"": ""lbfgs""}",0.5475494063504076,0.02179723893330011,"[0.5722345314295093, 0.5408583556044647, 0.5731536026498396, 0.5333493859860342, 0.5181511560821905]",,,,,,,,0.3392542710796856,2.688,74ab309fcc94,,legacy,ok,auto LR search 2h (threshold-tuned)
LR_20260709_082732,2026-07-09T08:27:35,logistic_regression,Logistic Regression,"{""C"": 1.641606588141, ""solver"": ""lbfgs""}",0.5475125129005391,0.021815904780810143,"[0.5722345314295093, 0.5408583556044647, 0.5731386463454261, 0.5331798750411049, 0.5181511560821905]",,,,,,,,0.3394672952337075,2.746,74ab309fcc94,,legacy,ok,auto LR search 2h (threshold-tuned)
LR_20260709_082736,2026-07-09T08:27:40,logistic_regression,Logistic Regression,"{""C"": 0.000149699043, ""solver"": ""liblinear""}",0.548297466613713,0.021739383569099043,"[0.5722403429954663, 0.5408226355776788, 0.5747784170424506, 0.5342499703673372, 0.5193959670856316]",,,,,,,,0.34995646313896456,4.121,74ab309fcc94,,legacy,ok,auto LR search 2h (threshold-tuned)
LR_20260709_082741,2026-07-09T08:27:47,logistic_regression,Logistic Regression,"{""C"": 0.000709682065, ""solver"": ""liblinear""}",0.5482289733071501,0.021758238192316304,"[0.5721699709740613, 0.5408288363807827, 0.574691243095637, 0.5342866709149232, 0.519168145170346]",,,,,,,,0.33520547985667926,6.012,74ab309fcc94,,legacy,ok,auto LR search 2h (threshold-tuned)
LR_20260709_082748,2026-07-09T08:27:50,logistic_regression,Logistic Regression,"{""C"": 3.7215e-08, ""solver"": ""lbfgs""}",0.5482546756640864,0.022697044884073488,"[0.5723398800061535, 0.5408497930528632, 0.5753539569522874, 0.5375038151067704, 0.5152259332023575]",,,,,,,,0.4985721607093218,1.575,74ab309fcc94,,legacy,ok,auto LR search 2h (threshold-tuned)
LR_20260709_082751,2026-07-09T08:27:54,logistic_regression,Logistic Regression,"{""C"": 222.810123136085, ""solver"": ""lbfgs""}",0.5475400154751888,0.021802900015117463,"[0.572222792081239, 0.5408526871803471, 0.5731536026498396, 0.5333493859860342, 0.5181216094784837]",,,,,,,,0.338806107392181,3.502,74ab309fcc94,,legacy,ok,auto LR search 2h (threshold-tuned)
LR_20260709_082756,2026-07-09T08:28:01,logistic_regression,Logistic Regression,"{""C"": 0.000166063942, ""solver"": ""liblinear""}",0.5483118426560075,0.021730979851794823,"[0.5722256982552594, 0.5408265917759987, 0.5747824285122255, 0.53435937230557, 0.5193651224309842]",,,,,,,,0.3483094267100766,5.079,74ab309fcc94,,legacy,ok,auto LR search 2h (threshold-tuned)
LR_20260709_082802,2026-07-09T08:28:13,logistic_regression,Logistic Regression,"{""C"": 0.97720905901, ""solver"": ""liblinear""}",0.5476905956826725,0.02178423068432456,"[0.5722489412102505, 0.5408430628628922, 0.5733355651336988, 0.5339258616952092, 0.5180995475113123]",,,,,,,,0.33235897956335314,10.51,74ab309fcc94,,legacy,ok,auto LR search 2h (threshold-tuned)
LR_20260709_082814,2026-07-09T08:28:16,logistic_regression,Logistic Regression,"{""C"": 3.3838552e-05, ""solver"": ""lbfgs""}",0.5487420650249336,0.021878933974128646,"[0.5723460133776519, 0.5408073440643864, 0.5752383683418166, 0.5372068780338848, 0.5181117213069285]",,,,,,,,0.3495046074256507,2.298,74ab309fcc94,,legacy,ok,auto LR search 2h (threshold-tuned)
LR_20260709_082818,2026-07-09T08:28:22,logistic_regression,Logistic Regression,"{""C"": 0.014883870917, ""solver"": ""lbfgs""}",0.5479576790477256,0.021287501723058246,"[0.5720375633263314, 0.5408741760717617, 0.5731771215392032, 0.5342207792207793, 0.519478755080553]",,,,,,,,0.35653318787113564,3.782,74ab309fcc94,,legacy,ok,auto LR search 2h (threshold-tuned)
LR_20260709_082823,2026-07-09T08:28:35,logistic_regression,Logistic Regression,"{""C"": 0.023332428838, ""solver"": ""liblinear""}",0.5480838424125476,0.021384770575816312,"[0.5719760182953211, 0.5408373945396426, 0.5738291063368463, 0.5340255123605978, 0.5197511805303305]",,,,,,,,0.3585628125126498,12.054,74ab309fcc94,,legacy,ok,auto LR search 2h (threshold-tuned)
LR_20260709_082837,2026-07-09T08:28:41,logistic_regression,Logistic Regression,"{""C"": 255.864487493703, ""solver"": ""lbfgs""}",0.5475400154751888,0.021802900015117463,"[0.572222792081239, 0.5408526871803471, 0.5731536026498396, 0.5333493859860342, 0.5181216094784837]",,,,,,,,0.3388046078074246,3.753,74ab309fcc94,,legacy,ok,auto LR search 2h (threshold-tuned)
LR_20260709_082842,2026-07-09T08:28:52,logistic_regression,Logistic Regression,"{""C"": 1968.419447286607, ""solver"": ""liblinear""}",0.5476876026521331,0.021790639215278827,"[0.5722488823264017, 0.5408583556044647, 0.573338494209706, 0.533909970842953, 0.5180823102771401]",,,,,,,,0.32943972116691045,9.636,74ab309fcc94,,legacy,ok,auto LR search 2h (threshold-tuned)
LR_20260709_082853,2026-07-09T08:29:07,logistic_regression,Logistic Regression,"{""C"": 5.901517572541, ""solver"": ""liblinear""}",0.5476876271211839,0.021793523310298654,"[0.5722547501615004, 0.5408583556044647, 0.573338494209706, 0.533909970842953, 0.5180765647872954]",,,,,,,,0.3299964105250422,13.909,74ab309fcc94,,legacy,ok,auto LR search 2h (threshold-tuned)
LR_20260709_082908,2026-07-09T08:29:15,logistic_regression,Logistic Regression,"{""C"": 0.000190699888, ""solver"": ""liblinear""}",0.5483829112552161,0.0216600285752219,"[0.5722315677183769, 0.5408265917759987, 0.5748061654399967, 0.5344220266500059, 0.5196282046917027]",,,,,,,,0.34672481313780973,6.477,74ab309fcc94,,legacy,ok,auto LR search 2h (threshold-tuned)
LR_20260709_082917,2026-07-09T08:29:20,logistic_regression,Logistic Regression,"{""C"": 1.141752e-06, ""solver"": ""liblinear""}",0.5482474221337978,0.022718289350678607,"[0.5723516199501554, 0.5408441259063665, 0.5753539569522874, 0.5375345983434892, 0.5151528095166905]",,,,,,,,0.46482828033876433,3.335,74ab309fcc94,,legacy,ok,auto LR search 2h (threshold-tuned)
LR_20260709_082921,2026-07-09T08:29:25,logistic_regression,Logistic Regression,"{""C"": 46.999161800045, ""solver"": ""lbfgs""}",0.5475459247959302,0.021794928381530125,"[0.572222792081239, 0.5408526871803471, 0.5731536026498396, 0.5333493859860342, 0.5181511560821905]",,,,,,,,0.33886182984486013,3.227,74ab309fcc94,,legacy,ok,auto LR search 2h (threshold-tuned)
LR_20260709_082925,2026-07-09T08:29:28,logistic_regression,Logistic Regression,"{""C"": 6.895221e-06, ""solver"": ""liblinear""}",0.5481742034759393,0.02278056645517304,"[0.5723869802939999, 0.5408441259063665, 0.5753539569522874, 0.5372175780674233, 0.5150683761596191]",,,,,,,,0.39148432067412614,2.698,74ab309fcc94,,legacy,ok,auto LR search 2h (threshold-tuned)
LR_20260709_082929,2026-07-09T08:29:32,logistic_regression,Logistic Regression,"{""C"": 0.010903023136, ""solver"": ""lbfgs""}",0.5481481177038887,0.021366311337646986,"[0.5720375194341196, 0.5408741760717617, 0.5738063950941743, 0.5343290669314282, 0.5196934309879595]",,,,,,,,0.3540168633712398,2.856,74ab309fcc94,,legacy,ok,auto LR search 2h (threshold-tuned)
LR_20260709_082933,2026-07-09T08:29:42,logistic_regression,Logistic Regression,"{""C"": 0.040575167881, ""solver"": ""liblinear""}",0.547871512140575,0.02174895059547202,"[0.572057024801883, 0.5408526871803471, 0.5739059748001626, 0.5340142692949927, 0.5185276046254893]",,,,,,,,0.3518125943853905,8.484,74ab309fcc94,,legacy,ok,auto LR search 2h (threshold-tuned)
LR_20260709_082943,2026-07-09T08:29:45,logistic_regression,Logistic Regression,"{""C"": 1.59038e-07, ""solver"": ""liblinear""}",0.5482461005091628,0.022708245721678656,"[0.5723398800061535, 0.5408441259063665, 0.5753539569522874, 0.5375038151067704, 0.5151887245742353]",,,,,,,,0.4940621549179059,2.109,74ab309fcc94,,legacy,ok,auto LR search 2h (threshold-tuned)
LR_20260709_082946,2026-07-09T08:29:49,logistic_regression,Logistic Regression,"{""C"": 0.179501294325, ""solver"": ""lbfgs""}",0.5475070642467174,0.021823145031523303,"[0.5721918540133986, 0.5408526871803471, 0.5731895223420647, 0.5331550450470198, 0.5181462126507561]",,,,,,,,0.3518234270107725,3.086,74ab309fcc94,,legacy,ok,auto LR search 2h (threshold-tuned)
LR_20260709_082950,2026-07-09T08:29:51,logistic_regression,Logistic Regression,"{""C"": 7.6932e-08, ""solver"": ""lbfgs""}",0.5482515049330698,0.02270165934904565,"[0.5723398800061535, 0.5408497930528632, 0.5753539569522874, 0.5375038151067704, 0.5152100795472746]",,,,,,,,0.4970757730019238,1.362,74ab309fcc94,,legacy,ok,auto LR search 2h (threshold-tuned)
LR_20260709_082952,2026-07-09T08:29:55,logistic_regression,Logistic Regression,"{""C"": 528.937374675731, ""solver"": ""lbfgs""}",0.5475400154751888,0.021802900015117463,"[0.572222792081239, 0.5408526871803471, 0.5731536026498396, 0.5333493859860342, 0.5181216094784837]",,,,,,,,0.3387993917081674,3.203,74ab309fcc94,,legacy,ok,auto LR search 2h (threshold-tuned)
LR_20260709_082956,2026-07-09T08:30:00,logistic_regression,Logistic Regression,"{""C"": 2.091223740777, ""solver"": ""lbfgs""}",0.5475125129005391,0.021815904780810143,"[0.5722345314295093, 0.5408583556044647, 0.5731386463454261, 0.5331798750411049, 0.5181511560821905]",,,,,,,,0.33940887383697477,3.153,74ab309fcc94,,legacy,ok,auto LR search 2h (threshold-tuned)
LR_20260709_083001,2026-07-09T08:30:09,logistic_regression,Logistic Regression,"{""C"": 0.506559877882, ""solver"": ""liblinear""}",0.5476726976470678,0.021768555278036276,"[0.5721714643947258, 0.5408430628628922, 0.5733326358738295, 0.5339258616952092, 0.5180904634086826]",,,,,,,,0.3507178449853322,8.61,74ab309fcc94,,legacy,ok,auto LR search 2h (threshold-tuned)
LR_20260709_083011,2026-07-09T08:30:14,logistic_regression,Logistic Regression,"{""C"": 2109.381797313569, ""solver"": ""lbfgs""}",0.5475400154751888,0.021802900015117463,"[0.572222792081239, 0.5408526871803471, 0.5731536026498396, 0.5333493859860342, 0.5181216094784837]",,,,,,,,0.33879573292530113,3.41,74ab309fcc94,,legacy,ok,auto LR search 2h (threshold-tuned)
LR_20260709_083015,2026-07-09T08:30:17,logistic_regression,Logistic Regression,"{""C"": 3.28773e-07, ""solver"": ""liblinear""}",0.5482421140196525,0.022713247782615957,"[0.5723398800061535, 0.5408441259063665, 0.5753539569522874, 0.5374997368808807, 0.5151728703525744]",,,,,,,,0.48816685828621403,2.203,74ab309fcc94,,legacy,ok,auto LR search 2h (threshold-tuned)
LR_20260709_083018,2026-07-09T08:30:27,logistic_regression,Logistic Regression,"{""C"": 132.633526412888, ""solver"": ""liblinear""}",0.5476876026521331,0.021790639215278827,"[0.5722488823264017, 0.5408583556044647, 0.573338494209706, 0.533909970842953, 0.5180823102771401]",,,,,,,,0.3294568427532938,8.6,74ab309fcc94,,legacy,ok,auto LR search 2h (threshold-tuned)
LR_20260709_083028,2026-07-09T08:30:30,logistic_regression,Logistic Regression,"{""C"": 4.97876e-07, ""solver"": ""liblinear""}",0.5482492152516094,0.02270666638348884,"[0.5723457499179521, 0.5408441259063665, 0.5753539569522874, 0.5375038151067704, 0.5151984283746703]",,,,,,,,0.4826600185177554,2.177,74ab309fcc94,,legacy,ok,auto LR search 2h (threshold-tuned)
LR_20260709_083031,2026-07-09T08:30:33,logistic_regression,Logistic Regression,"{""C"": 0.000121648395, ""solver"": ""lbfgs""}",0.5483322616369197,0.021586577898826287,"[0.5722256982552594, 0.5408226355776788, 0.5746092735863751, 0.5341487617568383, 0.5198549390084467]",,,,,,,,0.35356302962785796,1.748,74ab309fcc94,,legacy,ok,auto LR search 2h (threshold-tuned)
LR_20260709_083034,2026-07-09T08:30:37,logistic_regression,Logistic Regression,"{""C"": 40.927481302846, ""solver"": ""lbfgs""}",0.5475459247959302,0.021794928381530125,"[0.572222792081239, 0.5408526871803471, 0.5731536026498396, 0.5333493859860342, 0.5181511560821905]",,,,,,,,0.33886997544731284,3.007,74ab309fcc94,,legacy,ok,auto LR search 2h (threshold-tuned)
LR_20260709_083038,2026-07-09T08:30:41,logistic_regression,Logistic Regression,"{""C"": 4837.330461863514, ""solver"": ""lbfgs""}",0.5475400154751888,0.021802900015117463,"[0.572222792081239, 0.5408526871803471, 0.5731536026498396, 0.5333493859860342, 0.5181216094784837]",,,,,,,,0.33879504289891227,3.07,74ab309fcc94,,legacy,ok,auto LR search 2h (threshold-tuned)
LR_20260709_083042,2026-07-09T08:30:50,logistic_regression,Logistic Regression,"{""C"": 52.137047432079, ""solver"": ""liblinear""}",0.5476876026521331,0.021790639215278827,"[0.5722488823264017, 0.5408583556044647, 0.573338494209706, 0.533909970842953, 0.5180823102771401]",,,,,,,,0.32948339877624366,7.964,74ab309fcc94,,legacy,ok,auto LR search 2h (threshold-tuned)
LR_20260709_083051,2026-07-09T08:30:52,logistic_regression,Logistic Regression,"{""C"": 1.4254186e-05, ""solver"": ""lbfgs""}",0.5481276540651168,0.022761791956439924,"[0.5723958226471614, 0.5408611277021576, 0.5752097268173764, 0.5371226400193747, 0.5150489531395138]",,,,,,,,0.36482500589880945,1.595,74ab309fcc94,,legacy,ok,auto LR search 2h (threshold-tuned)
LR_20260709_083053,2026-07-09T08:30:55,logistic_regression,Logistic Regression,"{""C"": 1.01451e-07, ""solver"": ""lbfgs""}",0.5482515049330698,0.02270165934904565,"[0.5723398800061535, 0.5408497930528632, 0.5753539569522874, 0.5375038151067704, 0.5152100795472746]",,,,,,,,0.49616416476235764,1.394,74ab309fcc94,,legacy,ok,auto LR search 2h (threshold-tuned)
LR_20260709_083056,2026-07-09T08:30:59,logistic_regression,Logistic Regression,"{""C"": 0.061444866787, ""solver"": ""lbfgs""}",0.5476308532304511,0.021958343748957866,"[0.5721302042661625, 0.5408526871803471, 0.5738477580813347, 0.5331477483204191, 0.5181758683039923]",,,,,,,,0.3511215827535275,2.926,74ab309fcc94,,legacy,ok,auto LR search 2h (threshold-tuned)
LR_20260709_083059,2026-07-09T08:31:07,logistic_regression,Logistic Regression,"{""C"": 0.057338728756, ""solver"": ""liblinear""}",0.5478107000872694,0.021911311812084812,"[0.5721038245751043, 0.5408679795005082, 0.574022593575928, 0.5339753182813889, 0.5180837845034171]",,,,,,,,0.3492832819403849,7.929,74ab309fcc94,,legacy,ok,auto LR search 2h (threshold-tuned)
LR_20260709_083108,2026-07-09T08:31:10,logistic_regression,Logistic Regression,"{""C"": 4.879333e-06, ""solver"": ""lbfgs""}",0.548172273921438,0.02278157317325867,"[0.5724074264027079, 0.5408441259063665, 0.5753480711589414, 0.5371713747249391, 0.5150903714142352]",,,,,,,,0.40763323007908153,1.537,74ab309fcc94,,legacy,ok,auto LR search 2h (threshold-tuned)
LR_20260709_083111,2026-07-09T08:31:12,logistic_regression,Logistic Regression,"{""C"": 1.6228e-08, ""solver"": ""lbfgs""}",0.5482546756640864,0.022697044884073488,"[0.5723398800061535, 0.5408497930528632, 0.5753539569522874, 0.5375038151067704, 0.5152259332023575]",,,,,,,,0.49937459664234607,1.283,74ab309fcc94,,legacy,ok,auto LR search 2h (threshold-tuned)
LR_20260709_083113,2026-07-09T08:31:16,logistic_regression,Logistic Regression,"{""C"": 374.297150310057, ""solver"": ""lbfgs""}",0.5475400154751888,0.021802900015117463,"[0.572222792081239, 0.5408526871803471, 0.5731536026498396, 0.5333493859860342, 0.5181216094784837]",,,,,,,,0.33880141047083634,2.89,74ab309fcc94,,legacy,ok,auto LR search 2h (threshold-tuned)
LR_20260709_083117,2026-07-09T08:31:20,logistic_regression,Logistic Regression,"{""C"": 3.059193929181, ""solver"": ""lbfgs""}",0.5477369270641361,0.02154610682797131,"[0.5722345314295093, 0.5408583556044647, 0.5731536026498396, 0.5333493859860342, 0.5190887596508331]",,,,,,,,0.3399346325641276,2.922,74ab309fcc94,,legacy,ok,auto LR search 2h (threshold-tuned)
LR_20260709_083121,2026-07-09T08:31:29,logistic_regression,Logistic Regression,"{""C"": 9.913917639001, ""solver"": ""liblinear""}",0.5476876271211839,0.021793523310298654,"[0.5722547501615004, 0.5408583556044647, 0.573338494209706, 0.533909970842953, 0.5180765647872954]",,,,,,,,0.3297050166835762,8.115,74ab309fcc94,,legacy,ok,auto LR search 2h (threshold-tuned)
LR_20260709_083130,2026-07-09T08:31:38,logistic_regression,Logistic Regression,"{""C"": 3.16683752367, ""solver"": ""liblinear""}",0.5476922740699494,0.021790252021335478,"[0.5722547501615004, 0.5408583556044647, 0.5733444921016843, 0.533909970842953, 0.5180938016391443]",,,,,,,,0.33047411759900713,8.063,74ab309fcc94,,legacy,ok,auto LR search 2h (threshold-tuned)
LR_20260709_083139,2026-07-09T08:31:47,logistic_regression,Logistic Regression,"{""C"": 20.494604859354, ""solver"": ""liblinear""}",0.5476887762191528,0.02179196208548148,"[0.5722547501615004, 0.5408583556044647, 0.573338494209706, 0.533909970842953, 0.5180823102771401]",,,,,,,,0.3295638978492018,8.177,74ab309fcc94,,legacy,ok,auto LR search 2h (threshold-tuned)
LR_20260709_083148,2026-07-09T08:31:50,logistic_regression,Logistic Regression,"{""C"": 4.6193485e-05, ""solver"": ""lbfgs""}",0.5488955964451988,0.02166923121726517,"[0.5723225276979893, 0.5408169681218955, 0.5752467947405071, 0.5372622093084463, 0.5188294823571556]",,,,,,,,0.341430358381866,1.601,74ab309fcc94,,legacy,ok,auto LR search 2h (threshold-tuned)
LR_20260709_083151,2026-07-09T08:32:00,logistic_regression,Logistic Regression,"{""C"": 163.217212856328, ""solver"": ""liblinear""}",0.5476887517755894,0.02178907805347874,"[0.5722488823264017, 0.5408583556044647, 0.573338494209706, 0.533909970842953, 0.5180880558944216]",,,,,,,,0.32945504734184516,9.343,74ab309fcc94,,legacy,ok,auto LR search 2h (threshold-tuned)
LR_20260709_083201,2026-07-09T08:32:05,logistic_regression,Logistic Regression,"{""C"": 0.013417128355, ""solver"": ""lbfgs""}",0.5479657104568922,0.021279782780698232,"[0.5720434536374401, 0.5408741760717617, 0.5731890056690174, 0.5341781458815388, 0.519543771024703]",,,,,,,,0.35594530603696983,3.583,74ab309fcc94,,legacy,ok,auto LR search 2h (threshold-tuned)
LR_20260709_083206,2026-07-09T08:32:08,logistic_regression,Logistic Regression,"{""C"": 3.988e-08, ""solver"": ""lbfgs""}",0.5482546756640864,0.022697044884073488,"[0.5723398800061535, 0.5408497930528632, 0.5753539569522874, 0.5375038151067704, 0.5152259332023575]",,,,,,,,0.4984707311607437,1.922,74ab309fcc94,,legacy,ok,auto LR search 2h (threshold-tuned)
LR_20260709_083209,2026-07-09T08:32:13,logistic_regression,Logistic Regression,"{""C"": 829.179030319558, ""solver"": ""lbfgs""}",0.5475400154751888,0.021802900015117463,"[0.572222792081239, 0.5408526871803471, 0.5731536026498396, 0.5333493859860342, 0.5181216094784837]",,,,,,,,0.33879762311481315,3.287,74ab309fcc94,,legacy,ok,auto LR search 2h (threshold-tuned)
LR_20260709_083214,2026-07-09T08:32:17,logistic_regression,Logistic Regression,"{""C"": 17.846968436566, ""solver"": ""lbfgs""}",0.5475459247959302,0.021794928381530125,"[0.572222792081239, 0.5408526871803471, 0.5731536026498396, 0.5333493859860342, 0.5181511560821905]",,,,,,,,0.33895027773931835,3.164,74ab309fcc94,,legacy,ok,auto LR search 2h (threshold-tuned)
LR_20260709_083218,2026-07-09T08:32:21,logistic_regression,Logistic Regression,"{""C"": 90.666491134128, ""solver"": ""lbfgs""}",0.5475459247959302,0.021794928381530125,"[0.572222792081239, 0.5408526871803471, 0.5731536026498396, 0.5333493859860342, 0.5181511560821905]",,,,,,,,0.3388353151717854,2.883,74ab309fcc94,,legacy,ok,auto LR search 2h (threshold-tuned)
LR_20260709_083222,2026-07-09T08:32:25,logistic_regression,Logistic Regression,"{""C"": 2.020141205391, ""solver"": ""lbfgs""}",0.5475125129005391,0.021815904780810143,"[0.5722345314295093, 0.5408583556044647, 0.5731386463454261, 0.5331798750411049, 0.5181511560821905]",,,,,,,,0.3394124625180309,2.864,74ab309fcc94,,legacy,ok,auto LR search 2h (threshold-tuned)
LR_20260709_083226,2026-07-09T08:32:28,logistic_regression,Logistic Regression,"{""C"": 43.85837794334, ""solver"": ""lbfgs""}",0.5475459247959302,0.021794928381530125,"[0.572222792081239, 0.5408526871803471, 0.5731536026498396, 0.5333493859860342, 0.5181511560821905]",,,,,,,,0.3388657635448433,2.845,74ab309fcc94,,legacy,ok,auto LR search 2h (threshold-tuned)
LR_20260709_083229,2026-07-09T08:32:32,logistic_regression,Logistic Regression,"{""C"": 0.850966356842, ""solver"": ""lbfgs""}",0.5475530125518067,0.021800998890184956,"[0.5722374373019048, 0.5408526871803471, 0.5731685586407136, 0.5333552235538773, 0.5181511560821905]",,,,,,,,0.3393333913092817,2.847,74ab309fcc94,,legacy,ok,auto LR search 2h (threshold-tuned)
LR_20260709_083233,2026-07-09T08:32:36,logistic_regression,Logistic Regression,"{""C"": 3423.087672890472, ""solver"": ""lbfgs""}",0.5475400154751888,0.021802900015117463,"[0.572222792081239, 0.5408526871803471, 0.5731536026498396, 0.5333493859860342, 0.5181216094784837]",,,,,,,,0.338795263292246,3.016,74ab309fcc94,,legacy,ok,auto LR search 2h (threshold-tuned)
LR_20260709_083237,2026-07-09T08:32:44,logistic_regression,Logistic Regression,"{""C"": 0.005651844933, ""solver"": ""liblinear""}",0.5480855585071458,0.02134846772879953,"[0.5719904857028121, 0.5408685081946598, 0.5736898708404248, 0.5341975134983066, 0.5196814142995259]",,,,,,,,0.3558688529956917,6.912,74ab309fcc94,,legacy,ok,auto LR search 2h (threshold-tuned)
LR_20260709_083245,2026-07-09T08:32:55,logistic_regression,Logistic Regression,"{""C"": 1020.377682384534, ""solver"": ""liblinear""}",0.5476887517755894,0.02178907805347874,"[0.5722488823264017, 0.5408583556044647, 0.573338494209706, 0.533909970842953, 0.5180880558944216]",,,,,,,,0.3294436648620789,9.619,74ab309fcc94,,legacy,ok,auto LR search 2h (threshold-tuned)
LR_20260709_083256,2026-07-09T08:32:58,logistic_regression,Logistic Regression,"{""C"": 0.000355376217, ""solver"": ""lbfgs""}",0.5483702034468882,0.021611814578217557,"[0.57216404976053, 0.5408379267704818, 0.5747971182510765, 0.5342000519165874, 0.5198518705357654]",,,,,,,,0.34271712519501496,1.942,74ab309fcc94,,legacy,ok,auto LR search 2h (threshold-tuned)
LR_20260709_083259,2026-07-09T08:33:07,logistic_regression,Logistic Regression,"{""C"": 0.213383803396, ""solver"": ""liblinear""}",0.5476955691344897,0.021801180973877107,"[0.5723002331768549, 0.5408583556044647, 0.573338494209706, 0.5338812151701108, 0.5180995475113123]",,,,,,,,0.348477326006306,8.484,74ab309fcc94,,legacy,ok,auto LR search 2h (threshold-tuned)
LR_20260709_083308,2026-07-09T08:33:10,logistic_regression,Logistic Regression,"{""C"": 1.20601e-07, ""solver"": ""lbfgs""}",0.5482472007050424,0.022706644169059167,"[0.5723398800061535, 0.5408441259063665, 0.5753539569522874, 0.5375038151067704, 0.5151942255536336]",,,,,,,,0.4954594806782559,1.5,74ab309fcc94,,legacy,ok,auto LR search 2h (threshold-tuned)
LR_20260709_083311,2026-07-09T08:33:21,logistic_regression,Logistic Regression,"{""C"": 0.794099355521, ""solver"": ""liblinear""}",0.547686722817817,0.02178800659189049,"[0.5722489412102505, 0.5408430628628922, 0.5733326358738295, 0.5339258616952092, 0.5180831124469041]",,,,,,,,0.33285276888326737,9.506,74ab309fcc94,,legacy,ok,auto LR search 2h (threshold-tuned)
LR_20260709_083322,2026-07-09T08:33:25,logistic_regression,Logistic Regression,"{""C"": 1655.860627370256, ""solver"": ""lbfgs""}",0.5475400154751888,0.021802900015117463,"[0.572222792081239, 0.5408526871803471, 0.5731536026498396, 0.5333493859860342, 0.5181216094784837]",,,,,,,,0.33879606817480357,3.023,74ab309fcc94,,legacy,ok,auto LR search 2h (threshold-tuned)
LR_20260709_083326,2026-07-09T08:33:29,logistic_regression,Logistic Regression,"{""C"": 4.034197876961, ""solver"": ""lbfgs""}",0.547548232403539,0.021795909537741184,"[0.5722286616951656, 0.5408583556044647, 0.5731536026498396, 0.5333493859860342, 0.5181511560821905]",,,,,,,,0.3393722391405246,2.796,74ab309fcc94,,legacy,ok,auto LR search 2h (threshold-tuned)
LR_20260709_083330,2026-07-09T08:33:33,logistic_regression,Logistic Regression,"{""C"": 1.0809167e-05, ""solver"": ""liblinear""}",0.5481645471724622,0.02274897403963329,"[0.5724369299586544, 0.5408497930528632, 0.5752156187900764, 0.5372232341205083, 0.5150971599402092]",,,,,,,,0.3755520400023885,2.816,74ab309fcc94,,legacy,ok,auto LR search 2h (threshold-tuned)
LR_20260709_083333,2026-07-09T08:33:36,logistic_regression,Logistic Regression,"{""C"": 1.357269e-06, ""solver"": ""liblinear""}",0.5482787734732171,0.022705379937336973,"[0.5723574901027672, 0.5408441259063665, 0.5753539569522874, 0.5376854848879734, 0.5151528095166905]",,,,,,,,0.45860200469702894,2.337,74ab309fcc94,,legacy,ok,auto LR search 2h (threshold-tuned)
LR_20260709_083337,2026-07-09T08:33:40,logistic_regression,Logistic Regression,"{""C"": 0.127022264184, ""solver"": ""lbfgs""}",0.5474931381832875,0.021820471123206505,"[0.5721831166829369, 0.5408526871803471, 0.5731624236199181, 0.5331302194068781, 0.5181372440263572]",,,,,,,,0.3519972811246908,2.859,74ab309fcc94,,legacy,ok,auto LR search 2h (threshold-tuned)
LR_20260709_083341,2026-07-09T08:33:44,logistic_regression,Logistic Regression,"{""C"": 4.4623328e-05, ""solver"": ""liblinear""}",0.5488977632188916,0.021645800203933297,"[0.5723225276979893, 0.5408169681218955, 0.5752075591453989, 0.5372622093084463, 0.5188795518207283]",,,,,,,,0.34155113129570525,3.531,74ab309fcc94,,legacy,ok,auto LR search 2h (threshold-tuned)
LR_20260709_083345,2026-07-09T08:33:48,logistic_regression,Logistic Regression,"{""C"": 6.109173765367, ""solver"": ""lbfgs""}",0.5475494063504076,0.02179723893330011,"[0.5722345314295093, 0.5408583556044647, 0.5731536026498396, 0.5333493859860342, 0.5181511560821905]",,,,,,,,0.3392507375754197,3.069,74ab309fcc94,,legacy,ok,auto LR search 2h (threshold-tuned)
LR_20260709_083350,2026-07-09T08:33:58,logistic_regression,Logistic Regression,"{""C"": 0.017693337519, ""solver"": ""liblinear""}",0.548080420804141,0.02142137360185464,"[0.572069753556649, 0.5408238130175034, 0.5738017571102519, 0.5340460597649304, 0.5196607205713701]",,,,,,,,0.3583789241177834,8.086,74ab309fcc94,,legacy,ok,auto LR search 2h (threshold-tuned)
LR_20260709_083359,2026-07-09T08:34:08,logistic_regression,Logistic Regression,"{""C"": 264.867569277209, ""solver"": ""liblinear""}",0.5476887517755894,0.02178907805347874,"[0.5722488823264017, 0.5408583556044647, 0.573338494209706, 0.533909970842953, 0.5180880558944216]",,,,,,,,0.32944725575201905,8.769,74ab309fcc94,,legacy,ok,auto LR search 2h (threshold-tuned)
LR_20260709_083409,2026-07-09T08:34:18,logistic_regression,Logistic Regression,"{""C"": 0.019627549559, ""solver"": ""liblinear""}",0.5480990333683105,0.02140505601524279,"[0.5720668320653909, 0.5408238130175034, 0.573811161840432, 0.5340836396361232, 0.5197097202821028]",,,,,,,,0.35845993546219496,8.888,74ab309fcc94,,legacy,ok,auto LR search 2h (threshold-tuned)
GB_20260709_082210,2026-07-09T08:34:22,gradient_boosting,Gradient Boosting,"{""n_estimators"": 60, ""learning_rate"": 0.3, ""max_depth"": 5, ""subsample"": 0.9}",0.5191508233386228,0.013415298408729714,"[0.5359098318402831, 0.5021091749108623, 0.5339607436827261, 0.5105244045137254, 0.5132499617455173]",,,,,,,,0.42606729974740143,732.139,74ab309fcc94,,legacy,ok,auto GB search 3h ext (threshold-tuned)
LR_20260709_083419,2026-07-09T08:34:22,logistic_regression,Logistic Regression,"{""C"": 2.854759072488, ""solver"": ""lbfgs""}",0.5477369270641361,0.02154610682797131,"[0.5722345314295093, 0.5408583556044647, 0.5731536026498396, 0.5333493859860342, 0.5190887596508331]",,,,,,,,0.33993896879201935,3.241,74ab309fcc94,,legacy,ok,auto LR search 2h (threshold-tuned)
LR_20260709_083423,2026-07-09T08:34:32,logistic_regression,Logistic Regression,"{""C"": 293.822538397101, ""solver"": ""liblinear""}",0.5476887517755894,0.02178907805347874,"[0.5722488823264017, 0.5408583556044647, 0.573338494209706, 0.533909970842953, 0.5180880558944216]",,,,,,,,0.3294427132239571,8.697,74ab309fcc94,,legacy,ok,auto LR search 2h (threshold-tuned)
LR_20260709_083433,2026-07-09T08:34:41,logistic_regression,Logistic Regression,"{""C"": 7583.15289057089, ""solver"": ""liblinear""}",0.5476876026521331,0.021790639215278827,"[0.5722488823264017, 0.5408583556044647, 0.573338494209706, 0.533909970842953, 0.5180823102771401]",,,,,,,,0.3294391647498158,7.905,74ab309fcc94,,legacy,ok,auto LR search 2h (threshold-tuned)
LR_20260709_083442,2026-07-09T08:34:43,logistic_regression,Logistic Regression,"{""C"": 0.000218990629, ""solver"": ""lbfgs""}",0.5483281255988344,0.021769211058028606,"[0.5722256982552594, 0.5408265917759987, 0.5748293329742161, 0.5346165853868596, 0.5191424196018377]",,,,,,,,0.3450330250066293,1.803,74ab309fcc94,,legacy,ok,auto LR search 2h (threshold-tuned)
LR_20260709_083444,2026-07-09T08:34:53,logistic_regression,Logistic Regression,"{""C"": 61.978391413531, ""solver"": ""liblinear""}",0.5476876026521331,0.021790639215278827,"[0.5722488823264017, 0.5408583556044647, 0.573338494209706, 0.533909970842953, 0.5180823102771401]",,,,,,,,0.32947638048479166,8.298,74ab309fcc94,,legacy,ok,auto LR search 2h (threshold-tuned)
LR_20260709_083454,2026-07-09T08:34:56,logistic_regression,Logistic Regression,"{""C"": 1545.205455486018, ""solver"": ""lbfgs""}",0.5475400154751888,0.021802900015117463,"[0.572222792081239, 0.5408526871803471, 0.5731536026498396, 0.5333493859860342, 0.5181216094784837]",,,,,,,,0.3387961798510239,2.763,74ab309fcc94,,legacy,ok,auto LR search 2h (threshold-tuned)
LR_20260709_083457,2026-07-09T08:35:06,logistic_regression,Logistic Regression,"{""C"": 104.117061470843, ""solver"": ""liblinear""}",0.5476876026521331,0.021790639215278827,"[0.5722488823264017, 0.5408583556044647, 0.573338494209706, 0.533909970842953, 0.5180823102771401]",,,,,,,,0.32946520286746206,8.598,74ab309fcc94,,legacy,ok,auto LR search 2h (threshold-tuned)
LR_20260709_083507,2026-07-09T08:35:10,logistic_regression,Logistic Regression,"{""C"": 3.700073e-06, ""solver"": ""liblinear""}",0.5482732067440221,0.022726607872635817,"[0.572398584542797, 0.5408441259063665, 0.5753480711589414, 0.537662883564523, 0.5151123685474831]",,,,,,,,0.41758181340288053,2.544,74ab309fcc94,,legacy,ok,auto LR search 2h (threshold-tuned)
LR_20260709_083511,2026-07-09T08:35:13,logistic_regression,Logistic Regression,"{""C"": 1.20601e-07, ""solver"": ""liblinear""}",0.5482472007050424,0.022706644169059167,"[0.5723398800061535, 0.5408441259063665, 0.5753539569522874, 0.5375038151067704, 0.5151942255536336]",,,,,,,,0.4954598075223343,2.091,74ab309fcc94,,legacy,ok,auto LR search 2h (threshold-tuned)
LR_20260709_083514,2026-07-09T08:35:17,logistic_regression,Logistic Regression,"{""C"": 2037.682053605131, ""solver"": ""lbfgs""}",0.5475400154751888,0.021802900015117463,"[0.572222792081239, 0.5408526871803471, 0.5731536026498396, 0.5333493859860342, 0.5181216094784837]",,,,,,,,0.3387957759980246,3.159,74ab309fcc94,,legacy,ok,auto LR search 2h (threshold-tuned)
LR_20260709_083518,2026-07-09T08:35:20,logistic_regression,Logistic Regression,"{""C"": 3.11255e-06, ""solver"": ""lbfgs""}",0.5482719661472629,0.022717540690147083,"[0.5723809719173727, 0.5408441259063665, 0.5753421854860159, 0.5376685337172522, 0.5151240137093072]",,,,,,,,0.42546335227791,1.539,74ab309fcc94,,legacy,ok,auto LR search 2h (threshold-tuned)
LR_20260709_083521,2026-07-09T08:35:24,logistic_regression,Logistic Regression,"{""C"": 5007.541194070241, ""solver"": ""lbfgs""}",0.5475400154751888,0.021802900015117463,"[0.572222792081239, 0.5408526871803471, 0.5731536026498396, 0.5333493859860342, 0.5181216094784837]",,,,,,,,0.33879502453630805,2.984,74ab309fcc94,,legacy,ok,auto LR search 2h (threshold-tuned)
LR_20260709_083525,2026-07-09T08:35:34,logistic_regression,Logistic Regression,"{""C"": 3423.087672890472, ""solver"": ""liblinear""}",0.5476887517755894,0.02178907805347874,"[0.5722488823264017, 0.5408583556044647, 0.573338494209706, 0.533909970842953, 0.5180880558944216]",,,,,,,,0.32943691367910616,8.824,74ab309fcc94,,legacy,ok,auto LR search 2h (threshold-tuned)
LR_20260709_083535,2026-07-09T08:35:44,logistic_regression,Logistic Regression,"{""C"": 84.607577723933, ""solver"": ""liblinear""}",0.5476876026521331,0.021790639215278827,"[0.5722488823264017, 0.5408583556044647, 0.573338494209706, 0.533909970842953, 0.5180823102771401]",,,,,,,,0.32946077958972103,8.835,74ab309fcc94,,legacy,ok,auto LR search 2h (threshold-tuned)
LR_20260709_083545,2026-07-09T08:35:53,logistic_regression,Logistic Regression,"{""C"": 0.245039752804, ""solver"": ""liblinear""}",0.547711735548599,0.02178901189883823,"[0.5722885377930269, 0.5408583556044647, 0.5733444921016843, 0.5339677447325067, 0.5180995475113123]",,,,,,,,0.34872180740583236,8.137,74ab309fcc94,,legacy,ok,auto LR search 2h (threshold-tuned)
LR_20260709_083554,2026-07-09T08:35:57,logistic_regression,Logistic Regression,"{""C"": 0.11853382606, ""solver"": ""lbfgs""}",0.54750096750798,0.021829837369706354,"[0.5722110532146227, 0.5408526871803471, 0.5731744384701652, 0.5331302194068781, 0.5181364392678869]",,,,,,,,0.34079792605112524,2.931,74ab309fcc94,,legacy,ok,auto LR search 2h (threshold-tuned)
LR_20260709_083558,2026-07-09T08:36:00,logistic_regression,Logistic Regression,"{""C"": 2.202565e-06, ""solver"": ""liblinear""}",0.5482787065485956,0.02271323092329305,"[0.5723751012830901, 0.5408441259063665, 0.5753539569522874, 0.5376798343789737, 0.5151405142222601]",,,,,,,,0.44079279033539953,2.428,74ab309fcc94,,legacy,ok,auto LR search 2h (threshold-tuned)
LR_20260709_083601,2026-07-09T08:36:09,logistic_regression,Logistic Regression,"{""C"": 476.812832312021, ""solver"": ""liblinear""}",0.5476864535541641,0.021792200472986405,"[0.5722488823264017, 0.5408583556044647, 0.573338494209706, 0.533909970842953, 0.5180765647872954]",,,,,,,,0.32943764119763363,8.307,74ab309fcc94,,legacy,ok,auto LR search 2h (threshold-tuned)
LR_20260709_083610,2026-07-09T08:36:13,logistic_regression,Logistic Regression,"{""C"": 1.3769674e-05, ""solver"": ""liblinear""}",0.5481255065470544,0.02275963631780701,"[0.5723958226471614, 0.5408611277021576, 0.5752125371299806, 0.5370877385114359, 0.5150703067445361]",,,,,,,,0.3664608688049149,2.928,74ab309fcc94,,legacy,ok,auto LR search 2h (threshold-tuned)
LR_20260709_083614,2026-07-09T08:36:22,logistic_regression,Logistic Regression,"{""C"": 27.977474632885, ""solver"": ""liblinear""}",0.5476876026521331,0.021790639215278827,"[0.5722488823264017, 0.5408583556044647, 0.573338494209706, 0.533909970842953, 0.5180823102771401]",,,,,,,,0.3295267654946675,7.978,74ab309fcc94,,legacy,ok,auto LR search 2h (threshold-tuned)
LR_20260709_083623,2026-07-09T08:36:26,logistic_regression,Logistic Regression,"{""C"": 48.652917276575, ""solver"": ""lbfgs""}",0.5475459247959302,0.021794928381530125,"[0.572222792081239, 0.5408526871803471, 0.5731536026498396, 0.5333493859860342, 0.5181511560821905]",,,,,,,,0.3388599614611728,2.69,74ab309fcc94,,legacy,ok,auto LR search 2h (threshold-tuned)
LR_20260709_083627,2026-07-09T08:36:29,logistic_regression,Logistic Regression,"{""C"": 0.035333383856, ""solver"": ""lbfgs""}",0.5477563973041422,0.021825350252368286,"[0.5719642342082492, 0.5408526871803471, 0.573844149074798, 0.5339993065788333, 0.5181216094784837]",,,,,,,,0.3566883672744684,2.818,74ab309fcc94,,legacy,ok,auto LR search 2h (threshold-tuned)
LR_20260709_083630,2026-07-09T08:36:38,logistic_regression,Logistic Regression,"{""C"": 68.753786432168, ""solver"": ""liblinear""}",0.5476876026521331,0.021790639215278827,"[0.5722488823264017, 0.5408583556044647, 0.573338494209706, 0.533909970842953, 0.5180823102771401]",,,,,,,,0.32941212070019577,7.844,74ab309fcc94,,legacy,ok,auto LR search 2h (threshold-tuned)
LR_20260709_083639,2026-07-09T08:36:47,logistic_regression,Logistic Regression,"{""C"": 14.50279855964, ""solver"": ""liblinear""}",0.5476876271211839,0.021793523310298654,"[0.5722547501615004, 0.5408583556044647, 0.573338494209706, 0.533909970842953, 0.5180765647872954]",,,,,,,,0.329610702022806,8.008,74ab309fcc94,,legacy,ok,auto LR search 2h (threshold-tuned)
LR_20260709_083648,2026-07-09T08:36:51,logistic_regression,Logistic Regression,"{""C"": 2.5660291e-05, ""solver"": ""liblinear""}",0.5481327213006162,0.02275249099284904,"[0.5723577569403123, 0.5408685081946598, 0.5752350134147091, 0.537133951793781, 0.5150683761596191]",,,,,,,,0.34396878715945794,3.104,74ab309fcc94,,legacy,ok,auto LR search 2h (threshold-tuned)
LR_20260709_083652,2026-07-09T08:36:53,logistic_regression,Logistic Regression,"{""C"": 1.0352e-08, ""solver"": ""lbfgs""}",0.5482546756640864,0.022697044884073488,"[0.5723398800061535, 0.5408497930528632, 0.5753539569522874, 0.5375038151067704, 0.5152259332023575]",,,,,,,,0.49960060604324796,1.387,74ab309fcc94,,legacy,ok,auto LR search 2h (threshold-tuned)
LR_20260709_083655,2026-07-09T08:36:56,logistic_regression,Logistic Regression,"{""C"": 4.553265e-06, ""solver"": ""lbfgs""}",0.5482733997188061,0.022734085515130623,"[0.5724161982521643, 0.5408441259063665, 0.5753480711589414, 0.537657233530543, 0.5151013697460152]",,,,,,,,0.40733624719180783,1.811,74ab309fcc94,,legacy,ok,auto LR search 2h (threshold-tuned)
LR_20260709_083658,2026-07-09T08:37:01,logistic_regression,Logistic Regression,"{""C"": 1.585806935471, ""solver"": ""lbfgs""}",0.5475155041614219,0.02181941901373725,"[0.5722345314295093, 0.5408583556044647, 0.5731536026498396, 0.5331798750411049, 0.5181511560821905]",,,,,,,,0.3394734663895694,3.174,74ab309fcc94,,legacy,ok,auto LR search 2h (threshold-tuned)
LR_20260709_083702,2026-07-09T08:37:03,logistic_regression,Logistic Regression,"{""C"": 3.335446e-06, ""solver"": ""lbfgs""}",0.5482740319787456,0.022719646183239343,"[0.5723809719173727, 0.5408441259063665, 0.5753539569522874, 0.537662883564523, 0.5151282215531783]",,,,,,,,0.4223612764604779,1.595,74ab309fcc94,,legacy,ok,auto LR search 2h (threshold-tuned)
LR_20260709_083704,2026-07-09T08:37:14,logistic_regression,Logistic Regression,"{""C"": 773.767997164833, ""solver"": ""liblinear""}",0.5476876026521331,0.021790639215278827,"[0.5722488823264017, 0.5408583556044647, 0.573338494209706, 0.533909970842953, 0.5180823102771401]",,,,,,,,0.3293808826106127,9.258,74ab309fcc94,,legacy,ok,auto LR search 2h (threshold-tuned)
LR_20260709_083715,2026-07-09T08:37:18,logistic_regression,Logistic Regression,"{""C"": 0.027736637926, ""solver"": ""lbfgs""}",0.5478349181539194,0.021679240505168538,"[0.5718349342457847, 0.5408447751807987, 0.5738496013340977, 0.534157322827828, 0.5184879571810883]",,,,,,,,0.35879004901715944,3.47,74ab309fcc94,,legacy,ok,auto LR search 2h (threshold-tuned)
LR_20260709_083720,2026-07-09T08:37:22,logistic_regression,Logistic Regression,"{""C"": 1.6944794e-05, ""solver"": ""lbfgs""}",0.5481173308398555,0.022758054820720092,"[0.5723636289023627, 0.5408611277021576, 0.5752162563341352, 0.5370918318995019, 0.5150538093611206]",,,,,,,,0.35707105645305215,2.247,74ab309fcc94,,legacy,ok,auto LR search 2h (threshold-tuned)
LR_20260709_083723,2026-07-09T08:37:25,logistic_regression,Logistic Regression,"{""C"": 5.8339e-08, ""solver"": ""lbfgs""}",0.5482515049330698,0.02270165934904565,"[0.5723398800061535, 0.5408497930528632, 0.5753539569522874, 0.5375038151067704, 0.5152100795472746]",,,,,,,,0.4977735227481224,1.677,74ab309fcc94,,legacy,ok,auto LR search 2h (threshold-tuned)
LR_20260709_083726,2026-07-09T08:37:38,logistic_regression,Logistic Regression,"{""C"": 9660.0911992331, ""solver"": ""liblinear""}",0.5476887517755894,0.02178907805347874,"[0.5722488823264017, 0.5408583556044647, 0.573338494209706, 0.533909970842953, 0.5180880558944216]",,,,,,,,0.32943954521758984,11.668,74ab309fcc94,,legacy,ok,auto LR search 2h (threshold-tuned)
LR_20260709_083740,2026-07-09T08:37:44,logistic_regression,Logistic Regression,"{""C"": 1056.281624406962, ""solver"": ""lbfgs""}",0.5475400154751888,0.021802900015117463,"[0.572222792081239, 0.5408526871803471, 0.5731536026498396, 0.5333493859860342, 0.5181216094784837]",,,,,,,,0.3387969533213754,4.086,74ab309fcc94,,legacy,ok,auto LR search 2h (threshold-tuned)
LR_20260709_083745,2026-07-09T08:37:49,logistic_regression,Logistic Regression,"{""C"": 1.951474827941, ""solver"": ""lbfgs""}",0.5475095215769465,0.021812391548895377,"[0.5722345314295093, 0.5408583556044647, 0.5731236897274633, 0.5331798750411049, 0.5181511560821905]",,,,,,,,0.33941933374462663,3.781,74ab309fcc94,,legacy,ok,auto LR search 2h (threshold-tuned)
LR_20260709_083751,2026-07-09T08:37:53,logistic_regression,Logistic Regression,"{""C"": 1.0352e-08, ""solver"": ""liblinear""}",0.5482546756640864,0.022697044884073488,"[0.5723398800061535, 0.5408497930528632, 0.5753539569522874, 0.5375038151067704, 0.5152259332023575]",,,,,,,,0.4996007437950037,2.458,74ab309fcc94,,legacy,ok,auto LR search 2h (threshold-tuned)
LR_20260709_083754,2026-07-09T08:38:11,logistic_regression,Logistic Regression,"{""C"": 1714.125253291314, ""solver"": ""liblinear""}",0.5476876026521331,0.021790639215278827,"[0.5722488823264017, 0.5408583556044647, 0.573338494209706, 0.533909970842953, 0.5180823102771401]",,,,,,,,0.329438954529615,16.394,74ab309fcc94,,legacy,ok,auto LR search 2h (threshold-tuned)
LR_20260709_083813,2026-07-09T08:38:18,logistic_regression,Logistic Regression,"{""C"": 4212.410273951252, ""solver"": ""lbfgs""}",0.5475400154751888,0.021802900015117463,"[0.572222792081239, 0.5408526871803471, 0.5731536026498396, 0.5333493859860342, 0.5181216094784837]",,,,,,,,0.33879512175471566,5.254,74ab309fcc94,,legacy,ok,auto LR search 2h (threshold-tuned)
LR_20260709_083820,2026-07-09T08:38:24,logistic_regression,Logistic Regression,"{""C"": 9.74397e-06, ""solver"": ""liblinear""}",0.5481932812823294,0.022779087376563454,"[0.5724369299586544, 0.5408441259063665, 0.5753539569522874, 0.5372232341205083, 0.5151081594738304]",,,,,,,,0.37587332684755653,3.821,74ab309fcc94,,legacy,ok,auto LR search 2h (threshold-tuned)
LR_20260709_083826,2026-07-09T08:38:29,logistic_regression,Logistic Regression,"{""C"": 4.10456e-06, ""solver"": ""liblinear""}",0.5482744252077196,0.022729628963611626,"[0.5724103268952643, 0.5408441259063665, 0.5753480711589414, 0.537657233530543, 0.5151123685474831]",,,,,,,,0.41262676838913953,3.107,74ab309fcc94,,legacy,ok,auto LR search 2h (threshold-tuned)
LR_20260709_083830,2026-07-09T08:38:33,logistic_regression,Logistic Regression,"{""C"": 0.007199820218, ""solver"": ""lbfgs""}",0.548121778604987,0.021352002913726024,"[0.5720110794196691, 0.5408685081946598, 0.5737379644520563, 0.5343243010010356, 0.5196670399575141]",,,,,,,,0.3556851248355909,3.092,74ab309fcc94,,legacy,ok,auto LR search 2h (threshold-tuned)
LR_20260709_083835,2026-07-09T08:38:36,logistic_regression,Logistic Regression,"{""C"": 8.8345e-08, ""solver"": ""lbfgs""}",0.5482515049330698,0.02270165934904565,"[0.5723398800061535, 0.5408497930528632, 0.5753539569522874, 0.5375038151067704, 0.5152100795472746]",,,,,,,,0.49665024353788495,1.578,74ab309fcc94,,legacy,ok,auto LR search 2h (threshold-tuned)
LR_20260709_083837,2026-07-09T08:38:46,logistic_regression,Logistic Regression,"{""C"": 0.053506989067, ""solver"": ""liblinear""}",0.5477754752328485,0.021876745236564632,"[0.5721066907775768, 0.5408526871803471, 0.5738646431586737, 0.5339753182813889, 0.5180780367662559]",,,,,,,,0.3497502804952891,8.599,74ab309fcc94,,legacy,ok,auto LR search 2h (threshold-tuned)
LR_20260709_083847,2026-07-09T08:38:50,logistic_regression,Logistic Regression,"{""C"": 0.019627549559, ""solver"": ""lbfgs""}",0.5480322838803942,0.021441384202633244,"[0.572069753556649, 0.5408741760717617, 0.5737928734458213, 0.533674190916508, 0.5197504254112308]",,,,,,,,0.3555386291051598,3.315,74ab309fcc94,,legacy,ok,auto LR search 2h (threshold-tuned)
LR_20260709_083852,2026-07-09T08:38:57,logistic_regression,Logistic Regression,"{""C"": 0.000639745897, ""solver"": ""liblinear""}",0.5484048897682842,0.021555565101615912,"[0.5721846153846154, 0.5408288363807827, 0.5747354702578583, 0.534295249100904, 0.5199802777172604]",,,,,,,,0.33651083945537286,5.668,74ab309fcc94,,legacy,ok,auto LR search 2h (threshold-tuned)
LR_20260709_083859,2026-07-09T08:39:02,logistic_regression,Logistic Regression,"{""C"": 207.920529129416, ""solver"": ""lbfgs""}",0.5475400154751888,0.021802900015117463,"[0.572222792081239, 0.5408526871803471, 0.5731536026498396, 0.5333493859860342, 0.5181216094784837]",,,,,,,,0.33880693875684303,3.27,74ab309fcc94,,legacy,ok,auto LR search 2h (threshold-tuned)
LR_20260709_083903,2026-07-09T08:39:10,logistic_regression,Logistic Regression,"{""C"": 0.006269697077, ""solver"": ""liblinear""}",0.5481461766518336,0.021303300189269122,"[0.5720081135902637, 0.5408685081946598, 0.5737376268638015, 0.5342164788900072, 0.519900155720436]",,,,,,,,0.3556447811186797,7.401,74ab309fcc94,,legacy,ok,auto LR search 2h (threshold-tuned)
LR_20260709_083912,2026-07-09T08:39:23,logistic_regression,Logistic Regression,"{""C"": 0.039195982215, ""solver"": ""liblinear""}",0.5478752919690313,0.021726600748618343,"[0.572057024801883, 0.5408526871803471, 0.5738737048387433, 0.5340084790787947, 0.5185845639453887]",,,,,,,,0.351945292106846,11.217,74ab309fcc94,,legacy,ok,auto LR search 2h (threshold-tuned)
LR_20260709_083925,2026-07-09T08:39:31,logistic_regression,Logistic Regression,"{""C"": 0.000904055815, ""solver"": ""liblinear""}",0.5483578489896496,0.021513164432780122,"[0.5721728785050563, 0.5408288363807827, 0.5745277648398281, 0.5343452117495925, 0.5199145534729879]",,,,,,,,0.3358987184457788,6.678,74ab309fcc94,,legacy,ok,auto LR search 2h (threshold-tuned)
LR_20260709_083932,2026-07-09T08:39:36,logistic_regression,Logistic Regression,"{""C"": 0.032972181712, ""solver"": ""lbfgs""}",0.5478507283305529,0.02174224160294034,"[0.5720081971433574, 0.5408526871803471, 0.5738766065230307, 0.5340438898637377, 0.5184722609422916]",,,,,,,,0.35668641598992396,3.617,74ab309fcc94,,legacy,ok,auto LR search 2h (threshold-tuned)
LR_20260709_083938,2026-07-09T08:39:49,logistic_regression,Logistic Regression,"{""C"": 304.161246863205, ""solver"": ""liblinear""}",0.5476887517755894,0.02178907805347874,"[0.5722488823264017, 0.5408583556044647, 0.573338494209706, 0.533909970842953, 0.5180880558944216]",,,,,,,,0.32944654794839073,10.991,74ab309fcc94,,legacy,ok,auto LR search 2h (threshold-tuned)
LR_20260709_083950,2026-07-09T08:39:53,logistic_regression,Logistic Regression,"{""C"": 429.82494325872, ""solver"": ""lbfgs""}",0.5475400154751888,0.021802900015117463,"[0.572222792081239, 0.5408526871803471, 0.5731536026498396, 0.5333493859860342, 0.5181216094784837]",,,,,,,,0.33880051841254527,3.305,74ab309fcc94,,legacy,ok,auto LR search 2h (threshold-tuned)
GB_20260709_083423,2026-07-09T08:40:00,gradient_boosting,Gradient Boosting,"{""n_estimators"": 40, ""learning_rate"": 0.1, ""max_depth"": 5, ""subsample"": 0.6}",0.5370427027416439,0.017301452228011736,"[0.5632987942493048, 0.5310034970179152, 0.5495686454522135, 0.5144302449414271, 0.5269123320473593]",,,,,,,,0.4272260469138393,337.074,74ab309fcc94,,legacy,ok,auto GB search 3h ext (threshold-tuned)
LR_20260709_083954,2026-07-09T08:40:03,logistic_regression,Logistic Regression,"{""C"": 5.319947962512, ""solver"": ""liblinear""}",0.5476876271211839,0.021793523310298654,"[0.5722547501615004, 0.5408583556044647, 0.573338494209706, 0.533909970842953, 0.5180765647872954]",,,,,,,,0.33002522234046,8.771,74ab309fcc94,,legacy,ok,auto LR search 2h (threshold-tuned)
LR_20260709_084004,2026-07-09T08:40:05,logistic_regression,Logistic Regression,"{""C"": 5.412735e-06, ""solver"": ""lbfgs""}",0.5481709443964059,0.022778886922551554,"[0.572389881624028, 0.5408441259063665, 0.5753539569522874, 0.5371770304702141, 0.5150897270291332]",,,,,,,,0.40294072338654807,1.641,74ab309fcc94,,legacy,ok,auto LR search 2h (threshold-tuned)
LR_20260709_084007,2026-07-09T08:40:08,logistic_regression,Logistic Regression,"{""C"": 2.0673e-08, ""solver"": ""lbfgs""}",0.5482546756640864,0.022697044884073488,"[0.5723398800061535, 0.5408497930528632, 0.5753539569522874, 0.5375038151067704, 0.5152259332023575]",,,,,,,,0.49920396064724015,1.42,74ab309fcc94,,legacy,ok,auto LR search 2h (threshold-tuned)
LR_20260709_084009,2026-07-09T08:40:13,logistic_regression,Logistic Regression,"{""C"": 0.192355731582, ""solver"": ""lbfgs""}",0.5475161256256657,0.021833296231274314,"[0.5722491768302065, 0.5408526871803471, 0.573177506419999, 0.5331550450470198, 0.5181462126507561]",,,,,,,,0.3404074520270103,3.243,74ab309fcc94,,legacy,ok,auto LR search 2h (threshold-tuned)
LR_20260709_084014,2026-07-09T08:40:17,logistic_regression,Logistic Regression,"{""C"": 81.731691695939, ""solver"": ""lbfgs""}",0.5475459247959302,0.021794928381530125,"[0.572222792081239, 0.5408526871803471, 0.5731536026498396, 0.5333493859860342, 0.5181511560821905]",,,,,,,,0.33883843776875106,3.172,74ab309fcc94,,legacy,ok,auto LR search 2h (threshold-tuned)
LR_20260709_084018,2026-07-09T08:40:20,logistic_regression,Logistic Regression,"{""C"": 0.004592800668, ""solver"": ""lbfgs""}",0.5480597150502624,0.021361570753957854,"[0.5719815914917274, 0.5407218710360516, 0.5736809681427572, 0.534318856217966, 0.5195952883628099]",,,,,,,,0.3638259441403966,2.627,74ab309fcc94,,legacy,ok,auto LR search 2h (threshold-tuned)
LR_20260709_084021,2026-07-09T08:40:23,logistic_regression,Logistic Regression,"{""C"": 1.141752e-06, ""solver"": ""lbfgs""}",0.5482232789076356,0.02275348377802777,"[0.5723516199501554, 0.5408441259063665, 0.5753539569522874, 0.5375345983434892, 0.515032093385879]",,,,,,,,0.4649666914280778,1.422,74ab309fcc94,,legacy,ok,auto LR search 2h (threshold-tuned)
LR_20260709_084024,2026-07-09T08:40:25,logistic_regression,Logistic Regression,"{""C"": 7.1791e-08, ""solver"": ""lbfgs""}",0.5482515049330698,0.02270165934904565,"[0.5723398800061535, 0.5408497930528632, 0.5753539569522874, 0.5375038151067704, 0.5152100795472746]",,,,,,,,0.4972681399307256,1.352,74ab309fcc94,,legacy,ok,auto LR search 2h (threshold-tuned)
LR_20260709_084026,2026-07-09T08:40:28,logistic_regression,Logistic Regression,"{""C"": 0.001627475251, ""solver"": ""lbfgs""}",0.5479823974587849,0.021928931549098144,"[0.5721671693235675, 0.5408401705908857, 0.5743295854486561, 0.5344412669292613, 0.5181337950015537]",,,,,,,,0.33515385987829366,2.314,74ab309fcc94,,legacy,ok,auto LR search 2h (threshold-tuned)
LR_20260709_084029,2026-07-09T08:40:32,logistic_regression,Logistic Regression,"{""C"": 0.008860011648, ""solver"": ""lbfgs""}",0.5481166693173407,0.021321484409679622,"[0.5720344217070861, 0.5408741760717617, 0.5736358036935347, 0.5343374728914688, 0.5197014722228523]",,,,,,,,0.3538549881189843,2.994,74ab309fcc94,,legacy,ok,auto LR search 2h (threshold-tuned)
LR_20260709_084033,2026-07-09T08:40:35,logistic_regression,Logistic Regression,"{""C"": 1.1888e-08, ""solver"": ""liblinear""}",0.5482546756640864,0.022697044884073488,"[0.5723398800061535, 0.5408497930528632, 0.5753539569522874, 0.5375038151067704, 0.5152259332023575]",,,,,,,,0.4995416598059654,1.825,74ab309fcc94,,legacy,ok,auto LR search 2h (threshold-tuned)
LR_20260709_084036,2026-07-09T08:40:44,logistic_regression,Logistic Regression,"{""C"": 76.269858590235, ""solver"": ""liblinear""}",0.5476876026521331,0.021790639215278827,"[0.5722488823264017, 0.5408583556044647, 0.573338494209706, 0.533909970842953, 0.5180823102771401]",,,,,,,,0.32947020272344363,8.278,74ab309fcc94,,legacy,ok,auto LR search 2h (threshold-tuned)
LR_20260709_084045,2026-07-09T08:40:54,logistic_regression,Logistic Regression,"{""C"": 1599.576467361601, ""solver"": ""liblinear""}",0.5476876026521331,0.021790639215278827,"[0.5722488823264017, 0.5408583556044647, 0.573338494209706, 0.533909970842953, 0.5180823102771401]",,,,,,,,0.3294403330992647,8.733,74ab309fcc94,,legacy,ok,auto LR search 2h (threshold-tuned)
LR_20260709_084055,2026-07-09T08:40:58,logistic_regression,Logistic Regression,"{""C"": 0.07561330964, ""solver"": ""lbfgs""}",0.5476236566101768,0.021960908966360174,"[0.5721156316476379, 0.5408526871803471, 0.5738415981982733, 0.5331711219982683, 0.5181372440263572]",,,,,,,,0.3513912157235673,3.132,74ab309fcc94,,legacy,ok,auto LR search 2h (threshold-tuned)
LR_20260709_084059,2026-07-09T08:41:03,logistic_regression,Logistic Regression,"{""C"": 8.0330617e-05, ""solver"": ""liblinear""}",0.5482148857429323,0.022031411877496587,"[0.5722520822221311, 0.5408056335666681, 0.5752815891869753, 0.5336824151828877, 0.5190527085559993]",,,,,,,,0.3480089095382058,3.864,74ab309fcc94,,legacy,ok,auto LR search 2h (threshold-tuned)
LR_20260709_084104,2026-07-09T08:41:06,logistic_regression,Logistic Regression,"{""C"": 3.5029226e-05, ""solver"": ""lbfgs""}",0.548740465108019,0.021890261526478626,"[0.5723460133776519, 0.5408073440643864, 0.5752557682263664, 0.5372068780338848, 0.5180863218378055]",,,,,,,,0.34863224830707373,1.753,74ab309fcc94,,legacy,ok,auto LR search 2h (threshold-tuned)
LR_20260709_084107,2026-07-09T08:41:09,logistic_regression,Logistic Regression,"{""C"": 1.01451e-07, ""solver"": ""liblinear""}",0.5482515049330698,0.02270165934904565,"[0.5723398800061535, 0.5408497930528632, 0.5753539569522874, 0.5375038151067704, 0.5152100795472746]",,,,,,,,0.4961648594800919,1.98,74ab309fcc94,,legacy,ok,auto LR search 2h (threshold-tuned)
LR_20260709_084110,2026-07-09T08:41:13,logistic_regression,Logistic Regression,"{""C"": 1.38493e-07, ""solver"": ""liblinear""}",0.5482472007050424,0.022706644169059167,"[0.5723398800061535, 0.5408441259063665, 0.5753539569522874, 0.5375038151067704, 0.5151942255536336]",,,,,,,,0.49480635348404933,2.381,74ab309fcc94,,legacy,ok,auto LR search 2h (threshold-tuned)
LR_20260709_084114,2026-07-09T08:41:19,logistic_regression,Logistic Regression,"{""C"": 0.000873326162, ""solver"": ""liblinear""}",0.5483512354160145,0.021520266756817084,"[0.5721728785050563, 0.5408288363807827, 0.5745306257633154, 0.5343221391020866, 0.5199016973288316]",,,,,,,,0.335976412117278,5.147,74ab309fcc94,,legacy,ok,auto LR search 2h (threshold-tuned)
LR_20260709_084120,2026-07-09T08:41:28,logistic_regression,Logistic Regression,"{""C"": 510.958327805047, ""solver"": ""liblinear""}",0.5476864535541641,0.021792200472986405,"[0.5722488823264017, 0.5408583556044647, 0.573338494209706, 0.533909970842953, 0.5180765647872954]",,,,,,,,0.3294404599438179,8.043,74ab309fcc94,,legacy,ok,auto LR search 2h (threshold-tuned)
LR_20260709_084129,2026-07-09T08:41:37,logistic_regression,Logistic Regression,"{""C"": 4.176148851763, ""solver"": ""liblinear""}",0.5476910744915536,0.0217888399235977,"[0.5722547501615004, 0.5408583556044647, 0.573338494209706, 0.533909970842953, 0.5180938016391443]",,,,,,,,0.3302543423076606,8.236,74ab309fcc94,,legacy,ok,auto LR search 2h (threshold-tuned)
LR_20260709_084138,2026-07-09T08:41:40,logistic_regression,Logistic Regression,"{""C"": 2.17106e-07, ""solver"": ""liblinear""}",0.5482461005091628,0.022708245721678656,"[0.5723398800061535, 0.5408441259063665, 0.5753539569522874, 0.5375038151067704, 0.5151887245742353]",,,,,,,,0.4919937838551859,2.097,74ab309fcc94,,legacy,ok,auto LR search 2h (threshold-tuned)
LR_20260709_084141,2026-07-09T08:41:43,logistic_regression,Logistic Regression,"{""C"": 0.000113519073, ""solver"": ""lbfgs""}",0.5483104104982316,0.0215975759252591,"[0.5722256982552594, 0.5408209244569261, 0.5745679627783317, 0.5341746211508386, 0.5197628458498024]",,,,,,,,0.3540227432126735,1.685,74ab309fcc94,,legacy,ok,auto LR search 2h (threshold-tuned)
LR_20260709_084144,2026-07-09T08:41:45,logistic_regression,Logistic Regression,"{""C"": 1.4629e-08, ""solver"": ""lbfgs""}",0.5482546756640864,0.022697044884073488,"[0.5723398800061535, 0.5408497930528632, 0.5753539569522874, 0.5375038151067704, 0.5152259332023575]",,,,,,,,0.4994360495468417,1.285,74ab309fcc94,,legacy,ok,auto LR search 2h (threshold-tuned)
LR_20260709_084146,2026-07-09T08:41:51,logistic_regression,Logistic Regression,"{""C"": 0.002464561583, ""solver"": ""liblinear""}",0.5478270570476299,0.021833479367010297,"[0.5721847782599329, 0.5408401705908857, 0.5737340417758385, 0.5343653183932986, 0.5180109762181939]",,,,,,,,0.33615147872319023,5.448,74ab309fcc94,,legacy,ok,auto LR search 2h (threshold-tuned)
LR_20260709_084152,2026-07-09T08:41:55,logistic_regression,Logistic Regression,"{""C"": 0.472708314876, ""solver"": ""lbfgs""}",0.5475216231703259,0.021832634634423323,"[0.5722826589417239, 0.5408583556044647, 0.5731536026498396, 0.5331623425734109, 0.5181511560821905]",,,,,,,,0.3506230449632745,2.727,74ab309fcc94,,legacy,ok,auto LR search 2h (threshold-tuned)
LR_20260709_084156,2026-07-09T08:41:59,logistic_regression,Logistic Regression,"{""C"": 0.206130700125, ""solver"": ""lbfgs""}",0.5475061090562555,0.02182184915022634,"[0.5722111094014464, 0.5408526871803471, 0.5731654910017084, 0.5331550450470198, 0.5181462126507561]",,,,,,,,0.34120912387408336,2.72,74ab309fcc94,,legacy,ok,auto LR search 2h (threshold-tuned)
LR_20260709_084200,2026-07-09T08:42:02,logistic_regression,Logistic Regression,"{""C"": 0.004921700068, ""solver"": ""lbfgs""}",0.5480801954845169,0.021336921637320948,"[0.5719815914917274, 0.5408186791305988, 0.5736693156778997, 0.534241253534198, 0.5196901375881605]",,,,,,,,0.35866566793040355,2.677,74ab309fcc94,,legacy,ok,auto LR search 2h (threshold-tuned)
LR_20260709_084203,2026-07-09T08:42:06,logistic_regression,Logistic Regression,"{""C"": 14.009835673023, ""solver"": ""lbfgs""}",0.5475459247959302,0.021794928381530125,"[0.572222792081239, 0.5408526871803471, 0.5731536026498396, 0.5333493859860342, 0.5181511560821905]",,,,,,,,0.33898819569823135,2.857,74ab309fcc94,,legacy,ok,auto LR search 2h (threshold-tuned)
LR_20260709_084207,2026-07-09T08:42:09,logistic_regression,Logistic Regression,"{""C"": 1.70427e-07, ""solver"": ""liblinear""}",0.5482461005091628,0.022708245721678656,"[0.5723398800061535, 0.5408441259063665, 0.5753539569522874, 0.5375038151067704, 0.5151887245742353]",,,,,,,,0.49365243850092744,2.051,74ab309fcc94,,legacy,ok,auto LR search 2h (threshold-tuned)
LR_20260709_084210,2026-07-09T08:42:12,logistic_regression,Logistic Regression,"{""C"": 9.60457e-07, ""solver"": ""lbfgs""}",0.5482265442609664,0.022745680063194853,"[0.5723516199501554, 0.5408441259063665, 0.5753539569522874, 0.5375192068871161, 0.5150638116089069]",,,,,,,,0.46956220615937605,1.416,74ab309fcc94,,legacy,ok,auto LR search 2h (threshold-tuned)
LR_20260709_084213,2026-07-09T08:42:15,logistic_regression,Logistic Regression,"{""C"": 1.89058e-07, ""solver"": ""liblinear""}",0.5482461005091628,0.022708245721678656,"[0.5723398800061535, 0.5408441259063665, 0.5753539569522874, 0.5375038151067704, 0.5151887245742353]",,,,,,,,0.4929864707769226,2.096,74ab309fcc94,,legacy,ok,auto LR search 2h (threshold-tuned)
LR_20260709_084216,2026-07-09T08:42:19,logistic_regression,Logistic Regression,"{""C"": 2781.668558913571, ""solver"": ""lbfgs""}",0.5475400154751888,0.021802900015117463,"[0.572222792081239, 0.5408526871803471, 0.5731536026498396, 0.5333493859860342, 0.5181216094784837]",,,,,,,,0.3387954370895768,2.877,74ab309fcc94,,legacy,ok,auto LR search 2h (threshold-tuned)
LR_20260709_084220,2026-07-09T08:42:25,logistic_regression,Logistic Regression,"{""C"": 0.00100288599, ""solver"": ""liblinear""}",0.5480120073684882,0.0219611999832502,"[0.5721523661053106, 0.5408345034264518, 0.574509925686725, 0.5343636677603177, 0.5181995738636364]",,,,,,,,0.3334331461477119,5.143,74ab309fcc94,,legacy,ok,auto LR search 2h (threshold-tuned)
LR_20260709_084226,2026-07-09T08:42:28,logistic_regression,Logistic Regression,"{""C"": 0.000144610641, ""solver"": ""lbfgs""}",0.5482484232193847,0.021668319592748723,"[0.5722403429954663, 0.5408226355776788, 0.5745326132114665, 0.5341680608775433, 0.5194784634347683]",,,,,,,,0.35128497365734945,1.875,74ab309fcc94,,legacy,ok,auto LR search 2h (threshold-tuned)
LR_20260709_084229,2026-07-09T08:42:32,logistic_regression,Logistic Regression,"{""C"": 50.364863305263, ""solver"": ""lbfgs""}",0.5475459247959302,0.021794928381530125,"[0.572222792081239, 0.5408526871803471, 0.5731536026498396, 0.5333493859860342, 0.5181511560821905]",,,,,,,,0.33885815612345505,3.025,74ab309fcc94,,legacy,ok,auto LR search 2h (threshold-tuned)
LR_20260709_084233,2026-07-09T08:42:36,logistic_regression,Logistic Regression,"{""C"": 0.09304882399, ""solver"": ""lbfgs""}",0.5475165825040434,0.021832298071107252,"[0.5721477371962809, 0.5408679795005082, 0.5732672024108488, 0.5331652783866725, 0.5181347150259067]",,,,,,,,0.350964796663685,3.366,74ab309fcc94,,legacy,ok,auto LR search 2h (threshold-tuned)
LR_20260709_084237,2026-07-09T08:42:41,logistic_regression,Logistic Regression,"{""C"": 5183.741116717181, ""solver"": ""lbfgs""}",0.5475400154751888,0.021802900015117463,"[0.572222792081239, 0.5408526871803471, 0.5731536026498396, 0.5333493859860342, 0.5181216094784837]",,,,,,,,0.3387950070343563,3.738,74ab309fcc94,,legacy,ok,auto LR search 2h (threshold-tuned)
LR_20260709_084242,2026-07-09T08:42:52,logistic_regression,Logistic Regression,"{""C"": 0.850966356842, ""solver"": ""liblinear""}",0.547691181497874,0.021784920341981404,"[0.5722489412102505, 0.5408430628628922, 0.573338494209706, 0.5339258616952092, 0.5180995475113123]",,,,,,,,0.33263127413274773,9.407,74ab309fcc94,,legacy,ok,auto LR search 2h (threshold-tuned)
LR_20260709_084253,2026-07-09T08:42:54,logistic_regression,Logistic Regression,"{""C"": 5.800352e-06, ""solver"": ""lbfgs""}",0.5481637579830487,0.022775855626630596,"[0.5723752372159819, 0.5408441259063665, 0.5753480711589414, 0.5371616286048201, 0.5150897270291332]",,,,,,,,0.39943058772728723,1.616,74ab309fcc94,,legacy,ok,auto LR search 2h (threshold-tuned)
LR_20260709_084255,2026-07-09T08:42:58,logistic_regression,Logistic Regression,"{""C"": 5.603193e-06, ""solver"": ""liblinear""}",0.548166686864658,0.02277896966394716,"[0.572389881624028, 0.5408441259063665, 0.5753480711589414, 0.5371616286048201, 0.5150897270291332]",,,,,,,,0.40133491328700366,2.786,74ab309fcc94,,legacy,ok,auto LR search 2h (threshold-tuned)
LR_20260709_084259,2026-07-09T08:43:01,logistic_regression,Logistic Regression,"{""C"": 2.67167e-07, ""solver"": ""lbfgs""}",0.5482429296648306,0.0227128620732701,"[0.5723398800061535, 0.5408441259063665, 0.5753539569522874, 0.5375038151067704, 0.5151728703525744]",,,,,,,,0.4902477765843646,1.365,74ab309fcc94,,legacy,ok,auto LR search 2h (threshold-tuned)
LR_20260709_084302,2026-07-09T08:43:04,logistic_regression,Logistic Regression,"{""C"": 0.000787263561, ""solver"": ""lbfgs""}",0.5484128456656778,0.02158543372147137,"[0.5721787468846473, 0.5408288363807827, 0.5748354754193056, 0.5342376981898302, 0.5199834714538234]",,,,,,,,0.33450435787793725,2.396,74ab309fcc94,,legacy,ok,auto LR search 2h (threshold-tuned)
LR_20260709_084305,2026-07-09T08:43:07,logistic_regression,Logistic Regression,"{""C"": 1.065453e-06, ""solver"": ""liblinear""}",0.5482232789076356,0.02275348377802777,"[0.5723516199501554, 0.5408441259063665, 0.5753539569522874, 0.5375345983434892, 0.515032093385879]",,,,,,,,0.46694782870389595,2.431,74ab309fcc94,,legacy,ok,auto LR search 2h (threshold-tuned)
LR_20260709_084308,2026-07-09T08:43:16,logistic_regression,Logistic Regression,"{""C"": 0.185817390978, ""solver"": ""liblinear""}",0.5476934879814909,0.021797068418603377,"[0.5722884759586248, 0.5408583556044647, 0.5733326358738295, 0.533894170831391, 0.5180938016391443]",,,,,,,,0.34846053546868205,7.971,74ab309fcc94,,legacy,ok,auto LR search 2h (threshold-tuned)
LR_20260709_084317,2026-07-09T08:43:19,logistic_regression,Logistic Regression,"{""C"": 7.03573e-07, ""solver"": ""liblinear""}",0.5482188343605723,0.02274452267067005,"[0.5723516199501554, 0.5408441259063665, 0.5753362999335072, 0.5375038151067704, 0.5150583109060618]",,,,,,,,0.47646442080256435,2.208,74ab309fcc94,,legacy,ok,auto LR search 2h (threshold-tuned)
LR_20260709_084320,2026-07-09T08:43:26,logistic_regression,Logistic Regression,"{""C"": 0.001627475251, ""solver"": ""liblinear""}",0.5478500803168019,0.021792276131309078,"[0.5721671693235675, 0.5408345034264518, 0.5737333681189669, 0.5343684540134321, 0.5181469067015916]",,,,,,,,0.3362911826761869,5.714,74ab309fcc94,,legacy,ok,auto LR search 2h (threshold-tuned)
LR_20260709_084327,2026-07-09T08:43:31,logistic_regression,Logistic Regression,"{""C"": 0.000139695198, ""solver"": ""liblinear""}",0.5482871710796322,0.021713594910577748,"[0.5722403429954663, 0.5408226355776788, 0.5747314726496081, 0.5341353318502841, 0.5195060723251238]",,,,,,,,0.3512291300238213,4.134,74ab309fcc94,,legacy,ok,auto LR search 2h (threshold-tuned)
LR_20260709_084332,2026-07-09T08:43:40,logistic_regression,Logistic Regression,"{""C"": 4514.069177145086, ""solver"": ""liblinear""}",0.5476876026521331,0.021790639215278827,"[0.5722488823264017, 0.5408583556044647, 0.573338494209706, 0.533909970842953, 0.5180823102771401]",,,,,,,,0.32943692579347394,8.472,74ab309fcc94,,legacy,ok,auto LR search 2h (threshold-tuned)
LR_20260709_084341,2026-07-09T08:43:44,logistic_regression,Logistic Regression,"{""C"": 3797.29504804667, ""solver"": ""lbfgs""}",0.5475400154751888,0.021802900015117463,"[0.572222792081239, 0.5408526871803471, 0.5731536026498396, 0.5333493859860342, 0.5181216094784837]",,,,,,,,0.33879518885832877,2.952,74ab309fcc94,,legacy,ok,auto LR search 2h (threshold-tuned)
LR_20260709_084345,2026-07-09T08:43:49,logistic_regression,Logistic Regression,"{""C"": 1.161666195829, ""solver"": ""lbfgs""}",0.5475191218981094,0.021827366446792142,"[0.5722491768302065, 0.5408526871803471, 0.5731685586407136, 0.5331740307570891, 0.5181511560821905]",,,,,,,,0.3395391128459241,3.099,74ab309fcc94,,legacy,ok,auto LR search 2h (threshold-tuned)
LR_20260709_084350,2026-07-09T08:43:52,logistic_regression,Logistic Regression,"{""C"": 3.006752e-06, ""solver"": ""liblinear""}",0.5482754504948136,0.02271981898095188,"[0.5723809719173727, 0.5408441259063665, 0.5753539569522874, 0.5376741839887346, 0.5151240137093072]",,,,,,,,0.42742663922858676,2.497,74ab309fcc94,,legacy,ok,auto LR search 2h (threshold-tuned)
LR_20260709_084353,2026-07-09T08:44:01,logistic_regression,Logistic Regression,"{""C"": 9014.542271745013, ""solver"": ""liblinear""}",0.5476887517755894,0.02178907805347874,"[0.5722488823264017, 0.5408583556044647, 0.573338494209706, 0.533909970842953, 0.5180880558944216]",,,,,,,,0.3294391692148791,8.127,74ab309fcc94,,legacy,ok,auto LR search 2h (threshold-tuned)
LR_20260709_084402,2026-07-09T08:44:04,logistic_regression,Logistic Regression,"{""C"": 2.24745e-07, ""solver"": ""liblinear""}",0.5482461005091628,0.022708245721678656,"[0.5723398800061535, 0.5408441259063665, 0.5753539569522874, 0.5375038151067704, 0.5151887245742353]",,,,,,,,0.4917254530327875,2.095,74ab309fcc94,,legacy,ok,auto LR search 2h (threshold-tuned)
LR_20260709_084405,2026-07-09T08:44:07,logistic_regression,Logistic Regression,"{""C"": 7.80487e-07, ""solver"": ""lbfgs""}",0.5482177342435012,0.02274612664331068,"[0.5723516199501554, 0.5408441259063665, 0.5753362999335072, 0.5375038151067704, 0.5150528103207066]",,,,,,,,0.47423861983278465,1.48,74ab309fcc94,,legacy,ok,auto LR search 2h (threshold-tuned)
LR_20260709_084408,2026-07-09T08:44:11,logistic_regression,Logistic Regression,"{""C"": 7.015482925482, ""solver"": ""lbfgs""}",0.547548272665584,0.021797587053197138,"[0.5722345314295093, 0.5408526871803471, 0.5731536026498396, 0.5333493859860342, 0.5181511560821905]",,,,,,,,0.33906227847511594,2.959,74ab309fcc94,,legacy,ok,auto LR search 2h (threshold-tuned)
LR_20260709_084412,2026-07-09T08:44:17,logistic_regression,Logistic Regression,"{""C"": 0.000843641038, ""solver"": ""liblinear""}",0.548151362050038,0.021783601665553314,"[0.5721582342745203, 0.5408288363807827, 0.5745154246566837, 0.5344063170839581, 0.5188479978542452]",,,,,,,,0.334264021200114,5.115,74ab309fcc94,,legacy,ok,auto LR search 2h (threshold-tuned)
LR_20260709_084418,2026-07-09T08:44:26,logistic_regression,Logistic Regression,"{""C"": 0.334507228374, ""solver"": ""liblinear""}",0.5476927415295822,0.021788564987507614,"[0.5722357485540522, 0.5408583556044647, 0.5733564882621249, 0.5339258616952092, 0.5180872535320602]",,,,,,,,0.348985140341184,7.929,74ab309fcc94,,legacy,ok,auto LR search 2h (threshold-tuned)
LR_20260709_084426,2026-07-09T08:44:29,logistic_regression,Logistic Regression,"{""C"": 0.006269697077, ""solver"": ""lbfgs""}",0.5481117963895165,0.02135568722428697,"[0.5719787065352815, 0.5408685081946598, 0.5737612495040821, 0.5342838626053144, 0.5196666551082446]",,,,,,,,0.35586143864275843,2.738,74ab309fcc94,,legacy,ok,auto LR search 2h (threshold-tuned)
LR_20260709_084430,2026-07-09T08:44:31,logistic_regression,Logistic Regression,"{""C"": 1.08716e-07, ""solver"": ""lbfgs""}",0.5482483341343416,0.022706274745874822,"[0.5723398800061535, 0.5408497930528632, 0.5753539569522874, 0.5375038151067704, 0.5151942255536336]",,,,,,,,0.49589589440416704,1.362,74ab309fcc94,,legacy,ok,auto LR search 2h (threshold-tuned)
LR_20260709_084432,2026-07-09T08:44:35,logistic_regression,Logistic Regression,"{""C"": 0.045010791073, ""solver"": ""lbfgs""}",0.5476170337306259,0.021952754373584203,"[0.5721038245751043, 0.5408526871803471, 0.5738154587457369, 0.5331858407079646, 0.5181273574439761]",,,,,,,,0.35208773177227987,2.987,74ab309fcc94,,legacy,ok,auto LR search 2h (threshold-tuned)
LR_20260709_084436,2026-07-09T08:44:38,logistic_regression,Logistic Regression,"{""C"": 0.000226696234, ""solver"": ""lbfgs""}",0.5483232900472435,0.02176962359600713,"[0.5722110532146227, 0.5408265917759987, 0.5748226399461447, 0.53464813598734, 0.519108029312111]",,,,,,,,0.34475495435636894,1.908,74ab309fcc94,,legacy,ok,auto LR search 2h (threshold-tuned)
LR_20260709_084439,2026-07-09T08:44:42,logistic_regression,Logistic Regression,"{""C"": 0.715844220831, ""solver"": ""lbfgs""}",0.5475114796735114,0.021822843046995232,"[0.5722286616951656, 0.5408526871803471, 0.573162550836443, 0.5331623425734109, 0.5181511560821905]",,,,,,,,0.3396277209697523,2.914,74ab309fcc94,,legacy,ok,auto LR search 2h (threshold-tuned)
LR_20260709_084443,2026-07-09T08:44:44,logistic_regression,Logistic Regression,"{""C"": 7.53957e-07, ""solver"": ""lbfgs""}",0.5482177342435012,0.02274612664331068,"[0.5723516199501554, 0.5408441259063665, 0.5753362999335072, 0.5375038151067704, 0.5150528103207066]",,,,,,,,0.47499214621655084,1.453,74ab309fcc94,,legacy,ok,auto LR search 2h (threshold-tuned)
LR_20260709_084445,2026-07-09T08:44:47,logistic_regression,Logistic Regression,"{""C"": 1.558622e-06, ""solver"": ""lbfgs""}",0.548275184312531,0.02270949497937597,"[0.5723574901027672, 0.5408441259063665, 0.5753539569522874, 0.5376798343789737, 0.5151405142222601]",,,,,,,,0.4537277096733966,1.508,74ab309fcc94,,legacy,ok,auto LR search 2h (threshold-tuned)
LR_20260709_084448,2026-07-09T08:44:56,logistic_regression,Logistic Regression,"{""C"": 1.699369658406, ""solver"": ""liblinear""}",0.5476891736378904,0.02178542331605156,"[0.5722459777893992, 0.5408430628628922, 0.5733415631832781, 0.533909970842953, 0.5181052935109297]",,,,,,,,0.33114401588564346,8.284,74ab309fcc94,,legacy,ok,auto LR search 2h (threshold-tuned)
LR_20260709_084457,2026-07-09T08:45:03,logistic_regression,Logistic Regression,"{""C"": 0.008860011648, ""solver"": ""liblinear""}",0.5481580285684237,0.02126668086952262,"[0.572028533489794, 0.5408741760717617, 0.573677726503936, 0.5342032937306586, 0.5200064130459678]",,,,,,,,0.35490605465835234,6.172,74ab309fcc94,,legacy,ok,auto LR search 2h (threshold-tuned)
LR_20260709_084504,2026-07-09T08:45:07,logistic_regression,Logistic Regression,"{""C"": 0.741032570053, ""solver"": ""lbfgs""}",0.5475167600699561,0.021826026459834807,"[0.5722433070058468, 0.5408526871803471, 0.5731685586407136, 0.5331623425734109, 0.5181569049494624]",,,,,,,,0.33973163356573133,2.989,74ab309fcc94,,legacy,ok,auto LR search 2h (threshold-tuned)
LR_20260709_084508,2026-07-09T08:45:16,logistic_regression,Logistic Regression,"{""C"": 0.397648523496, ""solver"": ""liblinear""}",0.547689421859959,0.021788433455823836,"[0.5722328381515954, 0.5408430628628922, 0.5733564882621249, 0.5339258616952092, 0.5180888583279728]",,,,,,,,0.34904742077812695,8.047,74ab309fcc94,,legacy,ok,auto LR search 2h (threshold-tuned)
LR_20260709_084517,2026-07-09T08:45:20,logistic_regression,Logistic Regression,"{""C"": 0.053506989067, ""solver"": ""lbfgs""}",0.5476273911926952,0.02195850717268918,"[0.5721565283499594, 0.5408526871803471, 0.5738031429554626, 0.533185743720135, 0.5181388537575717]",,,,,,,,0.350582303933146,2.768,74ab309fcc94,,legacy,ok,auto LR search 2h (threshold-tuned)
LR_20260709_084521,2026-07-09T08:45:24,logistic_regression,Logistic Regression,"{""C"": 32.127993591831, ""solver"": ""lbfgs""}",0.5475459247959302,0.021794928381530125,"[0.572222792081239, 0.5408526871803471, 0.5731536026498396, 0.5333493859860342, 0.5181511560821905]",,,,,,,,0.338887189866019,2.725,74ab309fcc94,,legacy,ok,auto LR search 2h (threshold-tuned)
LR_20260709_084525,2026-07-09T08:45:30,logistic_regression,Logistic Regression,"{""C"": 0.002221689458, ""solver"": ""liblinear""}",0.5478458397976911,0.021828787503091203,"[0.5721847782599329, 0.5408345034264518, 0.573763476772463, 0.5344127806563039, 0.518033659873304]",,,,,,,,0.33587760463460115,5.521,74ab309fcc94,,legacy,ok,auto LR search 2h (threshold-tuned)
LR_20260709_084531,2026-07-09T08:45:34,logistic_regression,Logistic Regression,"{""C"": 3.335446e-06, ""solver"": ""liblinear""}",0.5482720904227544,0.022722478884658923,"[0.5723809719173727, 0.5408441259063665, 0.5753539569522874, 0.537662883564523, 0.5151185137732223]",,,,,,,,0.4226605377773584,2.513,74ab309fcc94,,legacy,ok,auto LR search 2h (threshold-tuned)
LR_20260709_084535,2026-07-09T08:45:41,logistic_regression,Logistic Regression,"{""C"": 0.001744021923, ""solver"": ""liblinear""}",0.5478397087165359,0.021801324590326653,"[0.5721730388485962, 0.5408345034264518, 0.5737126635913921, 0.534385593677801, 0.5180927440384381]",,,,,,,,0.3362406143739819,6.412,74ab309fcc94,,legacy,ok,auto LR search 2h (threshold-tuned)
LR_20260709_084542,2026-07-09T08:45:47,logistic_regression,Logistic Regression,"{""C"": 0.000242930393, ""solver"": ""liblinear""}",0.5482692343903453,0.02179403201883385,"[0.5722256982552594, 0.5407439237839707, 0.5747576435495898, 0.5346093396774818, 0.5190095666854249]",,,,,,,,0.3472916286007978,5.014,74ab309fcc94,,legacy,ok,auto LR search 2h (threshold-tuned)
LR_20260709_084548,2026-07-09T08:45:56,logistic_regression,Logistic Regression,"{""C"": 1.047188902796, ""solver"": ""liblinear""}",0.5476873930848325,0.021783355958996175,"[0.5722430730736889, 0.5408430628628922, 0.5733355651336988, 0.533909970842953, 0.5181052935109297]",,,,,,,,0.3322039292444187,8.37,74ab309fcc94,,legacy,ok,auto LR search 2h (threshold-tuned)
LR_20260709_084557,2026-07-09T08:46:00,logistic_regression,Logistic Regression,"{""C"": 230.650123835036, ""solver"": ""lbfgs""}",0.5475400154751888,0.021802900015117463,"[0.572222792081239, 0.5408526871803471, 0.5731536026498396, 0.5333493859860342, 0.5181216094784837]",,,,,,,,0.3388057128472393,3.124,74ab309fcc94,,legacy,ok,auto LR search 2h (threshold-tuned)
LR_20260709_084602,2026-07-09T08:46:05,logistic_regression,Logistic Regression,"{""C"": 15.013107289082, ""solver"": ""lbfgs""}",0.5475459247959302,0.021794928381530125,"[0.572222792081239, 0.5408526871803471, 0.5731536026498396, 0.5333493859860342, 0.5181511560821905]",,,,,,,,0.33897649298786103,3.047,74ab309fcc94,,legacy,ok,auto LR search 2h (threshold-tuned)
LR_20260709_084606,2026-07-09T08:46:07,logistic_regression,Logistic Regression,"{""C"": 1.16502e-07, ""solver"": ""lbfgs""}",0.5482483341343416,0.022706274745874822,"[0.5723398800061535, 0.5408497930528632, 0.5753539569522874, 0.5375038151067704, 0.5151942255536336]",,,,,,,,0.49560992874074794,1.365,74ab309fcc94,,legacy,ok,auto LR search 2h (threshold-tuned)
LR_20260709_084608,2026-07-09T08:46:16,logistic_regression,Logistic Regression,"{""C"": 1.161666195829, ""solver"": ""liblinear""}",0.5476873930848325,0.021783355958996175,"[0.5722430730736889, 0.5408430628628922, 0.5733355651336988, 0.533909970842953, 0.5181052935109297]",,,,,,,,0.33197478817298975,8.486,74ab309fcc94,,legacy,ok,auto LR search 2h (threshold-tuned)
LR_20260709_084617,2026-07-09T08:46:19,logistic_regression,Logistic Regression,"{""C"": 1.64634e-07, ""solver"": ""lbfgs""}",0.5482461005091628,0.022708245721678656,"[0.5723398800061535, 0.5408441259063665, 0.5753539569522874, 0.5375038151067704, 0.5151887245742353]",,,,,,,,0.49385981846971444,1.397,74ab309fcc94,,legacy,ok,auto LR search 2h (threshold-tuned)
LR_20260709_084620,2026-07-09T08:46:29,logistic_regression,Logistic Regression,"{""C"": 142.131671537036, ""solver"": ""liblinear""}",0.5476876026521331,0.021790639215278827,"[0.5722488823264017, 0.5408583556044647, 0.573338494209706, 0.533909970842953, 0.5180823102771401]",,,,,,,,0.32945677479832036,8.763,74ab309fcc94,,legacy,ok,auto LR search 2h (threshold-tuned)
LR_20260709_084630,2026-07-09T08:46:33,logistic_regression,Logistic Regression,"{""C"": 607.40637984842, ""solver"": ""lbfgs""}",0.5475400154751888,0.021802900015117463,"[0.572222792081239, 0.5408526871803471, 0.5731536026498396, 0.5333493859860342, 0.5181216094784837]",,,,,,,,0.3387987606512889,3.138,74ab309fcc94,,legacy,ok,auto LR search 2h (threshold-tuned)
LR_20260709_084634,2026-07-09T08:46:42,logistic_regression,Logistic Regression,"{""C"": 0.055389734903, ""solver"": ""liblinear""}",0.5478053254294387,0.021913744294568084,"[0.5721038245751043, 0.5408526871803471, 0.574022593575928, 0.533963737312397, 0.5180837845034171]",,,,,,,,0.3497341161698267,8.025,74ab309fcc94,,legacy,ok,auto LR search 2h (threshold-tuned)
LR_20260709_084643,2026-07-09T08:46:51,logistic_regression,Logistic Regression,"{""C"": 2183.604433756308, ""solver"": ""liblinear""}",0.5476887517755894,0.02178907805347874,"[0.5722488823264017, 0.5408583556044647, 0.573338494209706, 0.533909970842953, 0.5180880558944216]",,,,,,,,0.3293788073245757,8.351,74ab309fcc94,,legacy,ok,auto LR search 2h (threshold-tuned)
LR_20260709_084652,2026-07-09T08:46:55,logistic_regression,Logistic Regression,"{""C"": 3668.221647452707, ""solver"": ""lbfgs""}",0.5475400154751888,0.021802900015117463,"[0.572222792081239, 0.5408526871803471, 0.5731536026498396, 0.5333493859860342, 0.5181216094784837]",,,,,,,,0.338795212841139,3.025,74ab309fcc94,,legacy,ok,auto LR search 2h (threshold-tuned)
LR_20260709_084656,2026-07-09T08:46:59,logistic_regression,Logistic Regression,"{""C"": 34.428741780739, ""solver"": ""lbfgs""}",0.5475459247959302,0.021794928381530125,"[0.572222792081239, 0.5408526871803471, 0.5731536026498396, 0.5333493859860342, 0.5181511560821905]",,,,,,,,0.3388818483486356,3.034,74ab309fcc94,,legacy,ok,auto LR search 2h (threshold-tuned)
LR_20260709_084700,2026-07-09T08:47:03,logistic_regression,Logistic Regression,"{""C"": 1.008683e-05, ""solver"": ""liblinear""}",0.5481932812823294,0.022779087376563454,"[0.5724369299586544, 0.5408441259063665, 0.5753539569522874, 0.5372232341205083, 0.5151081594738304]",,,,,,,,0.3743024221353874,2.97,74ab309fcc94,,legacy,ok,auto LR search 2h (threshold-tuned)
LR_20260709_084704,2026-07-09T08:47:07,logistic_regression,Logistic Regression,"{""C"": 0.001112520148, ""solver"": ""lbfgs""}",0.5483277184681097,0.02146954142826521,"[0.5721612473074161, 0.5408345034264518, 0.5743585485344184, 0.5343967880501651, 0.5198875050220972]",,,,,,,,0.33711088923733196,2.592,74ab309fcc94,,legacy,ok,auto LR search 2h (threshold-tuned)
LR_20260709_084708,2026-07-09T08:47:09,logistic_regression,Logistic Regression,"{""C"": 3.52317e-07, ""solver"": ""lbfgs""}",0.5482410138693768,0.022714849591201486,"[0.5723398800061535, 0.5408441259063665, 0.5753539569522874, 0.5374997368808807, 0.5151673696011959]",,,,,,,,0.487373103099294,1.416,74ab309fcc94,,legacy,ok,auto LR search 2h (threshold-tuned)
LR_20260709_084710,2026-07-09T08:47:19,logistic_regression,Logistic Regression,"{""C"": 0.822041261457, ""solver"": ""liblinear""}",0.547691181497874,0.021784920341981404,"[0.5722489412102505, 0.5408430628628922, 0.573338494209706, 0.5339258616952092, 0.5180995475113123]",,,,,,,,0.3327339978184468,8.287,74ab309fcc94,,legacy,ok,auto LR search 2h (threshold-tuned)
LR_20260709_084720,2026-07-09T08:47:23,logistic_regression,Logistic Regression,"{""C"": 0.262587526706, ""solver"": ""lbfgs""}",0.5475134106582116,0.021833153754643824,"[0.5722579520160835, 0.5408526871803471, 0.5731593564953099, 0.5331623425734109, 0.5181347150259067]",,,,,,,,0.3401974206407402,2.943,74ab309fcc94,,legacy,ok,auto LR search 2h (threshold-tuned)
LR_20260709_084724,2026-07-09T08:47:27,logistic_regression,Logistic Regression,"{""C"": 53.971589249818, ""solver"": ""lbfgs""}",0.5475459247959302,0.021794928381530125,"[0.572222792081239, 0.5408526871803471, 0.5731536026498396, 0.5333493859860342, 0.5181511560821905]",,,,,,,,0.3388547259017317,2.937,74ab309fcc94,,legacy,ok,auto LR search 2h (threshold-tuned)
LR_20260709_084727,2026-07-09T08:47:30,logistic_regression,Logistic Regression,"{""C"": 3.965042e-06, ""solver"": ""liblinear""}",0.5482767323731849,0.02273050342095632,"[0.5724103268952643, 0.5408441259063665, 0.5753539569522874, 0.537662883564523, 0.5151123685474831]",,,,,,,,0.41451150771888035,2.984,74ab309fcc94,,legacy,ok,auto LR search 2h (threshold-tuned)
LR_20260709_084732,2026-07-09T08:47:39,logistic_regression,Logistic Regression,"{""C"": 15.541372208032, ""solver"": ""liblinear""}",0.5476887762191528,0.02179196208548148,"[0.5722547501615004, 0.5408583556044647, 0.573338494209706, 0.533909970842953, 0.5180823102771401]",,,,,,,,0.3296029179850386,7.891,74ab309fcc94,,legacy,ok,auto LR search 2h (threshold-tuned)
LR_20260709_084740,2026-07-09T08:47:42,logistic_regression,Logistic Regression,"{""C"": 0.00010966046, ""solver"": ""lbfgs""}",0.5483299125910486,0.02157139091188434,"[0.5722256982552594, 0.5408209244569261, 0.5745860944348657, 0.5341018044707784, 0.5199150413374137]",,,,,,,,0.3544904166563388,1.628,74ab309fcc94,,legacy,ok,auto LR search 2h (threshold-tuned)
LR_20260709_084743,2026-07-09T08:47:44,logistic_regression,Logistic Regression,"{""C"": 1.4841e-07, ""solver"": ""lbfgs""}",0.5482461005091628,0.022708245721678656,"[0.5723398800061535, 0.5408441259063665, 0.5753539569522874, 0.5375038151067704, 0.5151887245742353]",,,,,,,,0.494445728930535,1.387,74ab309fcc94,,legacy,ok,auto LR search 2h (threshold-tuned)
LR_20260709_084745,2026-07-09T08:47:48,logistic_regression,Logistic Regression,"{""C"": 0.002299863854, ""solver"": ""lbfgs""}",0.5478701818632514,0.021806909963274747,"[0.5721847782599329, 0.5408345034264518, 0.5737874312434114, 0.5344068381972026, 0.5181373581892584]",,,,,,,,0.33589664105294803,2.441,74ab309fcc94,,legacy,ok,auto LR search 2h (threshold-tuned)
LR_20260709_084749,2026-07-09T08:47:52,logistic_regression,Logistic Regression,"{""C"": 1171.752921629475, ""solver"": ""lbfgs""}",0.5475400154751888,0.021802900015117463,"[0.572222792081239, 0.5408526871803471, 0.5731536026498396, 0.5333493859860342, 0.5181216094784837]",,,,,,,,0.3387967124537676,2.953,74ab309fcc94,,legacy,ok,auto LR search 2h (threshold-tuned)
LR_20260709_084753,2026-07-09T08:47:54,logistic_regression,Logistic Regression,"{""C"": 2.3739e-08, ""solver"": ""lbfgs""}",0.5482546756640864,0.022697044884073488,"[0.5723398800061535, 0.5408497930528632, 0.5753539569522874, 0.5375038151067704, 0.5152259332023575]",,,,,,,,0.4990864286211399,1.36,74ab309fcc94,,legacy,ok,auto LR search 2h (threshold-tuned)
LR_20260709_084755,2026-07-09T08:47:56,logistic_regression,Logistic Regression,"{""C"": 2.52932e-06, ""solver"": ""lbfgs""}",0.5482776505397167,0.02271660900286298,"[0.5723809719173727, 0.5408441259063665, 0.5753539569522874, 0.5376741839887346, 0.5151350139338223]",,,,,,,,0.4348329447567858,1.517,74ab309fcc94,,legacy,ok,auto LR search 2h (threshold-tuned)
LR_20260709_084757,2026-07-09T08:48:00,logistic_regression,Logistic Regression,"{""C"": 73.677378973427, ""solver"": ""lbfgs""}",0.5475459247959302,0.021794928381530125,"[0.572222792081239, 0.5408526871803471, 0.5731536026498396, 0.5333493859860342, 0.5181511560821905]",,,,,,,,0.3388419015081029,2.795,74ab309fcc94,,legacy,ok,auto LR search 2h (threshold-tuned)
LR_20260709_084801,2026-07-09T08:48:03,logistic_regression,Logistic Regression,"{""C"": 8.8345e-08, ""solver"": ""liblinear""}",0.5482515049330698,0.02270165934904565,"[0.5723398800061535, 0.5408497930528632, 0.5753539569522874, 0.5375038151067704, 0.5152100795472746]",,,,,,,,0.4966507500698908,2.12,74ab309fcc94,,legacy,ok,auto LR search 2h (threshold-tuned)
LR_20260709_084804,2026-07-09T08:48:06,logistic_regression,Logistic Regression,"{""C"": 6.34239e-07, ""solver"": ""liblinear""}",0.5482365600762573,0.02271573632430764,"[0.5723457499179521, 0.5408441259063665, 0.5753362999335072, 0.5375038151067704, 0.5151528095166905]",,,,,,,,0.4783811074925285,2.216,74ab309fcc94,,legacy,ok,auto LR search 2h (threshold-tuned)
LR_20260709_084807,2026-07-09T08:48:10,logistic_regression,Logistic Regression,"{""C"": 0.542835617239, ""solver"": ""lbfgs""}",0.5475269329475114,0.021833831558913868,"[0.5722826589417239, 0.5408583556044647, 0.5731685586407136, 0.5331681866011926, 0.5181569049494624]",,,,,,,,0.3505342447820092,2.905,74ab309fcc94,,legacy,ok,auto LR search 2h (threshold-tuned)
LR_20260709_084811,2026-07-09T08:48:13,logistic_regression,Logistic Regression,"{""C"": 4.950149e-05, ""solver"": ""lbfgs""}",0.5488965677385211,0.021642257582077978,"[0.5723107855809277, 0.540827125179434, 0.5752047502047503, 0.5372622093084463, 0.5188779684190472]",,,,,,,,0.33759850399688746,1.751,74ab309fcc94,,legacy,ok,auto LR search 2h (threshold-tuned)
LR_20260709_084814,2026-07-09T08:48:26,logistic_regression,Logistic Regression,"{""C"": 0.103220797224, ""solver"": ""liblinear""}",0.5477157274536436,0.02179337217474236,"[0.5722150325589039, 0.5408583556044647, 0.5734335944445026, 0.5339753182813889, 0.5180963363789586]",,,,,,,,0.34863695476937373,12.247,74ab309fcc94,,legacy,ok,auto LR search 2h (threshold-tuned)
LR_20260709_084828,2026-07-09T08:48:41,logistic_regression,Logistic Regression,"{""C"": 415.214815158441, ""solver"": ""liblinear""}",0.5476864535541641,0.021792200472986405,"[0.5722488823264017, 0.5408583556044647, 0.573338494209706, 0.533909970842953, 0.5180765647872954]",,,,,,,,0.32944205251053604,12.75,74ab309fcc94,,legacy,ok,auto LR search 2h (threshold-tuned)
LR_20260709_084842,2026-07-09T08:48:51,logistic_regression,Logistic Regression,"{""C"": 1.429532365463, ""solver"": ""liblinear""}",0.5476874190915058,0.021783445762078368,"[0.572237205057476, 0.5408430628628922, 0.5733415631832781, 0.533909970842953, 0.5181052935109297]",,,,,,,,0.33155086383931803,8.835,74ab309fcc94,,legacy,ok,auto LR search 2h (threshold-tuned)
LR_20260709_084852,2026-07-09T08:48:56,logistic_regression,Logistic Regression,"{""C"": 0.000113519073, ""solver"": ""liblinear""}",0.5483016271080517,0.021594103158279396,"[0.5722256982552594, 0.5408209244569261, 0.5745677345656576, 0.5340618836690485, 0.5198318945933667]",,,,,,,,0.35388644591971835,3.864,74ab309fcc94,,legacy,ok,auto LR search 2h (threshold-tuned)
LR_20260709_084857,2026-07-09T08:48:58,logistic_regression,Logistic Regression,"{""C"": 4.248987e-06, ""solver"": ""lbfgs""}",0.5482744995872103,0.02273248071180909,"[0.5724161982521643, 0.5408441259063665, 0.5753480711589414, 0.537657233530543, 0.5151068690880363]",,,,,,,,0.4107484199447283,1.478,74ab309fcc94,,legacy,ok,auto LR search 2h (threshold-tuned)
LR_20260709_084859,2026-07-09T08:49:01,logistic_regression,Logistic Regression,"{""C"": 7.648997e-06, ""solver"": ""lbfgs""}",0.5481708216313383,0.022768714290278033,"[0.5723752372159819, 0.5408441259063665, 0.5753539569522874, 0.5371616286048201, 0.5151191594772359]",,,,,,,,0.3870439078672193,1.568,74ab309fcc94,,legacy,ok,auto LR search 2h (threshold-tuned)
LR_20260709_084902,2026-07-09T08:49:04,logistic_regression,Logistic Regression,"{""C"": 0.017091925405, ""solver"": ""lbfgs""}",0.5481194905144597,0.021408452573452967,"[0.572069753556649, 0.5408741760717617, 0.5738135434252486, 0.5342164788900072, 0.5196235006286316]",,,,,,,,0.3547277783793207,2.827,74ab309fcc94,,legacy,ok,auto LR search 2h (threshold-tuned)
LR_20260709_084905,2026-07-09T08:49:07,logistic_regression,Logistic Regression,"{""C"": 3.2407e-08, ""solver"": ""lbfgs""}",0.5482546756640864,0.022697044884073488,"[0.5723398800061535, 0.5408497930528632, 0.5753539569522874, 0.5375038151067704, 0.5152259332023575]",,,,,,,,0.4987548824018592,1.341,74ab309fcc94,,legacy,ok,auto LR search 2h (threshold-tuned)
LR_20260709_084908,2026-07-09T08:49:10,logistic_regression,Logistic Regression,"{""C"": 27.02649564779, ""solver"": ""lbfgs""}",0.5475459247959302,0.021794928381530125,"[0.572222792081239, 0.5408526871803471, 0.5731536026498396, 0.5333493859860342, 0.5181511560821905]",,,,,,,,0.3389022247338617,2.778,74ab309fcc94,,legacy,ok,auto LR search 2h (threshold-tuned)
LR_20260709_084911,2026-07-09T08:49:14,logistic_regression,Logistic Regression,"{""C"": 1.613466e-06, ""solver"": ""liblinear""}",0.5482598437898603,0.02273188751204471,"[0.5723574901027672, 0.5408441259063665, 0.5753539569522874, 0.5376798343789737, 0.5150638116089069]",,,,,,,,0.4530484363736792,2.225,74ab309fcc94,,legacy,ok,auto LR search 2h (threshold-tuned)
LR_20260709_084914,2026-07-09T08:49:18,logistic_regression,Logistic Regression,"{""C"": 87.584657307013, ""solver"": ""lbfgs""}",0.5475459247959302,0.021794928381530125,"[0.572222792081239, 0.5408526871803471, 0.5731536026498396, 0.5333493859860342, 0.5181511560821905]",,,,,,,,0.3388363203360096,3.316,74ab309fcc94,,legacy,ok,auto LR search 2h (threshold-tuned)
LR_20260709_084919,2026-07-09T08:49:22,logistic_regression,Logistic Regression,"{""C"": 0.012520510234, ""solver"": ""lbfgs""}",0.5478611547663155,0.021374357368308186,"[0.5720287497168276, 0.5408741760717617, 0.5732518783204619, 0.5336669204829761, 0.5194840492395502]",,,,,,,,0.3571238522891476,2.913,74ab309fcc94,,legacy,ok,auto LR search 2h (threshold-tuned)
LR_20260709_084923,2026-07-09T08:49:29,logistic_regression,Logistic Regression,"{""C"": 0.000787263561, ""solver"": ""liblinear""}",0.5481753491418321,0.02189439406760823,"[0.5721582342745203, 0.5408288363807827, 0.5748414049203157, 0.5342391773956623, 0.5188090927378797]",,,,,,,,0.33302598740916617,5.772,74ab309fcc94,,legacy,ok,auto LR search 2h (threshold-tuned)
LR_20260709_084930,2026-07-09T08:49:38,logistic_regression,Logistic Regression,"{""C"": 460.605544509876, ""solver"": ""liblinear""}",0.5476887517755894,0.02178907805347874,"[0.5722488823264017, 0.5408583556044647, 0.573338494209706, 0.533909970842953, 0.5180880558944216]",,,,,,,,0.32944415366809476,8.091,74ab309fcc94,,legacy,ok,auto LR search 2h (threshold-tuned)
LR_20260709_084939,2026-07-09T08:49:42,logistic_regression,Logistic Regression,"{""C"": 1.0441754e-05, ""solver"": ""liblinear""}",0.5481933147465223,0.022780319568520533,"[0.5724369299586544, 0.5408497930528632, 0.5753539569522874, 0.5372232341205083, 0.5151026596482986]",,,,,,,,0.37300731316652175,2.815,74ab309fcc94,,legacy,ok,auto LR search 2h (threshold-tuned)
LR_20260709_084943,2026-07-09T08:49:44,logistic_regression,Logistic Regression,"{""C"": 1.1990811e-05, ""solver"": ""lbfgs""}",0.548149069390646,0.022744920501658356,"[0.5723899506560387, 0.5408497930528632, 0.5752215108834827, 0.5371924320112867, 0.5150916603495586]",,,,,,,,0.37122741319406866,1.542,74ab309fcc94,,legacy,ok,auto LR search 2h (threshold-tuned)
LR_20260709_084945,2026-07-09T08:49:48,logistic_regression,Logistic Regression,"{""C"": 8.633168407012, ""solver"": ""lbfgs""}",0.547548272665584,0.021797587053197138,"[0.5722345314295093, 0.5408526871803471, 0.5731536026498396, 0.5333493859860342, 0.5181511560821905]",,,,,,,,0.33905667308811005,2.742,74ab309fcc94,,legacy,ok,auto LR search 2h (threshold-tuned)
LR_20260709_084949,2026-07-09T08:49:52,logistic_regression,Logistic Regression,"{""C"": 66.416784722734, ""solver"": ""lbfgs""}",0.5475459247959302,0.021794928381530125,"[0.572222792081239, 0.5408526871803471, 0.5731536026498396, 0.5333493859860342, 0.5181511560821905]",,,,,,,,0.3388457428409656,2.751,74ab309fcc94,,legacy,ok,auto LR search 2h (threshold-tuned)
LR_20260709_084953,2026-07-09T08:49:58,logistic_regression,Logistic Regression,"{""C"": 0.001112520148, ""solver"": ""liblinear""}",0.5479435981317635,0.021981196862691493,"[0.5721553784451898, 0.5408401705908857, 0.5743585485344184, 0.5343766864543983, 0.5179872066339257]",,,,,,,,0.3349792221182183,5.103,74ab309fcc94,,legacy,ok,auto LR search 2h (threshold-tuned)
LR_20260709_084959,2026-07-09T08:50:07,logistic_regression,Logistic Regression,"{""C"": 152.309997330727, ""solver"": ""liblinear""}",0.5476876026521331,0.021790639215278827,"[0.5722488823264017, 0.5408583556044647, 0.573338494209706, 0.533909970842953, 0.5180823102771401]",,,,,,,,0.3293932167550526,8.03,74ab309fcc94,,legacy,ok,auto LR search 2h (threshold-tuned)
LR_20260709_085008,2026-07-09T08:50:10,logistic_regression,Logistic Regression,"{""C"": 2.127698e-06, ""solver"": ""liblinear""}",0.5482798399778949,0.02271286003502041,"[0.5723751012830901, 0.5408497930528632, 0.5753539569522874, 0.5376798343789737, 0.5151405142222601]",,,,,,,,0.4422561425631004,2.456,74ab309fcc94,,legacy,ok,auto LR search 2h (threshold-tuned)
LR_20260709_085011,2026-07-09T08:50:14,logistic_regression,Logistic Regression,"{""C"": 1441.944968191976, ""solver"": ""lbfgs""}",0.5475400154751888,0.021802900015117463,"[0.572222792081239, 0.5408526871803471, 0.5731536026498396, 0.5333493859860342, 0.5181216094784837]",,,,,,,,0.33879629967553104,2.867,74ab309fcc94,,legacy,ok,auto LR search 2h (threshold-tuned)
LR_20260709_085015,2026-07-09T08:50:18,logistic_regression,Logistic Regression,"{""C"": 7583.15289057089, ""solver"": ""lbfgs""}",0.5475400154751888,0.021802900015117463,"[0.572222792081239, 0.5408526871803471, 0.5731536026498396, 0.5333493859860342, 0.5181216094784837]",,,,,,,,0.33879484941132765,2.781,74ab309fcc94,,legacy,ok,auto LR search 2h (threshold-tuned)
LR_20260709_085019,2026-07-09T08:50:21,logistic_regression,Logistic Regression,"{""C"": 0.000685559347, ""solver"": ""lbfgs""}",0.5484001992469467,0.021589171471666314,"[0.5721699709740613, 0.5408288363807827, 0.5748094044339905, 0.5342721686447726, 0.5199206158011265]",,,,,,,,0.3351544296518482,2.241,74ab309fcc94,,legacy,ok,auto LR search 2h (threshold-tuned)
LR_20260709_085022,2026-07-09T08:50:24,logistic_regression,Logistic Regression,"{""C"": 2.6563197e-05, ""solver"": ""lbfgs""}",0.5481226375905753,0.022756402992245107,"[0.5723577569403123, 0.5408073440643864, 0.5752409040172857, 0.537133951793781, 0.5150732311371109]",,,,,,,,0.3429434047048433,1.848,74ab309fcc94,,legacy,ok,auto LR search 2h (threshold-tuned)
LR_20260709_085025,2026-07-09T08:50:27,logistic_regression,Logistic Regression,"{""C"": 4.2735e-08, ""solver"": ""liblinear""}",0.5482546756640864,0.022697044884073488,"[0.5723398800061535, 0.5408497930528632, 0.5753539569522874, 0.5375038151067704, 0.5152259332023575]",,,,,,,,0.4983635719251832,2.088,74ab309fcc94,,legacy,ok,auto LR search 2h (threshold-tuned)
LR_20260709_085028,2026-07-09T08:50:31,logistic_regression,Logistic Regression,"{""C"": 7.517875320107, ""solver"": ""lbfgs""}",0.547548272665584,0.021797587053197138,"[0.5722345314295093, 0.5408526871803471, 0.5731536026498396, 0.5333493859860342, 0.5181511560821905]",,,,,,,,0.3390603093823242,3.121,74ab309fcc94,,legacy,ok,auto LR search 2h (threshold-tuned)
LR_20260709_085032,2026-07-09T08:50:36,logistic_regression,Logistic Regression,"{""C"": 52.137047432079, ""solver"": ""lbfgs""}",0.5475459247959302,0.021794928381530125,"[0.572222792081239, 0.5408526871803471, 0.5731536026498396, 0.5333493859860342, 0.5181511560821905]",,,,,,,,0.33885641167819547,3.192,74ab309fcc94,,legacy,ok,auto LR search 2h (threshold-tuned)
LR_20260709_085037,2026-07-09T08:50:39,logistic_regression,Logistic Regression,"{""C"": 0.000320355393, ""solver"": ""lbfgs""}",0.5483699809522546,0.0216984373060246,"[0.5722022216068187, 0.5407286295224919, 0.5748416214649497, 0.5346856595281932, 0.5193917726388197]",,,,,,,,0.34536530086801986,2.241,74ab309fcc94,,legacy,ok,auto LR search 2h (threshold-tuned)
LR_20260709_085040,2026-07-09T08:50:42,logistic_regression,Logistic Regression,"{""C"": 6.9351e-08, ""solver"": ""liblinear""}",0.5482515049330698,0.02270165934904565,"[0.5723398800061535, 0.5408497930528632, 0.5753539569522874, 0.5375038151067704, 0.5152100795472746]",,,,,,,,0.49735988393030583,1.996,74ab309fcc94,,legacy,ok,auto LR search 2h (threshold-tuned)
LR_20260709_085043,2026-07-09T08:50:47,logistic_regression,Logistic Regression,"{""C"": 0.000121648395, ""solver"": ""liblinear""}",0.548370698681685,0.021549656820509983,"[0.5722256982552594, 0.5408226355776788, 0.5746150091899357, 0.5342307650821387, 0.5199593853034123]",,,,,,,,0.3538170105538243,3.944,74ab309fcc94,,legacy,ok,auto LR search 2h (threshold-tuned)
LR_20260709_085048,2026-07-09T08:50:51,logistic_regression,Logistic Regression,"{""C"": 0.003605339633, ""solver"": ""lbfgs""}",0.5482684896703619,0.021387940592396126,"[0.5719462603592937, 0.5408401705908857, 0.574261537662877, 0.5343427361873083, 0.5199517435514448]",,,,,,,,0.3526328049816288,2.627,74ab309fcc94,,legacy,ok,auto LR search 2h (threshold-tuned)
GB_20260709_084001,2026-07-09T08:50:59,gradient_boosting,Gradient Boosting,"{""n_estimators"": 80, ""learning_rate"": 0.05, ""max_depth"": 4, ""subsample"": 0.8}",0.5450557581164329,0.021222035124280586,"[0.5733860965093616, 0.5348087905250761, 0.5674525369422792, 0.5214003870416447, 0.5282309795638032]",,,,,,,,0.42325993851846666,657.42,74ab309fcc94,,legacy,ok,auto GB search 3h ext (threshold-tuned)
LR_20260709_085052,2026-07-09T08:51:00,logistic_regression,Logistic Regression,"{""C"": 628.779136056853, ""solver"": ""liblinear""}",0.5476876026521331,0.021790639215278827,"[0.5722488823264017, 0.5408583556044647, 0.573338494209706, 0.533909970842953, 0.5180823102771401]",,,,,,,,0.3293819319489926,8.521,74ab309fcc94,,legacy,ok,auto LR search 2h (threshold-tuned)
LR_20260709_085101,2026-07-09T08:51:04,logistic_regression,Logistic Regression,"{""C"": 0.002551281901, ""solver"": ""lbfgs""}",0.5479118013771452,0.021759520973040115,"[0.5721847782599329, 0.5408401705908857, 0.5737958093329995, 0.5344327048640715, 0.5183055438378367]",,,,,,,,0.33616799733997843,2.547,74ab309fcc94,,legacy,ok,auto LR search 2h (threshold-tuned)
LR_20260709_085105,2026-07-09T08:51:06,logistic_regression,Logistic Regression,"{""C"": 2.32653e-07, ""solver"": ""lbfgs""}",0.5482461005091628,0.022708245721678656,"[0.5723398800061535, 0.5408441259063665, 0.5753539569522874, 0.5375038151067704, 0.5151887245742353]",,,,,,,,0.4914464833734953,1.365,74ab309fcc94,,legacy,ok,auto LR search 2h (threshold-tuned)
LR_20260709_085107,2026-07-09T08:51:15,logistic_regression,Logistic Regression,"{""C"": 0.136118575892, ""solver"": ""liblinear""}",0.5476832148268135,0.02177817023805797,"[0.5722238770709862, 0.5408583556044647, 0.5733266377921453, 0.5339100646112485, 0.5180971390552229]",,,,,,,,0.34856261252001763,7.954,74ab309fcc94,,legacy,ok,auto LR search 2h (threshold-tuned)
LR_20260709_085116,2026-07-09T08:51:24,logistic_regression,Logistic Regression,"{""C"": 26.107841275333, ""solver"": ""liblinear""}",0.5476887517755894,0.02178907805347874,"[0.5722488823264017, 0.5408583556044647, 0.573338494209706, 0.533909970842953, 0.5180880558944216]",,,,,,,,0.3295349343722789,8.413,74ab309fcc94,,legacy,ok,auto LR search 2h (threshold-tuned)
LR_20260709_085125,2026-07-09T08:51:27,logistic_regression,Logistic Regression,"{""C"": 5.52303e-07, ""solver"": ""liblinear""}",0.548251840495197,0.022699541765924217,"[0.5723457499179521, 0.5408441259063665, 0.5753362999335072, 0.5375345983434892, 0.5151984283746703]",,,,,,,,0.48078506338163346,2.144,74ab309fcc94,,legacy,ok,auto LR search 2h (threshold-tuned)
LR_20260709_085129,2026-07-09T08:51:32,logistic_regression,Logistic Regression,"{""C"": 1212.983291216235, ""solver"": ""lbfgs""}",0.5475400154751888,0.021802900015117463,"[0.572222792081239, 0.5408526871803471, 0.5731536026498396, 0.5333493859860342, 0.5181216094784837]",,,,,,,,0.3387966375848677,3.043,74ab309fcc94,,legacy,ok,auto LR search 2h (threshold-tuned)
LR_20260709_085133,2026-07-09T08:51:41,logistic_regression,Logistic Regression,"{""C"": 2.573434633459, ""solver"": ""liblinear""}",0.5476928374607016,0.021788001520048266,"[0.5722547501615004, 0.5408583556044647, 0.5733415631832781, 0.533909970842953, 0.5180995475113123]",,,,,,,,0.3306861794859614,8.178,74ab309fcc94,,legacy,ok,auto LR search 2h (threshold-tuned)
LR_20260709_085142,2026-07-09T08:51:44,logistic_regression,Logistic Regression,"{""C"": 1.0716e-08, ""solver"": ""liblinear""}",0.5482546756640864,0.022697044884073488,"[0.5723398800061535, 0.5408497930528632, 0.5753539569522874, 0.5375038151067704, 0.5152259332023575]",,,,,,,,0.49958673847331864,2.107,74ab309fcc94,,legacy,ok,auto LR search 2h (threshold-tuned)
LR_20260709_085145,2026-07-09T08:51:54,logistic_regression,Logistic Regression,"{""C"": 0.56193632756, ""solver"": ""liblinear""}",0.5476741200670022,0.02177171233486339,"[0.5721861382882513, 0.5408430628628922, 0.5733266377921453, 0.5339316489448184, 0.5180831124469041]",,,,,,,,0.35062307355478717,8.266,74ab309fcc94,,legacy,ok,auto LR search 2h (threshold-tuned)
LR_20260709_085154,2026-07-09T08:51:56,logistic_regression,Logistic Regression,"{""C"": 5.0802e-08, ""solver"": ""lbfgs""}",0.5482515049330698,0.02270165934904565,"[0.5723398800061535, 0.5408497930528632, 0.5753539569522874, 0.5375038151067704, 0.5152100795472746]",,,,,,,,0.49805694971848846,1.361,74ab309fcc94,,legacy,ok,auto LR search 2h (threshold-tuned)
LR_20260709_085157,2026-07-09T08:52:00,logistic_regression,Logistic Regression,"{""C"": 14.50279855964, ""solver"": ""lbfgs""}",0.5475459247959302,0.021794928381530125,"[0.572222792081239, 0.5408526871803471, 0.5731536026498396, 0.5333493859860342, 0.5181511560821905]",,,,,,,,0.3389822525119087,3.025,74ab309fcc94,,legacy,ok,auto LR search 2h (threshold-tuned)
LR_20260709_085201,2026-07-09T08:52:09,logistic_regression,Logistic Regression,"{""C"": 0.106852818565, ""solver"": ""liblinear""}",0.5476602911360844,0.021728086812479994,"[0.5722209098098828, 0.5408583556044647, 0.5731505356057272, 0.5339753182813889, 0.5180963363789586]",,,,,,,,0.349168969498434,7.945,74ab309fcc94,,legacy,ok,auto LR search 2h (threshold-tuned)
LR_20260709_085210,2026-07-09T08:52:18,logistic_regression,Logistic Regression,"{""C"": 107.780619585775, ""solver"": ""liblinear""}",0.5476876026521331,0.021790639215278827,"[0.5722488823264017, 0.5408583556044647, 0.573338494209706, 0.533909970842953, 0.5180823102771401]",,,,,,,,0.3294562947930447,8.116,74ab309fcc94,,legacy,ok,auto LR search 2h (threshold-tuned)
LR_20260709_085219,2026-07-09T08:52:22,logistic_regression,Logistic Regression,"{""C"": 0.03076877016, ""solver"": ""lbfgs""}",0.5478298866482296,0.02172245903998,"[0.5718967382903076, 0.5408526871803471, 0.5738945525048471, 0.5340282367728164, 0.5184772184928299]",,,,,,,,0.35802723162054234,2.964,74ab309fcc94,,legacy,ok,auto LR search 2h (threshold-tuned)
LR_20260709_085223,2026-07-09T08:52:28,logistic_regression,Logistic Regression,"{""C"": 0.001192189882, ""solver"": ""liblinear""}",0.5483047066625022,0.02149774349911206,"[0.5721553784451898, 0.5408401705908857, 0.57436163587295, 0.5343811394891945, 0.519785208914291]",,,,,,,,0.33721576102937106,5.183,74ab309fcc94,,legacy,ok,auto LR search 2h (threshold-tuned)
LR_20260709_085229,2026-07-09T08:52:32,logistic_regression,Logistic Regression,"{""C"": 128.125196122439, ""solver"": ""lbfgs""}",0.5475459247959302,0.021794928381530125,"[0.572222792081239, 0.5408526871803471, 0.5731536026498396, 0.5333493859860342, 0.5181511560821905]",,,,,,,,0.33882696417224556,2.889,74ab309fcc94,,legacy,ok,auto LR search 2h (threshold-tuned)
LR_20260709_085233,2026-07-09T08:52:42,logistic_regression,Logistic Regression,"{""C"": 1392.931989700976, ""solver"": ""liblinear""}",0.5476876026521331,0.021790639215278827,"[0.5722488823264017, 0.5408583556044647, 0.573338494209706, 0.533909970842953, 0.5180823102771401]",,,,,,,,0.3294387271164874,9.236,74ab309fcc94,,legacy,ok,auto LR search 2h (threshold-tuned)
LR_20260709_085243,2026-07-09T08:52:53,logistic_regression,Logistic Regression,"{""C"": 73.677378973427, ""solver"": ""liblinear""}",0.5476876026521331,0.021790639215278827,"[0.5722488823264017, 0.5408583556044647, 0.573338494209706, 0.533909970842953, 0.5180823102771401]",,,,,,,,0.32946823937065367,9.716,74ab309fcc94,,legacy,ok,auto LR search 2h (threshold-tuned)
LR_20260709_085254,2026-07-09T08:53:03,logistic_regression,Logistic Regression,"{""C"": 1.380941302263, ""solver"": ""liblinear""}",0.5476885926947483,0.021784768490750995,"[0.5722430730736889, 0.5408430628628922, 0.5733415631832781, 0.533909970842953, 0.5181052935109297]",,,,,,,,0.331621409160181,9.136,74ab309fcc94,,legacy,ok,auto LR search 2h (threshold-tuned)
LR_20260709_085304,2026-07-09T08:53:14,logistic_regression,Logistic Regression,"{""C"": 57.836599863197, ""solver"": ""liblinear""}",0.5476887517755894,0.02178907805347874,"[0.5722488823264017, 0.5408583556044647, 0.573338494209706, 0.533909970842953, 0.5180880558944216]",,,,,,,,0.3294774389332308,10.024,74ab309fcc94,,legacy,ok,auto LR search 2h (threshold-tuned)
LR_20260709_085315,2026-07-09T08:53:18,logistic_regression,Logistic Regression,"{""C"": 0.004140199576, ""solver"": ""lbfgs""}",0.548198150837915,0.021280482745935338,"[0.5719757026665294, 0.5408327919696557, 0.5738402787921788, 0.5343428997310463, 0.5199990810301652]",,,,,,,,0.3522206210123066,3.082,74ab309fcc94,,legacy,ok,auto LR search 2h (threshold-tuned)
LR_20260709_085320,2026-07-09T08:53:33,logistic_regression,Logistic Regression,"{""C"": 16.088225139392, ""solver"": ""liblinear""}",0.5476887762191528,0.02179196208548148,"[0.5722547501615004, 0.5408583556044647, 0.573338494209706, 0.533909970842953, 0.5180823102771401]",,,,,,,,0.32959798171824184,12.803,74ab309fcc94,,legacy,ok,auto LR search 2h (threshold-tuned)
LR_20260709_085334,2026-07-09T08:53:36,logistic_regression,Logistic Regression,"{""C"": 9.27811e-07, ""solver"": ""liblinear""}",0.5482296225522412,0.022744231770589745,"[0.5723516199501554, 0.5408441259063665, 0.5753539569522874, 0.5375345983434892, 0.5150638116089069]",,,,,,,,0.47047316730710725,2.363,74ab309fcc94,,legacy,ok,auto LR search 2h (threshold-tuned)
LR_20260709_085338,2026-07-09T08:53:41,logistic_regression,Logistic Regression,"{""C"": 23.53502388005, ""solver"": ""lbfgs""}",0.5475459247959302,0.021794928381530125,"[0.572222792081239, 0.5408526871803471, 0.5731536026498396, 0.5333493859860342, 0.5181511560821905]",,,,,,,,0.3389161926829999,3.167,74ab309fcc94,,legacy,ok,auto LR search 2h (threshold-tuned)
LR_20260709_085342,2026-07-09T08:53:45,logistic_regression,Logistic Regression,"{""C"": 0.506559877882, ""solver"": ""lbfgs""}",0.5475227919758823,0.02183186602493596,"[0.5722826589417239, 0.5408583556044647, 0.5731536026498396, 0.5331681866011926, 0.5181511560821905]",,,,,,,,0.3505089867233342,3.102,74ab309fcc94,,legacy,ok,auto LR search 2h (threshold-tuned)
LR_20260709_085346,2026-07-09T08:53:47,logistic_regression,Logistic Regression,"{""C"": 7.137842e-06, ""solver"": ""lbfgs""}",0.5481777766168708,0.02276942918777977,"[0.5723811086947602, 0.5408441259063665, 0.5753539569522874, 0.5372021772775608, 0.5151075142533792]",,,,,,,,0.38988967705108296,1.554,74ab309fcc94,,legacy,ok,auto LR search 2h (threshold-tuned)
LR_20260709_085348,2026-07-09T08:53:55,logistic_regression,Logistic Regression,"{""C"": 0.008267929141, ""solver"": ""liblinear""}",0.548160483807543,0.02127334804635333,"[0.572022645393721, 0.5408741760717617, 0.5736927831607083, 0.5342421291788381, 0.519970685232686]",,,,,,,,0.354911056740119,6.497,74ab309fcc94,,legacy,ok,auto LR search 2h (threshold-tuned)
LR_20260709_085356,2026-07-09T08:53:57,logistic_regression,Logistic Regression,"{""C"": 3.3547e-08, ""solver"": ""lbfgs""}",0.5482546756640864,0.022697044884073488,"[0.5723398800061535, 0.5408497930528632, 0.5753539569522874, 0.5375038151067704, 0.5152259332023575]",,,,,,,,0.4987113583708712,1.365,74ab309fcc94,,legacy,ok,auto LR search 2h (threshold-tuned)
LR_20260709_085358,2026-07-09T08:54:01,logistic_regression,Logistic Regression,"{""C"": 0.083879255719, ""solver"": ""lbfgs""}",0.5475376813307611,0.02179076800418447,"[0.5721185961666924, 0.5408679795005082, 0.5732164944131151, 0.533359587804798, 0.5181257487686914]",,,,,,,,0.3521343585690317,3.11,74ab309fcc94,,legacy,ok,auto LR search 2h (threshold-tuned)
LR_20260709_085402,2026-07-09T08:54:04,logistic_regression,Logistic Regression,"{""C"": 3.0241e-08, ""solver"": ""lbfgs""}",0.5482546756640864,0.022697044884073488,"[0.5723398800061535, 0.5408497930528632, 0.5753539569522874, 0.5375038151067704, 0.5152259332023575]",,,,,,,,0.49883762944196663,1.355,74ab309fcc94,,legacy,ok,auto LR search 2h (threshold-tuned)
LR_20260709_085405,2026-07-09T08:54:07,logistic_regression,Logistic Regression,"{""C"": 2.9213e-08, ""solver"": ""liblinear""}",0.5482546756640864,0.022697044884073488,"[0.5723398800061535, 0.5408497930528632, 0.5753539569522874, 0.5375038151067704, 0.5152259332023575]",,,,,,,,0.49887801564697015,1.925,74ab309fcc94,,legacy,ok,auto LR search 2h (threshold-tuned)
LR_20260709_085408,2026-07-09T08:54:10,logistic_regression,Logistic Regression,"{""C"": 2.805822e-06, ""solver"": ""liblinear""}",0.54827655050552,0.022718213959211708,"[0.5723809719173727, 0.5408441259063665, 0.5753539569522874, 0.5376741839887346, 0.5151295137628392]",,,,,,,,0.4305213923536688,2.484,74ab309fcc94,,legacy,ok,auto LR search 2h (threshold-tuned)
LR_20260709_085411,2026-07-09T08:54:13,logistic_regression,Logistic Regression,"{""C"": 4.1283e-08, ""solver"": ""liblinear""}",0.5482546756640864,0.022697044884073488,"[0.5723398800061535, 0.5408497930528632, 0.5753539569522874, 0.5375038151067704, 0.5152259332023575]",,,,,,,,0.4984186661055433,1.881,74ab309fcc94,,legacy,ok,auto LR search 2h (threshold-tuned)
LR_20260709_085414,2026-07-09T08:54:22,logistic_regression,Logistic Regression,"{""C"": 858.355281765234, ""solver"": ""liblinear""}",0.5476876026521331,0.021790639215278827,"[0.5722488823264017, 0.5408583556044647, 0.573338494209706, 0.533909970842953, 0.5180823102771401]",,,,,,,,0.3294397004112236,8.273,74ab309fcc94,,legacy,ok,auto LR search 2h (threshold-tuned)
LR_20260709_085423,2026-07-09T08:54:27,logistic_regression,Logistic Regression,"{""C"": 1.8797176e-05, ""solver"": ""liblinear""}",0.5481243280406825,0.022759524709382646,"[0.5723695009848982, 0.5408611277021576, 0.5752249531667468, 0.5371128918466415, 0.515053166502968]",,,,,,,,0.35309741429989877,3.484,74ab309fcc94,,legacy,ok,auto LR search 2h (threshold-tuned)
LR_20260709_085428,2026-07-09T08:54:31,logistic_regression,Logistic Regression,"{""C"": 78.953559565038, ""solver"": ""lbfgs""}",0.5475459247959302,0.021794928381530125,"[0.572222792081239, 0.5408526871803471, 0.5731536026498396, 0.5333493859860342, 0.5181511560821905]",,,,,,,,0.338839552815411,3.011,74ab309fcc94,,legacy,ok,auto LR search 2h (threshold-tuned)
LR_20260709_085431,2026-07-09T08:54:33,logistic_regression,Logistic Regression,"{""C"": 3.830267e-06, ""solver"": ""lbfgs""}",0.5482835686637526,0.022724770817674968,"[0.5724103268952643, 0.5408441259063665, 0.5753598428660577, 0.5376685337172522, 0.5151350139338223]",,,,,,,,0.41604375831956786,1.581,74ab309fcc94,,legacy,ok,auto LR search 2h (threshold-tuned)
LR_20260709_085434,2026-07-09T08:54:43,logistic_regression,Logistic Regression,"{""C"": 0.542835617239, ""solver"": ""liblinear""}",0.5476732835276928,0.021772006908255048,"[0.5721861382882513, 0.5408430628628922, 0.5733266377921453, 0.5339258616952092, 0.5180847169999667]",,,,,,,,0.35068877309964497,9.15,74ab309fcc94,,legacy,ok,auto LR search 2h (threshold-tuned)
LR_20260709_085444,2026-07-09T08:54:48,logistic_regression,Logistic Regression,"{""C"": 168.960322930787, ""solver"": ""lbfgs""}",0.5475400154751888,0.021802900015117463,"[0.572222792081239, 0.5408526871803471, 0.5731536026498396, 0.5333493859860342, 0.5181216094784837]",,,,,,,,0.3388098081512222,3.36,74ab309fcc94,,legacy,ok,auto LR search 2h (threshold-tuned)
LR_20260709_085449,2026-07-09T08:54:52,logistic_regression,Logistic Regression,"{""C"": 100.57803092045, ""solver"": ""lbfgs""}",0.5475459247959302,0.021794928381530125,"[0.572222792081239, 0.5408526871803471, 0.5731536026498396, 0.5333493859860342, 0.5181511560821905]",,,,,,,,0.33883249997641623,3.338,74ab309fcc94,,legacy,ok,auto LR search 2h (threshold-tuned)
LR_20260709_085454,2026-07-09T08:54:56,logistic_regression,Logistic Regression,"{""C"": 0.000437321673, ""solver"": ""lbfgs""}",0.5483208259852066,0.021571182659987528,"[0.57216404976053, 0.5407439237839707, 0.574633822950548, 0.5341655148583275, 0.5198968185726569]",,,,,,,,0.3442173264653232,2.448,74ab309fcc94,,legacy,ok,auto LR search 2h (threshold-tuned)
LR_20260709_085457,2026-07-09T08:55:00,logistic_regression,Logistic Regression,"{""C"": 5.91855e-07, ""solver"": ""liblinear""}",0.5482435209971598,0.022708627722075016,"[0.5723457499179521, 0.5408441259063665, 0.5753362999335072, 0.5375192068871161, 0.5151722223408571]",,,,,,,,0.4795779705956817,2.446,74ab309fcc94,,legacy,ok,auto LR search 2h (threshold-tuned)
LR_20260709_085501,2026-07-09T08:55:04,logistic_regression,Logistic Regression,"{""C"": 985.69414694967, ""solver"": ""lbfgs""}",0.5475400154751888,0.021802900015117463,"[0.572222792081239, 0.5408526871803471, 0.5731536026498396, 0.5333493859860342, 0.5181216094784837]",,,,,,,,0.3387971285909517,2.769,74ab309fcc94,,legacy,ok,auto LR search 2h (threshold-tuned)
LR_20260709_085505,2026-07-09T08:55:06,logistic_regression,Logistic Regression,"{""C"": 1.739e-08, ""solver"": ""liblinear""}",0.5482546756640864,0.022697044884073488,"[0.5723398800061535, 0.5408497930528632, 0.5753539569522874, 0.5375038151067704, 0.5152259332023575]",,,,,,,,0.4993303496543782,1.902,74ab309fcc94,,legacy,ok,auto LR search 2h (threshold-tuned)
LR_20260709_085507,2026-07-09T08:55:10,logistic_regression,Logistic Regression,"{""C"": 2.280066e-06, ""solver"": ""liblinear""}",0.5482798806754521,0.022714476637984357,"[0.5723809719173727, 0.5408441259063665, 0.5753539569522874, 0.5376798343789737, 0.5151405142222601]",,,,,,,,0.4393795681700624,2.637,74ab309fcc94,,legacy,ok,auto LR search 2h (threshold-tuned)
LR_20260709_085511,2026-07-09T08:55:13,logistic_regression,Logistic Regression,"{""C"": 7.4317e-08, ""solver"": ""liblinear""}",0.5482515049330698,0.02270165934904565,"[0.5723398800061535, 0.5408497930528632, 0.5753539569522874, 0.5375038151067704, 0.5152100795472746]",,,,,,,,0.49717391090322527,1.996,74ab309fcc94,,legacy,ok,auto LR search 2h (threshold-tuned)
LR_20260709_085514,2026-07-09T08:55:15,logistic_regression,Logistic Regression,"{""C"": 9.092815e-06, ""solver"": ""lbfgs""}",0.5481843829458148,0.022783434331828518,"[0.5724369299586544, 0.5408458378740884, 0.5753539569522874, 0.5371770304702141, 0.5151081594738304]",,,,,,,,0.3793976845915148,1.501,74ab309fcc94,,legacy,ok,auto LR search 2h (threshold-tuned)
LR_20260709_085516,2026-07-09T08:55:18,logistic_regression,Logistic Regression,"{""C"": 5.8339e-08, ""solver"": ""liblinear""}",0.5482515049330698,0.02270165934904565,"[0.5723398800061535, 0.5408497930528632, 0.5753539569522874, 0.5375038151067704, 0.5152100795472746]",,,,,,,,0.49777372247233276,1.887,74ab309fcc94,,legacy,ok,auto LR search 2h (threshold-tuned)
LR_20260709_085519,2026-07-09T08:55:22,logistic_regression,Logistic Regression,"{""C"": 0.048234101478, ""solver"": ""lbfgs""}",0.5476124190794023,0.021940020251369024,"[0.5720891519467308, 0.5408526871803471, 0.5737911761332235, 0.5331902263791385, 0.5181388537575717]",,,,,,,,0.3519192916855915,2.708,74ab309fcc94,,legacy,ok,auto LR search 2h (threshold-tuned)
GB_20260709_085100,2026-07-09T08:55:23,gradient_boosting,Gradient Boosting,"{""n_estimators"": 40, ""learning_rate"": 0.1, ""max_depth"": 5, ""subsample"": 0.5}",0.5398910964197106,0.019267846999108666,"[0.5677384767219427, 0.5312766610927209, 0.5570932907099139, 0.5168315551244747, 0.5265154984495009]",,,,,,,,0.4226709467547044,263.721,74ab309fcc94,,legacy,ok,auto GB search 3h ext (threshold-tuned)
LR_20260709_085523,2026-07-09T08:55:26,logistic_regression,Logistic Regression,"{""C"": 0.051688239418, ""solver"": ""lbfgs""}",0.5477260006172974,0.021882151747712585,"[0.5721214612341365, 0.5408526871803471, 0.5737942541321237, 0.5337457388993564, 0.5181158616405227]",,,,,,,,0.3510797274485019,2.882,74ab309fcc94,,legacy,ok,auto LR search 2h (threshold-tuned)
LR_20260709_085527,2026-07-09T08:55:35,logistic_regression,Logistic Regression,"{""C"": 2.091223740777, ""solver"": ""liblinear""}",0.5476897789123871,0.02178896176605073,"[0.5722547501615004, 0.5408430628628922, 0.5733415631832781, 0.533909970842953, 0.5180995475113123]",,,,,,,,0.3308500254611566,8.128,74ab309fcc94,,legacy,ok,auto LR search 2h (threshold-tuned)
LR_20260709_085536,2026-07-09T08:55:39,logistic_regression,Logistic Regression,"{""C"": 8.783743e-06, ""solver"": ""liblinear""}",0.5481890265369259,0.022779321451117517,"[0.5724310571240971, 0.5408441259063665, 0.5753539569522874, 0.537207833228048, 0.5151081594738304]",,,,,,,,0.38066265371136077,2.897,74ab309fcc94,,legacy,ok,auto LR search 2h (threshold-tuned)
LR_20260709_085539,2026-07-09T08:55:46,logistic_regression,Logistic Regression,"{""C"": 0.003482790966, ""solver"": ""liblinear""}",0.5481705167491155,0.021515317438465652,"[0.5719550737618003, 0.5408401705908857, 0.5742734625647629, 0.5342467233573567, 0.5195371534707721]",,,,,,,,0.35276063615799036,6.111,74ab309fcc94,,legacy,ok,auto LR search 2h (threshold-tuned)
LR_20260709_085547,2026-07-09T08:55:55,logistic_regression,Logistic Regression,"{""C"": 586.760102433176, ""solver"": ""liblinear""}",0.5476887517755894,0.02178907805347874,"[0.5722488823264017, 0.5408583556044647, 0.573338494209706, 0.533909970842953, 0.5180880558944216]",,,,,,,,0.3294417327626887,8.775,74ab309fcc94,,legacy,ok,auto LR search 2h (threshold-tuned)
LR_20260709_085556,2026-07-09T08:55:59,logistic_regression,Logistic Regression,"{""C"": 0.042002882834, ""solver"": ""lbfgs""}",0.5476106384706008,0.021962666471729723,"[0.5720861890034011, 0.5408526871803471, 0.5738410699579898, 0.5331639358626128, 0.5181093103486527]",,,,,,,,0.3516497209665944,2.992,74ab309fcc94,,legacy,ok,auto LR search 2h (threshold-tuned)
LR_20260709_085600,2026-07-09T08:56:03,logistic_regression,Logistic Regression,"{""C"": 0.002073221993, ""solver"": ""lbfgs""}",0.5481762043255258,0.021379174263367384,"[0.5721789084940501, 0.5408345034264518, 0.5737603974242567, 0.5344168879103801, 0.5196903243724903]",,,,,,,,0.33868938393859943,2.501,74ab309fcc94,,legacy,ok,auto LR search 2h (threshold-tuned)
LR_20260709_085604,2026-07-09T08:56:07,logistic_regression,Logistic Regression,"{""C"": 64.159219758144, ""solver"": ""lbfgs""}",0.5475459247959302,0.021794928381530125,"[0.572222792081239, 0.5408526871803471, 0.5731536026498396, 0.5333493859860342, 0.5181511560821905]",,,,,,,,0.3388471143598414,3.192,74ab309fcc94,,legacy,ok,auto LR search 2h (threshold-tuned)
LR_20260709_085608,2026-07-09T08:56:12,logistic_regression,Logistic Regression,"{""C"": 6.0915935e-05, ""solver"": ""liblinear""}",0.5489638483567498,0.021534880951533397,"[0.5722667870258293, 0.5408186791305988, 0.5752204233356886, 0.5372678654145787, 0.519245486877054]",,,,,,,,0.3366636056066901,3.579,74ab309fcc94,,legacy,ok,auto LR search 2h (threshold-tuned)
LR_20260709_085613,2026-07-09T08:56:15,logistic_regression,Logistic Regression,"{""C"": 5.15395e-07, ""solver"": ""liblinear""}",0.5482522012784713,0.02270837292378107,"[0.5723457499179521, 0.5408441259063665, 0.5753539569522874, 0.5375345983434892, 0.5151825752722614]",,,,,,,,0.4821039845949116,2.199,74ab309fcc94,,legacy,ok,auto LR search 2h (threshold-tuned)
LR_20260709_085616,2026-07-09T08:56:18,logistic_regression,Logistic Regression,"{""C"": 1.405027e-06, ""solver"": ""liblinear""}",0.5482787734732171,0.022705379937336973,"[0.5723574901027672, 0.5408441259063665, 0.5753539569522874, 0.5376854848879734, 0.5151528095166905]",,,,,,,,0.45748116637978936,2.464,74ab309fcc94,,legacy,ok,auto LR search 2h (threshold-tuned)
LR_20260709_085619,2026-07-09T08:56:22,logistic_regression,Logistic Regression,"{""C"": 1.1583233e-05, ""solver"": ""liblinear""}",0.5481505634182524,0.022738293180363377,"[0.5723899506560387, 0.5408497930528632, 0.5752038349653787, 0.5372175780674233, 0.5150916603495586]",,,,,,,,0.37249535646296683,2.739,74ab309fcc94,,legacy,ok,auto LR search 2h (threshold-tuned)
LR_20260709_085623,2026-07-09T08:56:25,logistic_regression,Logistic Regression,"{""C"": 0.000204356278, ""solver"": ""lbfgs""}",0.5483074711283388,0.021782503943553924,"[0.5722315677183769, 0.5408265917759987, 0.5748283468481064, 0.5344983623513188, 0.5191524869478931]",,,,,,,,0.3459157510069986,1.769,74ab309fcc94,,legacy,ok,auto LR search 2h (threshold-tuned)
LR_20260709_085626,2026-07-09T08:56:27,logistic_regression,Logistic Regression,"{""C"": 6.1268e-07, ""solver"": ""lbfgs""}",0.5482425132273715,0.02270706747650371,"[0.5723457499179521, 0.5408441259063665, 0.5753362999335072, 0.5375038151067704, 0.5151825752722614]",,,,,,,,0.47893052498731575,1.355,74ab309fcc94,,legacy,ok,auto LR search 2h (threshold-tuned)
LR_20260709_085628,2026-07-09T08:56:31,logistic_regression,Logistic Regression,"{""C"": 0.161812200552, ""solver"": ""lbfgs""}",0.5475139888176035,0.02184414295188396,"[0.5722473294987674, 0.5408526871803471, 0.5731955304920232, 0.5331535915477521, 0.5181208053691275]",,,,,,,,0.3501902276870609,2.802,74ab309fcc94,,legacy,ok,auto LR search 2h (threshold-tuned)
LR_20260709_085632,2026-07-09T08:56:38,logistic_regression,Logistic Regression,"{""C"": 0.006718682294, ""solver"": ""liblinear""}",0.548112015363935,0.02134446724088241,"[0.572005148005148, 0.5408685081946598, 0.5737290613643009, 0.5342282458563536, 0.5197291133992122]",,,,,,,,0.35550059183499966,6.362,74ab309fcc94,,legacy,ok,auto LR search 2h (threshold-tuned)
LR_20260709_085639,2026-07-09T08:56:41,logistic_regression,Logistic Regression,"{""C"": 0.00373220041, ""solver"": ""lbfgs""}",0.5482730428882353,0.02140083508809975,"[0.571958036918452, 0.5408401705908857, 0.5742882654650414, 0.5343399323893767, 0.5199388090774203]",,,,,,,,0.3526625023636604,2.494,74ab309fcc94,,legacy,ok,auto LR search 2h (threshold-tuned)
LR_20260709_085642,2026-07-09T08:56:45,logistic_regression,Logistic Regression,"{""C"": 361.574460760821, ""solver"": ""lbfgs""}",0.5475400154751888,0.021802900015117463,"[0.572222792081239, 0.5408526871803471, 0.5731536026498396, 0.5333493859860342, 0.5181216094784837]",,,,,,,,0.338801653346405,2.812,74ab309fcc94,,legacy,ok,auto LR search 2h (threshold-tuned)
LR_20260709_085646,2026-07-09T08:56:53,logistic_regression,Logistic Regression,"{""C"": 0.007715413365, ""solver"": ""liblinear""}",0.5481502026563654,0.02127318173813852,"[0.5720137923935978, 0.5408741760717617, 0.573686958337684, 0.5341934925205117, 0.5199825939582713]",,,,,,,,0.35497791459710226,7.218,74ab309fcc94,,legacy,ok,auto LR search 2h (threshold-tuned)
LR_20260709_085654,2026-07-09T08:56:57,logistic_regression,Logistic Regression,"{""C"": 4.1882e-07, ""solver"": ""liblinear""}",0.5482492152516094,0.02270666638348884,"[0.5723457499179521, 0.5408441259063665, 0.5753539569522874, 0.5375038151067704, 0.5151984283746703]",,,,,,,,0.4851703123851291,2.369,74ab309fcc94,,legacy,ok,auto LR search 2h (threshold-tuned)
LR_20260709_085658,2026-07-09T08:56:59,logistic_regression,Logistic Regression,"{""C"": 1.405027e-06, ""solver"": ""lbfgs""}",0.5482775994426947,0.0227041349827667,"[0.5723516199501554, 0.5408441259063665, 0.5753539569522874, 0.5376854848879734, 0.5151528095166905]",,,,,,,,0.457394903119524,1.53,74ab309fcc94,,legacy,ok,auto LR search 2h (threshold-tuned)
LR_20260709_085700,2026-07-09T08:57:09,logistic_regression,Logistic Regression,"{""C"": 6835.865228515693, ""solver"": ""liblinear""}",0.5476887517755894,0.02178907805347874,"[0.5722488823264017, 0.5408583556044647, 0.573338494209706, 0.533909970842953, 0.5180880558944216]",,,,,,,,0.329439626611759,8.503,74ab309fcc94,,legacy,ok,auto LR search 2h (threshold-tuned)
LR_20260709_085710,2026-07-09T08:57:11,logistic_regression,Logistic Regression,"{""C"": 7.389001e-06, ""solver"": ""lbfgs""}",0.5481697301144404,0.022784113264262384,"[0.5723811086947602, 0.5408441259063665, 0.5753539569522874, 0.5372175780674233, 0.5150518809513642]",,,,,,,,0.3879347377340483,1.583,74ab309fcc94,,legacy,ok,auto LR search 2h (threshold-tuned)
LR_20260709_085712,2026-07-09T08:57:14,logistic_regression,Logistic Regression,"{""C"": 2.822e-08, ""solver"": ""liblinear""}",0.5482546756640864,0.022697044884073488,"[0.5723398800061535, 0.5408497930528632, 0.5753539569522874, 0.5375038151067704, 0.5152259332023575]",,,,,,,,0.4989159155993989,1.97,74ab309fcc94,,legacy,ok,auto LR search 2h (threshold-tuned)
LR_20260709_085715,2026-07-09T08:57:24,logistic_regression,Logistic Regression,"{""C"": 1255.664430282534, ""solver"": ""liblinear""}",0.5476876026521331,0.021790639215278827,"[0.5722488823264017, 0.5408583556044647, 0.573338494209706, 0.533909970842953, 0.5180823102771401]",,,,,,,,0.3294411295192196,8.935,74ab309fcc94,,legacy,ok,auto LR search 2h (threshold-tuned)
LR_20260709_085725,2026-07-09T08:57:28,logistic_regression,Logistic Regression,"{""C"": 0.009494494337, ""solver"": ""lbfgs""}",0.548080010683967,0.021386289599322754,"[0.5720344217070861, 0.5408741760717617, 0.5736565201052236, 0.5343761799449809, 0.519458755590783]",,,,,,,,0.353573245787233,2.917,74ab309fcc94,,legacy,ok,auto LR search 2h (threshold-tuned)
LR_20260709_085729,2026-07-09T08:57:33,logistic_regression,Logistic Regression,"{""C"": 9.5493755e-05, ""solver"": ""liblinear""}",0.5483439149831195,0.021889906660615726,"[0.5722667268419271, 0.5408056335666681, 0.5753200204813108, 0.5336967617227374, 0.5196304323029542]",,,,,,,,0.34603030311481886,4.202,74ab309fcc94,,legacy,ok,auto LR search 2h (threshold-tuned)
LR_20260709_085734,2026-07-09T08:57:36,logistic_regression,Logistic Regression,"{""C"": 3.06802e-07, ""solver"": ""lbfgs""}",0.5482429296648306,0.0227128620732701,"[0.5723398800061535, 0.5408441259063665, 0.5753539569522874, 0.5375038151067704, 0.5151728703525744]",,,,,,,,0.48889197105948445,1.507,74ab309fcc94,,legacy,ok,auto LR search 2h (threshold-tuned)
LR_20260709_085737,2026-07-09T08:57:39,logistic_regression,Logistic Regression,"{""C"": 0.00545973375, ""solver"": ""lbfgs""}",0.5481105810380195,0.02133864097514116,"[0.5719727386908806, 0.5408685081946598, 0.5737162423141565, 0.5343353200310962, 0.519660095959304]",,,,,,,,0.3558409137792924,2.593,74ab309fcc94,,legacy,ok,auto LR search 2h (threshold-tuned)
LR_20260709_085740,2026-07-09T08:57:49,logistic_regression,Logistic Regression,"{""C"": 4212.410273951252, ""solver"": ""liblinear""}",0.5476887517755894,0.02178907805347874,"[0.5722488823264017, 0.5408583556044647, 0.573338494209706, 0.533909970842953, 0.5180880558944216]",,,,,,,,0.3294380440020846,8.43,74ab309fcc94,,legacy,ok,auto LR search 2h (threshold-tuned)
LR_20260709_085750,2026-07-09T08:57:51,logistic_regression,Logistic Regression,"{""C"": 0.000117513459, ""solver"": ""lbfgs""}",0.5483369595696542,0.021598357444535303,"[0.5722256982552594, 0.5408226355776788, 0.5746326774310784, 0.534194717371844, 0.5198090692124105]",,,,,,,,0.35396899583492253,1.713,74ab309fcc94,,legacy,ok,auto LR search 2h (threshold-tuned)
LR_20260709_085752,2026-07-09T08:57:55,logistic_regression,Logistic Regression,"{""C"": 0.078273908683, ""solver"": ""lbfgs""}",0.547492215591628,0.021803521859247034,"[0.5721009577835326, 0.5408679795005082, 0.5731895223420647, 0.5331711219982683, 0.518131496333766]",,,,,,,,0.35246589262241085,2.888,74ab309fcc94,,legacy,ok,auto LR search 2h (threshold-tuned)
LR_20260709_085756,2026-07-09T08:57:59,logistic_regression,Logistic Regression,"{""C"": 2.443346e-06, ""solver"": ""liblinear""}",0.5482765805728615,0.022719291782941027,"[0.5723809719173727, 0.5408441259063665, 0.5753539569522874, 0.5376798343789737, 0.5151240137093072]",,,,,,,,0.4364741950750727,2.43,74ab309fcc94,,legacy,ok,auto LR search 2h (threshold-tuned)
LR_20260709_085800,2026-07-09T08:58:09,logistic_regression,Logistic Regression,"{""C"": 19.125024602462, ""solver"": ""liblinear""}",0.5476876271211839,0.021793523310298654,"[0.5722547501615004, 0.5408583556044647, 0.573338494209706, 0.533909970842953, 0.5180765647872954]",,,,,,,,0.32957401503698724,8.919,74ab309fcc94,,legacy,ok,auto LR search 2h (threshold-tuned)
LR_20260709_085810,2026-07-09T08:58:12,logistic_regression,Logistic Regression,"{""C"": 0.00100288599, ""solver"": ""lbfgs""}",0.5483416188712427,0.02152917763950996,"[0.5721582342745203, 0.5408288363807827, 0.574524903738666, 0.5343682863897915, 0.5198278335724533]",,,,,,,,0.3355346663186509,2.436,74ab309fcc94,,legacy,ok,auto LR search 2h (threshold-tuned)
LR_20260709_085813,2026-07-09T08:58:19,logistic_regression,Logistic Regression,"{""C"": 0.001417226613, ""solver"": ""liblinear""}",0.5483179190535151,0.021471323150487345,"[0.5721818163166911, 0.5408401705908857, 0.5743178703434528, 0.5343842790044809, 0.519865459012065]",,,,,,,,0.33767452651365903,5.728,74ab309fcc94,,legacy,ok,auto LR search 2h (threshold-tuned)
LR_20260709_085820,2026-07-09T08:58:29,logistic_regression,Logistic Regression,"{""C"": 1655.860627370256, ""solver"": ""liblinear""}",0.5476876026521331,0.021790639215278827,"[0.5722488823264017, 0.5408583556044647, 0.573338494209706, 0.533909970842953, 0.5180823102771401]",,,,,,,,0.32943797875517555,8.878,74ab309fcc94,,legacy,ok,auto LR search 2h (threshold-tuned)
LR_20260709_085830,2026-07-09T08:58:33,logistic_regression,Logistic Regression,"{""C"": 0.096322924981, ""solver"": ""lbfgs""}",0.5475060885619166,0.021818892993276596,"[0.5721655311321433, 0.5408526871803471, 0.5732015387679374, 0.5331652783866725, 0.5181454073424828]",,,,,,,,0.3524892187030188,3.228,74ab309fcc94,,legacy,ok,auto LR search 2h (threshold-tuned)
LR_20260709_085835,2026-07-09T08:58:43,logistic_regression,Logistic Regression,"{""C"": 0.00373220041, ""solver"": ""liblinear""}",0.5482001843608538,0.02147397170395721,"[0.5719668502599475, 0.5408401705908857, 0.5742526969360314, 0.5342681820146061, 0.5196730220027981]",,,,,,,,0.3528142290676815,8.163,74ab309fcc94,,legacy,ok,auto LR search 2h (threshold-tuned)
LR_20260709_085844,2026-07-09T08:58:46,logistic_regression,Logistic Regression,"{""C"": 0.911905714874, ""solver"": ""lbfgs""}",0.5475541207049031,0.021800620580127154,"[0.5722374373019048, 0.5408583556044647, 0.5731684309820774, 0.5333552235538773, 0.5181511560821905]",,,,,,,,0.33930330332496295,2.795,74ab309fcc94,,legacy,ok,auto LR search 2h (threshold-tuned)
LR_20260709_085847,2026-07-09T08:58:56,logistic_regression,Logistic Regression,"{""C"": 1.011594030384, ""solver"": ""liblinear""}",0.5476885667121448,0.021784679037786005,"[0.5722489412102505, 0.5408430628628922, 0.5733355651336988, 0.533909970842953, 0.5181052935109297]",,,,,,,,0.3322826040296788,8.94,74ab309fcc94,,legacy,ok,auto LR search 2h (threshold-tuned)
LR_20260709_085857,2026-07-09T08:59:01,logistic_regression,Logistic Regression,"{""C"": 0.371075112069, ""solver"": ""lbfgs""}",0.5475142851701496,0.021828267665973365,"[0.572259204470743, 0.5408583556044647, 0.5731536026498396, 0.5331433581762385, 0.5181569049494624]",,,,,,,,0.35075673590683787,3.136,74ab309fcc94,,legacy,ok,auto LR search 2h (threshold-tuned)
LR_20260709_085902,2026-07-09T08:59:04,logistic_regression,Logistic Regression,"{""C"": 2260.438735743676, ""solver"": ""lbfgs""}",0.5475400154751888,0.021802900015117463,"[0.572222792081239, 0.5408526871803471, 0.5731536026498396, 0.5333493859860342, 0.5181216094784837]",,,,,,,,0.33879565110118026,2.991,74ab309fcc94,,legacy,ok,auto LR search 2h (threshold-tuned)
LR_20260709_085905,2026-07-09T08:59:08,logistic_regression,Logistic Regression,"{""C"": 2.76568e-07, ""solver"": ""liblinear""}",0.5482429296648306,0.0227128620732701,"[0.5723398800061535, 0.5408441259063665, 0.5753539569522874, 0.5375038151067704, 0.5151728703525744]",,,,,,,,0.4899276272728814,2.135,74ab309fcc94,,legacy,ok,auto LR search 2h (threshold-tuned)
LR_20260709_085909,2026-07-09T08:59:15,logistic_regression,Logistic Regression,"{""C"": 0.003032859666, ""solver"": ""liblinear""}",0.5477529842382799,0.021823748915804384,"[0.5719726994780783, 0.5408345034264518, 0.5737552592840065, 0.5342622596673148, 0.5179401993355481]",,,,,,,,0.3516941955868079,6.516,74ab309fcc94,,legacy,ok,auto LR search 2h (threshold-tuned)
LR_20260709_085916,2026-07-09T08:59:19,logistic_regression,Logistic Regression,"{""C"": 0.213383803396, ""solver"": ""lbfgs""}",0.5474950989784559,0.02180710988465934,"[0.5721713040976532, 0.5408526871803471, 0.5731444022889722, 0.5331608886745509, 0.5181462126507561]",,,,,,,,0.3516323891677001,2.771,74ab309fcc94,,legacy,ok,auto LR search 2h (threshold-tuned)
LR_20260709_085920,2026-07-09T08:59:23,logistic_regression,Logistic Regression,"{""C"": 2687.11719651444, ""solver"": ""lbfgs""}",0.5475400154751888,0.021802900015117463,"[0.572222792081239, 0.5408526871803471, 0.5731536026498396, 0.5333493859860342, 0.5181216094784837]",,,,,,,,0.3387954697508381,2.765,74ab309fcc94,,legacy,ok,auto LR search 2h (threshold-tuned)
LR_20260709_085924,2026-07-09T08:59:30,logistic_regression,Logistic Regression,"{""C"": 0.004921700068, ""solver"": ""liblinear""}",0.5480708788256768,0.02136755845941293,"[0.5720051064530741, 0.5408186791305988, 0.573695529618107, 0.5341932132963989, 0.5196418656302054]",,,,,,,,0.35888615021185566,6.133,74ab309fcc94,,legacy,ok,auto LR search 2h (threshold-tuned)
LR_20260709_085931,2026-07-09T08:59:32,logistic_regression,Logistic Regression,"{""C"": 2.2932e-08, ""solver"": ""liblinear""}",0.5482546756640864,0.022697044884073488,"[0.5723398800061535, 0.5408497930528632, 0.5753539569522874, 0.5375038151067704, 0.5152259332023575]",,,,,,,,0.49911802419867596,1.811,74ab309fcc94,,legacy,ok,auto LR search 2h (threshold-tuned)
LR_20260709_085933,2026-07-09T08:59:36,logistic_regression,Logistic Regression,"{""C"": 5952.760338985107, ""solver"": ""lbfgs""}",0.5475400154751888,0.021802900015117463,"[0.572222792081239, 0.5408526871803471, 0.5731536026498396, 0.5333493859860342, 0.5181216094784837]",,,,,,,,0.3387949427586324,2.954,74ab309fcc94,,legacy,ok,auto LR search 2h (threshold-tuned)
LR_20260709_085937,2026-07-09T08:59:39,logistic_regression,Logistic Regression,"{""C"": 2.360295e-06, ""solver"": ""lbfgs""}",0.5482731323560162,0.022718405981860708,"[0.5723692307692307, 0.5408441259063665, 0.5753539569522874, 0.5376798343789737, 0.5151185137732223]",,,,,,,,0.43772825767111884,1.453,74ab309fcc94,,legacy,ok,auto LR search 2h (threshold-tuned)
LR_20260709_085940,2026-07-09T08:59:41,logistic_regression,Logistic Regression,"{""C"": 5.051022e-06, ""solver"": ""lbfgs""}",0.5481777958943842,0.022779623259862773,"[0.5724132979105335, 0.5408441259063665, 0.5753539569522874, 0.5371713747249391, 0.5151062239777944]",,,,,,,,0.4061611567639756,1.487,74ab309fcc94,,legacy,ok,auto LR search 2h (threshold-tuned)
LR_20260709_085942,2026-07-09T08:59:50,logistic_regression,Logistic Regression,"{""C"": 0.943992863076, ""solver"": ""liblinear""}",0.5476905956826725,0.02178423068432456,"[0.5722489412102505, 0.5408430628628922, 0.5733355651336988, 0.5339258616952092, 0.5180995475113123]",,,,,,,,0.33246515874595334,8.263,74ab309fcc94,,legacy,ok,auto LR search 2h (threshold-tuned)
LR_20260709_085951,2026-07-09T08:59:55,logistic_regression,Logistic Regression,"{""C"": 3.6261796e-05, ""solver"": ""liblinear""}",0.548732547912107,0.02189211943261218,"[0.5723460133776519, 0.5408073440643864, 0.5752380952380952, 0.5372068780338848, 0.5180644088465163]",,,,,,,,0.34777015494113556,3.408,74ab309fcc94,,legacy,ok,auto LR search 2h (threshold-tuned)
LR_20260709_085956,2026-07-09T08:59:58,logistic_regression,Logistic Regression,"{""C"": 3.636644729445, ""solver"": ""lbfgs""}",0.547548232403539,0.021795909537741184,"[0.5722286616951656, 0.5408583556044647, 0.5731536026498396, 0.5333493859860342, 0.5181511560821905]",,,,,,,,0.33937824518663806,2.883,74ab309fcc94,,legacy,ok,auto LR search 2h (threshold-tuned)
LR_20260709_085959,2026-07-09T09:00:02,logistic_regression,Logistic Regression,"{""C"": 1.4254186e-05, ""solver"": ""liblinear""}",0.5481250905087043,0.022762187437860303,"[0.5723958226471614, 0.5408667952049627, 0.5752066454302425, 0.537107236121641, 0.5150489531395138]",,,,,,,,0.3648530163327743,2.971,74ab309fcc94,,legacy,ok,auto LR search 2h (threshold-tuned)
LR_20260709_090003,2026-07-09T09:00:12,logistic_regression,Logistic Regression,"{""C"": 2.757723299207, ""solver"": ""liblinear""}",0.5476928374607016,0.021788001520048266,"[0.5722547501615004, 0.5408583556044647, 0.5733415631832781, 0.533909970842953, 0.5180995475113123]",,,,,,,,0.3305224721895779,8.398,74ab309fcc94,,legacy,ok,auto LR search 2h (threshold-tuned)
LR_20260709_090013,2026-07-09T09:00:18,logistic_regression,Logistic Regression,"{""C"": 0.000343296667, ""solver"": ""liblinear""}",0.5481855499130235,0.021684388599524183,"[0.5721523141453609, 0.5407592177248621, 0.5745060230971781, 0.5341784200051917, 0.5193317745925248]",,,,,,,,0.34513085336555954,5.064,74ab309fcc94,,legacy,ok,auto LR search 2h (threshold-tuned)
LR_20260709_090019,2026-07-09T09:00:27,logistic_regression,Logistic Regression,"{""C"": 0.07056034586, ""solver"": ""liblinear""}",0.5476958843992902,0.021752149804248,"[0.572080357601603, 0.5408526871803471, 0.5734303760404902, 0.5339854255226859, 0.5181305756513248]",,,,,,,,0.35029682450402766,8.334,74ab309fcc94,,legacy,ok,auto LR search 2h (threshold-tuned)
LR_20260709_090028,2026-07-09T09:00:31,logistic_regression,Logistic Regression,"{""C"": 55.870682933204, ""solver"": ""lbfgs""}",0.5475459247959302,0.021794928381530125,"[0.572222792081239, 0.5408526871803471, 0.5731536026498396, 0.5333493859860342, 0.5181511560821905]",,,,,,,,0.3388530970354804,3.02,74ab309fcc94,,legacy,ok,auto LR search 2h (threshold-tuned)
LR_20260709_090032,2026-07-09T09:00:43,logistic_regression,Logistic Regression,"{""C"": 2339.976599727268, ""solver"": ""liblinear""}",0.5476887517755894,0.02178907805347874,"[0.5722488823264017, 0.5408583556044647, 0.573338494209706, 0.533909970842953, 0.5180880558944216]",,,,,,,,0.3294403310145881,10.43,74ab309fcc94,,legacy,ok,auto LR search 2h (threshold-tuned)
LR_20260709_090044,2026-07-09T09:00:48,logistic_regression,Logistic Regression,"{""C"": 1.2306e-08, ""solver"": ""liblinear""}",0.5482546756640864,0.022697044884073488,"[0.5723398800061535, 0.5408497930528632, 0.5753539569522874, 0.5375038151067704, 0.5152259332023575]",,,,,,,,0.49952558794024426,3.137,74ab309fcc94,,legacy,ok,auto LR search 2h (threshold-tuned)
LR_20260709_090049,2026-07-09T09:01:02,logistic_regression,Logistic Regression,"{""C"": 25.220412773482, ""solver"": ""liblinear""}",0.5476876026521331,0.021790639215278827,"[0.5722488823264017, 0.5408583556044647, 0.573338494209706, 0.533909970842953, 0.5180823102771401]",,,,,,,,0.3295372948636822,12.943,74ab309fcc94,,legacy,ok,auto LR search 2h (threshold-tuned)
LR_20260709_090104,2026-07-09T09:01:06,logistic_regression,Logistic Regression,"{""C"": 1.8002e-08, ""solver"": ""liblinear""}",0.5482546756640864,0.022697044884073488,"[0.5723398800061535, 0.5408497930528632, 0.5753539569522874, 0.5375038151067704, 0.5152259332023575]",,,,,,,,0.49930687702808607,2.324,74ab309fcc94,,legacy,ok,auto LR search 2h (threshold-tuned)
LR_20260709_090107,2026-07-09T09:01:09,logistic_regression,Logistic Regression,"{""C"": 2.7497874e-05, ""solver"": ""lbfgs""}",0.5487096849119196,0.021895575139854268,"[0.5723636289023627, 0.5408073440643864, 0.5751858907392614, 0.5371493555724033, 0.5180422052811844]",,,,,,,,0.35516119759660786,1.817,74ab309fcc94,,legacy,ok,auto LR search 2h (threshold-tuned)
LR_20260709_090110,2026-07-09T09:01:13,logistic_regression,Logistic Regression,"{""C"": 0.97720905901, ""solver"": ""lbfgs""}",0.5475182087514682,0.021828365977292097,"[0.5722491768302065, 0.5408583556044647, 0.5731685586407136, 0.5331637965997654, 0.5181511560821905]",,,,,,,,0.33971198164686023,2.799,74ab309fcc94,,legacy,ok,auto LR search 2h (threshold-tuned)
LR_20260709_090114,2026-07-09T09:01:15,logistic_regression,Logistic Regression,"{""C"": 8.65808e-07, ""solver"": ""lbfgs""}",0.5482242669617282,0.022745880289148666,"[0.5723516199501554, 0.5408441259063665, 0.5753480711589414, 0.5375192068871161, 0.5150583109060618]",,,,,,,,0.4720826902139386,1.428,74ab309fcc94,,legacy,ok,auto LR search 2h (threshold-tuned)
LR_20260709_090116,2026-07-09T09:01:19,logistic_regression,Logistic Regression,"{""C"": 9.251406409338, ""solver"": ""lbfgs""}",0.547548272665584,0.021797587053197138,"[0.5722345314295093, 0.5408526871803471, 0.5731536026498396, 0.5333493859860342, 0.5181511560821905]",,,,,,,,0.339054994227887,3.028,74ab309fcc94,,legacy,ok,auto LR search 2h (threshold-tuned)
LR_20260709_090120,2026-07-09T09:01:22,logistic_regression,Logistic Regression,"{""C"": 1.59038e-07, ""solver"": ""lbfgs""}",0.5482461005091628,0.022708245721678656,"[0.5723398800061535, 0.5408441259063665, 0.5753539569522874, 0.5375038151067704, 0.5151887245742353]",,,,,,,,0.49406145606822555,1.517,74ab309fcc94,,legacy,ok,auto LR search 2h (threshold-tuned)
LR_20260709_090123,2026-07-09T09:01:28,logistic_regression,Logistic Regression,"{""C"": 0.00015496649, ""solver"": ""liblinear""}",0.548302814643708,0.021746713113612638,"[0.5722256982552594, 0.5408226355776788, 0.5748267252364722, 0.5342275221840059, 0.5194114919651238]",,,,,,,,0.34942825959546786,5.0,74ab309fcc94,,legacy,ok,auto LR search 2h (threshold-tuned)
LR_20260709_090129,2026-07-09T09:01:38,logistic_regression,Logistic Regression,"{""C"": 32.127993591831, ""solver"": ""liblinear""}",0.5476876026521331,0.021790639215278827,"[0.5722488823264017, 0.5408583556044647, 0.573338494209706, 0.533909970842953, 0.5180823102771401]",,,,,,,,0.3295142609578378,8.976,74ab309fcc94,,legacy,ok,auto LR search 2h (threshold-tuned)
GB_20260709_085524,2026-07-09T09:01:41,gradient_boosting,Gradient Boosting,"{""n_estimators"": 40, ""learning_rate"": 0.2, ""max_depth"": 4, ""subsample"": 0.9}",0.5377847074661868,0.020923053458964867,"[0.5691656014236659, 0.5285527883360753, 0.5552443857331572, 0.514132074234376, 0.5218286876036595]",,,,,,,,0.4213199397418211,376.349,74ab309fcc94,,legacy,ok,auto GB search 3h ext (threshold-tuned)
LR_20260709_090139,2026-07-09T09:01:48,logistic_regression,Logistic Regression,"{""C"": 0.035333383856, ""solver"": ""liblinear""}",0.5478574530377986,0.021715784503294595,"[0.5719905667178151, 0.5408430628628922, 0.5738648209148146, 0.5340389078054176, 0.5185499068880538]",,,,,,,,0.35673627926008544,8.312,74ab309fcc94,,legacy,ok,auto LR search 2h (threshold-tuned)
LR_20260709_090149,2026-07-09T09:01:50,logistic_regression,Logistic Regression,"{""C"": 4.64605e-07, ""solver"": ""lbfgs""}",0.5482492152516094,0.02270666638348884,"[0.5723457499179521, 0.5408441259063665, 0.5753539569522874, 0.5375038151067704, 0.5151984283746703]",,,,,,,,0.48369609628759463,1.399,74ab309fcc94,,legacy,ok,auto LR search 2h (threshold-tuned)
LR_20260709_090151,2026-07-09T09:01:54,logistic_regression,Logistic Regression,"{""C"": 0.086830707898, ""solver"": ""lbfgs""}",0.5475376160299238,0.021788469438359805,"[0.5721273906296567, 0.5408679795005082, 0.5732015387679374, 0.533365422482825, 0.5181257487686914]",,,,,,,,0.3521906008424371,3.002,74ab309fcc94,,legacy,ok,auto LR search 2h (threshold-tuned)
LR_20260709_090155,2026-07-09T09:01:57,logistic_regression,Logistic Regression,"{""C"": 1.0716e-08, ""solver"": ""lbfgs""}",0.5482546756640864,0.022697044884073488,"[0.5723398800061535, 0.5408497930528632, 0.5753539569522874, 0.5375038151067704, 0.5152259332023575]",,,,,,,,0.4995865908814781,1.292,74ab309fcc94,,legacy,ok,auto LR search 2h (threshold-tuned)
LR_20260709_090157,2026-07-09T09:02:06,logistic_regression,Logistic Regression,"{""C"": 7.015482925482, ""solver"": ""liblinear""}",0.5476876271211839,0.021793523310298654,"[0.5722547501615004, 0.5408583556044647, 0.573338494209706, 0.533909970842953, 0.5180765647872954]",,,,,,,,0.3299193222666211,8.1,74ab309fcc94,,legacy,ok,auto LR search 2h (threshold-tuned)
LR_20260709_090207,2026-07-09T09:02:08,logistic_regression,Logistic Regression,"{""C"": 3.006752e-06, ""solver"": ""lbfgs""}",0.5482743204405172,0.02272034638047666,"[0.5723809719173727, 0.5408441259063665, 0.5753539569522874, 0.5376685337172522, 0.5151240137093072]",,,,,,,,0.42723244962215423,1.497,74ab309fcc94,,legacy,ok,auto LR search 2h (threshold-tuned)
LR_20260709_090209,2026-07-09T09:02:11,logistic_regression,Logistic Regression,"{""C"": 2.4575e-08, ""solver"": ""liblinear""}",0.5482546756640864,0.022697044884073488,"[0.5723398800061535, 0.5408497930528632, 0.5753539569522874, 0.5375038151067704, 0.5152259332023575]",,,,,,,,0.49905517765864565,1.855,74ab309fcc94,,legacy,ok,auto LR search 2h (threshold-tuned)
LR_20260709_090212,2026-07-09T09:02:20,logistic_regression,Logistic Regression,"{""C"": 4.632679869785, ""solver"": ""liblinear""}",0.5476876271211839,0.021793523310298654,"[0.5722547501615004, 0.5408583556044647, 0.573338494209706, 0.533909970842953, 0.5180765647872954]",,,,,,,,0.3301826260467656,7.878,74ab309fcc94,,legacy,ok,auto LR search 2h (threshold-tuned)
LR_20260709_090221,2026-07-09T09:02:23,logistic_regression,Logistic Regression,"{""C"": 1.985511e-06, ""solver"": ""liblinear""}",0.5482774887164539,0.02271021130623637,"[0.5723692307692307, 0.5408497930528632, 0.5753480711589414, 0.5376798343789737, 0.5151405142222601]",,,,,,,,0.4449112795989745,2.492,74ab309fcc94,,legacy,ok,auto LR search 2h (threshold-tuned)
LR_20260709_090224,2026-07-09T09:02:27,logistic_regression,Logistic Regression,"{""C"": 21.215746763324, ""solver"": ""lbfgs""}",0.5475459247959302,0.021794928381530125,"[0.572222792081239, 0.5408526871803471, 0.5731536026498396, 0.5333493859860342, 0.5181511560821905]",,,,,,,,0.33892794683427996,2.701,74ab309fcc94,,legacy,ok,auto LR search 2h (threshold-tuned)
LR_20260709_090228,2026-07-09T09:02:29,logistic_regression,Logistic Regression,"{""C"": 7.2833e-07, ""solver"": ""lbfgs""}",0.5482188343605723,0.02274452267067005,"[0.5723516199501554, 0.5408441259063665, 0.5753362999335072, 0.5375038151067704, 0.5150583109060618]",,,,,,,,0.47572698115575773,1.428,74ab309fcc94,,legacy,ok,auto LR search 2h (threshold-tuned)
LR_20260709_090230,2026-07-09T09:02:33,logistic_regression,Logistic Regression,"{""C"": 0.456640543234, ""solver"": ""lbfgs""}",0.547515756541979,0.021825983257595223,"[0.5722533257999898, 0.5408583556044647, 0.5731536026498396, 0.5331623425734109, 0.5181511560821905]",,,,,,,,0.3506826991411292,2.695,74ab309fcc94,,legacy,ok,auto LR search 2h (threshold-tuned)
LR_20260709_090234,2026-07-09T09:02:36,logistic_regression,Logistic Regression,"{""C"": 2.40839e-07, ""solver"": ""liblinear""}",0.5482461005091628,0.022708245721678656,"[0.5723398800061535, 0.5408441259063665, 0.5753539569522874, 0.5375038151067704, 0.5151887245742353]",,,,,,,,0.49116294447067316,2.003,74ab309fcc94,,legacy,ok,auto LR search 2h (threshold-tuned)
LR_20260709_090237,2026-07-09T09:02:40,logistic_regression,Logistic Regression,"{""C"": 0.037863676284, ""solver"": ""lbfgs""}",0.5477943285932378,0.02184160864034699,"[0.5720774416310425, 0.5408526871803471, 0.5738501313539885, 0.5340598864670452, 0.518131496333766]",,,,,,,,0.3506621836013597,2.703,74ab309fcc94,,legacy,ok,auto LR search 2h (threshold-tuned)
LR_20260709_090240,2026-07-09T09:02:43,logistic_regression,Logistic Regression,"{""C"": 247.167428383421, ""solver"": ""lbfgs""}",0.5475400154751888,0.021802900015117463,"[0.572222792081239, 0.5408526871803471, 0.5731536026498396, 0.5333493859860342, 0.5181216094784837]",,,,,,,,0.3388049633929672,2.601,74ab309fcc94,,legacy,ok,auto LR search 2h (threshold-tuned)
LR_20260709_090244,2026-07-09T09:02:47,logistic_regression,Logistic Regression,"{""C"": 2.955209235203, ""solver"": ""lbfgs""}",0.5477369270641361,0.02154610682797131,"[0.5722345314295093, 0.5408583556044647, 0.5731536026498396, 0.5333493859860342, 0.5190887596508331]",,,,,,,,0.33993678132959204,2.625,74ab309fcc94,,legacy,ok,auto LR search 2h (threshold-tuned)
LR_20260709_090247,2026-07-09T09:02:49,logistic_regression,Logistic Regression,"{""C"": 9.4672e-08, ""solver"": ""liblinear""}",0.5482515049330698,0.02270165934904565,"[0.5723398800061535, 0.5408497930528632, 0.5753539569522874, 0.5375038151067704, 0.5152100795472746]",,,,,,,,0.49641583709738624,1.889,74ab309fcc94,,legacy,ok,auto LR search 2h (threshold-tuned)
LR_20260709_090250,2026-07-09T09:02:57,logistic_regression,Logistic Regression,"{""C"": 0.156312061449, ""solver"": ""liblinear""}",0.5478516317398479,0.02198610161542064,"[0.5722707804812917, 0.5408583556044647, 0.5741434578077516, 0.533894170831391, 0.5180913939743405]",,,,,,,,0.3468396147620073,7.262,74ab309fcc94,,legacy,ok,auto LR search 2h (threshold-tuned)
LR_20260709_090258,2026-07-09T09:03:06,logistic_regression,Logistic Regression,"{""C"": 53.971589249818, ""solver"": ""liblinear""}",0.5476887517755894,0.02178907805347874,"[0.5722488823264017, 0.5408583556044647, 0.573338494209706, 0.533909970842953, 0.5180880558944216]",,,,,,,,0.3294861296931955,7.842,74ab309fcc94,,legacy,ok,auto LR search 2h (threshold-tuned)
LR_20260709_090307,2026-07-09T09:03:10,logistic_regression,Logistic Regression,"{""C"": 4360.631993086864, ""solver"": ""lbfgs""}",0.5475400154751888,0.021802900015117463,"[0.572222792081239, 0.5408526871803471, 0.5731536026498396, 0.5333493859860342, 0.5181216094784837]",,,,,,,,0.3387951011300777,2.702,74ab309fcc94,,legacy,ok,auto LR search 2h (threshold-tuned)
LR_20260709_090311,2026-07-09T09:03:14,logistic_regression,Logistic Regression,"{""C"": 8.9112253e-05, ""solver"": ""liblinear""}",0.5482222291687808,0.022032743884366247,"[0.5722667268419271, 0.5407999664672165, 0.5752765260139288, 0.5337401331147328, 0.5190277934060988]",,,,,,,,0.3464832860337002,3.648,74ab309fcc94,,legacy,ok,auto LR search 2h (threshold-tuned)
LR_20260709_090315,2026-07-09T09:03:20,logistic_regression,Logistic Regression,"{""C"": 0.000211546945, ""solver"": ""liblinear""}",0.5483304250299005,0.02176799026041975,"[0.5722315677183769, 0.5408265917759987, 0.5748197862291822, 0.5346438721901645, 0.5191303072357806]",,,,,,,,0.34550369611301096,4.33,74ab309fcc94,,legacy,ok,auto LR search 2h (threshold-tuned)
LR_20260709_090321,2026-07-09T09:03:23,logistic_regression,Logistic Regression,"{""C"": 3.764607035732, ""solver"": ""lbfgs""}",0.547548232403539,0.021795909537741184,"[0.5722286616951656, 0.5408583556044647, 0.5731536026498396, 0.5333493859860342, 0.5181511560821905]",,,,,,,,0.3393762100819226,2.644,74ab309fcc94,,legacy,ok,auto LR search 2h (threshold-tuned)
LR_20260709_090324,2026-07-09T09:03:26,logistic_regression,Logistic Regression,"{""C"": 1.8797176e-05, ""solver"": ""lbfgs""}",0.5481244154732082,0.022756224023658695,"[0.5723695009848982, 0.5408554603181256, 0.5752249531667468, 0.5371031432633075, 0.5150690196329629]",,,,,,,,0.35282672407761984,1.496,74ab309fcc94,,legacy,ok,auto LR search 2h (threshold-tuned)
LR_20260709_090326,2026-07-09T09:03:29,logistic_regression,Logistic Regression,"{""C"": 3930.910143320523, ""solver"": ""lbfgs""}",0.5475400154751888,0.021802900015117463,"[0.572222792081239, 0.5408526871803471, 0.5731536026498396, 0.5333493859860342, 0.5181216094784837]",,,,,,,,0.33879516560741496,2.695,74ab309fcc94,,legacy,ok,auto LR search 2h (threshold-tuned)
LR_20260709_090330,2026-07-09T09:03:33,logistic_regression,Logistic Regression,"{""C"": 3.16683752367, ""solver"": ""lbfgs""}",0.5477357531172675,0.021544772154355317,"[0.5722286616951656, 0.5408583556044647, 0.5731536026498396, 0.5333493859860342, 0.5190887596508331]",,,,,,,,0.3401059806915042,2.711,74ab309fcc94,,legacy,ok,auto LR search 2h (threshold-tuned)
LR_20260709_090334,2026-07-09T09:03:35,logistic_regression,Logistic Regression,"{""C"": 4.2735e-08, ""solver"": ""lbfgs""}",0.5482546756640864,0.022697044884073488,"[0.5723398800061535, 0.5408497930528632, 0.5753539569522874, 0.5375038151067704, 0.5152259332023575]",,,,,,,,0.49836219047500885,1.291,74ab309fcc94,,legacy,ok,auto LR search 2h (threshold-tuned)
LR_20260709_090336,2026-07-09T09:03:43,logistic_regression,Logistic Regression,"{""C"": 181.059900698354, ""solver"": ""liblinear""}",0.5476887517755894,0.02178907805347874,"[0.5722488823264017, 0.5408583556044647, 0.573338494209706, 0.533909970842953, 0.5180880558944216]",,,,,,,,0.32945278018954127,7.505,74ab309fcc94,,legacy,ok,auto LR search 2h (threshold-tuned)
LR_20260709_090344,2026-07-09T09:03:52,logistic_regression,Logistic Regression,"{""C"": 1345.58500548406, ""solver"": ""liblinear""}",0.5476887517755894,0.02178907805347874,"[0.5722488823264017, 0.5408583556044647, 0.573338494209706, 0.533909970842953, 0.5180880558944216]",,,,,,,,0.32941200275671473,7.665,74ab309fcc94,,legacy,ok,auto LR search 2h (threshold-tuned)
LR_20260709_090353,2026-07-09T09:03:56,logistic_regression,Logistic Regression,"{""C"": 0.173399887356, ""solver"": ""lbfgs""}",0.5475224305225316,0.021844637843642146,"[0.5722708410370188, 0.5408526871803471, 0.5731955304920232, 0.5331550450470198, 0.518138048856249]",,,,,,,,0.3502729457659259,2.602,74ab309fcc94,,legacy,ok,auto LR search 2h (threshold-tuned)
LR_20260709_090356,2026-07-09T09:03:59,logistic_regression,Logistic Regression,"{""C"": 24.363148747414, ""solver"": ""lbfgs""}",0.5475459247959302,0.021794928381530125,"[0.572222792081239, 0.5408526871803471, 0.5731536026498396, 0.5333493859860342, 0.5181511560821905]",,,,,,,,0.33891252549299883,2.59,74ab309fcc94,,legacy,ok,auto LR search 2h (threshold-tuned)
LR_20260709_090400,2026-07-09T09:04:03,logistic_regression,Logistic Regression,"{""C"": 1.2849496e-05, ""solver"": ""liblinear""}",0.5481345663246289,0.022749081333729926,"[0.5723899506560387, 0.5408497930528632, 0.5752038349653787, 0.5371534468416674, 0.5150758061071963]",,,,,,,,0.36897261063627834,2.744,74ab309fcc94,,legacy,ok,auto LR search 2h (threshold-tuned)
LR_20260709_090404,2026-07-09T09:04:05,logistic_regression,Logistic Regression,"{""C"": 0.000166063942, ""solver"": ""lbfgs""}",0.5482949210170965,0.021751683720946012,"[0.5722256982552594, 0.5408265917759987, 0.5747741026278703, 0.5343766503917828, 0.5192715620345715]",,,,,,,,0.3482416084400987,1.681,74ab309fcc94,,legacy,ok,auto LR search 2h (threshold-tuned)
LR_20260709_090406,2026-07-09T09:04:10,logistic_regression,Logistic Regression,"{""C"": 7.7600108e-05, ""solver"": ""liblinear""}",0.5482052644164612,0.022022487091966143,"[0.5722520822221311, 0.5408214585079631, 0.5752398112222439, 0.5336563005767789, 0.5190566695531889]",,,,,,,,0.34480287380610075,3.479,74ab309fcc94,,legacy,ok,auto LR search 2h (threshold-tuned)
LR_20260709_090410,2026-07-09T09:04:13,logistic_regression,Logistic Regression,"{""C"": 5.901517572541, ""solver"": ""lbfgs""}",0.5475494063504076,0.02179723893330011,"[0.5722345314295093, 0.5408583556044647, 0.5731536026498396, 0.5333493859860342, 0.5181511560821905]",,,,,,,,0.3392518839265074,2.592,74ab309fcc94,,legacy,ok,auto LR search 2h (threshold-tuned)
LR_20260709_090414,2026-07-09T09:04:15,logistic_regression,Logistic Regression,"{""C"": 9.27811e-07, ""solver"": ""lbfgs""}",0.5482265442609664,0.022745680063194853,"[0.5723516199501554, 0.5408441259063665, 0.5753539569522874, 0.5375192068871161, 0.5150638116089069]",,,,,,,,0.4704220500571643,1.359,74ab309fcc94,,legacy,ok,auto LR search 2h (threshold-tuned)
LR_20260709_090416,2026-07-09T09:04:24,logistic_regression,Logistic Regression,"{""C"": 0.045010791073, ""solver"": ""liblinear""}",0.5477443940259837,0.021815473738996678,"[0.5720979940808945, 0.5408526871803471, 0.5736680060533319, 0.5339824774462179, 0.5181208053691275]",,,,,,,,0.35063875000389866,7.537,74ab309fcc94,,legacy,ok,auto LR search 2h (threshold-tuned)
LR_20260709_090425,2026-07-09T09:04:29,logistic_regression,Logistic Regression,"{""C"": 0.000197410029, ""solver"": ""liblinear""}",0.5483939723868488,0.02164971342747204,"[0.5722315677183769, 0.5408265917759987, 0.5748135874067937, 0.5344263001421862, 0.5196718148908887]",,,,,,,,0.34656244487958965,3.987,74ab309fcc94,,legacy,ok,auto LR search 2h (threshold-tuned)
LR_20260709_090429,2026-07-09T09:04:33,logistic_regression,Logistic Regression,"{""C"": 9.2247838e-05, ""solver"": ""liblinear""}",0.5483328715317841,0.02188783041911256,"[0.5722667268419271, 0.5408056335666681, 0.5752911174609027, 0.5336823014519825, 0.5196185783374395]",,,,,,,,0.34678696839394807,3.775,74ab309fcc94,,legacy,ok,auto LR search 2h (threshold-tuned)
LR_20260709_090434,2026-07-09T09:04:36,logistic_regression,Logistic Regression,"{""C"": 1.789847e-06, ""solver"": ""lbfgs""}",0.5482752176841428,0.022710729394486727,"[0.5723574901027672, 0.5408497930528632, 0.5753539569522874, 0.5376798343789737, 0.5151350139338223]",,,,,,,,0.4487843918817762,1.402,74ab309fcc94,,legacy,ok,auto LR search 2h (threshold-tuned)
LR_20260709_090436,2026-07-09T09:04:45,logistic_regression,Logistic Regression,"{""C"": 6162.219606640659, ""solver"": ""liblinear""}",0.5476876026521331,0.021790639215278827,"[0.5722488823264017, 0.5408583556044647, 0.573338494209706, 0.533909970842953, 0.5180823102771401]",,,,,,,,0.3294373344166782,8.239,74ab309fcc94,,legacy,ok,auto LR search 2h (threshold-tuned)
LR_20260709_090446,2026-07-09T09:04:55,logistic_regression,Logistic Regression,"{""C"": 0.371075112069, ""solver"": ""liblinear""}",0.5476865175170947,0.021796144124417896,"[0.5722387170346322, 0.5408430628628922, 0.5733564882621249, 0.5339316489448184, 0.518062670481006]",,,,,,,,0.3490828443236437,8.921,74ab309fcc94,,legacy,ok,auto LR search 2h (threshold-tuned)
LR_20260709_090456,2026-07-09T09:05:00,logistic_regression,Logistic Regression,"{""C"": 59.871691343648, ""solver"": ""lbfgs""}",0.5475459247959302,0.021794928381530125,"[0.572222792081239, 0.5408526871803471, 0.5731536026498396, 0.5333493859860342, 0.5181511560821905]",,,,,,,,0.3388500028636348,4.471,74ab309fcc94,,legacy,ok,auto LR search 2h (threshold-tuned)
LR_20260709_090502,2026-07-09T09:05:13,logistic_regression,Logistic Regression,"{""C"": 9.251406409338, ""solver"": ""liblinear""}",0.5476876271211839,0.021793523310298654,"[0.5722547501615004, 0.5408583556044647, 0.573338494209706, 0.533909970842953, 0.5180765647872954]",,,,,,,,0.32972100911644014,10.906,74ab309fcc94,,legacy,ok,auto LR search 2h (threshold-tuned)
LR_20260709_090514,2026-07-09T09:05:18,logistic_regression,Logistic Regression,"{""C"": 119.563053049959, ""solver"": ""lbfgs""}",0.5475459247959302,0.021794928381530125,"[0.572222792081239, 0.5408526871803471, 0.5731536026498396, 0.5333493859860342, 0.5181511560821905]",,,,,,,,0.3388284113610025,3.446,74ab309fcc94,,legacy,ok,auto LR search 2h (threshold-tuned)
LR_20260709_090519,2026-07-09T09:05:21,logistic_regression,Logistic Regression,"{""C"": 8.9112253e-05, ""solver"": ""lbfgs""}",0.5482150055363373,0.022026708350805516,"[0.5722667268419271, 0.5407999664672165, 0.5752678260513324, 0.5336561953677261, 0.5190843129534845]",,,,,,,,0.3464217430548362,1.854,74ab309fcc94,,legacy,ok,auto LR search 2h (threshold-tuned)
LR_20260709_090522,2026-07-09T09:05:25,logistic_regression,Logistic Regression,"{""C"": 2980.869261589558, ""solver"": ""lbfgs""}",0.5475400154751888,0.021802900015117463,"[0.572222792081239, 0.5408526871803471, 0.5731536026498396, 0.5333493859860342, 0.5181216094784837]",,,,,,,,0.3387953749939384,3.101,74ab309fcc94,,legacy,ok,auto LR search 2h (threshold-tuned)
LR_20260709_090526,2026-07-09T09:05:29,logistic_regression,Logistic Regression,"{""C"": 7.53957e-07, ""solver"": ""liblinear""}",0.5482177342435012,0.02274612664331068,"[0.5723516199501554, 0.5408441259063665, 0.5753362999335072, 0.5375038151067704, 0.5150528103207066]",,,,,,,,0.4750168614156884,2.363,74ab309fcc94,,legacy,ok,auto LR search 2h (threshold-tuned)
LR_20260709_090530,2026-07-09T09:05:33,logistic_regression,Logistic Regression,"{""C"": 6379.049099588075, ""solver"": ""lbfgs""}",0.5475400154751888,0.021802900015117463,"[0.572222792081239, 0.5408526871803471, 0.5731536026498396, 0.5333493859860342, 0.5181216094784837]",,,,,,,,0.338794913671431,3.355,74ab309fcc94,,legacy,ok,auto LR search 2h (threshold-tuned)
LR_20260709_090534,2026-07-09T09:05:36,logistic_regression,Logistic Regression,"{""C"": 3.595e-08, ""solver"": ""lbfgs""}",0.5482546756640864,0.022697044884073488,"[0.5723398800061535, 0.5408497930528632, 0.5753539569522874, 0.5375038151067704, 0.5152259332023575]",,,,,,,,0.4986196753102104,1.777,74ab309fcc94,,legacy,ok,auto LR search 2h (threshold-tuned)
LR_20260709_090538,2026-07-09T09:05:39,logistic_regression,Logistic Regression,"{""C"": 1.95711e-07, ""solver"": ""lbfgs""}",0.5482461005091628,0.022708245721678656,"[0.5723398800061535, 0.5408441259063665, 0.5753539569522874, 0.5375038151067704, 0.5151887245742353]",,,,,,,,0.4927486625067214,1.365,74ab309fcc94,,legacy,ok,auto LR search 2h (threshold-tuned)
LR_20260709_090540,2026-07-09T09:05:42,logistic_regression,Logistic Regression,"{""C"": 2.5439e-08, ""solver"": ""liblinear""}",0.5482546756640864,0.022697044884073488,"[0.5723398800061535, 0.5408497930528632, 0.5753539569522874, 0.5375038151067704, 0.5152259332023575]",,,,,,,,0.49902214706483344,2.027,74ab309fcc94,,legacy,ok,auto LR search 2h (threshold-tuned)
LR_20260709_090543,2026-07-09T09:05:47,logistic_regression,Logistic Regression,"{""C"": 4.0225887e-05, ""solver"": ""liblinear""}",0.5488103442254046,0.021780156306051464,"[0.5723401417770346, 0.5408226355776788, 0.575231386681956, 0.5372068780338848, 0.5184506790564689]",,,,,,,,0.34513785230282357,3.762,74ab309fcc94,,legacy,ok,auto LR search 2h (threshold-tuned)
LR_20260709_090548,2026-07-09T09:05:55,logistic_regression,Logistic Regression,"{""C"": 0.00186891473, ""solver"": ""liblinear""}",0.5478420544573157,0.02182008174060131,"[0.5721789084940501, 0.5408345034264518, 0.5737453429761122, 0.5344014164336532, 0.5180501009563114]",,,,,,,,0.3361712513797627,6.69,74ab309fcc94,,legacy,ok,auto LR search 2h (threshold-tuned)
LR_20260709_090556,2026-07-09T09:06:04,logistic_regression,Logistic Regression,"{""C"": 7.26233612167, ""solver"": ""liblinear""}",0.5476876271211839,0.021793523310298654,"[0.5722547501615004, 0.5408583556044647, 0.573338494209706, 0.533909970842953, 0.5180765647872954]",,,,,,,,0.3298744267304411,8.751,74ab309fcc94,,legacy,ok,auto LR search 2h (threshold-tuned)
LR_20260709_090605,2026-07-09T09:06:07,logistic_regression,Logistic Regression,"{""C"": 2.14e-08, ""solver"": ""liblinear""}",0.5482546756640864,0.022697044884073488,"[0.5723398800061535, 0.5408497930528632, 0.5753539569522874, 0.5375038151067704, 0.5152259332023575]",,,,,,,,0.4991766661076258,1.833,74ab309fcc94,,legacy,ok,auto LR search 2h (threshold-tuned)
LR_20260709_090608,2026-07-09T09:06:17,logistic_regression,Logistic Regression,"{""C"": 2422.313155711237, ""solver"": ""liblinear""}",0.5476887517755894,0.02178907805347874,"[0.5722488823264017, 0.5408583556044647, 0.573338494209706, 0.533909970842953, 0.5180880558944216]",,,,,,,,0.3294384493852208,8.44,74ab309fcc94,,legacy,ok,auto LR search 2h (threshold-tuned)
LR_20260709_090618,2026-07-09T09:06:26,logistic_regression,Logistic Regression,"{""C"": 13.533629028767, ""solver"": ""liblinear""}",0.5476887762191528,0.02179196208548148,"[0.5722547501615004, 0.5408583556044647, 0.573338494209706, 0.533909970842953, 0.5180823102771401]",,,,,,,,0.3296286985182353,8.429,74ab309fcc94,,legacy,ok,auto LR search 2h (threshold-tuned)
LR_20260709_090627,2026-07-09T09:06:29,logistic_regression,Logistic Regression,"{""C"": 8.65808e-07, ""solver"": ""liblinear""}",0.5482254441203974,0.02274728409532877,"[0.5723516199501554, 0.5408441259063665, 0.5753539569522874, 0.5375192068871161, 0.5150583109060618]",,,,,,,,0.472130052957198,2.363,74ab309fcc94,,legacy,ok,auto LR search 2h (threshold-tuned)
LR_20260709_090630,2026-07-09T09:06:33,logistic_regression,Logistic Regression,"{""C"": 1093.448915358914, ""solver"": ""lbfgs""}",0.5475400154751888,0.021802900015117463,"[0.572222792081239, 0.5408526871803471, 0.5731536026498396, 0.5333493859860342, 0.5181216094784837]",,,,,,,,0.3387968703314945,2.959,74ab309fcc94,,legacy,ok,auto LR search 2h (threshold-tuned)
LR_20260709_090634,2026-07-09T09:06:37,logistic_regression,Logistic Regression,"{""C"": 0.007986894953, ""solver"": ""lbfgs""}",0.5481340328279398,0.021322326889620696,"[0.5720314558629777, 0.5408685081946598, 0.5736871234192746, 0.5343417560365104, 0.5197413206262764]",,,,,,,,0.35379182563270045,2.794,74ab309fcc94,,legacy,ok,auto LR search 2h (threshold-tuned)
LR_20260709_090638,2026-07-09T09:06:41,logistic_regression,Logistic Regression,"{""C"": 22.735047705741, ""solver"": ""lbfgs""}",0.5475459247959302,0.021794928381530125,"[0.572222792081239, 0.5408526871803471, 0.5731536026498396, 0.5333493859860342, 0.5181511560821905]",,,,,,,,0.3389199830059785,2.862,74ab309fcc94,,legacy,ok,auto LR search 2h (threshold-tuned)
LR_20260709_090642,2026-07-09T09:06:45,logistic_regression,Logistic Regression,"{""C"": 4.950149e-05, ""solver"": ""liblinear""}",0.5488956227868067,0.02166224933676977,"[0.5723107855809277, 0.540827125179434, 0.5752406307597788, 0.5372622093084463, 0.5188373631054466]",,,,,,,,0.3386265888384254,3.512,74ab309fcc94,,legacy,ok,auto LR search 2h (threshold-tuned)
LR_20260709_090646,2026-07-09T09:06:48,logistic_regression,Logistic Regression,"{""C"": 1.102943e-06, ""solver"": ""lbfgs""}",0.5482232789076356,0.02275348377802777,"[0.5723516199501554, 0.5408441259063665, 0.5753539569522874, 0.5375345983434892, 0.515032093385879]",,,,,,,,0.46593282021057914,1.427,74ab309fcc94,,legacy,ok,auto LR search 2h (threshold-tuned)
LR_20260709_090648,2026-07-09T09:06:51,logistic_regression,Logistic Regression,"{""C"": 1.670238e-06, ""solver"": ""liblinear""}",0.5482806849533594,0.022701470423922555,"[0.5723574901027672, 0.5408441259063665, 0.5753539569522874, 0.5376798343789737, 0.5151680174264023]",,,,,,,,0.45146435511296595,2.263,74ab309fcc94,,legacy,ok,auto LR search 2h (threshold-tuned)
LR_20260709_090652,2026-07-09T09:07:00,logistic_regression,Logistic Regression,"{""C"": 4837.330461863514, ""solver"": ""liblinear""}",0.5476887517755894,0.02178907805347874,"[0.5722488823264017, 0.5408583556044647, 0.573338494209706, 0.533909970842953, 0.5180880558944216]",,,,,,,,0.3294399537479188,8.174,74ab309fcc94,,legacy,ok,auto LR search 2h (threshold-tuned)
LR_20260709_090701,2026-07-09T09:07:04,logistic_regression,Logistic Regression,"{""C"": 104.117061470843, ""solver"": ""lbfgs""}",0.5475459247959302,0.021794928381530125,"[0.572222792081239, 0.5408526871803471, 0.5731536026498396, 0.5333493859860342, 0.5181511560821905]",,,,,,,,0.338831624841724,2.857,74ab309fcc94,,legacy,ok,auto LR search 2h (threshold-tuned)
LR_20260709_090704,2026-07-09T09:07:06,logistic_regression,Logistic Regression,"{""C"": 4.4239e-08, ""solver"": ""lbfgs""}",0.5482515049330698,0.02270165934904565,"[0.5723398800061535, 0.5408497930528632, 0.5753539569522874, 0.5375038151067704, 0.5152100795472746]",,,,,,,,0.49830506170774,1.296,74ab309fcc94,,legacy,ok,auto LR search 2h (threshold-tuned)
LR_20260709_090707,2026-07-09T09:07:09,logistic_regression,Logistic Regression,"{""C"": 6.79658e-07, ""solver"": ""liblinear""}",0.548245757731665,0.022705299487808518,"[0.5723516199501554, 0.5408441259063665, 0.5753362999335072, 0.5375038151067704, 0.5151929277615255]",,,,,,,,0.47692064900521103,2.135,74ab309fcc94,,legacy,ok,auto LR search 2h (threshold-tuned)
LR_20260709_090710,2026-07-09T09:07:18,logistic_regression,Logistic Regression,"{""C"": 10.99769388189, ""solver"": ""liblinear""}",0.5476876271211839,0.021793523310298654,"[0.5722547501615004, 0.5408583556044647, 0.573338494209706, 0.533909970842953, 0.5180765647872954]",,,,,,,,0.3296749876386731,7.973,74ab309fcc94,,legacy,ok,auto LR search 2h (threshold-tuned)
LR_20260709_090719,2026-07-09T09:07:20,logistic_regression,Logistic Regression,"{""C"": 2.3945507e-05, ""solver"": ""lbfgs""}",0.548120555650933,0.02274988541773863,"[0.5723636289023627, 0.5408532176428055, 0.575208913649025, 0.5371031432633075, 0.5150738747971646]",,,,,,,,0.34602397586392364,1.54,74ab309fcc94,,legacy,ok,auto LR search 2h (threshold-tuned)
LR_20260709_090721,2026-07-09T09:07:24,logistic_regression,Logistic Regression,"{""C"": 325.942826091183, ""solver"": ""lbfgs""}",0.5475400154751888,0.021802900015117463,"[0.572222792081239, 0.5408526871803471, 0.5731536026498396, 0.5333493859860342, 0.5181216094784837]",,,,,,,,0.3388024349534887,2.79,74ab309fcc94,,legacy,ok,auto LR search 2h (threshold-tuned)
LR_20260709_090725,2026-07-09T09:07:26,logistic_regression,Logistic Regression,"{""C"": 9.1454e-08, ""solver"": ""lbfgs""}",0.5482515049330698,0.02270165934904565,"[0.5723398800061535, 0.5408497930528632, 0.5753539569522874, 0.5375038151067704, 0.5152100795472746]",,,,,,,,0.49653468811606094,1.308,74ab309fcc94,,legacy,ok,auto LR search 2h (threshold-tuned)
LR_20260709_090727,2026-07-09T09:07:30,logistic_regression,Logistic Regression,"{""C"": 9.913917639001, ""solver"": ""lbfgs""}",0.547548272665584,0.021797587053197138,"[0.5722345314295093, 0.5408526871803471, 0.5731536026498396, 0.5333493859860342, 0.5181511560821905]",,,,,,,,0.33905340099748205,2.848,74ab309fcc94,,legacy,ok,auto LR search 2h (threshold-tuned)
LR_20260709_090731,2026-07-09T09:07:39,logistic_regression,Logistic Regression,"{""C"": 29.980996076197, ""solver"": ""liblinear""}",0.5476876026521331,0.021790639215278827,"[0.5722488823264017, 0.5408583556044647, 0.573338494209706, 0.533909970842953, 0.5180823102771401]",,,,,,,,0.32952145987550874,8.237,74ab309fcc94,,legacy,ok,auto LR search 2h (threshold-tuned)
LR_20260709_090740,2026-07-09T09:07:42,logistic_regression,Logistic Regression,"{""C"": 0.010532419784, ""solver"": ""lbfgs""}",0.547840394532837,0.021439023650909654,"[0.5720108695652174, 0.5408741760717617, 0.573467700582886, 0.5331843624374267, 0.5196648640068932]",,,,,,,,0.3559189030766173,2.601,74ab309fcc94,,legacy,ok,auto LR search 2h (threshold-tuned)
LR_20260709_090743,2026-07-09T09:07:46,logistic_regression,Logistic Regression,"{""C"": 0.005094879506, ""solver"": ""lbfgs""}",0.5481055349368875,0.021362412598067548,"[0.5719904047111632, 0.5407700128929466, 0.5737841786683364, 0.5342878429594118, 0.51969523545258]",,,,,,,,0.3626596714474476,2.493,74ab309fcc94,,legacy,ok,auto LR search 2h (threshold-tuned)
LR_20260709_090747,2026-07-09T09:07:49,logistic_regression,Logistic Regression,"{""C"": 6.546663596042, ""solver"": ""lbfgs""}",0.5475494063504076,0.02179723893330011,"[0.5722345314295093, 0.5408583556044647, 0.5731536026498396, 0.5333493859860342, 0.5181511560821905]",,,,,,,,0.339248535132575,2.645,74ab309fcc94,,legacy,ok,auto LR search 2h (threshold-tuned)
LR_20260709_090750,2026-07-09T09:07:58,logistic_regression,Logistic Regression,"{""C"": 7.78240615441, ""solver"": ""liblinear""}",0.5476906856053886,0.021792565733655726,"[0.5722547501615004, 0.5408736480254884, 0.573338494209706, 0.533909970842953, 0.5180765647872954]",,,,,,,,0.32977240571726574,8.231,74ab309fcc94,,legacy,ok,auto LR search 2h (threshold-tuned)
LR_20260709_090759,2026-07-09T09:08:07,logistic_regression,Logistic Regression,"{""C"": 0.032972181712, ""solver"": ""liblinear""}",0.5480943787796728,0.02140973439917158,"[0.5719728955986242, 0.5408430628628922, 0.5739124996090941, 0.5340040546840273, 0.5197393811437263]",,,,,,,,0.35786388606448527,7.929,74ab309fcc94,,legacy,ok,auto LR search 2h (threshold-tuned)
LR_20260709_090808,2026-07-09T09:08:10,logistic_regression,Logistic Regression,"{""C"": 8.2441e-08, ""solver"": ""liblinear""}",0.5482515049330698,0.02270165934904565,"[0.5723398800061535, 0.5408497930528632, 0.5753539569522874, 0.5375038151067704, 0.5152100795472746]",,,,,,,,0.4968705432970831,1.928,74ab309fcc94,,legacy,ok,auto LR search 2h (threshold-tuned)
LR_20260709_090811,2026-07-09T09:08:12,logistic_regression,Logistic Regression,"{""C"": 1.53633e-07, ""solver"": ""lbfgs""}",0.5482461005091628,0.022708245721678656,"[0.5723398800061535, 0.5408441259063665, 0.5753539569522874, 0.5375038151067704, 0.5151887245742353]",,,,,,,,0.4942566660650414,1.306,74ab309fcc94,,legacy,ok,auto LR search 2h (threshold-tuned)
LR_20260709_090813,2026-07-09T09:08:16,logistic_regression,Logistic Regression,"{""C"": 0.043480834671, ""solver"": ""lbfgs""}",0.5476226775457109,0.02194490936309924,"[0.5721038245751043, 0.5408526871803471, 0.5738149360805823, 0.5331858407079646, 0.5181560991845565]",,,,,,,,0.35200152356547393,2.652,74ab309fcc94,,legacy,ok,auto LR search 2h (threshold-tuned)
LR_20260709_090817,2026-07-09T09:08:25,logistic_regression,Logistic Regression,"{""C"": 0.0730431467, ""solver"": ""liblinear""}",0.5478056936881174,0.021916089837854515,"[0.572080357601603, 0.5408430628628922, 0.5740526693948955, 0.5339710012905184, 0.5180813772906776]",,,,,,,,0.3501601272463605,8.043,74ab309fcc94,,legacy,ok,auto LR search 2h (threshold-tuned)
LR_20260709_090827,2026-07-09T09:08:37,logistic_regression,Logistic Regression,"{""C"": 0.312153321142, ""solver"": ""liblinear""}",0.5476915574787478,0.021786410917333337,"[0.5722298699430872, 0.5408583556044647, 0.5733564882621249, 0.5339200745710538, 0.5180929990130083]",,,,,,,,0.3489468242975966,10.493,74ab309fcc94,,legacy,ok,auto LR search 2h (threshold-tuned)
LR_20260709_090838,2026-07-09T09:08:44,logistic_regression,Logistic Regression,"{""C"": 0.001805388673, ""solver"": ""liblinear""}",0.5478552673244483,0.02180822035302784,"[0.5721730388485962, 0.5408345034264518, 0.5737631356507039, 0.5344014164336532, 0.5181042422628361]",,,,,,,,0.3361956462787388,6.031,74ab309fcc94,,legacy,ok,auto LR search 2h (threshold-tuned)
LR_20260709_090845,2026-07-09T09:08:48,logistic_regression,Logistic Regression,"{""C"": 349.284226626305, ""solver"": ""lbfgs""}",0.5475400154751888,0.021802900015117463,"[0.572222792081239, 0.5408526871803471, 0.5731536026498396, 0.5333493859860342, 0.5181216094784837]",,,,,,,,0.33880190495240675,2.671,74ab309fcc94,,legacy,ok,auto LR search 2h (threshold-tuned)
LR_20260709_090849,2026-07-09T09:08:50,logistic_regression,Logistic Regression,"{""C"": 3.222071e-06, ""solver"": ""lbfgs""}",0.548273143281848,0.022718943442288225,"[0.5723809719173727, 0.5408441259063665, 0.5753480711589414, 0.5376685337172522, 0.5151240137093072]",,,,,,,,0.42405229937547206,1.432,74ab309fcc94,,legacy,ok,auto LR search 2h (threshold-tuned)
LR_20260709_090851,2026-07-09T09:08:54,logistic_regression,Logistic Regression,"{""C"": 673.807234508469, ""solver"": ""lbfgs""}",0.5475400154751888,0.021802900015117463,"[0.572222792081239, 0.5408526871803471, 0.5731536026498396, 0.5333493859860342, 0.5181216094784837]",,,,,,,,0.33879834161223904,2.698,74ab309fcc94,,legacy,ok,auto LR search 2h (threshold-tuned)
LR_20260709_090854,2026-07-09T09:08:56,logistic_regression,Logistic Regression,"{""C"": 0.00036788081, ""solver"": ""lbfgs""}",0.5482267098200239,0.021678988462447105,"[0.5721699177486513, 0.5408322592138494, 0.5745477165517598, 0.5342159057724131, 0.5193677498134455]",,,,,,,,0.34204257683948863,2.005,74ab309fcc94,,legacy,ok,auto LR search 2h (threshold-tuned)
LR_20260709_090858,2026-07-09T09:09:01,logistic_regression,Logistic Regression,"{""C"": 5.8845349e-05, ""solver"": ""liblinear""}",0.5481721641509514,0.022033611005775198,"[0.5722667870258293, 0.5408130115380988, 0.575211723382249, 0.533475884489925, 0.5190934143186547]",,,,,,,,0.35446872538891216,3.754,74ab309fcc94,,legacy,ok,auto LR search 2h (threshold-tuned)
LR_20260709_090903,2026-07-09T09:09:04,logistic_regression,Logistic Regression,"{""C"": 3.77547e-07, ""solver"": ""lbfgs""}",0.5482399137425945,0.022716451465748685,"[0.5723398800061535, 0.5408441259063665, 0.5753539569522874, 0.5374997368808807, 0.5151618689672846]",,,,,,,,0.48653560899658627,1.781,74ab309fcc94,,legacy,ok,auto LR search 2h (threshold-tuned)
LR_20260709_090906,2026-07-09T09:09:10,logistic_regression,Logistic Regression,"{""C"": 0.00017190722, ""solver"": ""liblinear""}",0.5482913624194145,0.021751239026353803,"[0.5722315677183769, 0.5408265917759987, 0.5747414668518019, 0.5344383493733094, 0.519218836377585]",,,,,,,,0.3478709899716323,4.335,74ab309fcc94,,legacy,ok,auto LR search 2h (threshold-tuned)
LR_20260709_090911,2026-07-09T09:09:19,logistic_regression,Logistic Regression,"{""C"": 0.110612639531, ""solver"": ""liblinear""}",0.5477164894109198,0.0217883868819858,"[0.572226787181594, 0.5408583556044647, 0.5734097517100006, 0.5339912161795803, 0.5180963363789586]",,,,,,,,0.3487579619560249,8.085,74ab309fcc94,,legacy,ok,auto LR search 2h (threshold-tuned)
LR_20260709_090920,2026-07-09T09:09:23,logistic_regression,Logistic Regression,"{""C"": 0.016510955818, ""solver"": ""lbfgs""}",0.5480713492809387,0.02139838811090769,"[0.572069753556649, 0.5408741760717617, 0.573711996327442, 0.5340487804878049, 0.5196520399610357]",,,,,,,,0.3551237157504763,2.983,74ab309fcc94,,legacy,ok,auto LR search 2h (threshold-tuned)
LR_20260709_090924,2026-07-09T09:09:30,logistic_regression,Logistic Regression,"{""C"": 0.002733984166, ""solver"": ""liblinear""}",0.5477949945959095,0.02187099575271791,"[0.5721847782599329, 0.5408401705908857, 0.5737554293351153, 0.5342504211117349, 0.5179441736818786]",,,,,,,,0.33603980184236193,5.632,74ab309fcc94,,legacy,ok,auto LR search 2h (threshold-tuned)
LR_20260709_090931,2026-07-09T09:09:39,logistic_regression,Logistic Regression,"{""C"": 349.284226626305, ""solver"": ""liblinear""}",0.5476887517755894,0.02178907805347874,"[0.5722488823264017, 0.5408583556044647, 0.573338494209706, 0.533909970842953, 0.5180880558944216]",,,,,,,,0.32944383366463614,8.359,74ab309fcc94,,legacy,ok,auto LR search 2h (threshold-tuned)
LR_20260709_090940,2026-07-09T09:09:43,logistic_regression,Logistic Regression,"{""C"": 6.777020486682, ""solver"": ""lbfgs""}",0.5475494063504076,0.02179723893330011,"[0.5722345314295093, 0.5408583556044647, 0.5731536026498396, 0.5333493859860342, 0.5181511560821905]",,,,,,,,0.3392474774742934,2.954,74ab309fcc94,,legacy,ok,auto LR search 2h (threshold-tuned)
LR_20260709_090944,2026-07-09T09:09:46,logistic_regression,Logistic Regression,"{""C"": 7.2414374e-05, ""solver"": ""lbfgs""}",0.5489357149190267,0.02159436960990048,"[0.5722579520160835, 0.5408214585079631, 0.5752641926763332, 0.5372776081692809, 0.5190573632254728]",,,,,,,,0.3302294130705871,1.793,74ab309fcc94,,legacy,ok,auto LR search 2h (threshold-tuned)
LR_20260709_090947,2026-07-09T09:09:50,logistic_regression,Logistic Regression,"{""C"": 6.324136738846, ""solver"": ""lbfgs""}",0.5475494063504076,0.02179723893330011,"[0.5722345314295093, 0.5408583556044647, 0.5731536026498396, 0.5333493859860342, 0.5181511560821905]",,,,,,,,0.33924962153599847,3.109,74ab309fcc94,,legacy,ok,auto LR search 2h (threshold-tuned)
LR_20260709_090951,2026-07-09T09:09:54,logistic_regression,Logistic Regression,"{""C"": 0.301542955038, ""solver"": ""lbfgs""}",0.5475227640809143,0.021829905561714897,"[0.5722767802112011, 0.5408526871803471, 0.5731593564953099, 0.5331623425734109, 0.5181626539443027]",,,,,,,,0.350587616906125,3.006,74ab309fcc94,,legacy,ok,auto LR search 2h (threshold-tuned)
LR_20260709_090955,2026-07-09T09:09:56,logistic_regression,Logistic Regression,"{""C"": 2.127698e-06, ""solver"": ""lbfgs""}",0.5482763583671357,0.022710740093971678,"[0.572363360375791, 0.5408441259063665, 0.5753539569522874, 0.5376798343789737, 0.5151405142222601]",,,,,,,,0.44202272741875664,1.521,74ab309fcc94,,legacy,ok,auto LR search 2h (threshold-tuned)
LR_20260709_090957,2026-07-09T09:10:00,logistic_regression,Logistic Regression,"{""C"": 2.58086e-07, ""solver"": ""liblinear""}",0.5482429296648306,0.0227128620732701,"[0.5723398800061535, 0.5408441259063665, 0.5753539569522874, 0.5375038151067704, 0.5151728703525744]",,,,,,,,0.49056433831035295,2.394,74ab309fcc94,,legacy,ok,auto LR search 2h (threshold-tuned)
LR_20260709_091001,2026-07-09T09:10:09,logistic_regression,Logistic Regression,"{""C"": 919.823775100058, ""solver"": ""liblinear""}",0.5476876026521331,0.021790639215278827,"[0.5722488823264017, 0.5408583556044647, 0.573338494209706, 0.533909970842953, 0.5180823102771401]",,,,,,,,0.32943849094033256,8.4,74ab309fcc94,,legacy,ok,auto LR search 2h (threshold-tuned)
LR_20260709_091010,2026-07-09T09:10:20,logistic_regression,Logistic Regression,"{""C"": 40.927481302846, ""solver"": ""liblinear""}",0.5476887517755894,0.02178907805347874,"[0.5722488823264017, 0.5408583556044647, 0.573338494209706, 0.533909970842953, 0.5180880558944216]",,,,,,,,0.32943623796068405,9.587,74ab309fcc94,,legacy,ok,auto LR search 2h (threshold-tuned)
LR_20260709_091021,2026-07-09T09:10:22,logistic_regression,Logistic Regression,"{""C"": 1.05021e-07, ""solver"": ""lbfgs""}",0.5482483341343416,0.022706274745874822,"[0.5723398800061535, 0.5408497930528632, 0.5753539569522874, 0.5375038151067704, 0.5151942255536336]",,,,,,,,0.4960322331109898,1.343,74ab309fcc94,,legacy,ok,auto LR search 2h (threshold-tuned)
LR_20260709_091023,2026-07-09T09:10:26,logistic_regression,Logistic Regression,"{""C"": 27.977474632885, ""solver"": ""lbfgs""}",0.5475459247959302,0.021794928381530125,"[0.572222792081239, 0.5408526871803471, 0.5731536026498396, 0.5333493859860342, 0.5181511560821905]",,,,,,,,0.3388990130354436,2.861,74ab309fcc94,,legacy,ok,auto LR search 2h (threshold-tuned)
LR_20260709_091027,2026-07-09T09:10:35,logistic_regression,Logistic Regression,"{""C"": 0.691512045767, ""solver"": ""liblinear""}",0.5476866806514021,0.02178586375640226,"[0.5722489412102505, 0.5408430628628922, 0.5733266377921453, 0.5339316489448184, 0.5180831124469041]",,,,,,,,0.3332857050980272,8.574,74ab309fcc94,,legacy,ok,auto LR search 2h (threshold-tuned)
LR_20260709_091037,2026-07-09T09:10:41,logistic_regression,Logistic Regression,"{""C"": 0.000160419283, ""solver"": ""liblinear""}",0.5483171865627409,0.021721590664338448,"[0.5722256982552594, 0.5408265917759987, 0.5747795725105422, 0.5343534482758621, 0.5194006219960419]",,,,,,,,0.3486708624480446,4.489,74ab309fcc94,,legacy,ok,auto LR search 2h (threshold-tuned)
LR_20260709_091042,2026-07-09T09:10:44,logistic_regression,Logistic Regression,"{""C"": 0.00015496649, ""solver"": ""lbfgs""}",0.5483052650027116,0.021756180909699666,"[0.5722256982552594, 0.5408169681218955, 0.5748355348355348, 0.5342958732895162, 0.5193522505113515]",,,,,,,,0.3491360915733254,1.906,74ab309fcc94,,legacy,ok,auto LR search 2h (threshold-tuned)
LR_20260709_091045,2026-07-09T09:10:54,logistic_regression,Logistic Regression,"{""C"": 0.271827171493, ""solver"": ""liblinear""}",0.5477070407106166,0.021783688812793616,"[0.5722679925215212, 0.5408583556044647, 0.5733415631832781, 0.5339677447325067, 0.5180995475113123]",,,,,,,,0.34874108199195536,8.552,74ab309fcc94,,legacy,ok,auto LR search 2h (threshold-tuned)
LR_20260709_091055,2026-07-09T09:10:58,logistic_regression,Logistic Regression,"{""C"": 0.006955091992, ""solver"": ""lbfgs""}",0.5481465557375195,0.021326524219348577,"[0.5720110794196691, 0.5408685081946598, 0.5737259816207184, 0.5344232594254162, 0.5197039500271341]",,,,,,,,0.3557080090084945,2.976,74ab309fcc94,,legacy,ok,auto LR search 2h (threshold-tuned)
LR_20260709_091059,2026-07-09T09:11:02,logistic_regression,Logistic Regression,"{""C"": 1131.924008590856, ""solver"": ""lbfgs""}",0.5475400154751888,0.021802900015117463,"[0.572222792081239, 0.5408526871803471, 0.5731536026498396, 0.5333493859860342, 0.5181216094784837]",,,,,,,,0.33879679005018903,3.331,74ab309fcc94,,legacy,ok,auto LR search 2h (threshold-tuned)
LR_20260709_091103,2026-07-09T09:11:07,logistic_regression,Logistic Regression,"{""C"": 7.2414374e-05, ""solver"": ""liblinear""}",0.5489409791247402,0.021588185878714312,"[0.5722579520160835, 0.5408339708456033, 0.5752583020162405, 0.5372873505137274, 0.5190673202320457]",,,,,,,,0.33336299271474235,3.775,74ab309fcc94,,legacy,ok,auto LR search 2h (threshold-tuned)
LR_20260709_091108,2026-07-09T09:11:09,logistic_regression,Logistic Regression,"{""C"": 4.10456e-06, ""solver"": ""lbfgs""}",0.5482744553226263,0.022730706095780314,"[0.5724103268952643, 0.5408441259063665, 0.5753480711589414, 0.537662883564523, 0.5151068690880363]",,,,,,,,0.4123905246668211,1.521,74ab309fcc94,,legacy,ok,auto LR search 2h (threshold-tuned)
LR_20260709_091110,2026-07-09T09:11:21,logistic_regression,Logistic Regression,"{""C"": 985.69414694967, ""solver"": ""liblinear""}",0.5476887517755894,0.02178907805347874,"[0.5722488823264017, 0.5408583556044647, 0.573338494209706, 0.533909970842953, 0.5180880558944216]",,,,,,,,0.32944123943683845,10.292,74ab309fcc94,,legacy,ok,auto LR search 2h (threshold-tuned)
LR_20260709_091122,2026-07-09T09:11:25,logistic_regression,Logistic Regression,"{""C"": 0.000130359873, ""solver"": ""lbfgs""}",0.5483114538522387,0.021591304365391445,"[0.5722403429954663, 0.5408226355776788, 0.5745552045227802, 0.5341305215899157, 0.5198085645753521]",,,,,,,,0.3529629227131942,2.9,74ab309fcc94,,legacy,ok,auto LR search 2h (threshold-tuned)
LR_20260709_091127,2026-07-09T09:11:29,logistic_regression,Logistic Regression,"{""C"": 3.64714e-07, ""solver"": ""lbfgs""}",0.5482399137425945,0.022716451465748685,"[0.5723398800061535, 0.5408441259063665, 0.5753539569522874, 0.5374997368808807, 0.5151618689672846]",,,,,,,,0.4869605689776278,2.163,74ab309fcc94,,legacy,ok,auto LR search 2h (threshold-tuned)
LR_20260709_091130,2026-07-09T09:11:43,logistic_regression,Logistic Regression,"{""C"": 0.096322924981, ""solver"": ""liblinear""}",0.5478182133360038,0.02191224356324023,"[0.5721215110782258, 0.5408487313049585, 0.5740318432205596, 0.5339868997527437, 0.5181020813235311]",,,,,,,,0.3502290865189474,12.133,74ab309fcc94,,legacy,ok,auto LR search 2h (threshold-tuned)
LR_20260709_091144,2026-07-09T09:11:47,logistic_regression,Logistic Regression,"{""C"": 0.089886012572, ""solver"": ""lbfgs""}",0.5475567723204307,0.021800280996501265,"[0.5721273906296567, 0.5408679795005082, 0.5732732010003453, 0.5333756317413088, 0.5181396587303349]",,,,,,,,0.3518179857364916,3.396,74ab309fcc94,,legacy,ok,auto LR search 2h (threshold-tuned)
LR_20260709_091148,2026-07-09T09:11:58,logistic_regression,Logistic Regression,"{""C"": 3543.53556533941, ""solver"": ""liblinear""}",0.5476876026521331,0.021790639215278827,"[0.5722488823264017, 0.5408583556044647, 0.573338494209706, 0.533909970842953, 0.5180823102771401]",,,,,,,,0.32943800556877906,10.025,74ab309fcc94,,legacy,ok,auto LR search 2h (threshold-tuned)
LR_20260709_091200,2026-07-09T09:12:09,logistic_regression,Logistic Regression,"{""C"": 5.507140515334, ""solver"": ""liblinear""}",0.5476876271211839,0.021793523310298654,"[0.5722547501615004, 0.5408583556044647, 0.573338494209706, 0.533909970842953, 0.5180765647872954]",,,,,,,,0.33003564780410855,9.778,74ab309fcc94,,legacy,ok,auto LR search 2h (threshold-tuned)
LR_20260709_091210,2026-07-09T09:12:19,logistic_regression,Logistic Regression,"{""C"": 1441.944968191976, ""solver"": ""liblinear""}",0.5476876026521331,0.021790639215278827,"[0.5722488823264017, 0.5408583556044647, 0.573338494209706, 0.533909970842953, 0.5180823102771401]",,,,,,,,0.32943885343479956,8.531,74ab309fcc94,,legacy,ok,auto LR search 2h (threshold-tuned)
LR_20260709_091220,2026-07-09T09:12:23,logistic_regression,Logistic Regression,"{""C"": 0.0730431467, ""solver"": ""lbfgs""}",0.5476212786608505,0.021955432157497547,"[0.5720979940808945, 0.5408526871803471, 0.5738415981982733, 0.5331711219982683, 0.5181429918464696]",,,,,,,,0.35173165467284323,2.847,74ab309fcc94,,legacy,ok,auto LR search 2h (threshold-tuned)
LR_20260709_091224,2026-07-09T09:12:26,logistic_regression,Logistic Regression,"{""C"": 3.17598e-07, ""solver"": ""liblinear""}",0.5482429296648306,0.0227128620732701,"[0.5723398800061535, 0.5408441259063665, 0.5753539569522874, 0.5375038151067704, 0.5151728703525744]",,,,,,,,0.48853147840952194,2.207,74ab309fcc94,,legacy,ok,auto LR search 2h (threshold-tuned)
LR_20260709_091227,2026-07-09T09:12:29,logistic_regression,Logistic Regression,"{""C"": 0.009828576295, ""solver"": ""lbfgs""}",0.5480792440506604,0.021286923064342208,"[0.5720167574188634, 0.5408741760717617, 0.5734797032137886, 0.5343603685243921, 0.5196652150244965]",,,,,,,,0.35416515671733784,2.629,74ab309fcc94,,legacy,ok,auto LR search 2h (threshold-tuned)
LR_20260709_091230,2026-07-09T09:12:33,logistic_regression,Logistic Regression,"{""C"": 1714.125253291314, ""solver"": ""lbfgs""}",0.5475400154751888,0.021802900015117463,"[0.572222792081239, 0.5408526871803471, 0.5731536026498396, 0.5333493859860342, 0.5181216094784837]",,,,,,,,0.33879601521676295,2.658,74ab309fcc94,,legacy,ok,auto LR search 2h (threshold-tuned)
LR_20260709_091234,2026-07-09T09:12:42,logistic_regression,Logistic Regression,"{""C"": 3.636644729445, ""solver"": ""liblinear""}",0.5476910744915536,0.0217888399235977,"[0.5722547501615004, 0.5408583556044647, 0.573338494209706, 0.533909970842953, 0.5180938016391443]",,,,,,,,0.3303521380612543,8.011,74ab309fcc94,,legacy,ok,auto LR search 2h (threshold-tuned)
LR_20260709_091243,2026-07-09T09:12:46,logistic_regression,Logistic Regression,"{""C"": 1.2412731e-05, ""solver"": ""liblinear""}",0.5481366372784582,0.02274607202028368,"[0.5723899506560387, 0.5408497930528632, 0.5752038349653787, 0.5371534468416674, 0.5150861608763426]",,,,,,,,0.37030625553219093,2.944,74ab309fcc94,,legacy,ok,auto LR search 2h (threshold-tuned)
LR_20260709_091247,2026-07-09T09:12:49,logistic_regression,Logistic Regression,"{""C"": 1.7541029e-05, ""solver"": ""lbfgs""}",0.5481091187182134,0.02275220011141105,"[0.5723636289023627, 0.5408611277021576, 0.5751805377720871, 0.5370974875218499, 0.5150428116926099]",,,,,,,,0.356997515660001,1.885,74ab309fcc94,,legacy,ok,auto LR search 2h (threshold-tuned)
LR_20260709_091250,2026-07-09T09:12:55,logistic_regression,Logistic Regression,"{""C"": 0.000576701643, ""solver"": ""liblinear""}",0.5483765563464617,0.021511826330052684,"[0.5721699709740613, 0.5408288363807827, 0.5745917004111476, 0.5342876883879605, 0.520004585578356]",,,,,,,,0.337696676156216,5.444,74ab309fcc94,,legacy,ok,auto LR search 2h (threshold-tuned)
LR_20260709_091256,2026-07-09T09:12:59,logistic_regression,Logistic Regression,"{""C"": 722.059882780363, ""solver"": ""lbfgs""}",0.5475400154751888,0.021802900015117463,"[0.572222792081239, 0.5408526871803471, 0.5731536026498396, 0.5333493859860342, 0.5181216094784837]",,,,,,,,0.33879808542130724,2.952,74ab309fcc94,,legacy,ok,auto LR search 2h (threshold-tuned)
LR_20260709_091300,2026-07-09T09:13:05,logistic_regression,Logistic Regression,"{""C"": 0.000760503779, ""solver"": ""liblinear""}",0.5483916896004586,0.021606944551231636,"[0.5721641025641026, 0.5408288363807827, 0.5748447397198093, 0.5342075133395261, 0.5199132559980724]",,,,,,,,0.3347491283546914,5.096,74ab309fcc94,,legacy,ok,auto LR search 2h (threshold-tuned)
LR_20260709_091306,2026-07-09T09:13:20,logistic_regression,Logistic Regression,"{""C"": 46.999161800045, ""solver"": ""liblinear""}",0.5476887517755894,0.02178907805347874,"[0.5722488823264017, 0.5408583556044647, 0.573338494209706, 0.533909970842953, 0.5180880558944216]",,,,,,,,0.32948856756499284,13.511,74ab309fcc94,,legacy,ok,auto LR search 2h (threshold-tuned)
LR_20260709_091321,2026-07-09T09:13:25,logistic_regression,Logistic Regression,"{""C"": 3543.53556533941, ""solver"": ""lbfgs""}",0.5475400154751888,0.021802900015117463,"[0.572222792081239, 0.5408526871803471, 0.5731536026498396, 0.5333493859860342, 0.5181216094784837]",,,,,,,,0.33879523756639296,3.13,74ab309fcc94,,legacy,ok,auto LR search 2h (threshold-tuned)
LR_20260709_091325,2026-07-09T09:13:27,logistic_regression,Logistic Regression,"{""C"": 3.988e-08, ""solver"": ""liblinear""}",0.5482546756640864,0.022697044884073488,"[0.5723398800061535, 0.5408497930528632, 0.5753539569522874, 0.5375038151067704, 0.5152259332023575]",,,,,,,,0.49847193457957834,1.886,74ab309fcc94,,legacy,ok,auto LR search 2h (threshold-tuned)
LR_20260709_091328,2026-07-09T09:13:31,logistic_regression,Logistic Regression,"{""C"": 3.77547e-07, ""solver"": ""liblinear""}",0.548238813639305,0.022718053406231047,"[0.5723398800061535, 0.5408441259063665, 0.5753539569522874, 0.5374997368808807, 0.5151563684508366]",,,,,,,,0.48654331486870717,2.213,74ab309fcc94,,legacy,ok,auto LR search 2h (threshold-tuned)
LR_20260709_091332,2026-07-09T09:13:33,logistic_regression,Logistic Regression,"{""C"": 6.34239e-07, ""solver"": ""lbfgs""}",0.5482354598748425,0.022717338734446778,"[0.5723457499179521, 0.5408441259063665, 0.5753362999335072, 0.5375038151067704, 0.5151473085096159]",,,,,,,,0.47836244793738186,1.398,74ab309fcc94,,legacy,ok,auto LR search 2h (threshold-tuned)
LR_20260709_091334,2026-07-09T09:13:42,logistic_regression,Logistic Regression,"{""C"": 21.215746763324, ""solver"": ""liblinear""}",0.5476887762191528,0.02179196208548148,"[0.5722547501615004, 0.5408583556044647, 0.573338494209706, 0.533909970842953, 0.5180823102771401]",,,,,,,,0.3295601063897567,7.855,74ab309fcc94,,legacy,ok,auto LR search 2h (threshold-tuned)
LR_20260709_091343,2026-07-09T09:13:44,logistic_regression,Logistic Regression,"{""C"": 2.3739e-08, ""solver"": ""liblinear""}",0.5482546756640864,0.022697044884073488,"[0.5723398800061535, 0.5408497930528632, 0.5753539569522874, 0.5375038151067704, 0.5152259332023575]",,,,,,,,0.4990871498525733,1.762,74ab309fcc94,,legacy,ok,auto LR search 2h (threshold-tuned)
LR_20260709_091345,2026-07-09T09:13:47,logistic_regression,Logistic Regression,"{""C"": 8.96273e-07, ""solver"": ""lbfgs""}",0.5482296225522412,0.022744231770589745,"[0.5723516199501554, 0.5408441259063665, 0.5753539569522874, 0.5375345983434892, 0.5150638116089069]",,,,,,,,0.47126165784718915,1.373,74ab309fcc94,,legacy,ok,auto LR search 2h (threshold-tuned)
LR_20260709_091348,2026-07-09T09:13:51,logistic_regression,Logistic Regression,"{""C"": 0.000130359873, ""solver"": ""liblinear""}",0.5483344518530957,0.02157631204544912,"[0.5722403429954663, 0.5408226355776788, 0.574581731268835, 0.5341448674782008, 0.5198826819452971]",,,,,,,,0.3530899402346377,3.783,74ab309fcc94,,legacy,ok,auto LR search 2h (threshold-tuned)
LR_20260709_091352,2026-07-09T09:13:55,logistic_regression,Logistic Regression,"{""C"": 174.905515327019, ""solver"": ""lbfgs""}",0.5475400154751888,0.021802900015117463,"[0.572222792081239, 0.5408526871803471, 0.5731536026498396, 0.5333493859860342, 0.5181216094784837]",,,,,,,,0.33880928756796846,2.796,74ab309fcc94,,legacy,ok,auto LR search 2h (threshold-tuned)
LR_20260709_091356,2026-07-09T09:13:59,logistic_regression,Logistic Regression,"{""C"": 4.323094643346, ""solver"": ""lbfgs""}",0.547548232403539,0.021795909537741184,"[0.5722286616951656, 0.5408583556044647, 0.5731536026498396, 0.5333493859860342, 0.5181511560821905]",,,,,,,,0.33936840813032737,2.813,74ab309fcc94,,legacy,ok,auto LR search 2h (threshold-tuned)
LR_20260709_091400,2026-07-09T09:14:01,logistic_regression,Logistic Regression,"{""C"": 1.1888e-08, ""solver"": ""lbfgs""}",0.5482546756640864,0.022697044884073488,"[0.5723398800061535, 0.5408497930528632, 0.5753539569522874, 0.5375038151067704, 0.5152259332023575]",,,,,,,,0.49954147823426565,1.266,74ab309fcc94,,legacy,ok,auto LR search 2h (threshold-tuned)
LR_20260709_091402,2026-07-09T09:14:03,logistic_regression,Logistic Regression,"{""C"": 2.822e-08, ""solver"": ""lbfgs""}",0.5482546756640864,0.022697044884073488,"[0.5723398800061535, 0.5408497930528632, 0.5753539569522874, 0.5375038151067704, 0.5152259332023575]",,,,,,,,0.4989148978776624,1.311,74ab309fcc94,,legacy,ok,auto LR search 2h (threshold-tuned)
LR_20260709_091404,2026-07-09T09:14:12,logistic_regression,Logistic Regression,"{""C"": 0.024153425011, ""solver"": ""liblinear""}",0.548106253583078,0.02138957041505721,"[0.5719819105209482, 0.5408373945396426, 0.5738677229374055, 0.5341157618934194, 0.5197284780239738]",,,,,,,,0.35840458594286584,7.593,74ab309fcc94,,legacy,ok,auto LR search 2h (threshold-tuned)
LR_20260709_091413,2026-07-09T09:14:20,logistic_regression,Logistic Regression,"{""C"": 0.078273908683, ""solver"": ""liblinear""}",0.5478080425751994,0.021921196922737408,"[0.5721097523378892, 0.5408430628628922, 0.5740466917966554, 0.5339493119042197, 0.5180913939743405]",,,,,,,,0.3502326797959379,7.543,74ab309fcc94,,legacy,ok,auto LR search 2h (threshold-tuned)
LR_20260709_091421,2026-07-09T09:14:24,logistic_regression,Logistic Regression,"{""C"": 566.815610157583, ""solver"": ""lbfgs""}",0.5475400154751888,0.021802900015117463,"[0.572222792081239, 0.5408526871803471, 0.5731536026498396, 0.5333493859860342, 0.5181216094784837]",,,,,,,,0.3387990652987355,2.814,74ab309fcc94,,legacy,ok,auto LR search 2h (threshold-tuned)
LR_20260709_091425,2026-07-09T09:14:26,logistic_regression,Logistic Regression,"{""C"": 1.89058e-07, ""solver"": ""lbfgs""}",0.5482461005091628,0.022708245721678656,"[0.5723398800061535, 0.5408441259063665, 0.5753539569522874, 0.5375038151067704, 0.5151887245742353]",,,,,,,,0.49298531934937284,1.338,74ab309fcc94,,legacy,ok,auto LR search 2h (threshold-tuned)
LR_20260709_091427,2026-07-09T09:14:29,logistic_regression,Logistic Regression,"{""C"": 3.574304e-06, ""solver"": ""lbfgs""}",0.5482732067440221,0.022726607872635817,"[0.572398584542797, 0.5408441259063665, 0.5753480711589414, 0.537662883564523, 0.5151123685474831]",,,,,,,,0.4189688703172713,1.464,74ab309fcc94,,legacy,ok,auto LR search 2h (threshold-tuned)
LR_20260709_091429,2026-07-09T09:14:31,logistic_regression,Logistic Regression,"{""C"": 3.4728e-08, ""solver"": ""lbfgs""}",0.5482546756640864,0.022697044884073488,"[0.5723398800061535, 0.5408497930528632, 0.5753539569522874, 0.5375038151067704, 0.5152259332023575]",,,,,,,,0.4986662886514252,1.273,74ab309fcc94,,legacy,ok,auto LR search 2h (threshold-tuned)
LR_20260709_091432,2026-07-09T09:14:35,logistic_regression,Logistic Regression,"{""C"": 0.411640547997, ""solver"": ""lbfgs""}",0.5475180820495841,0.02182576911836641,"[0.572259204470743, 0.5408583556044647, 0.5731536026498396, 0.5331623425734109, 0.5181569049494624]",,,,,,,,0.3507575324589949,2.966,74ab309fcc94,,legacy,ok,auto LR search 2h (threshold-tuned)
LR_20260709_091436,2026-07-09T09:14:37,logistic_regression,Logistic Regression,"{""C"": 1.3651e-08, ""solver"": ""lbfgs""}",0.5482546756640864,0.022697044884073488,"[0.5723398800061535, 0.5408497930528632, 0.5753539569522874, 0.5375038151067704, 0.5152259332023575]",,,,,,,,0.4994736544119256,1.299,74ab309fcc94,,legacy,ok,auto LR search 2h (threshold-tuned)
LR_20260709_091438,2026-07-09T09:14:41,logistic_regression,Logistic Regression,"{""C"": 93.856765183879, ""solver"": ""lbfgs""}",0.5475459247959302,0.021794928381530125,"[0.572222792081239, 0.5408526871803471, 0.5731536026498396, 0.5333493859860342, 0.5181511560821905]",,,,,,,,0.3388343441445927,2.88,74ab309fcc94,,legacy,ok,auto LR search 2h (threshold-tuned)
LR_20260709_091442,2026-07-09T09:14:44,logistic_regression,Logistic Regression,"{""C"": 7.80487e-07, ""solver"": ""liblinear""}",0.548220088488588,0.022748933753991264,"[0.5723516199501554, 0.5408441259063665, 0.5753480711589414, 0.5375038151067704, 0.5150528103207066]",,,,,,,,0.47447242942364537,2.142,74ab309fcc94,,legacy,ok,auto LR search 2h (threshold-tuned)
LR_20260709_091445,2026-07-09T09:14:46,logistic_regression,Logistic Regression,"{""C"": 3.2688349e-05, ""solver"": ""lbfgs""}",0.5487349714666641,0.021871329967178946,"[0.5723460133776519, 0.5408073440643864, 0.5752150757886112, 0.53717607168806, 0.5181303524146106]",,,,,,,,0.3505481516524511,1.537,74ab309fcc94,,legacy,ok,auto LR search 2h (threshold-tuned)
LR_20260709_091447,2026-07-09T09:14:49,logistic_regression,Logistic Regression,"{""C"": 7.4962412e-05, ""solver"": ""lbfgs""}",0.5482126880492271,0.022012149716793702,"[0.5722520822221311, 0.5408214585079631, 0.5752339223193629, 0.5336750985652376, 0.5190808786314405]",,,,,,,,0.3452291724255886,1.588,74ab309fcc94,,legacy,ok,auto LR search 2h (threshold-tuned)
LR_20260709_091450,2026-07-09T09:14:55,logistic_regression,Logistic Regression,"{""C"": 0.001518716971, ""solver"": ""liblinear""}",0.5479294640026346,0.021982019692125303,"[0.5721671693235675, 0.5408401705908857, 0.5743090308781693, 0.5343842790044809, 0.5179466702160699]",,,,,,,,0.335291897371082,5.181,74ab309fcc94,,legacy,ok,auto LR search 2h (threshold-tuned)
LR_20260709_091456,2026-07-09T09:15:04,logistic_regression,Logistic Regression,"{""C"": 2.319833528689, ""solver"": ""liblinear""}",0.5476897789123871,0.02178896176605073,"[0.5722547501615004, 0.5408430628628922, 0.5733415631832781, 0.533909970842953, 0.5180995475113123]",,,,,,,,0.33071856257846555,8.082,74ab309fcc94,,legacy,ok,auto LR search 2h (threshold-tuned)
LR_20260709_091505,2026-07-09T09:15:07,logistic_regression,Logistic Regression,"{""C"": 0.003032859666, ""solver"": ""lbfgs""}",0.5478300455946077,0.02190327915821402,"[0.5721906481462484, 0.5408401705908857, 0.5738488180433557, 0.5344470344470345, 0.5178235567455137]",,,,,,,,0.3355493938701037,2.35,74ab309fcc94,,legacy,ok,auto LR search 2h (threshold-tuned)
LR_20260709_091508,2026-07-09T09:15:10,logistic_regression,Logistic Regression,"{""C"": 1.33785e-07, ""solver"": ""liblinear""}",0.5482472007050424,0.022706644169059167,"[0.5723398800061535, 0.5408441259063665, 0.5753539569522874, 0.5375038151067704, 0.5151942255536336]",,,,,,,,0.4949778110637051,1.973,74ab309fcc94,,legacy,ok,auto LR search 2h (threshold-tuned)
LR_20260709_091511,2026-07-09T09:15:14,logistic_regression,Logistic Regression,"{""C"": 33.258478547679, ""solver"": ""lbfgs""}",0.5475459247959302,0.021794928381530125,"[0.572222792081239, 0.5408526871803471, 0.5731536026498396, 0.5333493859860342, 0.5181511560821905]",,,,,,,,0.33888447405217004,2.659,74ab309fcc94,,legacy,ok,auto LR search 2h (threshold-tuned)
LR_20260709_091514,2026-07-09T09:15:17,logistic_regression,Logistic Regression,"{""C"": 9014.542271745013, ""solver"": ""lbfgs""}",0.5475400154751888,0.021802900015117463,"[0.572222792081239, 0.5408526871803471, 0.5731536026498396, 0.5333493859860342, 0.5181216094784837]",,,,,,,,0.338794795456257,2.638,74ab309fcc94,,legacy,ok,auto LR search 2h (threshold-tuned)
LR_20260709_091518,2026-07-09T09:15:26,logistic_regression,Logistic Regression,"{""C"": 3.897071940719, ""solver"": ""liblinear""}",0.5476910744915536,0.0217888399235977,"[0.5722547501615004, 0.5408583556044647, 0.573338494209706, 0.533909970842953, 0.5180938016391443]",,,,,,,,0.3302988368719299,7.957,74ab309fcc94,,legacy,ok,auto LR search 2h (threshold-tuned)
LR_20260709_091527,2026-07-09T09:15:29,logistic_regression,Logistic Regression,"{""C"": 0.000278969643, ""solver"": ""lbfgs""}",0.5483743565384384,0.02169971626141553,"[0.5722051839619254, 0.5407592177248621, 0.5748566222903165, 0.5346287240688482, 0.5194220346462395]",,,,,,,,0.34622334538521055,1.778,74ab309fcc94,,legacy,ok,auto LR search 2h (threshold-tuned)
LR_20260709_091529,2026-07-09T09:15:32,logistic_regression,Logistic Regression,"{""C"": 68.753786432168, ""solver"": ""lbfgs""}",0.5475459247959302,0.021794928381530125,"[0.572222792081239, 0.5408526871803471, 0.5731536026498396, 0.5333493859860342, 0.5181511560821905]",,,,,,,,0.3388444179474227,2.629,74ab309fcc94,,legacy,ok,auto LR search 2h (threshold-tuned)
LR_20260709_091533,2026-07-09T09:15:36,logistic_regression,Logistic Regression,"{""C"": 2.90455e-06, ""solver"": ""liblinear""}",0.54827655050552,0.022718213959211708,"[0.5723809719173727, 0.5408441259063665, 0.5753539569522874, 0.5376741839887346, 0.5151295137628392]",,,,,,,,0.42898501656848065,2.769,74ab309fcc94,,legacy,ok,auto LR search 2h (threshold-tuned)
LR_20260709_091537,2026-07-09T09:15:39,logistic_regression,Logistic Regression,"{""C"": 4.5796e-08, ""solver"": ""liblinear""}",0.5482515049330698,0.02270165934904565,"[0.5723398800061535, 0.5408497930528632, 0.5753539569522874, 0.5375038151067704, 0.5152100795472746]",,,,,,,,0.49824754419750034,2.057,74ab309fcc94,,legacy,ok,auto LR search 2h (threshold-tuned)
LR_20260709_091540,2026-07-09T09:15:43,logistic_regression,Logistic Regression,"{""C"": 4672.905342242992, ""solver"": ""lbfgs""}",0.5475400154751888,0.021802900015117463,"[0.572222792081239, 0.5408526871803471, 0.5731536026498396, 0.5333493859860342, 0.5181216094784837]",,,,,,,,0.3387950613693308,3.172,74ab309fcc94,,legacy,ok,auto LR search 2h (threshold-tuned)
LR_20260709_091544,2026-07-09T09:15:48,logistic_regression,Logistic Regression,"{""C"": 6835.865228515693, ""solver"": ""lbfgs""}",0.5475400154751888,0.021802900015117463,"[0.572222792081239, 0.5408526871803471, 0.5731536026498396, 0.5333493859860342, 0.5181216094784837]",,,,,,,,0.33879488677167846,3.416,74ab309fcc94,,legacy,ok,auto LR search 2h (threshold-tuned)
LR_20260709_091549,2026-07-09T09:15:57,logistic_regression,Logistic Regression,"{""C"": 0.003250048653, ""solver"": ""liblinear""}",0.5478375017816937,0.021929897545366676,"[0.5719344842850819, 0.5408401705908857, 0.5742228866878465, 0.5342592992612434, 0.5179306680834108]",,,,,,,,0.3502426121320552,8.821,74ab309fcc94,,legacy,ok,auto LR search 2h (threshold-tuned)
LR_20260709_091558,2026-07-09T09:16:00,logistic_regression,Logistic Regression,"{""C"": 5.259e-08, ""solver"": ""lbfgs""}",0.5482515049330698,0.02270165934904565,"[0.5723398800061535, 0.5408497930528632, 0.5753539569522874, 0.5375038151067704, 0.5152100795472746]",,,,,,,,0.49798931110457306,1.352,74ab309fcc94,,legacy,ok,auto LR search 2h (threshold-tuned)
LR_20260709_091601,2026-07-09T09:16:09,logistic_regression,Logistic Regression,"{""C"": 0.472708314876, ""solver"": ""liblinear""}",0.5476877189645601,0.021783016921321282,"[0.5722416272858023, 0.5408430628628922, 0.5733326358738295, 0.5339258616952092, 0.5180954071050676]",,,,,,,,0.34904882674601856,7.984,74ab309fcc94,,legacy,ok,auto LR search 2h (threshold-tuned)
LR_20260709_091610,2026-07-09T09:16:12,logistic_regression,Logistic Regression,"{""C"": 3.4728e-08, ""solver"": ""liblinear""}",0.5482546756640864,0.022697044884073488,"[0.5723398800061535, 0.5408497930528632, 0.5753539569522874, 0.5375038151067704, 0.5152259332023575]",,,,,,,,0.4986678266409831,2.241,74ab309fcc94,,legacy,ok,auto LR search 2h (threshold-tuned)
LR_20260709_091614,2026-07-09T09:16:17,logistic_regression,Logistic Regression,"{""C"": 2339.976599727268, ""solver"": ""lbfgs""}",0.5475400154751888,0.021802900015117463,"[0.572222792081239, 0.5408526871803471, 0.5731536026498396, 0.5333493859860342, 0.5181216094784837]",,,,,,,,0.3387956122684918,3.283,74ab309fcc94,,legacy,ok,auto LR search 2h (threshold-tuned)
LR_20260709_091618,2026-07-09T09:16:20,logistic_regression,Logistic Regression,"{""C"": 1.43366e-07, ""solver"": ""liblinear""}",0.5482461005091628,0.022708245721678656,"[0.5723398800061535, 0.5408441259063665, 0.5753539569522874, 0.5375038151067704, 0.5151887245742353]",,,,,,,,0.4946292285431097,2.081,74ab309fcc94,,legacy,ok,auto LR search 2h (threshold-tuned)
LR_20260709_091621,2026-07-09T09:16:23,logistic_regression,Logistic Regression,"{""C"": 6.215726e-06, ""solver"": ""lbfgs""}",0.5481610328729826,0.022785849849526137,"[0.5723869802939999, 0.5408441259063665, 0.5753539569522874, 0.5371462264150944, 0.5150738747971646]",,,,,,,,0.39636435771744344,1.524,74ab309fcc94,,legacy,ok,auto LR search 2h (threshold-tuned)
LR_20260709_091624,2026-07-09T09:16:32,logistic_regression,Logistic Regression,"{""C"": 0.049931310671, ""solver"": ""liblinear""}",0.547802104293337,0.02191387972368702,"[0.5720892469913569, 0.5408526871803471, 0.5740312740749994, 0.5339535287165642, 0.5180837845034171]",,,,,,,,0.3503576109258965,8.514,74ab309fcc94,,legacy,ok,auto LR search 2h (threshold-tuned)
LR_20260709_091633,2026-07-09T09:16:36,logistic_regression,Logistic Regression,"{""C"": 0.012961068354, ""solver"": ""lbfgs""}",0.5478593074915251,0.021362476363181056,"[0.5720287497168276, 0.5408741760717617, 0.5732249140749435, 0.5336611154017687, 0.5195075821923238]",,,,,,,,0.3569769550069049,2.652,74ab309fcc94,,legacy,ok,auto LR search 2h (threshold-tuned)
LR_20260709_091637,2026-07-09T09:16:40,logistic_regression,Logistic Regression,"{""C"": 5.139118249304, ""solver"": ""lbfgs""}",0.5475494063504076,0.02179723893330011,"[0.5722345314295093, 0.5408583556044647, 0.5731536026498396, 0.5333493859860342, 0.5181511560821905]",,,,,,,,0.33925678843822227,3.078,74ab309fcc94,,legacy,ok,auto LR search 2h (threshold-tuned)
LR_20260709_091641,2026-07-09T09:16:44,logistic_regression,Logistic Regression,"{""C"": 9.576934853444, ""solver"": ""lbfgs""}",0.547548272665584,0.021797587053197138,"[0.5722345314295093, 0.5408526871803471, 0.5731536026498396, 0.5333493859860342, 0.5181511560821905]",,,,,,,,0.33905418723316433,2.975,74ab309fcc94,,legacy,ok,auto LR search 2h (threshold-tuned)
LR_20260709_091645,2026-07-09T09:16:46,logistic_regression,Logistic Regression,"{""C"": 1.8158244e-05, ""solver"": ""lbfgs""}",0.5481174707698336,0.022759234157039013,"[0.5723636289023627, 0.5408611277021576, 0.5752167992546405, 0.5370974875218499, 0.5150483104681578]",,,,,,,,0.3548289999083525,1.619,74ab309fcc94,,legacy,ok,auto LR search 2h (threshold-tuned)
LR_20260709_091647,2026-07-09T09:16:49,logistic_regression,Logistic Regression,"{""C"": 0.000288785724, ""solver"": ""lbfgs""}",0.5483442197280578,0.021592415722055752,"[0.5721905387108686, 0.5408379267704818, 0.5745393461151609, 0.5346715918024489, 0.5194816952413286]",,,,,,,,0.3439514581303695,2.024,74ab309fcc94,,legacy,ok,auto LR search 2h (threshold-tuned)
LR_20260709_091650,2026-07-09T09:16:53,logistic_regression,Logistic Regression,"{""C"": 215.236610960694, ""solver"": ""lbfgs""}",0.5475400154751888,0.021802900015117463,"[0.572222792081239, 0.5408526871803471, 0.5731536026498396, 0.5333493859860342, 0.5181216094784837]",,,,,,,,0.33880651581191223,2.862,74ab309fcc94,,legacy,ok,auto LR search 2h (threshold-tuned)
LR_20260709_091654,2026-07-09T09:16:59,logistic_regression,Logistic Regression,"{""C"": 0.000309466232, ""solver"": ""liblinear""}",0.548279446373908,0.021641616443293217,"[0.5721875769262329, 0.5407592177248621, 0.5745100072591517, 0.5346329904679843, 0.5193074394913091]",,,,,,,,0.34608202943173955,4.774,74ab309fcc94,,legacy,ok,auto LR search 2h (threshold-tuned)
LR_20260709_091700,2026-07-09T09:17:03,logistic_regression,Logistic Regression,"{""C"": 8.196757e-06, ""solver"": ""liblinear""}",0.5481809190415796,0.022783418451743243,"[0.5724310571240971, 0.5408497930528632, 0.5753539569522874, 0.5371616286048201, 0.5151081594738304]",,,,,,,,0.3841802126895859,2.906,74ab309fcc94,,legacy,ok,auto LR search 2h (threshold-tuned)
LR_20260709_091704,2026-07-09T09:17:07,logistic_regression,Logistic Regression,"{""C"": 0.029722912583, ""solver"": ""lbfgs""}",0.5478334860398617,0.021718825348101645,"[0.571896670753949, 0.5408447751807987, 0.5738945525048471, 0.5340484316593531, 0.5184830001003602]",,,,,,,,0.35865370573979294,3.308,74ab309fcc94,,legacy,ok,auto LR search 2h (threshold-tuned)
LR_20260709_091708,2026-07-09T09:17:11,logistic_regression,Logistic Regression,"{""C"": 5.700919796462, ""solver"": ""lbfgs""}",0.5475494063504076,0.02179723893330011,"[0.5722345314295093, 0.5408583556044647, 0.5731536026498396, 0.5333493859860342, 0.5181511560821905]",,,,,,,,0.3392530614870952,3.141,74ab309fcc94,,legacy,ok,auto LR search 2h (threshold-tuned)
LR_20260709_091712,2026-07-09T09:17:20,logistic_regression,Logistic Regression,"{""C"": 0.28139193087, ""solver"": ""liblinear""}",0.5476981171514576,0.021793503303445972,"[0.5722679925215212, 0.5408583556044647, 0.5733415631832781, 0.5339518550231404, 0.5180708194248833]",,,,,,,,0.34872174024585795,7.876,74ab309fcc94,,legacy,ok,auto LR search 2h (threshold-tuned)
LR_20260709_091721,2026-07-09T09:17:29,logistic_regression,Logistic Regression,"{""C"": 1.479833198238, ""solver"": ""liblinear""}",0.5476862455123321,0.02178212323313569,"[0.5722313371616079, 0.5408430628628922, 0.5733415631832781, 0.533909970842953, 0.5181052935109297]",,,,,,,,0.3313738203563618,8.568,74ab309fcc94,,legacy,ok,auto LR search 2h (threshold-tuned)
LR_20260709_091731,2026-07-09T09:17:34,logistic_regression,Logistic Regression,"{""C"": 0.28139193087, ""solver"": ""lbfgs""}",0.5475145604079399,0.02183160671748592,"[0.5722579520160835, 0.5408526871803471, 0.5731593564953099, 0.5331623425734109, 0.5181404637745479]",,,,,,,,0.34022773070167533,3.056,74ab309fcc94,,legacy,ok,auto LR search 2h (threshold-tuned)
LR_20260709_091735,2026-07-09T09:17:46,logistic_regression,Logistic Regression,"{""C"": 7076.398232201351, ""solver"": ""liblinear""}",0.5476887517755894,0.02178907805347874,"[0.5722488823264017, 0.5408583556044647, 0.573338494209706, 0.533909970842953, 0.5180880558944216]",,,,,,,,0.3294374388321578,11.469,74ab309fcc94,,legacy,ok,auto LR search 2h (threshold-tuned)
LR_20260709_091747,2026-07-09T09:17:55,logistic_regression,Logistic Regression,"{""C"": 100.57803092045, ""solver"": ""liblinear""}",0.5476887517755894,0.02178907805347874,"[0.5722488823264017, 0.5408583556044647, 0.573338494209706, 0.533909970842953, 0.5180880558944216]",,,,,,,,0.329462957274459,8.458,74ab309fcc94,,legacy,ok,auto LR search 2h (threshold-tuned)
LR_20260709_091756,2026-07-09T09:17:59,logistic_regression,Logistic Regression,"{""C"": 1.1189509e-05, ""solver"": ""liblinear""}",0.5481599669339927,0.022748610916534063,"[0.5724251844100418, 0.5408497930528632, 0.5752156187900764, 0.5372175780674233, 0.5150916603495586]",,,,,,,,0.3741220352767211,2.8,74ab309fcc94,,legacy,ok,auto LR search 2h (threshold-tuned)
LR_20260709_091800,2026-07-09T09:18:08,logistic_regression,Logistic Regression,"{""C"": 0.068161937606, ""solver"": ""liblinear""}",0.547695357477424,0.02175230328077173,"[0.5720715628949883, 0.5408526871803471, 0.5734452937916322, 0.5339594200383894, 0.5181478234817634]",,,,,,,,0.3505252788674841,7.534,74ab309fcc94,,legacy,ok,auto LR search 2h (threshold-tuned)
LR_20260709_091808,2026-07-09T09:18:16,logistic_regression,Logistic Regression,"{""C"": 39.53632019404, ""solver"": ""liblinear""}",0.5476876026521331,0.021790639215278827,"[0.5722488823264017, 0.5408583556044647, 0.573338494209706, 0.533909970842953, 0.5180823102771401]",,,,,,,,0.32950085283840264,7.711,74ab309fcc94,,legacy,ok,auto LR search 2h (threshold-tuned)
LR_20260709_091817,2026-07-09T09:18:20,logistic_regression,Logistic Regression,"{""C"": 2.6563197e-05, ""solver"": ""liblinear""}",0.5481257183462998,0.022754916132483104,"[0.5723577569403123, 0.5408073440643864, 0.5752409040172857, 0.5371493555724033, 0.5150732311371109]",,,,,,,,0.3433176715895645,3.018,74ab309fcc94,,legacy,ok,auto LR search 2h (threshold-tuned)
LR_20260709_091821,2026-07-09T09:18:24,logistic_regression,Logistic Regression,"{""C"": 9.412763e-06, ""solver"": ""liblinear""}",0.5481879699486335,0.022782714302947597,"[0.5724369299586544, 0.5408441259063665, 0.5753539569522874, 0.5372021772775608, 0.5151026596482986]",,,,,,,,0.377311968036331,2.684,74ab309fcc94,,legacy,ok,auto LR search 2h (threshold-tuned)
LR_20260709_091825,2026-07-09T09:18:32,logistic_regression,Logistic Regression,"{""C"": 8.056245012498, ""solver"": ""liblinear""}",0.5476906856053886,0.021792565733655726,"[0.5722547501615004, 0.5408736480254884, 0.573338494209706, 0.533909970842953, 0.5180765647872954]",,,,,,,,0.3297713070469753,7.848,74ab309fcc94,,legacy,ok,auto LR search 2h (threshold-tuned)
LR_20260709_091833,2026-07-09T09:18:38,logistic_regression,Logistic Regression,"{""C"": 0.000260327111, ""solver"": ""liblinear""}",0.5482791926520002,0.021650361073124708,"[0.5721993148296305, 0.5407592177248621, 0.5744985376174573, 0.5346929106727539, 0.5192459824152973]",,,,,,,,0.34742721337407545,4.599,74ab309fcc94,,legacy,ok,auto LR search 2h (threshold-tuned)
LR_20260709_091839,2026-07-09T09:18:47,logistic_regression,Logistic Regression,"{""C"": 1.334001892064, ""solver"": ""liblinear""}",0.5476862194815899,0.02178203307991232,"[0.572237205057476, 0.5408430628628922, 0.5733355651336988, 0.533909970842953, 0.5181052935109297]",,,,,,,,0.33156676616077563,7.911,74ab309fcc94,,legacy,ok,auto LR search 2h (threshold-tuned)
LR_20260709_091848,2026-07-09T09:18:49,logistic_regression,Logistic Regression,"{""C"": 2.09726e-07, ""solver"": ""lbfgs""}",0.5482461005091628,0.022708245721678656,"[0.5723398800061535, 0.5408441259063665, 0.5753539569522874, 0.5375038151067704, 0.5151887245742353]",,,,,,,,0.4922522810551559,1.332,74ab309fcc94,,legacy,ok,auto LR search 2h (threshold-tuned)
LR_20260709_091850,2026-07-09T09:18:58,logistic_regression,Logistic Regression,"{""C"": 1.288657993729, ""solver"": ""liblinear""}",0.5476873930848325,0.021783355958996175,"[0.5722430730736889, 0.5408430628628922, 0.5733355651336988, 0.533909970842953, 0.5181052935109297]",,,,,,,,0.3317575029016392,8.12,74ab309fcc94,,legacy,ok,auto LR search 2h (threshold-tuned)
LR_20260709_091859,2026-07-09T09:19:07,logistic_regression,Logistic Regression,"{""C"": 0.099712231484, ""solver"": ""liblinear""}",0.5477215420561425,0.02179975008383206,"[0.5722590253171057, 0.5408583556044647, 0.5734186746987951, 0.5339753182813889, 0.5180963363789586]",,,,,,,,0.34829820153615,7.965,74ab309fcc94,,legacy,ok,auto LR search 2h (threshold-tuned)
LR_20260709_091908,2026-07-09T09:19:09,logistic_regression,Logistic Regression,"{""C"": 2.96374e-07, ""solver"": ""lbfgs""}",0.5482429296648306,0.0227128620732701,"[0.5723398800061535, 0.5408441259063665, 0.5753539569522874, 0.5375038151067704, 0.5151728703525744]",,,,,,,,0.4892465654851129,1.287,74ab309fcc94,,legacy,ok,auto LR search 2h (threshold-tuned)
LR_20260709_091910,2026-07-09T09:19:19,logistic_regression,Logistic Regression,"{""C"": 10.262757808941, ""solver"": ""liblinear""}",0.5476876271211839,0.021793523310298654,"[0.5722547501615004, 0.5408583556044647, 0.573338494209706, 0.533909970842953, 0.5180765647872954]",,,,,,,,0.3296930403831312,8.682,74ab309fcc94,,legacy,ok,auto LR search 2h (threshold-tuned)
LR_20260709_091920,2026-07-09T09:19:28,logistic_regression,Logistic Regression,"{""C"": 238.765989966375, ""solver"": ""liblinear""}",0.5476887517755894,0.02178907805347874,"[0.5722488823264017, 0.5408583556044647, 0.573338494209706, 0.533909970842953, 0.5180880558944216]",,,,,,,,0.32944897066927187,8.372,74ab309fcc94,,legacy,ok,auto LR search 2h (threshold-tuned)
LR_20260709_091929,2026-07-09T09:19:38,logistic_regression,Logistic Regression,"{""C"": 1836.877100859964, ""solver"": ""liblinear""}",0.5476887517755894,0.02178907805347874,"[0.5722488823264017, 0.5408583556044647, 0.573338494209706, 0.533909970842953, 0.5180880558944216]",,,,,,,,0.3294385354673396,8.589,74ab309fcc94,,legacy,ok,auto LR search 2h (threshold-tuned)
LR_20260709_091938,2026-07-09T09:19:47,logistic_regression,Logistic Regression,"{""C"": 1131.924008590856, ""solver"": ""liblinear""}",0.5476887517755894,0.02178907805347874,"[0.5722488823264017, 0.5408583556044647, 0.573338494209706, 0.533909970842953, 0.5180880558944216]",,,,,,,,0.32943970105732856,8.191,74ab309fcc94,,legacy,ok,auto LR search 2h (threshold-tuned)
LR_20260709_091948,2026-07-09T09:19:52,logistic_regression,Logistic Regression,"{""C"": 0.000618000371, ""solver"": ""liblinear""}",0.5483697457637272,0.02150714656615902,"[0.5721846153846154, 0.5408288363807827, 0.5745533633680285, 0.5342777855762274, 0.5200041281089821]",,,,,,,,0.3376096298510884,4.865,74ab309fcc94,,legacy,ok,auto LR search 2h (threshold-tuned)
LR_20260709_091953,2026-07-09T09:19:56,logistic_regression,Logistic Regression,"{""C"": 13.533629028767, ""solver"": ""lbfgs""}",0.5475459247959302,0.021794928381530125,"[0.572222792081239, 0.5408526871803471, 0.5731536026498396, 0.5333493859860342, 0.5181511560821905]",,,,,,,,0.3389943277706825,2.906,74ab309fcc94,,legacy,ok,auto LR search 2h (threshold-tuned)
LR_20260709_091957,2026-07-09T09:19:59,logistic_regression,Logistic Regression,"{""C"": 2.02597e-07, ""solver"": ""liblinear""}",0.5482461005091628,0.022708245721678656,"[0.5723398800061535, 0.5408441259063665, 0.5753539569522874, 0.5375038151067704, 0.5151887245742353]",,,,,,,,0.49250581611613625,2.004,74ab309fcc94,,legacy,ok,auto LR search 2h (threshold-tuned)
LR_20260709_092000,2026-07-09T09:20:03,logistic_regression,Logistic Regression,"{""C"": 2.757723299207, ""solver"": ""lbfgs""}",0.5477369270641361,0.02154610682797131,"[0.5722345314295093, 0.5408583556044647, 0.5731536026498396, 0.5333493859860342, 0.5190887596508331]",,,,,,,,0.339941202658938,2.716,74ab309fcc94,,legacy,ok,auto LR search 2h (threshold-tuned)
LR_20260709_092004,2026-07-09T09:20:06,logistic_regression,Logistic Regression,"{""C"": 2.96374e-07, ""solver"": ""liblinear""}",0.5482429296648306,0.0227128620732701,"[0.5723398800061535, 0.5408441259063665, 0.5753539569522874, 0.5375038151067704, 0.5151728703525744]",,,,,,,,0.48925072357556426,2.163,74ab309fcc94,,legacy,ok,auto LR search 2h (threshold-tuned)
LR_20260709_092007,2026-07-09T09:20:10,logistic_regression,Logistic Regression,"{""C"": 0.022539339047, ""solver"": ""lbfgs""}",0.548082998568556,0.021426814542693323,"[0.5720228594964732, 0.5408141874895187, 0.5738316588151916, 0.5341834083824039, 0.5195628786591926]",,,,,,,,0.35924768484892977,3.112,74ab309fcc94,,legacy,ok,auto LR search 2h (threshold-tuned)
LR_20260709_092012,2026-07-09T09:20:16,logistic_regression,Logistic Regression,"{""C"": 107.780619585775, ""solver"": ""lbfgs""}",0.5475459247959302,0.021794928381530125,"[0.572222792081239, 0.5408526871803471, 0.5731536026498396, 0.5333493859860342, 0.5181511560821905]",,,,,,,,0.3388307794178269,4.454,74ab309fcc94,,legacy,ok,auto LR search 2h (threshold-tuned)
LR_20260709_092018,2026-07-09T09:20:28,logistic_regression,Logistic Regression,"{""C"": 444.949156683782, ""solver"": ""liblinear""}",0.5476887517755894,0.02178907805347874,"[0.5722488823264017, 0.5408583556044647, 0.573338494209706, 0.533909970842953, 0.5180880558944216]",,,,,,,,0.32944387818555115,10.015,74ab309fcc94,,legacy,ok,auto LR search 2h (threshold-tuned)
LR_20260709_092029,2026-07-09T09:20:37,logistic_regression,Logistic Regression,"{""C"": 1.084036248932, ""solver"": ""liblinear""}",0.5476873930848325,0.021783355958996175,"[0.5722430730736889, 0.5408430628628922, 0.5733355651336988, 0.533909970842953, 0.5181052935109297]",,,,,,,,0.3321282939149599,8.298,74ab309fcc94,,legacy,ok,auto LR search 2h (threshold-tuned)
LR_20260709_092038,2026-07-09T09:20:46,logistic_regression,Logistic Regression,"{""C"": 0.253661945576, ""solver"": ""liblinear""}",0.5477082164628226,0.02178501455149283,"[0.5722738712825517, 0.5408583556044647, 0.5733415631832781, 0.5339677447325067, 0.5180995475113123]",,,,,,,,0.348761478973117,8.066,74ab309fcc94,,legacy,ok,auto LR search 2h (threshold-tuned)
LR_20260709_092047,2026-07-09T09:20:50,logistic_regression,Logistic Regression,"{""C"": 0.156312061449, ""solver"": ""lbfgs""}",0.5475113336788491,0.021834631648371735,"[0.5722286616951656, 0.5408526871803471, 0.5731895223420647, 0.5331477483204191, 0.518138048856249]",,,,,,,,0.34061674823754423,3.138,74ab309fcc94,,legacy,ok,auto LR search 2h (threshold-tuned)
LR_20260709_092052,2026-07-09T09:20:54,logistic_regression,Logistic Regression,"{""C"": 0.003364407836, ""solver"": ""lbfgs""}",0.5482333186680994,0.021454860869342007,"[0.5719433348433061, 0.5408345034264518, 0.5742909347618455, 0.534400449311991, 0.5196973709969023]",,,,,,,,0.35255070061709454,2.718,74ab309fcc94,,legacy,ok,auto LR search 2h (threshold-tuned)
LR_20260709_092055,2026-07-09T09:20:57,logistic_regression,Logistic Regression,"{""C"": 1.82632e-07, ""solver"": ""lbfgs""}",0.5482461005091628,0.022708245721678656,"[0.5723398800061535, 0.5408441259063665, 0.5753539569522874, 0.5375038151067704, 0.5151887245742353]",,,,,,,,0.49321453009693245,1.381,74ab309fcc94,,legacy,ok,auto LR search 2h (threshold-tuned)
LR_20260709_092058,2026-07-09T09:21:06,logistic_regression,Logistic Regression,"{""C"": 18.474948184736, ""solver"": ""liblinear""}",0.5476887762191528,0.02179196208548148,"[0.5722547501615004, 0.5408583556044647, 0.573338494209706, 0.533909970842953, 0.5180823102771401]",,,,,,,,0.32957559248476337,8.842,74ab309fcc94,,legacy,ok,auto LR search 2h (threshold-tuned)
LR_20260709_092108,2026-07-09T09:21:16,logistic_regression,Logistic Regression,"{""C"": 0.715844220831, ""solver"": ""liblinear""}",0.547687880267739,0.0217872756808134,"[0.5722489412102505, 0.5408430628628922, 0.5733326358738295, 0.5339316489448184, 0.5180831124469041]",,,,,,,,0.3331710429433736,8.465,74ab309fcc94,,legacy,ok,auto LR search 2h (threshold-tuned)
LR_20260709_092117,2026-07-09T09:21:21,logistic_regression,Logistic Regression,"{""C"": 0.000278969643, ""solver"": ""liblinear""}",0.5483316748464423,0.02172724001050247,"[0.5721905387108686, 0.5407592177248621, 0.5748211642183505, 0.5345986470765651, 0.5192888065015655]",,,,,,,,0.34630149928960324,4.426,74ab309fcc94,,legacy,ok,auto LR search 2h (threshold-tuned)
LR_20260709_092122,2026-07-09T09:21:24,logistic_regression,Logistic Regression,"{""C"": 1.2306e-08, ""solver"": ""lbfgs""}",0.5482546756640864,0.022697044884073488,"[0.5723398800061535, 0.5408497930528632, 0.5753539569522874, 0.5375038151067704, 0.5152259332023575]",,,,,,,,0.49952539340197105,1.463,74ab309fcc94,,legacy,ok,auto LR search 2h (threshold-tuned)
LR_20260709_092125,2026-07-09T09:21:29,logistic_regression,Logistic Regression,"{""C"": 0.000320355393, ""solver"": ""liblinear""}",0.5483373171499439,0.02173398476141182,"[0.5722022216068187, 0.5407592177248621, 0.5748416214649497, 0.5345854378237505, 0.519298087129339]",,,,,,,,0.3449780210936316,4.56,74ab309fcc94,,legacy,ok,auto LR search 2h (threshold-tuned)
LR_20260709_092130,2026-07-09T09:21:32,logistic_regression,Logistic Regression,"{""C"": 0.000422456725, ""solver"": ""lbfgs""}",0.5481789158064305,0.021712040710212047,"[0.5721581818927678, 0.5407439237839707, 0.5745448513250114, 0.5341727589818904, 0.5192748630485119]",,,,,,,,0.3438845796286444,1.965,74ab309fcc94,,legacy,ok,auto LR search 2h (threshold-tuned)
LR_20260709_092133,2026-07-09T09:21:41,logistic_regression,Logistic Regression,"{""C"": 0.048234101478, ""solver"": ""liblinear""}",0.5477400634651861,0.021808009421057047,"[0.5720686926405146, 0.5408526871803471, 0.5736739933621391, 0.5339694242654234, 0.5181355198775062]",,,,,,,,0.35099539935470536,7.829,74ab309fcc94,,legacy,ok,auto LR search 2h (threshold-tuned)
LR_20260709_092142,2026-07-09T09:21:50,logistic_regression,Logistic Regression,"{""C"": 207.920529129416, ""solver"": ""liblinear""}",0.5476887517755894,0.02178907805347874,"[0.5722488823264017, 0.5408583556044647, 0.573338494209706, 0.533909970842953, 0.5180880558944216]",,,,,,,,0.3294497277817071,7.821,74ab309fcc94,,legacy,ok,auto LR search 2h (threshold-tuned)
LR_20260709_092151,2026-07-09T09:21:54,logistic_regression,Logistic Regression,"{""C"": 1968.419447286607, ""solver"": ""lbfgs""}",0.5475400154751888,0.021802900015117463,"[0.572222792081239, 0.5408526871803471, 0.5731536026498396, 0.5333493859860342, 0.5181216094784837]",,,,,,,,0.3387958205490335,2.961,74ab309fcc94,,legacy,ok,auto LR search 2h (threshold-tuned)
LR_20260709_092154,2026-07-09T09:22:02,logistic_regression,Logistic Regression,"{""C"": 4.323094643346, ""solver"": ""liblinear""}",0.5476910744915536,0.0217888399235977,"[0.5722547501615004, 0.5408583556044647, 0.573338494209706, 0.533909970842953, 0.5180938016391443]",,,,,,,,0.33022519387968197,7.819,74ab309fcc94,,legacy,ok,auto LR search 2h (threshold-tuned)
LR_20260709_092203,2026-07-09T09:22:05,logistic_regression,Logistic Regression,"{""C"": 3.06802e-07, ""solver"": ""liblinear""}",0.5482429296648306,0.0227128620732701,"[0.5723398800061535, 0.5408441259063665, 0.5753539569522874, 0.5375038151067704, 0.5151728703525744]",,,,,,,,0.48889654451458486,2.142,74ab309fcc94,,legacy,ok,auto LR search 2h (threshold-tuned)
LR_20260709_092206,2026-07-09T09:22:10,logistic_regression,Logistic Regression,"{""C"": 3.8858574e-05, ""solver"": ""liblinear""}",0.548794596113986,0.02179185320858931,"[0.5723401417770346, 0.5408226355776788, 0.5752167992546405, 0.5371914750231657, 0.51840192893741]",,,,,,,,0.34614443552840807,3.383,74ab309fcc94,,legacy,ok,auto LR search 2h (threshold-tuned)
LR_20260709_092211,2026-07-09T09:22:19,logistic_regression,Logistic Regression,"{""C"": 528.937374675731, ""solver"": ""liblinear""}",0.5476887517755894,0.02178907805347874,"[0.5722488823264017, 0.5408583556044647, 0.573338494209706, 0.533909970842953, 0.5180880558944216]",,,,,,,,0.3294426517264792,8.037,74ab309fcc94,,legacy,ok,auto LR search 2h (threshold-tuned)
LR_20260709_092220,2026-07-09T09:22:22,logistic_regression,Logistic Regression,"{""C"": 0.001369053833, ""solver"": ""lbfgs""}",0.5479706536532657,0.02192181358080874,"[0.5721818163166911, 0.5408345034264518, 0.5742971053615183, 0.5343569145719962, 0.518182928589671]",,,,,,,,0.3350329885639829,2.207,74ab309fcc94,,legacy,ok,auto LR search 2h (threshold-tuned)
LR_20260709_092223,2026-07-09T09:22:26,logistic_regression,Logistic Regression,"{""C"": 4.964435097192, ""solver"": ""lbfgs""}",0.5475494063504076,0.02179723893330011,"[0.5722345314295093, 0.5408583556044647, 0.5731536026498396, 0.5333493859860342, 0.5181511560821905]",,,,,,,,0.3392580971856591,2.734,74ab309fcc94,,legacy,ok,auto LR search 2h (threshold-tuned)
LR_20260709_092226,2026-07-09T09:22:29,logistic_regression,Logistic Regression,"{""C"": 0.002830184632, ""solver"": ""lbfgs""}",0.548215101731105,0.021306865197273768,"[0.5721906481462484, 0.5408401705908857, 0.5737044306176139, 0.5344230084100748, 0.5199172508907022]",,,,,,,,0.33830988210161284,2.329,74ab309fcc94,,legacy,ok,auto LR search 2h (threshold-tuned)
LR_20260709_092230,2026-07-09T09:22:38,logistic_regression,Logistic Regression,"{""C"": 22.735047705741, ""solver"": ""liblinear""}",0.5476876026521331,0.021790639215278827,"[0.5722488823264017, 0.5408583556044647, 0.573338494209706, 0.533909970842953, 0.5180823102771401]",,,,,,,,0.3295494643256238,7.917,74ab309fcc94,,legacy,ok,auto LR search 2h (threshold-tuned)
LR_20260709_092238,2026-07-09T09:22:46,logistic_regression,Logistic Regression,"{""C"": 115.498999652135, ""solver"": ""liblinear""}",0.5476876026521331,0.021790639215278827,"[0.5722488823264017, 0.5408583556044647, 0.573338494209706, 0.533909970842953, 0.5180823102771401]",,,,,,,,0.3294602180254928,7.998,74ab309fcc94,,legacy,ok,auto LR search 2h (threshold-tuned)
LR_20260709_092247,2026-07-09T09:22:49,logistic_regression,Logistic Regression,"{""C"": 4.33557e-07, ""solver"": ""liblinear""}",0.5482492152516094,0.02270666638348884,"[0.5723457499179521, 0.5408441259063665, 0.5753539569522874, 0.5375038151067704, 0.5151984283746703]",,,,,,,,0.4846947566027849,2.047,74ab309fcc94,,legacy,ok,auto LR search 2h (threshold-tuned)
LR_20260709_092250,2026-07-09T09:22:53,logistic_regression,Logistic Regression,"{""C"": 2.846544e-05, ""solver"": ""liblinear""}",0.5487236142355011,0.02188280370343426,"[0.5723577569403123, 0.5408379267704818, 0.5751799997951638, 0.5371858185302573, 0.5180565691412902]",,,,,,,,0.3543532544964946,3.098,74ab309fcc94,,legacy,ok,auto LR search 2h (threshold-tuned)
LR_20260709_092254,2026-07-09T09:22:55,logistic_regression,Logistic Regression,"{""C"": 1.5676e-08, ""solver"": ""lbfgs""}",0.5482546756640864,0.022697044884073488,"[0.5723398800061535, 0.5408497930528632, 0.5753539569522874, 0.5375038151067704, 0.5152259332023575]",,,,,,,,0.49939580696212865,1.259,74ab309fcc94,,legacy,ok,auto LR search 2h (threshold-tuned)
LR_20260709_092256,2026-07-09T09:23:04,logistic_regression,Logistic Regression,"{""C"": 2.020141205391, ""solver"": ""liblinear""}",0.5476866006730384,0.021790972587374103,"[0.5722547501615004, 0.5408430628628922, 0.5733415631832781, 0.5338940796462095, 0.5180995475113123]",,,,,,,,0.3308865625144787,7.752,74ab309fcc94,,legacy,ok,auto LR search 2h (threshold-tuned)
LR_20260709_092305,2026-07-09T09:23:13,logistic_regression,Logistic Regression,"{""C"": 3.393620926012, ""solver"": ""liblinear""}",0.5476922740699494,0.021790252021335478,"[0.5722547501615004, 0.5408583556044647, 0.5733444921016843, 0.533909970842953, 0.5180938016391443]",,,,,,,,0.33040878003547947,7.657,74ab309fcc94,,legacy,ok,auto LR search 2h (threshold-tuned)
LR_20260709_092313,2026-07-09T09:23:21,logistic_regression,Logistic Regression,"{""C"": 3085.756852716054, ""solver"": ""liblinear""}",0.5476887517755894,0.02178907805347874,"[0.5722488823264017, 0.5408583556044647, 0.573338494209706, 0.533909970842953, 0.5180880558944216]",,,,,,,,0.3294374697657498,7.955,74ab309fcc94,,legacy,ok,auto LR search 2h (threshold-tuned)
LR_20260709_092322,2026-07-09T09:23:25,logistic_regression,Logistic Regression,"{""C"": 7.648997e-06, ""solver"": ""liblinear""}",0.5481708216313383,0.022768714290278033,"[0.5723752372159819, 0.5408441259063665, 0.5753539569522874, 0.5371616286048201, 0.5151191594772359]",,,,,,,,0.38723808287832656,2.77,74ab309fcc94,,legacy,ok,auto LR search 2h (threshold-tuned)
GB_20260709_090142,2026-07-09T09:23:32,gradient_boosting,Gradient Boosting,"{""n_estimators"": 150, ""learning_rate"": 0.15, ""max_depth"": 5, ""subsample"": 0.7}",0.5201917528842931,0.017050382716855106,"[0.5319714525123522, 0.5027413527375628, 0.5478740398105318, 0.51011762158065, 0.5082542977803689]",,,,,,,,0.43168894073756237,1310.015,74ab309fcc94,,legacy,ok,auto GB search 3h ext (threshold-tuned)
LR_20260709_092326,2026-07-09T09:23:34,logistic_regression,Logistic Regression,"{""C"": 3797.29504804667, ""solver"": ""liblinear""}",0.5476876026521331,0.021790639215278827,"[0.5722488823264017, 0.5408583556044647, 0.573338494209706, 0.533909970842953, 0.5180823102771401]",,,,,,,,0.32943597084990844,7.76,74ab309fcc94,,legacy,ok,auto LR search 2h (threshold-tuned)
LR_20260709_092335,2026-07-09T09:23:42,logistic_regression,Logistic Regression,"{""C"": 0.025883098814, ""solver"": ""liblinear""}",0.5480749876803813,0.02138959955641707,"[0.5719493733458286, 0.5408430628628922, 0.5738412460123851, 0.5340168865092182, 0.5197243696715822]",,,,,,,,0.35812120014705445,7.135,74ab309fcc94,,legacy,ok,auto LR search 2h (threshold-tuned)
LR_20260709_092343,2026-07-09T09:23:45,logistic_regression,Logistic Regression,"{""C"": 9.8003e-08, ""solver"": ""liblinear""}",0.5482515049330698,0.02270165934904565,"[0.5723398800061535, 0.5408497930528632, 0.5753539569522874, 0.5375038151067704, 0.5152100795472746]",,,,,,,,0.49629242157069997,1.92,74ab309fcc94,,legacy,ok,auto LR search 2h (threshold-tuned)
LR_20260709_092346,2026-07-09T09:23:49,logistic_regression,Logistic Regression,"{""C"": 2.3945507e-05, ""solver"": ""liblinear""}",0.548120555650933,0.02274988541773863,"[0.5723636289023627, 0.5408532176428055, 0.575208913649025, 0.5371031432633075, 0.5150738747971646]",,,,,,,,0.346377988271065,3.079,74ab309fcc94,,legacy,ok,auto LR search 2h (threshold-tuned)
LR_20260709_092350,2026-07-09T09:23:52,logistic_regression,Logistic Regression,"{""C"": 0.057338728756, ""solver"": ""lbfgs""}",0.547630802802687,0.021958844334215508,"[0.5721419617352705, 0.5408526871803471, 0.5738328866828643, 0.5331638244706501, 0.5181626539443027]",,,,,,,,0.3515196629709787,2.747,74ab309fcc94,,legacy,ok,auto LR search 2h (threshold-tuned)
LR_20260709_092353,2026-07-09T09:24:01,logistic_regression,Logistic Regression,"{""C"": 0.602177682322, ""solver"": ""liblinear""}",0.5476949721431669,0.02179544825025014,"[0.5722665463420638, 0.5408430628628922, 0.573350490119156, 0.5339316489448184, 0.5180831124469041]",,,,,,,,0.3337620307627163,8.01,74ab309fcc94,,legacy,ok,auto LR search 2h (threshold-tuned)
LR_20260709_092403,2026-07-09T09:24:07,logistic_regression,Logistic Regression,"{""C"": 800.99450533786, ""solver"": ""lbfgs""}",0.5475400154751888,0.021802900015117463,"[0.572222792081239, 0.5408526871803471, 0.5731536026498396, 0.5333493859860342, 0.5181216094784837]",,,,,,,,0.3387977327311936,4.481,74ab309fcc94,,legacy,ok,auto LR search 2h (threshold-tuned)
LR_20260709_092409,2026-07-09T09:24:13,logistic_regression,Logistic Regression,"{""C"": 1.4755747e-05, ""solver"": ""liblinear""}",0.5481324712646257,0.022762224077850272,"[0.5724016947587636, 0.5408611277021576, 0.5752125371299806, 0.5371380435927134, 0.5150489531395138]",,,,,,,,0.36344587392608674,3.863,74ab309fcc94,,legacy,ok,auto LR search 2h (threshold-tuned)
LR_20260709_092413,2026-07-09T09:24:16,logistic_regression,Logistic Regression,"{""C"": 11.785260158278, ""solver"": ""lbfgs""}",0.5475459247959302,0.021794928381530125,"[0.572222792081239, 0.5408526871803471, 0.5731536026498396, 0.5333493859860342, 0.5181511560821905]",,,,,,,,0.3390208538280573,2.79,74ab309fcc94,,legacy,ok,auto LR search 2h (threshold-tuned)
LR_20260709_092417,2026-07-09T09:24:19,logistic_regression,Logistic Regression,"{""C"": 0.000105933004, ""solver"": ""lbfgs""}",0.548300126414363,0.02163833511535192,"[0.5722403429954663, 0.5408209244569261, 0.5746367101887341, 0.5340631161582968, 0.5197395382723919]",,,,,,,,0.35490168620863205,1.816,74ab309fcc94,,legacy,ok,auto LR search 2h (threshold-tuned)
LR_20260709_092420,2026-07-09T09:24:22,logistic_regression,Logistic Regression,"{""C"": 0.000298947202, ""solver"": ""lbfgs""}",0.5483277760050943,0.021613939662881623,"[0.5721905387108686, 0.5408379267704818, 0.5745424379115467, 0.534657090247343, 0.5194108863852315]",,,,,,,,0.34370872311427786,2.003,74ab309fcc94,,legacy,ok,auto LR search 2h (threshold-tuned)
LR_20260709_092423,2026-07-09T09:24:25,logistic_regression,Logistic Regression,"{""C"": 1.3301631e-05, ""solver"": ""lbfgs""}",0.5481367118055257,0.0227489224781921,"[0.5723958226471614, 0.5408497930528632, 0.5752038349653787, 0.5371534468416674, 0.5150806615205578]",,,,,,,,0.3673469247173612,1.636,74ab309fcc94,,legacy,ok,auto LR search 2h (threshold-tuned)
LR_20260709_092426,2026-07-09T09:24:30,logistic_regression,Logistic Regression,"{""C"": 1.7541029e-05, ""solver"": ""liblinear""}",0.5481175488928837,0.02276223468298901,"[0.5723636289023627, 0.5408611277021576, 0.5752226886454387, 0.5370974875218499, 0.5150428116926099]",,,,,,,,0.3563521382696203,3.569,74ab309fcc94,,legacy,ok,auto LR search 2h (threshold-tuned)
LR_20260709_092431,2026-07-09T09:24:33,logistic_regression,Logistic Regression,"{""C"": 0.185817390978, ""solver"": ""lbfgs""}",0.5475164777011692,0.02183222687858963,"[0.5722345314295093, 0.5408526871803471, 0.5731895223420647, 0.5331594349031685, 0.5181462126507561]",,,,,,,,0.3404144883252965,2.691,74ab309fcc94,,legacy,ok,auto LR search 2h (threshold-tuned)
LR_20260709_092434,2026-07-09T09:24:42,logistic_regression,Logistic Regression,"{""C"": 247.167428383421, ""solver"": ""liblinear""}",0.5476864535541641,0.021792200472986405,"[0.5722488823264017, 0.5408583556044647, 0.573338494209706, 0.533909970842953, 0.5180765647872954]",,,,,,,,0.3294451630580587,7.911,74ab309fcc94,,legacy,ok,auto LR search 2h (threshold-tuned)
LR_20260709_092443,2026-07-09T09:24:51,logistic_regression,Logistic Regression,"{""C"": 1.585806935471, ""solver"": ""liblinear""}",0.5476862455123321,0.02178212323313569,"[0.5722313371616079, 0.5408430628628922, 0.5733415631832781, 0.533909970842953, 0.5181052935109297]",,,,,,,,0.33125576208332486,8.416,74ab309fcc94,,legacy,ok,auto LR search 2h (threshold-tuned)
LR_20260709_092452,2026-07-09T09:24:56,logistic_regression,Logistic Regression,"{""C"": 2.319833528689, ""solver"": ""lbfgs""}",0.5477336081236602,0.021550520333128657,"[0.5722345314295093, 0.5408583556044647, 0.5731536026498396, 0.5333493859860342, 0.5190721649484537]",,,,,,,,0.33995351961430975,3.16,74ab309fcc94,,legacy,ok,auto LR search 2h (threshold-tuned)
LR_20260709_092457,2026-07-09T09:25:00,logistic_regression,Logistic Regression,"{""C"": 1.3651e-08, ""solver"": ""liblinear""}",0.5482546756640864,0.022697044884073488,"[0.5723398800061535, 0.5408497930528632, 0.5753539569522874, 0.5375038151067704, 0.5152259332023575]",,,,,,,,0.49947389369351425,3.052,74ab309fcc94,,legacy,ok,auto LR search 2h (threshold-tuned)
LR_20260709_092501,2026-07-09T09:25:04,logistic_regression,Logistic Regression,"{""C"": 2.280066e-06, ""solver"": ""lbfgs""}",0.5482763583671357,0.022710740093971678,"[0.572363360375791, 0.5408441259063665, 0.5753539569522874, 0.5376798343789737, 0.5151405142222601]",,,,,,,,0.439198663231844,2.278,74ab309fcc94,,legacy,ok,auto LR search 2h (threshold-tuned)
LR_20260709_092505,2026-07-09T09:25:10,logistic_regression,Logistic Regression,"{""C"": 1.531903962102, ""solver"": ""lbfgs""}",0.54751434170515,0.02181810216140939,"[0.5722287191481504, 0.5408583556044647, 0.5731536026498396, 0.5331798750411049, 0.5181511560821905]",,,,,,,,0.3405557600109014,4.129,74ab309fcc94,,legacy,ok,auto LR search 2h (threshold-tuned)
LR_20260709_092511,2026-07-09T09:25:19,logistic_regression,Logistic Regression,"{""C"": 78.953559565038, ""solver"": ""liblinear""}",0.5476876026521331,0.021790639215278827,"[0.5722488823264017, 0.5408583556044647, 0.573338494209706, 0.533909970842953, 0.5180823102771401]",,,,,,,,0.32946734288280377,8.499,74ab309fcc94,,legacy,ok,auto LR search 2h (threshold-tuned)
LR_20260709_092520,2026-07-09T09:25:28,logistic_regression,Logistic Regression,"{""C"": 0.167505872579, ""solver"": ""liblinear""}",0.5478504366657826,0.021984672583358747,"[0.5722707804812917, 0.5408583556044647, 0.5741374824374252, 0.533894170831391, 0.5180913939743405]",,,,,,,,0.3469569628970101,8.014,74ab309fcc94,,legacy,ok,auto LR search 2h (threshold-tuned)
LR_20260709_092529,2026-07-09T09:25:32,logistic_regression,Logistic Regression,"{""C"": 2183.604433756308, ""solver"": ""lbfgs""}",0.5475400154751888,0.021802900015117463,"[0.572222792081239, 0.5408526871803471, 0.5731536026498396, 0.5333493859860342, 0.5181216094784837]",,,,,,,,0.33879569123673525,2.949,74ab309fcc94,,legacy,ok,auto LR search 2h (threshold-tuned)
LR_20260709_092533,2026-07-09T09:25:36,logistic_regression,Logistic Regression,"{""C"": 0.114504756994, ""solver"": ""lbfgs""}",0.5474927368316276,0.021814774228658976,"[0.5721538240190739, 0.5408526871803471, 0.5731744384701652, 0.5331462952206648, 0.5181364392678869]",,,,,,,,0.3525278081546269,3.092,74ab309fcc94,,legacy,ok,auto LR search 2h (threshold-tuned)
LR_20260709_092537,2026-07-09T09:25:39,logistic_regression,Logistic Regression,"{""C"": 3.7215e-08, ""solver"": ""liblinear""}",0.5482546756640864,0.022697044884073488,"[0.5723398800061535, 0.5408497930528632, 0.5753539569522874, 0.5375038151067704, 0.5152259332023575]",,,,,,,,0.49857320897560387,1.811,74ab309fcc94,,legacy,ok,auto LR search 2h (threshold-tuned)
LR_20260709_092540,2026-07-09T09:25:43,logistic_regression,Logistic Regression,"{""C"": 493.59040456044, ""solver"": ""lbfgs""}",0.5475400154751888,0.021802900015117463,"[0.572222792081239, 0.5408526871803471, 0.5731536026498396, 0.5333493859860342, 0.5181216094784837]",,,,,,,,0.3387997415830668,2.993,74ab309fcc94,,legacy,ok,auto LR search 2h (threshold-tuned)
LR_20260709_092544,2026-07-09T09:25:45,logistic_regression,Logistic Regression,"{""C"": 1.9291e-08, ""solver"": ""lbfgs""}",0.5482546756640864,0.022697044884073488,"[0.5723398800061535, 0.5408497930528632, 0.5753539569522874, 0.5375038151067704, 0.5152259332023575]",,,,,,,,0.49925698264311186,1.46,74ab309fcc94,,legacy,ok,auto LR search 2h (threshold-tuned)
LR_20260709_092546,2026-07-09T09:25:55,logistic_regression,Logistic Regression,"{""C"": 0.083879255719, ""solver"": ""liblinear""}",0.5478236861331232,0.02192155177360726,"[0.5721420130504034, 0.5408487313049585, 0.5740407143229032, 0.5340013229664813, 0.518085649020869]",,,,,,,,0.3501171432374965,8.23,74ab309fcc94,,legacy,ok,auto LR search 2h (threshold-tuned)
LR_20260709_092555,2026-07-09T09:25:57,logistic_regression,Logistic Regression,"{""C"": 0.000343296667, ""solver"": ""lbfgs""}",0.548362616007487,0.02161636145172837,"[0.5721581818927678, 0.5407439237839707, 0.5748178204703545, 0.5342381379466843, 0.5198550159436581]",,,,,,,,0.3456868030019712,1.918,74ab309fcc94,,legacy,ok,auto LR search 2h (threshold-tuned)
LR_20260709_092558,2026-07-09T09:26:07,logistic_regression,Logistic Regression,"{""C"": 2.663985857259, ""solver"": ""liblinear""}",0.5476928374607016,0.021788001520048266,"[0.5722547501615004, 0.5408583556044647, 0.5733415631832781, 0.533909970842953, 0.5180995475113123]",,,,,,,,0.3305603671244474,8.41,74ab309fcc94,,legacy,ok,auto LR search 2h (threshold-tuned)
LR_20260709_092608,2026-07-09T09:26:10,logistic_regression,Logistic Regression,"{""C"": 4.398495e-06, ""solver"": ""liblinear""}",0.5481774051163545,0.02278164992769429,"[0.5724161982521643, 0.5408441259063665, 0.5753539569522874, 0.5371713747249391, 0.5151013697460152]",,,,,,,,0.4129176954829301,2.595,74ab309fcc94,,legacy,ok,auto LR search 2h (threshold-tuned)
LR_20260709_092611,2026-07-09T09:26:14,logistic_regression,Logistic Regression,"{""C"": 157.669316147676, ""solver"": ""lbfgs""}",0.5475400154751888,0.021802900015117463,"[0.572222792081239, 0.5408526871803471, 0.5731536026498396, 0.5333493859860342, 0.5181216094784837]",,,,,,,,0.33881090518806667,2.937,74ab309fcc94,,legacy,ok,auto LR search 2h (threshold-tuned)
LR_20260709_092615,2026-07-09T09:26:22,logistic_regression,Logistic Regression,"{""C"": 0.001934676072, ""solver"": ""liblinear""}",0.5478448511282783,0.021825083087704582,"[0.5721789084940501, 0.5408345034264518, 0.5737571482239011, 0.5344200356236843, 0.518033659873304]",,,,,,,,0.3361466703662742,6.28,74ab309fcc94,,legacy,ok,auto LR search 2h (threshold-tuned)
LR_20260709_092623,2026-07-09T09:26:24,logistic_regression,Logistic Regression,"{""C"": 0.000125928827, ""solver"": ""lbfgs""}",0.5483282733845007,0.021582173608918412,"[0.5722256982552594, 0.5408226355776788, 0.5745913726141768, 0.5341443423493378, 0.5198573181260508]",,,,,,,,0.3530458978004915,1.75,74ab309fcc94,,legacy,ok,auto LR search 2h (threshold-tuned)
LR_20260709_092625,2026-07-09T09:26:27,logistic_regression,Logistic Regression,"{""C"": 5.15395e-07, ""solver"": ""lbfgs""}",0.5482460446311276,0.02271128181028146,"[0.5723457499179521, 0.5408441259063665, 0.5753539569522874, 0.5375038151067704, 0.5151825752722614]",,,,,,,,0.48210427695255625,1.571,74ab309fcc94,,legacy,ok,auto LR search 2h (threshold-tuned)
LR_20260709_092628,2026-07-09T09:26:37,logistic_regression,Logistic Regression,"{""C"": 374.297150310057, ""solver"": ""liblinear""}",0.5476887517755894,0.02178907805347874,"[0.5722488823264017, 0.5408583556044647, 0.573338494209706, 0.533909970842953, 0.5180880558944216]",,,,,,,,0.3294441102271781,8.379,74ab309fcc94,,legacy,ok,auto LR search 2h (threshold-tuned)
LR_20260709_092637,2026-07-09T09:26:41,logistic_regression,Logistic Regression,"{""C"": 1.821064829089, ""solver"": ""lbfgs""}",0.5475101752125566,0.021817441044611006,"[0.5722345314295093, 0.5408583556044647, 0.5731386463454261, 0.5331681866011926, 0.5181511560821905]",,,,,,,,0.3394483797541741,3.04,74ab309fcc94,,legacy,ok,auto LR search 2h (threshold-tuned)
LR_20260709_092642,2026-07-09T09:26:43,logistic_regression,Logistic Regression,"{""C"": 4.1641312e-05, ""solver"": ""lbfgs""}",0.5488262304955037,0.021739634305075414,"[0.5723342702968875, 0.5408226355776788, 0.5752016706932558, 0.5372068780338848, 0.5185656978758115]",,,,,,,,0.3436118431752561,1.802,74ab309fcc94,,legacy,ok,auto LR search 2h (threshold-tuned)
LR_20260709_092644,2026-07-09T09:26:47,logistic_regression,Logistic Regression,"{""C"": 8.485175e-06, ""solver"": ""liblinear""}",0.5481797856122803,0.02278378327038483,"[0.5724310571240971, 0.5408441259063665, 0.5753539569522874, 0.5371616286048201, 0.5151081594738304]",,,,,,,,0.3823830654058156,2.878,74ab309fcc94,,legacy,ok,auto LR search 2h (threshold-tuned)
LR_20260709_092648,2026-07-09T09:26:56,logistic_regression,Logistic Regression,"{""C"": 194.025952793231, ""solver"": ""liblinear""}",0.5476876026521331,0.021790639215278827,"[0.5722488823264017, 0.5408583556044647, 0.573338494209706, 0.533909970842953, 0.5180823102771401]",,,,,,,,0.32944907268052315,8.166,74ab309fcc94,,legacy,ok,auto LR search 2h (threshold-tuned)
LR_20260709_092657,2026-07-09T09:27:00,logistic_regression,Logistic Regression,"{""C"": 6.215726e-06, ""solver"": ""liblinear""}",0.5481610328729826,0.022785849849526137,"[0.5723869802939999, 0.5408441259063665, 0.5753539569522874, 0.5371462264150944, 0.5150738747971646]",,,,,,,,0.39660319694537227,2.676,74ab309fcc94,,legacy,ok,auto LR search 2h (threshold-tuned)
GB_20260709_092333,2026-07-09T09:27:01,gradient_boosting,Gradient Boosting,"{""n_estimators"": 40, ""learning_rate"": 0.25, ""max_depth"": 4, ""subsample"": 0.5}",0.5345020974576054,0.017148844360170466,"[0.5505906925135435, 0.5237012987012987, 0.5590226822172447, 0.5146287368686667, 0.5245670769872731]",,,,,,,,0.4147103536453961,208.327,74ab309fcc94,,legacy,ok,auto GB search 3h ext (threshold-tuned)
LR_20260709_092701,2026-07-09T09:27:04,logistic_regression,Logistic Regression,"{""C"": 0.150998876913, ""solver"": ""lbfgs""}",0.5475028763697471,0.021836160747306384,"[0.572216922587726, 0.5408526871803471, 0.5731835143180579, 0.5331404523934771, 0.5181208053691275]",,,,,,,,0.340625579914515,3.031,74ab309fcc94,,legacy,ok,auto LR search 2h (threshold-tuned)
LR_20260709_092705,2026-07-09T09:27:08,logistic_regression,Logistic Regression,"{""C"": 476.812832312021, ""solver"": ""lbfgs""}",0.5475400154751888,0.021802900015117463,"[0.572222792081239, 0.5408526871803471, 0.5731536026498396, 0.5333493859860342, 0.5181216094784837]",,,,,,,,0.33879992570275064,2.925,74ab309fcc94,,legacy,ok,auto LR search 2h (threshold-tuned)
LR_20260709_092709,2026-07-09T09:27:11,logistic_regression,Logistic Regression,"{""C"": 1.6228e-08, ""solver"": ""liblinear""}",0.5482546756640864,0.022697044884073488,"[0.5723398800061535, 0.5408497930528632, 0.5753539569522874, 0.5375038151067704, 0.5152259332023575]",,,,,,,,0.49937493450852244,1.881,74ab309fcc94,,legacy,ok,auto LR search 2h (threshold-tuned)
LR_20260709_092712,2026-07-09T09:27:17,logistic_regression,Logistic Regression,"{""C"": 0.001038174453, ""solver"": ""liblinear""}",0.5483576906927382,0.021495780081262607,"[0.5721553784451898, 0.5408345034264518, 0.5744951716571618, 0.534392505207715, 0.5199108947271726]",,,,,,,,0.33625169737267047,5.59,74ab309fcc94,,legacy,ok,auto LR search 2h (threshold-tuned)
LR_20260709_092718,2026-07-09T09:27:21,logistic_regression,Logistic Regression,"{""C"": 0.441118929291, ""solver"": ""lbfgs""}",0.5475169322761297,0.02182731592065756,"[0.572259204470743, 0.5408583556044647, 0.5731536026498396, 0.5331623425734109, 0.5181511560821905]",,,,,,,,0.35074583397755954,2.887,74ab309fcc94,,legacy,ok,auto LR search 2h (threshold-tuned)
LR_20260709_092722,2026-07-09T09:27:23,logistic_regression,Logistic Regression,"{""C"": 1.8002e-08, ""solver"": ""lbfgs""}",0.5482546756640864,0.022697044884073488,"[0.5723398800061535, 0.5408497930528632, 0.5753539569522874, 0.5375038151067704, 0.5152259332023575]",,,,,,,,0.4993064614959543,1.26,74ab309fcc94,,legacy,ok,auto LR search 2h (threshold-tuned)
LR_20260709_092724,2026-07-09T09:27:27,logistic_regression,Logistic Regression,"{""C"": 460.605544509876, ""solver"": ""lbfgs""}",0.5475400154751888,0.021802900015117463,"[0.572222792081239, 0.5408526871803471, 0.5731536026498396, 0.5333493859860342, 0.5181216094784837]",,,,,,,,0.33880011649905717,2.863,74ab309fcc94,,legacy,ok,auto LR search 2h (threshold-tuned)
LR_20260709_092728,2026-07-09T09:27:33,logistic_regression,Logistic Regression,"{""C"": 0.000734653587, ""solver"": ""liblinear""}",0.5484079426001497,0.021596860185446046,"[0.5721699709740613, 0.5408288363807827, 0.5748475814188597, 0.5342607794003283, 0.5199325448267159]",,,,,,,,0.33478584980579223,5.021,74ab309fcc94,,legacy,ok,auto LR search 2h (threshold-tuned)
LR_20260709_092734,2026-07-09T09:27:42,logistic_regression,Logistic Regression,"{""C"": 222.810123136085, ""solver"": ""liblinear""}",0.5476887517755894,0.02178907805347874,"[0.5722488823264017, 0.5408583556044647, 0.573338494209706, 0.533909970842953, 0.5180880558944216]",,,,,,,,0.32945052664081337,8.129,74ab309fcc94,,legacy,ok,auto LR search 2h (threshold-tuned)
LR_20260709_092743,2026-07-09T09:27:46,logistic_regression,Logistic Regression,"{""C"": 0.004754407151, ""solver"": ""lbfgs""}",0.5480693113962138,0.02137555110294722,"[0.5719815914917274, 0.5408515052760633, 0.5736927831607083, 0.5342829394626093, 0.5195377375899612]",,,,,,,,0.35537644378729255,2.765,74ab309fcc94,,legacy,ok,auto LR search 2h (threshold-tuned)
LR_20260709_092747,2026-07-09T09:27:50,logistic_regression,Logistic Regression,"{""C"": 9660.0911992331, ""solver"": ""lbfgs""}",0.5475400154751888,0.021802900015117463,"[0.572222792081239, 0.5408526871803471, 0.5731536026498396, 0.5333493859860342, 0.5181216094784837]",,,,,,,,0.33879477617476506,3.01,74ab309fcc94,,legacy,ok,auto LR search 2h (threshold-tuned)
LR_20260709_092751,2026-07-09T09:27:53,logistic_regression,Logistic Regression,"{""C"": 0.000331627711, ""solver"": ""lbfgs""}",0.5483648534482239,0.021666353578958387,"[0.5721523141453609, 0.5407286295224919, 0.5748149681693494, 0.534678409164316, 0.5194499462396016]",,,,,,,,0.34448778896606697,1.939,74ab309fcc94,,legacy,ok,auto LR search 2h (threshold-tuned)
LR_20260709_092754,2026-07-09T09:28:02,logistic_regression,Logistic Regression,"{""C"": 123.770107946239, ""solver"": ""liblinear""}",0.5476887517755894,0.02178907805347874,"[0.5722488823264017, 0.5408583556044647, 0.573338494209706, 0.533909970842953, 0.5180880558944216]",,,,,,,,0.32945393787928096,8.165,74ab309fcc94,,legacy,ok,auto LR search 2h (threshold-tuned)
LR_20260709_092803,2026-07-09T09:28:06,logistic_regression,Logistic Regression,"{""C"": 3.7537737e-05, ""solver"": ""liblinear""}",0.5487750483640494,0.021824475371126868,"[0.5723401417770346, 0.5408226355776788, 0.5752167992546405, 0.5372222807202275, 0.5182733844906662]",,,,,,,,0.34628484983055874,3.369,74ab309fcc94,,legacy,ok,auto LR search 2h (threshold-tuned)
LR_20260709_092807,2026-07-09T09:28:09,logistic_regression,Logistic Regression,"{""C"": 7.918142e-06, ""solver"": ""lbfgs""}",0.5481808110701503,0.02277933990801284,"[0.5724251844100418, 0.5408441259063665, 0.5753539569522874, 0.5371616286048201, 0.5151191594772359]",,,,,,,,0.385464210717301,1.535,74ab309fcc94,,legacy,ok,auto LR search 2h (threshold-tuned)
LR_20260709_092810,2026-07-09T09:28:18,logistic_regression,Logistic Regression,"{""C"": 6.109173765367, ""solver"": ""liblinear""}",0.5476876271211839,0.021793523310298654,"[0.5722547501615004, 0.5408583556044647, 0.573338494209706, 0.533909970842953, 0.5180765647872954]",,,,,,,,0.3300259951294557,8.205,74ab309fcc94,,legacy,ok,auto LR search 2h (threshold-tuned)
LR_20260709_092819,2026-07-09T09:28:22,logistic_regression,Logistic Regression,"{""C"": 1492.682562154745, ""solver"": ""lbfgs""}",0.5475400154751888,0.021802900015117463,"[0.572222792081239, 0.5408526871803471, 0.5731536026498396, 0.5333493859860342, 0.5181216094784837]",,,,,,,,0.33879623862885555,2.895,74ab309fcc94,,legacy,ok,auto LR search 2h (threshold-tuned)
LR_20260709_092823,2026-07-09T09:28:28,logistic_regression,Logistic Regression,"{""C"": 0.005094879506, ""solver"": ""liblinear""}",0.548067053403807,0.021339090165416127,"[0.5719640025535946, 0.5408685081946598, 0.5736568457538995, 0.5341657920079639, 0.5196801185089172]",,,,,,,,0.35654509626986836,5.818,74ab309fcc94,,legacy,ok,auto LR search 2h (threshold-tuned)
LR_20260709_092829,2026-07-09T09:28:32,logistic_regression,Logistic Regression,"{""C"": 0.767107219559, ""solver"": ""lbfgs""}",0.5475167600699561,0.021826026459834807,"[0.5722433070058468, 0.5408526871803471, 0.5731685586407136, 0.5331623425734109, 0.5181569049494624]",,,,,,,,0.3396153051776689,2.923,74ab309fcc94,,legacy,ok,auto LR search 2h (threshold-tuned)
LR_20260709_092833,2026-07-09T09:28:36,logistic_regression,Logistic Regression,"{""C"": 57.836599863197, ""solver"": ""lbfgs""}",0.5475459247959302,0.021794928381530125,"[0.572222792081239, 0.5408526871803471, 0.5731536026498396, 0.5333493859860342, 0.5181511560821905]",,,,,,,,0.3388515232803635,2.866,74ab309fcc94,,legacy,ok,auto LR search 2h (threshold-tuned)
LR_20260709_092837,2026-07-09T09:28:40,logistic_regression,Logistic Regression,"{""C"": 0.110612639531, ""solver"": ""lbfgs""}",0.5474927113348815,0.02181468951630917,"[0.5721597040234315, 0.5408526871803471, 0.5731684309820774, 0.5331462952206648, 0.5181364392678869]",,,,,,,,0.35250856266428876,2.917,74ab309fcc94,,legacy,ok,auto LR search 2h (threshold-tuned)
LR_20260709_092841,2026-07-09T09:28:47,logistic_regression,Logistic Regression,"{""C"": 0.004285880424, ""solver"": ""liblinear""}",0.5480254112938556,0.021363126731066367,"[0.5719992175676649, 0.5407309555261999, 0.5736069768656327, 0.5341940777044898, 0.5195958288052903]",,,,,,,,0.3643765095207727,5.77,74ab309fcc94,,legacy,ok,auto LR search 2h (threshold-tuned)
LR_20260709_092848,2026-07-09T09:28:56,logistic_regression,Logistic Regression,"{""C"": 3930.910143320523, ""solver"": ""liblinear""}",0.5476887517755894,0.02178907805347874,"[0.5722488823264017, 0.5408583556044647, 0.573338494209706, 0.533909970842953, 0.5180880558944216]",,,,,,,,0.3294398289476466,8.586,74ab309fcc94,,legacy,ok,auto LR search 2h (threshold-tuned)
LR_20260709_092857,2026-07-09T09:29:00,logistic_regression,Logistic Regression,"{""C"": 45.401618927595, ""solver"": ""lbfgs""}",0.5475459247959302,0.021794928381530125,"[0.572222792081239, 0.5408526871803471, 0.5731536026498396, 0.5333493859860342, 0.5181511560821905]",,,,,,,,0.33886376304018856,2.842,74ab309fcc94,,legacy,ok,auto LR search 2h (threshold-tuned)
LR_20260709_092901,2026-07-09T09:29:04,logistic_regression,Logistic Regression,"{""C"": 0.384132100221, ""solver"": ""lbfgs""}",0.5475130836280542,0.021826856430409138,"[0.572259204470743, 0.5408583556044647, 0.5731475949393625, 0.5331433581762385, 0.5181569049494624]",,,,,,,,0.35076414075930246,2.961,74ab309fcc94,,legacy,ok,auto LR search 2h (threshold-tuned)
LR_20260709_092905,2026-07-09T09:29:08,logistic_regression,Logistic Regression,"{""C"": 0.07056034586, ""solver"": ""lbfgs""}",0.547652693927495,0.021988877350679368,"[0.5722472706358417, 0.5408526871803471, 0.5738415981982733, 0.5331871985971065, 0.5181347150259067]",,,,,,,,0.3487868758792484,2.81,74ab309fcc94,,legacy,ok,auto LR search 2h (threshold-tuned)
LR_20260709_092909,2026-07-09T09:29:17,logistic_regression,Logistic Regression,"{""C"": 8126.197236907803, ""solver"": ""liblinear""}",0.5476876026521331,0.021790639215278827,"[0.5722488823264017, 0.5408583556044647, 0.573338494209706, 0.533909970842953, 0.5180823102771401]",,,,,,,,0.32943730860455833,7.896,74ab309fcc94,,legacy,ok,auto LR search 2h (threshold-tuned)
LR_20260709_092917,2026-07-09T09:29:22,logistic_regression,Logistic Regression,"{""C"": 0.001234139365, ""solver"": ""liblinear""}",0.5483195610950602,0.021467640592590185,"[0.5721553784451898, 0.5408345034264518, 0.5743349145223736, 0.5344126059036209, 0.5198604031776645]",,,,,,,,0.33681700417905797,4.805,74ab309fcc94,,legacy,ok,auto LR search 2h (threshold-tuned)
LR_20260709_092923,2026-07-09T09:29:31,logistic_regression,Logistic Regression,"{""C"": 493.59040456044, ""solver"": ""liblinear""}",0.5476887517755894,0.02178907805347874,"[0.5722488823264017, 0.5408583556044647, 0.573338494209706, 0.533909970842953, 0.5180880558944216]",,,,,,,,0.3294446189617245,7.739,74ab309fcc94,,legacy,ok,auto LR search 2h (threshold-tuned)
LR_20260709_092932,2026-07-09T09:29:33,logistic_regression,Logistic Regression,"{""C"": 2.202565e-06, ""solver"": ""lbfgs""}",0.5482763583671357,0.022710740093971678,"[0.572363360375791, 0.5408441259063665, 0.5753539569522874, 0.5376798343789737, 0.5151405142222601]",,,,,,,,0.44061986600506764,1.454,74ab309fcc94,,legacy,ok,auto LR search 2h (threshold-tuned)
LR_20260709_092934,2026-07-09T09:29:42,logistic_regression,Logistic Regression,"{""C"": 174.905515327019, ""solver"": ""liblinear""}",0.5476887517755894,0.02178907805347874,"[0.5722488823264017, 0.5408583556044647, 0.573338494209706, 0.533909970842953, 0.5180880558944216]",,,,,,,,0.32945221327541496,7.68,74ab309fcc94,,legacy,ok,auto LR search 2h (threshold-tuned)
LR_20260709_092943,2026-07-09T09:29:51,logistic_regression,Logistic Regression,"{""C"": 5952.760338985107, ""solver"": ""liblinear""}",0.5476887517755894,0.02178907805347874,"[0.5722488823264017, 0.5408583556044647, 0.573338494209706, 0.533909970842953, 0.5180880558944216]",,,,,,,,0.32943813722593873,7.81,74ab309fcc94,,legacy,ok,auto LR search 2h (threshold-tuned)
LR_20260709_092951,2026-07-09T09:29:53,logistic_regression,Logistic Regression,"{""C"": 1.33785e-07, ""solver"": ""lbfgs""}",0.5482472007050424,0.022706644169059167,"[0.5723398800061535, 0.5408441259063665, 0.5753539569522874, 0.5375038151067704, 0.5151942255536336]",,,,,,,,0.4949773686177079,1.336,74ab309fcc94,,legacy,ok,auto LR search 2h (threshold-tuned)
LR_20260709_092954,2026-07-09T09:29:57,logistic_regression,Logistic Regression,"{""C"": 2.663985857259, ""solver"": ""lbfgs""}",0.5477369270641361,0.02154610682797131,"[0.5722345314295093, 0.5408583556044647, 0.5731536026498396, 0.5333493859860342, 0.5190887596508331]",,,,,,,,0.33994349306036126,2.882,74ab309fcc94,,legacy,ok,auto LR search 2h (threshold-tuned)
LR_20260709_092958,2026-07-09T09:30:05,logistic_regression,Logistic Regression,"{""C"": 0.021773207077, ""solver"": ""liblinear""}",0.54809521528678,0.02140104046017879,"[0.5720522219018986, 0.5408238130175034, 0.573820395738204, 0.5340343650062334, 0.5197452807700603]",,,,,,,,0.3588138446089122,7.195,74ab309fcc94,,legacy,ok,auto LR search 2h (threshold-tuned)
LR_20260709_093006,2026-07-09T09:30:08,logistic_regression,Logistic Regression,"{""C"": 4.248987e-06, ""solver"": ""liblinear""}",0.5482733253158303,0.02273123373283579,"[0.5724103268952643, 0.5408441259063665, 0.5753480711589414, 0.537657233530543, 0.5151068690880363]",,,,,,,,0.41098240084661397,2.418,74ab309fcc94,,legacy,ok,auto LR search 2h (threshold-tuned)
LR_20260709_093009,2026-07-09T09:30:12,logistic_regression,Logistic Regression,"{""C"": 0.001744021923, ""solver"": ""lbfgs""}",0.5479503822760983,0.02191636568962213,"[0.5721671693235675, 0.5408345034264518, 0.5742294591675666, 0.5344165372000691, 0.5181042422628361]",,,,,,,,0.33473064278736625,2.432,74ab309fcc94,,legacy,ok,auto LR search 2h (threshold-tuned)
LR_20260709_093012,2026-07-09T09:30:14,logistic_regression,Logistic Regression,"{""C"": 7.4317e-08, ""solver"": ""lbfgs""}",0.5482515049330698,0.02270165934904565,"[0.5723398800061535, 0.5408497930528632, 0.5753539569522874, 0.5375038151067704, 0.5152100795472746]",,,,,,,,0.49717356809232616,1.324,74ab309fcc94,,legacy,ok,auto LR search 2h (threshold-tuned)
LR_20260709_093015,2026-07-09T09:30:17,logistic_regression,Logistic Regression,"{""C"": 1.454465e-06, ""solver"": ""liblinear""}",0.5482762843937102,0.02270788993731299,"[0.5723574901027672, 0.5408441259063665, 0.5753539569522874, 0.5376798343789737, 0.5151460146281566]",,,,,,,,0.4561872457681762,2.293,74ab309fcc94,,legacy,ok,auto LR search 2h (threshold-tuned)
LR_20260709_093018,2026-07-09T09:30:20,logistic_regression,Logistic Regression,"{""C"": 0.000134946835, ""solver"": ""lbfgs""}",0.5482376549443895,0.021681566670242902,"[0.5722403429954663, 0.5408226355776788, 0.574537518187487, 0.5341419198895028, 0.5194458580718123]",,,,,,,,0.3522324737089384,1.755,74ab309fcc94,,legacy,ok,auto LR search 2h (threshold-tuned)
LR_20260709_093021,2026-07-09T09:30:28,logistic_regression,Logistic Regression,"{""C"": 0.206130700125, ""solver"": ""liblinear""}",0.547689708718962,0.021802638688598486,"[0.5722914462398175, 0.5408583556044647, 0.5733326358738295, 0.533887003567053, 0.5180791023096455]",,,,,,,,0.3485891858737933,7.529,74ab309fcc94,,legacy,ok,auto LR search 2h (threshold-tuned)
LR_20260709_093029,2026-07-09T09:30:35,logistic_regression,Logistic Regression,"{""C"": 0.002929770096, ""solver"": ""liblinear""}",0.5477942685834983,0.021863298956615512,"[0.5721701306961571, 0.5408401705908857, 0.5737585097940943, 0.5342303040774016, 0.5179722277589529]",,,,,,,,0.33564956330341883,5.499,74ab309fcc94,,legacy,ok,auto LR search 2h (threshold-tuned)
LR_20260709_093035,2026-07-09T09:30:37,logistic_regression,Logistic Regression,"{""C"": 2.6335e-08, ""solver"": ""liblinear""}",0.5482546756640864,0.022697044884073488,"[0.5723398800061535, 0.5408497930528632, 0.5753539569522874, 0.5375038151067704, 0.5152259332023575]",,,,,,,,0.4989879064628271,1.761,74ab309fcc94,,legacy,ok,auto LR search 2h (threshold-tuned)
LR_20260709_093038,2026-07-09T09:30:41,logistic_regression,Logistic Regression,"{""C"": 0.005651844933, ""solver"": ""lbfgs""}",0.5480908627788563,0.02136215866618135,"[0.5719874401606012, 0.5408685081946598, 0.573722399123036, 0.5342399012591622, 0.5196360651568226]",,,,,,,,0.3558709711618567,2.494,74ab309fcc94,,legacy,ok,auto LR search 2h (threshold-tuned)
LR_20260709_093042,2026-07-09T09:30:44,logistic_regression,Logistic Regression,"{""C"": 2.0143279e-05, ""solver"": ""liblinear""}",0.5481230247123852,0.022753320313899355,"[0.5723695009848982, 0.5408073440643864, 0.5752249531667468, 0.537133951793781, 0.5150793735521132]",,,,,,,,0.35116823446681533,2.951,74ab309fcc94,,legacy,ok,auto LR search 2h (threshold-tuned)
LR_20260709_093045,2026-07-09T09:30:47,logistic_regression,Logistic Regression,"{""C"": 9.2247838e-05, ""solver"": ""lbfgs""}",0.5482079613105632,0.022047675434430133,"[0.5722667268419271, 0.5408056335666681, 0.5752911174609027, 0.5336459656321577, 0.5190303630511602]",,,,,,,,0.34582512534174115,1.631,74ab309fcc94,,legacy,ok,auto LR search 2h (threshold-tuned)
LR_20260709_093048,2026-07-09T09:30:50,logistic_regression,Logistic Regression,"{""C"": 1.5143e-08, ""solver"": ""liblinear""}",0.5482546756640864,0.022697044884073488,"[0.5723398800061535, 0.5408497930528632, 0.5753539569522874, 0.5375038151067704, 0.5152259332023575]",,,,,,,,0.4994165857115586,1.779,74ab309fcc94,,legacy,ok,auto LR search 2h (threshold-tuned)
LR_20260709_093051,2026-07-09T09:30:53,logistic_regression,Logistic Regression,"{""C"": 3.90832e-07, ""solver"": ""liblinear""}",0.5482399876216647,0.022719298944616093,"[0.5723457499179521, 0.5408441259063665, 0.5753539569522874, 0.5374997368808807, 0.5151563684508366]",,,,,,,,0.48610636755753545,2.077,74ab309fcc94,,legacy,ok,auto LR search 2h (threshold-tuned)
LR_20260709_093054,2026-07-09T09:30:56,logistic_regression,Logistic Regression,"{""C"": 0.253661945576, ""solver"": ""lbfgs""}",0.5475206981104318,0.021843510518913173,"[0.5723002331768549, 0.5408526871803471, 0.5731593564953099, 0.53315649867374, 0.5181347150259067]",,,,,,,,0.35034502752457286,2.645,74ab309fcc94,,legacy,ok,auto LR search 2h (threshold-tuned)
LR_20260709_093057,2026-07-09T09:30:58,logistic_regression,Logistic Regression,"{""C"": 1.76424e-07, ""solver"": ""lbfgs""}",0.5482461005091628,0.022708245721678656,"[0.5723398800061535, 0.5408441259063665, 0.5753539569522874, 0.5375038151067704, 0.5151887245742353]",,,,,,,,0.4934365543287343,1.333,74ab309fcc94,,legacy,ok,auto LR search 2h (threshold-tuned)
LR_20260709_093059,2026-07-09T09:31:02,logistic_regression,Logistic Regression,"{""C"": 1.5812435e-05, ""solver"": ""liblinear""}",0.5481185546931533,0.022759146143469484,"[0.5723782752323696, 0.5408611277021576, 0.5752077292706167, 0.5370918318995019, 0.5150538093611206]",,,,,,,,0.3612556136272157,3.013,74ab309fcc94,,legacy,ok,auto LR search 2h (threshold-tuned)
LR_20260709_093103,2026-07-09T09:31:11,logistic_regression,Logistic Regression,"{""C"": 0.031851428238, ""solver"": ""liblinear""}",0.5480779683818386,0.02142015403350005,"[0.5719728955986242, 0.5408430628628922, 0.5738916512910321, 0.5339982653946227, 0.5196839667620216]",,,,,,,,0.3579075463317188,7.838,74ab309fcc94,,legacy,ok,auto LR search 2h (threshold-tuned)
LR_20260709_093112,2026-07-09T09:31:18,logistic_regression,Logistic Regression,"{""C"": 0.002641053638, ""solver"": ""liblinear""}",0.5478024927568377,0.02186401460806385,"[0.5721847782599329, 0.5408458378740884, 0.5737312996544416, 0.5343465308060965, 0.5179040171896286]",,,,,,,,0.3360625125867158,5.627,74ab309fcc94,,legacy,ok,auto LR search 2h (threshold-tuned)
LR_20260709_093119,2026-07-09T09:31:33,logistic_regression,Logistic Regression,"{""C"": 12.629225589467, ""solver"": ""liblinear""}",0.5476887762191528,0.02179196208548148,"[0.5722547501615004, 0.5408583556044647, 0.573338494209706, 0.533909970842953, 0.5180823102771401]",,,,,,,,0.32964274333493926,14.696,74ab309fcc94,,legacy,ok,auto LR search 2h (threshold-tuned)
LR_20260709_093135,2026-07-09T09:31:37,logistic_regression,Logistic Regression,"{""C"": 1.6799e-08, ""solver"": ""lbfgs""}",0.5482546756640864,0.022697044884073488,"[0.5723398800061535, 0.5408497930528632, 0.5753539569522874, 0.5375038151067704, 0.5152259332023575]",,,,,,,,0.49935266090536035,2.06,74ab309fcc94,,legacy,ok,auto LR search 2h (threshold-tuned)
LR_20260709_093139,2026-07-09T09:31:40,logistic_regression,Logistic Regression,"{""C"": 2.4575e-08, ""solver"": ""lbfgs""}",0.5482546756640864,0.022697044884073488,"[0.5723398800061535, 0.5408497930528632, 0.5753539569522874, 0.5375038151067704, 0.5152259332023575]",,,,,,,,0.4990544049453224,1.438,74ab309fcc94,,legacy,ok,auto LR search 2h (threshold-tuned)
LR_20260709_093141,2026-07-09T09:31:44,logistic_regression,Logistic Regression,"{""C"": 1392.931989700976, ""solver"": ""lbfgs""}",0.5475400154751888,0.021802900015117463,"[0.572222792081239, 0.5408526871803471, 0.5731536026498396, 0.5333493859860342, 0.5181216094784837]",,,,,,,,0.3387963624641064,2.728,74ab309fcc94,,legacy,ok,auto LR search 2h (threshold-tuned)
LR_20260709_093145,2026-07-09T09:31:53,logistic_regression,Logistic Regression,"{""C"": 0.034132371043, ""solver"": ""liblinear""}",0.5478507222397974,0.021724958146886904,"[0.5719846762234305, 0.5408430628628922, 0.5738856690155527, 0.5339853194695926, 0.5185548836275188]",,,,,,,,0.3567694012688362,7.832,74ab309fcc94,,legacy,ok,auto LR search 2h (threshold-tuned)
LR_20260709_093154,2026-07-09T09:31:55,logistic_regression,Logistic Regression,"{""C"": 1.0441754e-05, ""solver"": ""lbfgs""}",0.5481944147116288,0.022778721811192646,"[0.5724369299586544, 0.5408497930528632, 0.5753539569522874, 0.5372232341205083, 0.5151081594738304]",,,,,,,,0.37289199236010284,1.514,74ab309fcc94,,legacy,ok,auto LR search 2h (threshold-tuned)
LR_20260709_093156,2026-07-09T09:31:59,logistic_regression,Logistic Regression,"{""C"": 0.56193632756, ""solver"": ""lbfgs""}",0.5475166870586935,0.02182216978271828,"[0.5722374373019048, 0.5408583556044647, 0.573162550836443, 0.5331681866011926, 0.5181569049494624]",,,,,,,,0.3396648990117809,2.661,74ab309fcc94,,legacy,ok,auto LR search 2h (threshold-tuned)
LR_20260709_093200,2026-07-09T09:32:01,logistic_regression,Logistic Regression,"{""C"": 8.5342e-08, ""solver"": ""lbfgs""}",0.5482515049330698,0.02270165934904565,"[0.5723398800061535, 0.5408497930528632, 0.5753539569522874, 0.5375038151067704, 0.5152100795472746]",,,,,,,,0.49676200619940214,1.308,74ab309fcc94,,legacy,ok,auto LR search 2h (threshold-tuned)
LR_20260709_093202,2026-07-09T09:32:04,logistic_regression,Logistic Regression,"{""C"": 5.4912927e-05, ""solver"": ""lbfgs""}",0.5488548656507292,0.021681406547231465,"[0.5722785277584014, 0.5408130115380988, 0.5752176139272913, 0.5372232341205083, 0.5187419409093458]",,,,,,,,0.3385534044302414,1.564,74ab309fcc94,,legacy,ok,auto LR search 2h (threshold-tuned)
LR_20260709_093204,2026-07-09T09:32:06,logistic_regression,Logistic Regression,"{""C"": 1.311134e-06, ""solver"": ""lbfgs""}",0.5482775994426947,0.0227041349827667,"[0.5723516199501554, 0.5408441259063665, 0.5753539569522874, 0.5376854848879734, 0.5151528095166905]",,,,,,,,0.4596192080767329,1.416,74ab309fcc94,,legacy,ok,auto LR search 2h (threshold-tuned)
LR_20260709_093207,2026-07-09T09:32:12,logistic_regression,Logistic Regression,"{""C"": 0.000519870134, ""solver"": ""liblinear""}",0.5483786193222715,0.021520265158548674,"[0.57216404976053, 0.5408322592138494, 0.5746040624384989, 0.5343409262657887, 0.5199517989326906]",,,,,,,,0.3402905844418057,5.209,74ab309fcc94,,legacy,ok,auto LR search 2h (threshold-tuned)
LR_20260709_093213,2026-07-09T09:32:21,logistic_regression,Logistic Regression,"{""C"": 325.942826091183, ""solver"": ""liblinear""}",0.5476887517755894,0.02178907805347874,"[0.5722488823264017, 0.5408583556044647, 0.573338494209706, 0.533909970842953, 0.5180880558944216]",,,,,,,,0.3294469261026852,7.775,74ab309fcc94,,legacy,ok,auto LR search 2h (threshold-tuned)
LR_20260709_093222,2026-07-09T09:32:23,logistic_regression,Logistic Regression,"{""C"": 6.0392e-08, ""solver"": ""lbfgs""}",0.5482515049330698,0.02270165934904565,"[0.5723398800061535, 0.5408497930528632, 0.5753539569522874, 0.5375038151067704, 0.5152100795472746]",,,,,,,,0.49769620184365354,1.259,74ab309fcc94,,legacy,ok,auto LR search 2h (threshold-tuned)
LR_20260709_093224,2026-07-09T09:32:31,logistic_regression,Logistic Regression,"{""C"": 0.09304882399, ""solver"": ""liblinear""}",0.5478182402573755,0.02191510610279756,"[0.5721273906296567, 0.5408487313049585, 0.5740318432205596, 0.5339868997527437, 0.5180963363789586]",,,,,,,,0.35031412312210125,7.364,74ab309fcc94,,legacy,ok,auto LR search 2h (threshold-tuned)
LR_20260709_093232,2026-07-09T09:32:33,logistic_regression,Logistic Regression,"{""C"": 2.24745e-07, ""solver"": ""lbfgs""}",0.5482461005091628,0.022708245721678656,"[0.5723398800061535, 0.5408441259063665, 0.5753539569522874, 0.5375038151067704, 0.5151887245742353]",,,,,,,,0.49172355254105,1.272,74ab309fcc94,,legacy,ok,auto LR search 2h (threshold-tuned)
LR_20260709_093234,2026-07-09T09:32:37,logistic_regression,Logistic Regression,"{""C"": 858.355281765234, ""solver"": ""lbfgs""}",0.5475400154751888,0.021802900015117463,"[0.572222792081239, 0.5408526871803471, 0.5731536026498396, 0.5333493859860342, 0.5181216094784837]",,,,,,,,0.3387975173123737,2.606,74ab309fcc94,,legacy,ok,auto LR search 2h (threshold-tuned)
LR_20260709_093238,2026-07-09T09:32:45,logistic_regression,Logistic Regression,"{""C"": 2507.546881031052, ""solver"": ""liblinear""}",0.5476887517755894,0.02178907805347874,"[0.5722488823264017, 0.5408583556044647, 0.573338494209706, 0.533909970842953, 0.5180880558944216]",,,,,,,,0.3294377599443189,7.793,74ab309fcc94,,legacy,ok,auto LR search 2h (threshold-tuned)
LR_20260709_093246,2026-07-09T09:32:49,logistic_regression,Logistic Regression,"{""C"": 1.122180139478, ""solver"": ""lbfgs""}",0.5475167791020581,0.021826804708516133,"[0.5722433070058468, 0.5408526871803471, 0.5731685586407136, 0.5331681866011926, 0.5181511560821905]",,,,,,,,0.33954802794317723,2.694,74ab309fcc94,,legacy,ok,auto LR search 2h (threshold-tuned)
LR_20260709_093250,2026-07-09T09:32:52,logistic_regression,Logistic Regression,"{""C"": 3.64714e-07, ""solver"": ""liblinear""}",0.5482399137425945,0.022716451465748685,"[0.5723398800061535, 0.5408441259063665, 0.5753539569522874, 0.5374997368808807, 0.5151618689672846]",,,,,,,,0.48696757505485905,2.082,74ab309fcc94,,legacy,ok,auto LR search 2h (threshold-tuned)
LR_20260709_093253,2026-07-09T09:32:56,logistic_regression,Logistic Regression,"{""C"": 1.6368826e-05, ""solver"": ""liblinear""}",0.5481242769763846,0.022763051692745426,"[0.5723782752323696, 0.5408611277021576, 0.5752308416763917, 0.5370918318995019, 0.515059308371502]",,,,,,,,0.3582866284041401,2.916,74ab309fcc94,,legacy,ok,auto LR search 2h (threshold-tuned)
LR_20260709_093257,2026-07-09T09:32:59,logistic_regression,Logistic Regression,"{""C"": 773.767997164833, ""solver"": ""lbfgs""}",0.5475400154751888,0.021802900015117463,"[0.572222792081239, 0.5408526871803471, 0.5731536026498396, 0.5333493859860342, 0.5181216094784837]",,,,,,,,0.338797846221792,2.657,74ab309fcc94,,legacy,ok,auto LR search 2h (threshold-tuned)
LR_20260709_093300,2026-07-09T09:33:07,logistic_regression,Logistic Regression,"{""C"": 0.012094927072, ""solver"": ""liblinear""}",0.547993109815121,0.021565447021925012,"[0.5720345963756178, 0.540827125179434, 0.5738728130958956, 0.5341066782307026, 0.5191243361939546]",,,,,,,,0.34949940835854154,6.962,74ab309fcc94,,legacy,ok,auto LR search 2h (threshold-tuned)
LR_20260709_093308,2026-07-09T09:33:10,logistic_regression,Logistic Regression,"{""C"": 1.2849496e-05, ""solver"": ""lbfgs""}",0.5481345663246289,0.022749081333729926,"[0.5723899506560387, 0.5408497930528632, 0.5752038349653787, 0.5371534468416674, 0.5150758061071963]",,,,,,,,0.368822458008135,1.444,74ab309fcc94,,legacy,ok,auto LR search 2h (threshold-tuned)
LR_20260709_093310,2026-07-09T09:33:13,logistic_regression,Logistic Regression,"{""C"": 337.41174836637, ""solver"": ""lbfgs""}",0.5475400154751888,0.021802900015117463,"[0.572222792081239, 0.5408526871803471, 0.5731536026498396, 0.5333493859860342, 0.5181216094784837]",,,,,,,,0.3388021654338167,2.699,74ab309fcc94,,legacy,ok,auto LR search 2h (threshold-tuned)
LR_20260709_093314,2026-07-09T09:33:16,logistic_regression,Logistic Regression,"{""C"": 6.004448e-06, ""solver"": ""lbfgs""}",0.5481711361103688,0.022775924907385656,"[0.5723869802939999, 0.5408441259063665, 0.5753480711589414, 0.5371867761634028, 0.5150897270291332]",,,,,,,,0.3975542837699754,1.53,74ab309fcc94,,legacy,ok,auto LR search 2h (threshold-tuned)
LR_20260709_093317,2026-07-09T09:33:19,logistic_regression,Logistic Regression,"{""C"": 3.3547e-08, ""solver"": ""liblinear""}",0.5482546756640864,0.022697044884073488,"[0.5723398800061535, 0.5408497930528632, 0.5753539569522874, 0.5375038151067704, 0.5152259332023575]",,,,,,,,0.49871279408614955,2.019,74ab309fcc94,,legacy,ok,auto LR search 2h (threshold-tuned)
LR_20260709_093320,2026-07-09T09:33:28,logistic_regression,Logistic Regression,"{""C"": 1.759165232872, ""solver"": ""liblinear""}",0.5476880000647935,0.021784100535924382,"[0.5722401099239146, 0.5408430628628922, 0.5733415631832781, 0.533909970842953, 0.5181052935109297]",,,,,,,,0.3310892361904892,7.949,74ab309fcc94,,legacy,ok,auto LR search 2h (threshold-tuned)
LR_20260709_093328,2026-07-09T09:33:31,logistic_regression,Logistic Regression,"{""C"": 0.026793845192, ""solver"": ""lbfgs""}",0.5476059923633902,0.02160191172295379,"[0.5718496835769207, 0.5408447751807987, 0.5730889865623262, 0.5341027195565564, 0.518143796940349]",,,,,,,,0.35982865136503805,2.713,74ab309fcc94,,legacy,ok,auto LR search 2h (threshold-tuned)
LR_20260709_093332,2026-07-09T09:33:41,logistic_regression,Logistic Regression,"{""C"": 2781.668558913571, ""solver"": ""liblinear""}",0.5476887517755894,0.02178907805347874,"[0.5722488823264017, 0.5408583556044647, 0.573338494209706, 0.533909970842953, 0.5180880558944216]",,,,,,,,0.3294380092731283,8.694,74ab309fcc94,,legacy,ok,auto LR search 2h (threshold-tuned)
LR_20260709_093342,2026-07-09T09:33:45,logistic_regression,Logistic Regression,"{""C"": 1.05021e-07, ""solver"": ""liblinear""}",0.5482483341343416,0.022706274745874822,"[0.5723398800061535, 0.5408497930528632, 0.5753539569522874, 0.5375038151067704, 0.5151942255536336]",,,,,,,,0.4960329853083458,2.704,74ab309fcc94,,legacy,ok,auto LR search 2h (threshold-tuned)
LR_20260709_093346,2026-07-09T09:33:51,logistic_regression,Logistic Regression,"{""C"": 0.000355376217, ""solver"": ""liblinear""}",0.5482119441032077,0.021649353583282856,"[0.5721581818927678, 0.5407439237839707, 0.5745060230971781, 0.5341798987582745, 0.5194716929838472]",,,,,,,,0.3455077696197452,5.112,74ab309fcc94,,legacy,ok,auto LR search 2h (threshold-tuned)
LR_20260709_093352,2026-07-09T09:34:00,logistic_regression,Logistic Regression,"{""C"": 0.426124908666, ""solver"": ""liblinear""}",0.5476927029863731,0.021794188694550843,"[0.5722533851116727, 0.5408430628628922, 0.5733564882621249, 0.5339258616952092, 0.5180847169999667]",,,,,,,,0.3491314951221579,8.265,74ab309fcc94,,legacy,ok,auto LR search 2h (threshold-tuned)
LR_20260709_093401,2026-07-09T09:34:03,logistic_regression,Logistic Regression,"{""C"": 1.357269e-06, ""solver"": ""lbfgs""}",0.5482775994426947,0.0227041349827667,"[0.5723516199501554, 0.5408441259063665, 0.5753539569522874, 0.5376854848879734, 0.5151528095166905]",,,,,,,,0.4585177544103024,1.387,74ab309fcc94,,legacy,ok,auto LR search 2h (threshold-tuned)
LR_20260709_093404,2026-07-09T09:34:06,logistic_regression,Logistic Regression,"{""C"": 181.059900698354, ""solver"": ""lbfgs""}",0.5475400154751888,0.021802900015117463,"[0.572222792081239, 0.5408526871803471, 0.5731536026498396, 0.5333493859860342, 0.5181216094784837]",,,,,,,,0.33880878475001613,2.682,74ab309fcc94,,legacy,ok,auto LR search 2h (threshold-tuned)
LR_20260709_093407,2026-07-09T09:34:10,logistic_regression,Logistic Regression,"{""C"": 293.822538397101, ""solver"": ""lbfgs""}",0.5475400154751888,0.021802900015117463,"[0.572222792081239, 0.5408526871803471, 0.5731536026498396, 0.5333493859860342, 0.5181216094784837]",,,,,,,,0.3388033020660134,2.68,74ab309fcc94,,legacy,ok,auto LR search 2h (threshold-tuned)
LR_20260709_093411,2026-07-09T09:34:19,logistic_regression,Logistic Regression,"{""C"": 283.835251730616, ""solver"": ""liblinear""}",0.5476887517755894,0.02178907805347874,"[0.5722488823264017, 0.5408583556044647, 0.573338494209706, 0.533909970842953, 0.5180880558944216]",,,,,,,,0.32944521987361314,8.336,74ab309fcc94,,legacy,ok,auto LR search 2h (threshold-tuned)
LR_20260709_093420,2026-07-09T09:34:23,logistic_regression,Logistic Regression,"{""C"": 9331.73619775004, ""solver"": ""lbfgs""}",0.5475400154751888,0.021802900015117463,"[0.572222792081239, 0.5408526871803471, 0.5731536026498396, 0.5333493859860342, 0.5181216094784837]",,,,,,,,0.338794785602596,2.789,74ab309fcc94,,legacy,ok,auto LR search 2h (threshold-tuned)
LR_20260709_093424,2026-07-09T09:34:26,logistic_regression,Logistic Regression,"{""C"": 0.001151666299, ""solver"": ""lbfgs""}",0.5483329431382714,0.021464623802509845,"[0.5721612473074161, 0.5408345034264518, 0.5743735597583508, 0.5343550998381004, 0.5199403053610377]",,,,,,,,0.3370637032513305,2.271,74ab309fcc94,,legacy,ok,auto LR search 2h (threshold-tuned)
LR_20260709_093427,2026-07-09T09:34:36,logistic_regression,Logistic Regression,"{""C"": 187.430839900071, ""solver"": ""liblinear""}",0.5476887517755894,0.02178907805347874,"[0.5722488823264017, 0.5408583556044647, 0.573338494209706, 0.533909970842953, 0.5180880558944216]",,,,,,,,0.32945086759105163,8.542,74ab309fcc94,,legacy,ok,auto LR search 2h (threshold-tuned)
LR_20260709_093437,2026-07-09T09:34:39,logistic_regression,Logistic Regression,"{""C"": 5.3353e-07, ""solver"": ""lbfgs""}",0.5482486698747152,0.022704159007661998,"[0.5723457499179521, 0.5408441259063665, 0.5753362999335072, 0.5375345983434892, 0.5151825752722614]",,,,,,,,0.4813650739283803,1.897,74ab309fcc94,,legacy,ok,auto LR search 2h (threshold-tuned)
LR_20260709_093440,2026-07-09T09:34:43,logistic_regression,Logistic Regression,"{""C"": 8.485175e-06, ""solver"": ""lbfgs""}",0.5481797856122803,0.02278378327038483,"[0.5724310571240971, 0.5408441259063665, 0.5753539569522874, 0.5371616286048201, 0.5151081594738304]",,,,,,,,0.38215436962267535,2.476,74ab309fcc94,,legacy,ok,auto LR search 2h (threshold-tuned)
LR_20260709_093444,2026-07-09T09:34:48,logistic_regression,Logistic Regression,"{""C"": 0.000760503779, ""solver"": ""lbfgs""}",0.548440443751179,0.021575419525385723,"[0.5721787468846473, 0.5408288363807827, 0.5748591941573312, 0.5343455395613533, 0.5199899017717801]",,,,,,,,0.3345402024055004,3.433,74ab309fcc94,,legacy,ok,auto LR search 2h (threshold-tuned)
LR_20260709_093449,2026-07-09T09:34:51,logistic_regression,Logistic Regression,"{""C"": 7325.394850064289, ""solver"": ""lbfgs""}",0.5475400154751888,0.021802900015117463,"[0.572222792081239, 0.5408526871803471, 0.5731536026498396, 0.5333493859860342, 0.5181216094784837]",,,,,,,,0.3387948614024216,2.685,74ab309fcc94,,legacy,ok,auto LR search 2h (threshold-tuned)
LR_20260709_093452,2026-07-09T09:34:55,logistic_regression,Logistic Regression,"{""C"": 2.618319e-06, ""solver"": ""liblinear""}",0.5482776505397167,0.02271660900286298,"[0.5723809719173727, 0.5408441259063665, 0.5753539569522874, 0.5376741839887346, 0.5151350139338223]",,,,,,,,0.43354332602211654,2.456,74ab309fcc94,,legacy,ok,auto LR search 2h (threshold-tuned)
LR_20260709_093456,2026-07-09T09:34:57,logistic_regression,Logistic Regression,"{""C"": 2.5439e-08, ""solver"": ""lbfgs""}",0.5482546756640864,0.022697044884073488,"[0.5723398800061535, 0.5408497930528632, 0.5753539569522874, 0.5375038151067704, 0.5152259332023575]",,,,,,,,0.4990213192961198,1.254,74ab309fcc94,,legacy,ok,auto LR search 2h (threshold-tuned)
LR_20260709_093458,2026-07-09T09:35:01,logistic_regression,Logistic Regression,"{""C"": 0.245039752804, ""solver"": ""lbfgs""}",0.547508695588659,0.021831898226417554,"[0.5722579520160835, 0.5408526871803471, 0.5731474688187821, 0.5331506549021757, 0.5181347150259067]",,,,,,,,0.3401750759520988,2.63,74ab309fcc94,,legacy,ok,auto LR search 2h (threshold-tuned)
LR_20260709_093501,2026-07-09T09:35:06,logistic_regression,Logistic Regression,"{""C"": 0.000968797013, ""solver"": ""liblinear""}",0.5480297706387962,0.02196018785188266,"[0.5721582342745203, 0.5408345034264518, 0.5745456051008156, 0.5343766864543983, 0.518233823937795]",,,,,,,,0.3336268945688744,4.806,74ab309fcc94,,legacy,ok,auto LR search 2h (threshold-tuned)
LR_20260709_093507,2026-07-09T09:35:09,logistic_regression,Logistic Regression,"{""C"": 0.001192189882, ""solver"": ""lbfgs""}",0.5483209819412,0.02147749325637803,"[0.5721612473074161, 0.5408401705908857, 0.574367384219376, 0.5343481781376518, 0.5198879294506706]",,,,,,,,0.33701520556218145,2.183,74ab309fcc94,,legacy,ok,auto LR search 2h (threshold-tuned)
LR_20260709_093510,2026-07-09T09:35:17,logistic_regression,Logistic Regression,"{""C"": 0.018960391875, ""solver"": ""liblinear""}",0.5480987147436613,0.021405749779107714,"[0.572069753556649, 0.5408238130175034, 0.573811161840432, 0.5340750138251846, 0.5197138314785373]",,,,,,,,0.3582672334777611,7.069,74ab309fcc94,,legacy,ok,auto LR search 2h (threshold-tuned)
LR_20260709_093518,2026-07-09T09:35:21,logistic_regression,Logistic Regression,"{""C"": 0.426124908666, ""solver"": ""lbfgs""}",0.5475139988534993,0.02182399128568603,"[0.5722445373575912, 0.5408583556044647, 0.5731536026498396, 0.5331623425734109, 0.5181511560821905]",,,,,,,,0.3507622559547498,2.68,74ab309fcc94,,legacy,ok,auto LR search 2h (threshold-tuned)
LR_20260709_093522,2026-07-09T09:35:30,logistic_regression,Logistic Regression,"{""C"": 1.885142481092, ""solver"": ""liblinear""}",0.5476857016904364,0.021787221978895623,"[0.5722401099239146, 0.5408430628628922, 0.5733415631832781, 0.533909970842953, 0.5180938016391443]",,,,,,,,0.33108506201147925,8.084,74ab309fcc94,,legacy,ok,auto LR search 2h (threshold-tuned)
LR_20260709_093531,2026-07-09T09:35:33,logistic_regression,Logistic Regression,"{""C"": 0.000662256581, ""solver"": ""lbfgs""}",0.5484074548211492,0.02158759604731017,"[0.5721699709740613, 0.5408288363807827, 0.5748243523476431, 0.5342751298750391, 0.5199389845282196]",,,,,,,,0.3353696039301638,2.119,74ab309fcc94,,legacy,ok,auto LR search 2h (threshold-tuned)
LR_20260709_093534,2026-07-09T09:35:35,logistic_regression,Logistic Regression,"{""C"": 2.2345315e-05, ""solver"": ""lbfgs""}",0.5481172790445508,0.022752317867978974,"[0.5723636289023627, 0.5408226355776788, 0.5752176139272913, 0.5371031432633075, 0.5150793735521132]",,,,,,,,0.3483796402261006,1.575,74ab309fcc94,,legacy,ok,auto LR search 2h (threshold-tuned)
LR_20260709_093536,2026-07-09T09:35:39,logistic_regression,Logistic Regression,"{""C"": 5.319947962512, ""solver"": ""lbfgs""}",0.5475494063504076,0.02179723893330011,"[0.5722345314295093, 0.5408583556044647, 0.5731536026498396, 0.5333493859860342, 0.5181511560821905]",,,,,,,,0.33925551319224745,2.747,74ab309fcc94,,legacy,ok,auto LR search 2h (threshold-tuned)
LR_20260709_093540,2026-07-09T09:35:44,logistic_regression,Logistic Regression,"{""C"": 0.007715413365, ""solver"": ""lbfgs""}",0.5481191230841935,0.021314283469886466,"[0.571984355701935, 0.5408685081946598, 0.5736722290678975, 0.5343616849145137, 0.5197088375419613]",,,,,,,,0.3544994610956262,4.328,74ab309fcc94,,legacy,ok,auto LR search 2h (threshold-tuned)
LR_20260709_093546,2026-07-09T09:35:56,logistic_regression,Logistic Regression,"{""C"": 0.003605339633, ""solver"": ""liblinear""}",0.5481857904821708,0.02149148643144012,"[0.5719550737618003, 0.5408401705908857, 0.5742584536799593, 0.5342769164280698, 0.5195983379501385]",,,,,,,,0.35264784940294525,10.326,74ab309fcc94,,legacy,ok,auto LR search 2h (threshold-tuned)
LR_20260709_093558,2026-07-09T09:36:00,logistic_regression,Logistic Regression,"{""C"": 0.602177682322, ""solver"": ""lbfgs""}",0.5475201480206131,0.021828207848497958,"[0.5722577734022479, 0.5408583556044647, 0.5731653635734798, 0.5331623425734109, 0.5181569049494624]",,,,,,,,0.33630524887379026,2.725,74ab309fcc94,,legacy,ok,auto LR search 2h (threshold-tuned)
LR_20260709_093601,2026-07-09T09:36:04,logistic_regression,Logistic Regression,"{""C"": 115.498999652135, ""solver"": ""lbfgs""}",0.5475459247959302,0.021794928381530125,"[0.572222792081239, 0.5408526871803471, 0.5731536026498396, 0.5333493859860342, 0.5181511560821905]",,,,,,,,0.33882917373233884,2.935,74ab309fcc94,,legacy,ok,auto LR search 2h (threshold-tuned)
LR_20260709_093605,2026-07-09T09:36:13,logistic_regression,Logistic Regression,"{""C"": 2037.682053605131, ""solver"": ""liblinear""}",0.5476887517755894,0.02178907805347874,"[0.5722488823264017, 0.5408583556044647, 0.573338494209706, 0.533909970842953, 0.5180880558944216]",,,,,,,,0.3293790600044554,8.38,74ab309fcc94,,legacy,ok,auto LR search 2h (threshold-tuned)
LR_20260709_093614,2026-07-09T09:36:17,logistic_regression,Logistic Regression,"{""C"": 5.71737e-07, ""solver"": ""liblinear""}",0.548246691707455,0.0227040105316035,"[0.5723457499179521, 0.5408441259063665, 0.5753362999335072, 0.5375192068871161, 0.5151880758923328]",,,,,,,,0.4801923633950104,2.136,74ab309fcc94,,legacy,ok,auto LR search 2h (threshold-tuned)
LR_20260709_093617,2026-07-09T09:36:20,logistic_regression,Logistic Regression,"{""C"": 1.8158244e-05, ""solver"": ""liblinear""}",0.5481174707698336,0.022759234157039013,"[0.5723636289023627, 0.5408611277021576, 0.5752167992546405, 0.5370974875218499, 0.5150483104681578]",,,,,,,,0.35504582058438283,2.98,74ab309fcc94,,legacy,ok,auto LR search 2h (threshold-tuned)
LR_20260709_093621,2026-07-09T09:36:24,logistic_regression,Logistic Regression,"{""C"": 4514.069177145086, ""solver"": ""lbfgs""}",0.5475400154751888,0.021802900015117463,"[0.572222792081239, 0.5408526871803471, 0.5731536026498396, 0.5333493859860342, 0.5181216094784837]",,,,,,,,0.3387950808278923,2.694,74ab309fcc94,,legacy,ok,auto LR search 2h (threshold-tuned)
LR_20260709_093625,2026-07-09T09:36:26,logistic_regression,Logistic Regression,"{""C"": 8.0795e-07, ""solver"": ""lbfgs""}",0.548220088488588,0.022748933753991264,"[0.5723516199501554, 0.5408441259063665, 0.5753480711589414, 0.5375038151067704, 0.5150528103207066]",,,,,,,,0.4736743402206855,1.407,74ab309fcc94,,legacy,ok,auto LR search 2h (threshold-tuned)
LR_20260709_093627,2026-07-09T09:36:30,logistic_regression,Logistic Regression,"{""C"": 3.27826876409, ""solver"": ""lbfgs""}",0.5477357531172675,0.021544772154355317,"[0.5722286616951656, 0.5408583556044647, 0.5731536026498396, 0.5333493859860342, 0.5190887596508331]",,,,,,,,0.3401038182355468,2.663,74ab309fcc94,,legacy,ok,auto LR search 2h (threshold-tuned)
LR_20260709_093631,2026-07-09T09:36:32,logistic_regression,Logistic Regression,"{""C"": 6.895221e-06, ""solver"": ""lbfgs""}",0.5481820310946913,0.022769193519218283,"[0.5723869802939999, 0.5408441259063665, 0.5753539569522874, 0.5372175780674233, 0.5151075142533792]",,,,,,,,0.3915354512544399,1.485,74ab309fcc94,,legacy,ok,auto LR search 2h (threshold-tuned)
LR_20260709_093633,2026-07-09T09:36:39,logistic_regression,Logistic Regression,"{""C"": 0.001322518489, ""solver"": ""liblinear""}",0.5479453945294266,0.02193395189939915,"[0.5721818163166911, 0.5408345034264518, 0.5742557808719849, 0.5343498261451742, 0.5181050458868309]",,,,,,,,0.3352013970284022,5.253,74ab309fcc94,,legacy,ok,auto LR search 2h (threshold-tuned)
LR_20260709_093639,2026-07-09T09:36:42,logistic_regression,Logistic Regression,"{""C"": 4.71348e-06, ""solver"": ""liblinear""}",0.5481740282913293,0.02278343967454083,"[0.5724161982521643, 0.5408441259063665, 0.5753480711589414, 0.5371713747249391, 0.5150903714142352]",,,,,,,,0.4095714518212713,2.507,74ab309fcc94,,legacy,ok,auto LR search 2h (threshold-tuned)
LR_20260709_093643,2026-07-09T09:36:48,logistic_regression,Logistic Regression,"{""C"": 0.001572155935, ""solver"": ""liblinear""}",0.547939645881041,0.021932650309218166,"[0.5721671693235675, 0.5408401705908857, 0.5742409768658886, 0.5343801635042172, 0.5180697491206462]",,,,,,,,0.3352798439287484,5.286,74ab309fcc94,,legacy,ok,auto LR search 2h (threshold-tuned)
LR_20260709_093649,2026-07-09T09:36:52,logistic_regression,Logistic Regression,"{""C"": 3.897071940719, ""solver"": ""lbfgs""}",0.547548232403539,0.021795909537741184,"[0.5722286616951656, 0.5408583556044647, 0.5731536026498396, 0.5333493859860342, 0.5181511560821905]",,,,,,,,0.3393742076864978,2.734,74ab309fcc94,,legacy,ok,auto LR search 2h (threshold-tuned)
LR_20260709_093653,2026-07-09T09:37:01,logistic_regression,Logistic Regression,"{""C"": 23.53502388005, ""solver"": ""liblinear""}",0.5476876026521331,0.021790639215278827,"[0.5722488823264017, 0.5408583556044647, 0.573338494209706, 0.533909970842953, 0.5180823102771401]",,,,,,,,0.3295475426146547,8.206,74ab309fcc94,,legacy,ok,auto LR search 2h (threshold-tuned)
LR_20260709_093702,2026-07-09T09:37:04,logistic_regression,Logistic Regression,"{""C"": 0.002002751353, ""solver"": ""lbfgs""}",0.5478643649784154,0.02180127316391857,"[0.5721789084940501, 0.5408345034264518, 0.5737602270829855, 0.534428423415645, 0.5181197624729452]",,,,,,,,0.3362066694895254,2.304,74ab309fcc94,,legacy,ok,auto LR search 2h (threshold-tuned)
LR_20260709_093705,2026-07-09T09:37:08,logistic_regression,Logistic Regression,"{""C"": 0.021033116606, ""solver"": ""lbfgs""}",0.548091645706099,0.02142087551661536,"[0.5720434536374401, 0.5408741760717617, 0.5737988535695675, 0.5341847502570486, 0.5195569949946776]",,,,,,,,0.35535869648300816,2.729,74ab309fcc94,,legacy,ok,auto LR search 2h (threshold-tuned)
LR_20260709_093709,2026-07-09T09:37:11,logistic_regression,Logistic Regression,"{""C"": 2.52932e-06, ""solver"": ""liblinear""}",0.5482787806177646,0.022716081620906818,"[0.5723809719173727, 0.5408441259063665, 0.5753539569522874, 0.5376798343789737, 0.5151350139338223]",,,,,,,,0.4350166964521449,2.663,74ab309fcc94,,legacy,ok,auto LR search 2h (threshold-tuned)
GB_20260709_092702,2026-07-09T09:37:11,gradient_boosting,Gradient Boosting,"{""n_estimators"": 150, ""learning_rate"": 0.25, ""max_depth"": 2, ""subsample"": 0.8}",0.5399546158464394,0.018662900138555105,"[0.5658044290121529, 0.5291433568393555, 0.559156010230179, 0.5219564441270975, 0.523712839023412]",,,,,,,,0.4037855327333618,609.029,74ab309fcc94,,legacy,ok,auto GB search 3h ext (threshold-tuned)
LR_20260709_093713,2026-07-09T09:37:24,logistic_regression,Logistic Regression,"{""C"": 157.669316147676, ""solver"": ""liblinear""}",0.5476887517755894,0.02178907805347874,"[0.5722488823264017, 0.5408583556044647, 0.573338494209706, 0.533909970842953, 0.5180880558944216]",,,,,,,,0.32945433059198115,11.621,74ab309fcc94,,legacy,ok,auto LR search 2h (threshold-tuned)
LR_20260709_093725,2026-07-09T09:37:35,logistic_regression,Logistic Regression,"{""C"": 7325.394850064289, ""solver"": ""liblinear""}",0.5476876026521331,0.021790639215278827,"[0.5722488823264017, 0.5408583556044647, 0.573338494209706, 0.533909970842953, 0.5180823102771401]",,,,,,,,0.32943601335935757,9.801,74ab309fcc94,,legacy,ok,auto LR search 2h (threshold-tuned)
LR_20260709_093736,2026-07-09T09:37:41,logistic_regression,Logistic Regression,"{""C"": 8708.130046439872, ""solver"": ""lbfgs""}",0.5475400154751888,0.021802900015117463,"[0.572222792081239, 0.5408526871803471, 0.5731536026498396, 0.5333493859860342, 0.5181216094784837]",,,,,,,,0.33879480557949476,4.649,74ab309fcc94,,legacy,ok,auto LR search 2h (threshold-tuned)
LR_20260709_093742,2026-07-09T09:37:46,logistic_regression,Logistic Regression,"{""C"": 444.949156683782, ""solver"": ""lbfgs""}",0.5475400154751888,0.021802900015117463,"[0.572222792081239, 0.5408526871803471, 0.5731536026498396, 0.5333493859860342, 0.5181216094784837]",,,,,,,,0.3388003137342189,4.05,74ab309fcc94,,legacy,ok,auto LR search 2h (threshold-tuned)
LR_20260709_093747,2026-07-09T09:37:49,logistic_regression,Logistic Regression,"{""C"": 3.7537737e-05, ""solver"": ""lbfgs""}",0.5487767752163377,0.02182246315167455,"[0.5723401417770346, 0.5408226355776788, 0.5752226886454387, 0.5372068780338848, 0.5182915320476523]",,,,,,,,0.34633441533903625,1.854,74ab309fcc94,,legacy,ok,auto LR search 2h (threshold-tuned)
LR_20260709_093750,2026-07-09T09:37:55,logistic_regression,Logistic Regression,"{""C"": 0.000226696234, ""solver"": ""liblinear""}",0.5483855219645014,0.021694808834519484,"[0.5722403429954663, 0.5408265917759987, 0.5748050253234042, 0.5346711595809963, 0.5193844901466415]",,,,,,,,0.3450910058887286,4.934,74ab309fcc94,,legacy,ok,auto LR search 2h (threshold-tuned)
LR_20260709_093756,2026-07-09T09:38:04,logistic_regression,Logistic Regression,"{""C"": 0.042002882834, ""solver"": ""liblinear""}",0.5478107204305062,0.021879745923467198,"[0.572057024801883, 0.5408430628628922, 0.5740046643344994, 0.5340157446162521, 0.518133105537004]",,,,,,,,0.3513742902654572,7.748,74ab309fcc94,,legacy,ok,auto LR search 2h (threshold-tuned)
LR_20260709_093805,2026-07-09T09:38:07,logistic_regression,Logistic Regression,"{""C"": 0.049931310671, ""solver"": ""lbfgs""}",0.5476168045827949,0.02194297892876784,"[0.5721038245751043, 0.5408526871803471, 0.5737971594819495, 0.5331800010952302, 0.5181503505813437]",,,,,,,,0.3517419233371622,2.721,74ab309fcc94,,legacy,ok,auto LR search 2h (threshold-tuned)
LR_20260709_093808,2026-07-09T09:38:12,logistic_regression,Logistic Regression,"{""C"": 7.4962412e-05, ""solver"": ""liblinear""}",0.5482264950218807,0.022028749783401958,"[0.5722579520160835, 0.5408214585079631, 0.5752759743584492, 0.5337545871061603, 0.5190225031207476]",,,,,,,,0.3462572396408772,3.64,74ab309fcc94,,legacy,ok,auto LR search 2h (threshold-tuned)
LR_20260709_093813,2026-07-09T09:38:20,logistic_regression,Logistic Regression,"{""C"": 0.029722912583, ""solver"": ""liblinear""}",0.5480907216453734,0.02141348553709201,"[0.5719554154562498, 0.5408430628628922, 0.5739092368305851, 0.5340719380786159, 0.5196739549985242]",,,,,,,,0.35839329704847833,7.389,74ab309fcc94,,legacy,ok,auto LR search 2h (threshold-tuned)
LR_20260709_093821,2026-07-09T09:38:24,logistic_regression,Logistic Regression,"{""C"": 0.145866292196, ""solver"": ""lbfgs""}",0.5475025843886391,0.02184003607799292,"[0.572216922587726, 0.5408583556044647, 0.5731924616900405, 0.5331243766918364, 0.5181208053691275]",,,,,,,,0.34091247036983785,2.7,74ab309fcc94,,legacy,ok,auto LR search 2h (threshold-tuned)
LR_20260709_093825,2026-07-09T09:38:26,logistic_regression,Logistic Regression,"{""C"": 2.0143279e-05, ""solver"": ""lbfgs""}",0.5481230247123852,0.022753320313899355,"[0.5723695009848982, 0.5408073440643864, 0.5752249531667468, 0.537133951793781, 0.5150793735521132]",,,,,,,,0.35081108995102095,1.487,74ab309fcc94,,legacy,ok,auto LR search 2h (threshold-tuned)
LR_20260709_093827,2026-07-09T09:38:29,logistic_regression,Logistic Regression,"{""C"": 2.7261e-08, ""solver"": ""lbfgs""}",0.5482546756640864,0.022697044884073488,"[0.5723398800061535, 0.5408497930528632, 0.5753539569522874, 0.5375038151067704, 0.5152259332023575]",,,,,,,,0.49895158365953635,1.361,74ab309fcc94,,legacy,ok,auto LR search 2h (threshold-tuned)
LR_20260709_093830,2026-07-09T09:38:32,logistic_regression,Logistic Regression,"{""C"": 6.660846e-06, ""solver"": ""lbfgs""}",0.5481742034759393,0.02278056645517304,"[0.5723869802939999, 0.5408441259063665, 0.5753539569522874, 0.5372175780674233, 0.5150683761596191]",,,,,,,,0.39287043563986634,2.055,74ab309fcc94,,legacy,ok,auto LR search 2h (threshold-tuned)
LR_20260709_093833,2026-07-09T09:38:36,logistic_regression,Logistic Regression,"{""C"": 4.64605e-07, ""solver"": ""liblinear""}",0.5482492152516094,0.02270666638348884,"[0.5723457499179521, 0.5408441259063665, 0.5753539569522874, 0.5375038151067704, 0.5151984283746703]",,,,,,,,0.4837020655664467,3.042,74ab309fcc94,,legacy,ok,auto LR search 2h (threshold-tuned)
LR_20260709_093837,2026-07-09T09:38:41,logistic_regression,Logistic Regression,"{""C"": 6162.219606640659, ""solver"": ""lbfgs""}",0.5475400154751888,0.021802900015117463,"[0.572222792081239, 0.5408526871803471, 0.5731536026498396, 0.5333493859860342, 0.5181216094784837]",,,,,,,,0.33879492798017274,3.448,74ab309fcc94,,legacy,ok,auto LR search 2h (threshold-tuned)
LR_20260709_093842,2026-07-09T09:38:44,logistic_regression,Logistic Regression,"{""C"": 3.595e-08, ""solver"": ""liblinear""}",0.5482546756640864,0.022697044884073488,"[0.5723398800061535, 0.5408497930528632, 0.5753539569522874, 0.5375038151067704, 0.5152259332023575]",,,,,,,,0.4986213227849178,2.396,74ab309fcc94,,legacy,ok,auto LR search 2h (threshold-tuned)
LR_20260709_093846,2026-07-09T09:38:49,logistic_regression,Logistic Regression,"{""C"": 2.360295e-06, ""solver"": ""liblinear""}",0.5482754805856446,0.02272089696199996,"[0.5723809719173727, 0.5408441259063665, 0.5753539569522874, 0.5376798343789737, 0.5151185137732223]",,,,,,,,0.4379146464796316,3.238,74ab309fcc94,,legacy,ok,auto LR search 2h (threshold-tuned)
LR_20260709_093850,2026-07-09T09:38:59,logistic_regression,Logistic Regression,"{""C"": 0.127022264184, ""solver"": ""liblinear""}",0.5476450694220993,0.021727771364613294,"[0.5721948212083847, 0.5408583556044647, 0.5731534760871616, 0.5339100646112485, 0.5181086295992371]",,,,,,,,0.3505444488796953,8.571,74ab309fcc94,,legacy,ok,auto LR search 2h (threshold-tuned)
LR_20260709_093900,2026-07-09T09:39:04,logistic_regression,Logistic Regression,"{""C"": 8412.133042339114, ""solver"": ""lbfgs""}",0.5475400154751888,0.021802900015117463,"[0.572222792081239, 0.5408526871803471, 0.5731536026498396, 0.5333493859860342, 0.5181216094784837]",,,,,,,,0.33879481589395033,3.453,74ab309fcc94,,legacy,ok,auto LR search 2h (threshold-tuned)
LR_20260709_093905,2026-07-09T09:39:14,logistic_regression,Logistic Regression,"{""C"": 71.173020020377, ""solver"": ""liblinear""}",0.5476876026521331,0.021790639215278827,"[0.5722488823264017, 0.5408583556044647, 0.573338494209706, 0.533909970842953, 0.5180823102771401]",,,,,,,,0.3294693795290107,8.886,74ab309fcc94,,legacy,ok,auto LR search 2h (threshold-tuned)
LR_20260709_093914,2026-07-09T09:39:16,logistic_regression,Logistic Regression,"{""C"": 3.700073e-06, ""solver"": ""lbfgs""}",0.5482743809672248,0.022727854453698803,"[0.5724044556588098, 0.5408441259063665, 0.5753480711589414, 0.537662883564523, 0.5151123685474831]",,,,,,,,0.41734545011192103,1.548,74ab309fcc94,,legacy,ok,auto LR search 2h (threshold-tuned)
LR_20260709_093917,2026-07-09T09:39:20,logistic_regression,Logistic Regression,"{""C"": 142.131671537036, ""solver"": ""lbfgs""}",0.5475400154751888,0.021802900015117463,"[0.572222792081239, 0.5408526871803471, 0.5731536026498396, 0.5333493859860342, 0.5181216094784837]",,,,,,,,0.33881269949456416,3.075,74ab309fcc94,,legacy,ok,auto LR search 2h (threshold-tuned)
LR_20260709_093921,2026-07-09T09:39:24,logistic_regression,Logistic Regression,"{""C"": 35.640182965842, ""solver"": ""lbfgs""}",0.5475459247959302,0.021794928381530125,"[0.572222792081239, 0.5408526871803471, 0.5731536026498396, 0.5333493859860342, 0.5181511560821905]",,,,,,,,0.33887931005172767,3.054,74ab309fcc94,,legacy,ok,auto LR search 2h (threshold-tuned)
LR_20260709_093925,2026-07-09T09:39:35,logistic_regression,Logistic Regression,"{""C"": 0.228664633113, ""solver"": ""liblinear""}",0.5476879419070968,0.021783877081718174,"[0.5722404012842738, 0.5408583556044647, 0.5733355651336988, 0.5339058400017349, 0.5180995475113123]",,,,,,,,0.33890524011830914,9.785,74ab309fcc94,,legacy,ok,auto LR search 2h (threshold-tuned)
LR_20260709_093936,2026-07-09T09:39:39,logistic_regression,Logistic Regression,"{""C"": 0.003999470549, ""solver"": ""lbfgs""}",0.5481775863658844,0.021303516850622328,"[0.5719639253798954, 0.5408401705908857, 0.5738491715704687, 0.5343101290406111, 0.5199245352475612]",,,,,,,,0.35383525606348787,3.14,74ab309fcc94,,legacy,ok,auto LR search 2h (threshold-tuned)
LR_20260709_093941,2026-07-09T09:39:44,logistic_regression,Logistic Regression,"{""C"": 10.99769388189, ""solver"": ""lbfgs""}",0.5475470987187154,0.021796257617810424,"[0.5722286616951656, 0.5408526871803471, 0.5731536026498396, 0.5333493859860342, 0.5181511560821905]",,,,,,,,0.3390353970574433,3.62,74ab309fcc94,,legacy,ok,auto LR search 2h (threshold-tuned)
LR_20260709_093945,2026-07-09T09:39:47,logistic_regression,Logistic Regression,"{""C"": 0.000160419283, ""solver"": ""lbfgs""}",0.5482983107571939,0.021754700338715523,"[0.5722256982552594, 0.5408169681218955, 0.5748031496062992, 0.5343378168649767, 0.5193079209375389]",,,,,,,,0.34886283144676095,1.987,74ab309fcc94,,legacy,ok,auto LR search 2h (threshold-tuned)
LR_20260709_093948,2026-07-09T09:39:51,logistic_regression,Logistic Regression,"{""C"": 7.2833e-07, ""solver"": ""liblinear""}",0.5482177342435012,0.02274612664331068,"[0.5723516199501554, 0.5408441259063665, 0.5753362999335072, 0.5375038151067704, 0.5150528103207066]",,,,,,,,0.4757497478385824,2.557,74ab309fcc94,,legacy,ok,auto LR search 2h (threshold-tuned)
LR_20260709_093952,2026-07-09T09:39:54,logistic_regression,Logistic Regression,"{""C"": 5.91855e-07, ""solver"": ""lbfgs""}",0.5482455915834408,0.022705612438657728,"[0.5723457499179521, 0.5408441259063665, 0.5753362999335072, 0.5375192068871161, 0.5151825752722614]",,,,,,,,0.47956322748112684,1.638,74ab309fcc94,,legacy,ok,auto LR search 2h (threshold-tuned)
LR_20260709_093954,2026-07-09T09:39:56,logistic_regression,Logistic Regression,"{""C"": 2.3131578e-05, ""solver"": ""lbfgs""}",0.5481180594231131,0.022751532313868113,"[0.5723636289023627, 0.5408379267704818, 0.575211723382249, 0.5371031432633075, 0.5150738747971646]",,,,,,,,0.3471272476459637,1.872,74ab309fcc94,,legacy,ok,auto LR search 2h (threshold-tuned)
LR_20260709_093957,2026-07-09T09:40:00,logistic_regression,Logistic Regression,"{""C"": 0.000557099047, ""solver"": ""lbfgs""}",0.5483792086041142,0.021521099728703304,"[0.5721758395044001, 0.5407439237839707, 0.5746360541754183, 0.5343163712515382, 0.5200238543052433]",,,,,,,,0.3430159317351866,2.282,74ab309fcc94,,legacy,ok,auto LR search 2h (threshold-tuned)
LR_20260709_094001,2026-07-09T09:40:02,logistic_regression,Logistic Regression,"{""C"": 2.49314e-07, ""solver"": ""lbfgs""}",0.5482429296648306,0.0227128620732701,"[0.5723398800061535, 0.5408441259063665, 0.5753539569522874, 0.5375038151067704, 0.5151728703525744]",,,,,,,,0.49086569989780743,1.396,74ab309fcc94,,legacy,ok,auto LR search 2h (threshold-tuned)
LR_20260709_094003,2026-07-09T09:40:05,logistic_regression,Logistic Regression,"{""C"": 1.5676e-08, ""solver"": ""liblinear""}",0.5482546756640864,0.022697044884073488,"[0.5723398800061535, 0.5408497930528632, 0.5753539569522874, 0.5375038151067704, 0.5152259332023575]",,,,,,,,0.4993961222908547,1.837,74ab309fcc94,,legacy,ok,auto LR search 2h (threshold-tuned)
LR_20260709_094006,2026-07-09T09:40:09,logistic_regression,Logistic Regression,"{""C"": 76.269858590235, ""solver"": ""lbfgs""}",0.5475459247959302,0.021794928381530125,"[0.572222792081239, 0.5408526871803471, 0.5731536026498396, 0.5333493859860342, 0.5181511560821905]",,,,,,,,0.33884070683120626,2.841,74ab309fcc94,,legacy,ok,auto LR search 2h (threshold-tuned)
LR_20260709_094010,2026-07-09T09:40:12,logistic_regression,Logistic Regression,"{""C"": 387.467512045613, ""solver"": ""lbfgs""}",0.5475400154751888,0.021802900015117463,"[0.572222792081239, 0.5408526871803471, 0.5731536026498396, 0.5333493859860342, 0.5181216094784837]",,,,,,,,0.3388011756945676,2.767,74ab309fcc94,,legacy,ok,auto LR search 2h (threshold-tuned)
LR_20260709_094013,2026-07-09T09:40:22,logistic_regression,Logistic Regression,"{""C"": 1545.205455486018, ""solver"": ""liblinear""}",0.5476876026521331,0.021790639215278827,"[0.5722488823264017, 0.5408583556044647, 0.573338494209706, 0.533909970842953, 0.5180823102771401]",,,,,,,,0.3294400376244949,8.887,74ab309fcc94,,legacy,ok,auto LR search 2h (threshold-tuned)
LR_20260709_094023,2026-07-09T09:40:33,logistic_regression,Logistic Regression,"{""C"": 137.300490934721, ""solver"": ""liblinear""}",0.5476876026521331,0.021790639215278827,"[0.5722488823264017, 0.5408583556044647, 0.573338494209706, 0.533909970842953, 0.5180823102771401]",,,,,,,,0.3294575831976328,9.614,74ab309fcc94,,legacy,ok,auto LR search 2h (threshold-tuned)
LR_20260709_094034,2026-07-09T09:40:44,logistic_regression,Logistic Regression,"{""C"": 0.645300798867, ""solver"": ""liblinear""}",0.5476926247681869,0.021792802230851987,"[0.5722548094671643, 0.5408430628628922, 0.573350490119156, 0.5339316489448184, 0.5180831124469041]",,,,,,,,0.33356988114094754,10.086,74ab309fcc94,,legacy,ok,auto LR search 2h (threshold-tuned)
LR_20260709_094045,2026-07-09T09:40:48,logistic_regression,Logistic Regression,"{""C"": 283.835251730616, ""solver"": ""lbfgs""}",0.5475400154751888,0.021802900015117463,"[0.572222792081239, 0.5408526871803471, 0.5731536026498396, 0.5333493859860342, 0.5181216094784837]",,,,,,,,0.338803611767971,3.511,74ab309fcc94,,legacy,ok,auto LR search 2h (threshold-tuned)
LR_20260709_094050,2026-07-09T09:40:57,logistic_regression,Logistic Regression,"{""C"": 0.00545973375, ""solver"": ""liblinear""}",0.5480873352325699,0.021348867989957925,"[0.5719904857028121, 0.5408685081946598, 0.5736837159770727, 0.5342406473808339, 0.5196533189074711]",,,,,,,,0.35629967156534953,7.03,74ab309fcc94,,legacy,ok,auto LR search 2h (threshold-tuned)
LR_20260709_094058,2026-07-09T09:41:01,logistic_regression,Logistic Regression,"{""C"": 2.710449e-06, ""solver"": ""liblinear""}",0.5482776505397167,0.02271660900286298,"[0.5723809719173727, 0.5408441259063665, 0.5753539569522874, 0.5376741839887346, 0.5151350139338223]",,,,,,,,0.432041781330351,2.577,74ab309fcc94,,legacy,ok,auto LR search 2h (threshold-tuned)
LR_20260709_094102,2026-07-09T09:41:03,logistic_regression,Logistic Regression,"{""C"": 1.2739e-08, ""solver"": ""lbfgs""}",0.5482546756640864,0.022697044884073488,"[0.5723398800061535, 0.5408497930528632, 0.5753539569522874, 0.5375038151067704, 0.5152259332023575]",,,,,,,,0.4995087340405909,1.329,74ab309fcc94,,legacy,ok,auto LR search 2h (threshold-tuned)
LR_20260709_094104,2026-07-09T09:41:07,logistic_regression,Logistic Regression,"{""C"": 1.558622e-06, ""solver"": ""liblinear""}",0.548275184312531,0.02270949497937597,"[0.5723574901027672, 0.5408441259063665, 0.5753539569522874, 0.5376798343789737, 0.5151405142222601]",,,,,,,,0.45383337120988,2.417,74ab309fcc94,,legacy,ok,auto LR search 2h (threshold-tuned)
LR_20260709_094108,2026-07-09T09:41:10,logistic_regression,Logistic Regression,"{""C"": 123.770107946239, ""solver"": ""lbfgs""}",0.5475459247959302,0.021794928381530125,"[0.572222792081239, 0.5408526871803471, 0.5731536026498396, 0.5333493859860342, 0.5181511560821905]",,,,,,,,0.33882767537993247,2.839,74ab309fcc94,,legacy,ok,auto LR search 2h (threshold-tuned)
LR_20260709_094111,2026-07-09T09:41:16,logistic_regression,Logistic Regression,"{""C"": 0.000288785724, ""solver"": ""liblinear""}",0.5482897288443953,0.021649529376593753,"[0.5721905387108686, 0.5407592177248621, 0.5745393461151609, 0.5346700983189929, 0.5192894433520917]",,,,,,,,0.3466395634178844,4.854,74ab309fcc94,,legacy,ok,auto LR search 2h (threshold-tuned)
LR_20260709_094117,2026-07-09T09:41:20,logistic_regression,Logistic Regression,"{""C"": 187.430839900071, ""solver"": ""lbfgs""}",0.5475400154751888,0.021802900015117463,"[0.572222792081239, 0.5408526871803471, 0.5731536026498396, 0.5333493859860342, 0.5181216094784837]",,,,,,,,0.33880829899235465,2.771,74ab309fcc94,,legacy,ok,auto LR search 2h (threshold-tuned)
LR_20260709_094121,2026-07-09T09:41:25,logistic_regression,Logistic Regression,"{""C"": 0.000422456725, ""solver"": ""liblinear""}",0.5482328466572344,0.021646828608677133,"[0.57216404976053, 0.5407439237839707, 0.5745254082732322, 0.534271752291991, 0.519459099176448]",,,,,,,,0.3440565661402252,4.34,74ab309fcc94,,legacy,ok,auto LR search 2h (threshold-tuned)
LR_20260709_094126,2026-07-09T09:41:29,logistic_regression,Logistic Regression,"{""C"": 3.3838552e-05, ""solver"": ""liblinear""}",0.5487333988314738,0.02188344926631523,"[0.5723460133776519, 0.5408073440643864, 0.5752237766534892, 0.5372068780338848, 0.5180829820279566]",,,,,,,,0.3499356663204646,3.29,74ab309fcc94,,legacy,ok,auto LR search 2h (threshold-tuned)
LR_20260709_094130,2026-07-09T09:41:33,logistic_regression,Logistic Regression,"{""C"": 0.822041261457, ""solver"": ""lbfgs""}",0.5475156102965018,0.021827573174253913,"[0.5722433070058468, 0.5408526871803471, 0.5731685586407136, 0.5331623425734109, 0.5181511560821905]",,,,,,,,0.3396442943585397,2.718,74ab309fcc94,,legacy,ok,auto LR search 2h (threshold-tuned)
LR_20260709_094134,2026-07-09T09:41:42,logistic_regression,Logistic Regression,"{""C"": 0.262587526706, ""solver"": ""liblinear""}",0.5477058688841422,0.021782396780298155,"[0.572259204470743, 0.5408583556044647, 0.5733444921016843, 0.5339677447325067, 0.5180995475113123]",,,,,,,,0.3487872879735045,8.189,74ab309fcc94,,legacy,ok,auto LR search 2h (threshold-tuned)
LR_20260709_094143,2026-07-09T09:41:51,logistic_regression,Logistic Regression,"{""C"": 0.411640547997, ""solver"": ""liblinear""}",0.5476911796868003,0.021790413740233504,"[0.5722416272858023, 0.5408430628628922, 0.5733564882621249, 0.5339258616952092, 0.5180888583279728]",,,,,,,,0.34900090517811366,8.0,74ab309fcc94,,legacy,ok,auto LR search 2h (threshold-tuned)
LR_20260709_094152,2026-07-09T09:41:55,logistic_regression,Logistic Regression,"{""C"": 1345.58500548406, ""solver"": ""lbfgs""}",0.5475400154751888,0.021802900015117463,"[0.572222792081239, 0.5408526871803471, 0.5731536026498396, 0.5333493859860342, 0.5181216094784837]",,,,,,,,0.3387964277947652,2.809,74ab309fcc94,,legacy,ok,auto LR search 2h (threshold-tuned)
LR_20260709_094156,2026-07-09T09:41:57,logistic_regression,Logistic Regression,"{""C"": 1.985511e-06, ""solver"": ""lbfgs""}",0.5482763146377658,0.022708965892042517,"[0.572363360375791, 0.5408497930528632, 0.5753480711589414, 0.5376798343789737, 0.5151405142222601]",,,,,,,,0.44475926792165643,1.522,74ab309fcc94,,legacy,ok,auto LR search 2h (threshold-tuned)
LR_20260709_094158,2026-07-09T09:42:01,logistic_regression,Logistic Regression,"{""C"": 0.003139576639, ""solver"": ""lbfgs""}",0.5478926578087246,0.022015381705091406,"[0.5721818704091264, 0.5408401705908857, 0.5742761334260769, 0.534335828784708, 0.5178292858328263]",,,,,,,,0.3335927500785111,2.387,74ab309fcc94,,legacy,ok,auto LR search 2h (threshold-tuned)
LR_20260709_094202,2026-07-09T09:42:05,logistic_regression,Logistic Regression,"{""C"": 3.393620926012, ""solver"": ""lbfgs""}",0.5477345897888803,0.021546319043350092,"[0.5722286616951656, 0.5408583556044647, 0.5731536026498396, 0.5333493859860342, 0.5190829430088971]",,,,,,,,0.3401016543351759,3.165,74ab309fcc94,,legacy,ok,auto LR search 2h (threshold-tuned)
LR_20260709_094206,2026-07-09T09:42:08,logistic_regression,Logistic Regression,"{""C"": 6.7575184e-05, ""solver"": ""lbfgs""}",0.5489694395964408,0.021529669846480665,"[0.5722550467749877, 0.5408214585079631, 0.575235286286317, 0.5372678654145787, 0.5192675409983578]",,,,,,,,0.3318513476955716,1.823,74ab309fcc94,,legacy,ok,auto LR search 2h (threshold-tuned)
LR_20260709_094209,2026-07-09T09:42:12,logistic_regression,Logistic Regression,"{""C"": 6.56556e-07, ""solver"": ""liblinear""}",0.548245757731665,0.022705299487808518,"[0.5723516199501554, 0.5408441259063665, 0.5753362999335072, 0.5375038151067704, 0.5151929277615255]",,,,,,,,0.47760620027928374,2.534,74ab309fcc94,,legacy,ok,auto LR search 2h (threshold-tuned)
LR_20260709_094213,2026-07-09T09:42:20,logistic_regression,Logistic Regression,"{""C"": 0.005274152594, ""solver"": ""liblinear""}",0.5480683862020217,0.02135849629469959,"[0.5719845960584031, 0.5408685081946598, 0.5736686606742042, 0.5342032937306586, 0.5196168723521827]",,,,,,,,0.3567604326955081,7.292,74ab309fcc94,,legacy,ok,auto LR search 2h (threshold-tuned)
LR_20260709_094221,2026-07-09T09:42:25,logistic_regression,Logistic Regression,"{""C"": 28.961915633992, ""solver"": ""lbfgs""}",0.5475459247959302,0.021794928381530125,"[0.572222792081239, 0.5408526871803471, 0.5731536026498396, 0.5333493859860342, 0.5181511560821905]",,,,,,,,0.3388959068833473,3.436,74ab309fcc94,,legacy,ok,auto LR search 2h (threshold-tuned)
LR_20260709_094226,2026-07-09T09:42:34,logistic_regression,Logistic Regression,"{""C"": 3.764607035732, ""solver"": ""liblinear""}",0.5476922740699494,0.021790252021335478,"[0.5722547501615004, 0.5408583556044647, 0.5733444921016843, 0.533909970842953, 0.5180938016391443]",,,,,,,,0.33032753436095397,8.223,74ab309fcc94,,legacy,ok,auto LR search 2h (threshold-tuned)
LR_20260709_094235,2026-07-09T09:42:37,logistic_regression,Logistic Regression,"{""C"": 0.000843641038, ""solver"": ""lbfgs""}",0.548378071343184,0.02148964150721102,"[0.5721728785050563, 0.5408288363807827, 0.5745125636461481, 0.5344265832344374, 0.5199494949494949]",,,,,,,,0.33590597731993876,2.215,74ab309fcc94,,legacy,ok,auto LR search 2h (threshold-tuned)
LR_20260709_094238,2026-07-09T09:42:41,logistic_regression,Logistic Regression,"{""C"": 25.220412773482, ""solver"": ""lbfgs""}",0.5475459247959302,0.021794928381530125,"[0.572222792081239, 0.5408526871803471, 0.5731536026498396, 0.5333493859860342, 0.5181511560821905]",,,,,,,,0.3389089773544725,2.685,74ab309fcc94,,legacy,ok,auto LR search 2h (threshold-tuned)
LR_20260709_094241,2026-07-09T09:42:45,logistic_regression,Logistic Regression,"{""C"": 3.1577244e-05, ""solver"": ""liblinear""}",0.5487315426060163,0.021890480042420595,"[0.5723518850987432, 0.5408073440643864, 0.5752285781568358, 0.5372012214383489, 0.5180686842717672]",,,,,,,,0.35088217899164365,3.101,74ab309fcc94,,legacy,ok,auto LR search 2h (threshold-tuned)
LR_20260709_094245,2026-07-09T09:42:47,logistic_regression,Logistic Regression,"{""C"": 6.6993e-08, ""solver"": ""liblinear""}",0.5482515049330698,0.02270165934904565,"[0.5723398800061535, 0.5408497930528632, 0.5753539569522874, 0.5375038151067704, 0.5152100795472746]",,,,,,,,0.4974483310972392,1.853,74ab309fcc94,,legacy,ok,auto LR search 2h (threshold-tuned)
LR_20260709_094248,2026-07-09T09:42:51,logistic_regression,Logistic Regression,"{""C"": 0.005274152594, ""solver"": ""lbfgs""}",0.5481162272105691,0.021347599161796415,"[0.5719904047111632, 0.5408685081946598, 0.5737398620084966, 0.5343051506316813, 0.5196772105068442]",,,,,,,,0.3564451795480689,2.523,74ab309fcc94,,legacy,ok,auto LR search 2h (threshold-tuned)
LR_20260709_094252,2026-07-09T09:42:58,logistic_regression,Logistic Regression,"{""C"": 0.010532419784, ""solver"": ""liblinear""}",0.5481121659104682,0.021400837444165623,"[0.572022645393721, 0.5408741760717617, 0.5739617845012607, 0.5336926052282753, 0.520009618357322]",,,,,,,,0.3546341455479025,6.441,74ab309fcc94,,legacy,ok,auto LR search 2h (threshold-tuned)
LR_20260709_094259,2026-07-09T09:43:00,logistic_regression,Logistic Regression,"{""C"": 1.065453e-06, ""solver"": ""lbfgs""}",0.5482232789076356,0.02275348377802777,"[0.5723516199501554, 0.5408441259063665, 0.5753539569522874, 0.5375345983434892, 0.515032093385879]",,,,,,,,0.46687486699545594,1.391,74ab309fcc94,,legacy,ok,auto LR search 2h (threshold-tuned)
LR_20260709_094301,2026-07-09T09:43:09,logistic_regression,Logistic Regression,"{""C"": 0.346277505538, ""solver"": ""liblinear""}",0.5476949883704127,0.021782590751210924,"[0.5722298699430872, 0.5408583556044647, 0.5733564882621249, 0.5339258616952092, 0.5181043663471778]",,,,,,,,0.34892152739989707,8.164,74ab309fcc94,,legacy,ok,auto LR search 2h (threshold-tuned)
LR_20260709_094310,2026-07-09T09:43:21,logistic_regression,Logistic Regression,"{""C"": 111.573087005982, ""solver"": ""liblinear""}",0.5476887517755894,0.02178907805347874,"[0.5722488823264017, 0.5408583556044647, 0.573338494209706, 0.533909970842953, 0.5180880558944216]",,,,,,,,0.3294618946814043,10.102,74ab309fcc94,,legacy,ok,auto LR search 2h (threshold-tuned)
LR_20260709_094322,2026-07-09T09:43:32,logistic_regression,Logistic Regression,"{""C"": 0.581709132937, ""solver"": ""liblinear""}",0.5476742049531292,0.02177409559332625,"[0.5721684976414851, 0.5408430628628922, 0.573350490119156, 0.5339258616952092, 0.5180831124469041]",,,,,,,,0.35054541067697265,10.224,74ab309fcc94,,legacy,ok,auto LR search 2h (threshold-tuned)
LR_20260709_094333,2026-07-09T09:43:37,logistic_regression,Logistic Regression,"{""C"": 0.131491785703, ""solver"": ""lbfgs""}",0.5474954377581787,0.02183121834497225,"[0.5722110532146227, 0.5408526871803471, 0.5731624236199181, 0.5331302194068781, 0.5181208053691275]",,,,,,,,0.3404178486247033,3.297,74ab309fcc94,,legacy,ok,auto LR search 2h (threshold-tuned)
LR_20260709_094338,2026-07-09T09:43:47,logistic_regression,Logistic Regression,"{""C"": 607.40637984842, ""solver"": ""liblinear""}",0.5476887517755894,0.02178907805347874,"[0.5722488823264017, 0.5408583556044647, 0.573338494209706, 0.533909970842953, 0.5180880558944216]",,,,,,,,0.3294409631805898,8.501,74ab309fcc94,,legacy,ok,auto LR search 2h (threshold-tuned)
LR_20260709_094347,2026-07-09T09:43:50,logistic_regression,Logistic Regression,"{""C"": 152.309997330727, ""solver"": ""lbfgs""}",0.5475400154751888,0.021802900015117463,"[0.572222792081239, 0.5408526871803471, 0.5731536026498396, 0.5333493859860342, 0.5181216094784837]",,,,,,,,0.3388114825521654,2.635,74ab309fcc94,,legacy,ok,auto LR search 2h (threshold-tuned)
LR_20260709_094351,2026-07-09T09:43:53,logistic_regression,Logistic Regression,"{""C"": 4.7407e-08, ""solver"": ""liblinear""}",0.5482515049330698,0.02270165934904565,"[0.5723398800061535, 0.5408497930528632, 0.5753539569522874, 0.5375038151067704, 0.5152100795472746]",,,,,,,,0.4981865408403346,1.921,74ab309fcc94,,legacy,ok,auto LR search 2h (threshold-tuned)
LR_20260709_094354,2026-07-09T09:44:02,logistic_regression,Logistic Regression,"{""C"": 0.880909237078, ""solver"": ""liblinear""}",0.5476905956826725,0.02178423068432456,"[0.5722489412102505, 0.5408430628628922, 0.5733355651336988, 0.5339258616952092, 0.5180995475113123]",,,,,,,,0.3325449935811076,7.821,74ab309fcc94,,legacy,ok,auto LR search 2h (threshold-tuned)
LR_20260709_094402,2026-07-09T09:44:09,logistic_regression,Logistic Regression,"{""C"": 0.001467094445, ""solver"": ""liblinear""}",0.5483245323448148,0.021472789073708656,"[0.5721818163166911, 0.5408401705908857, 0.5743441746514549, 0.534361200185707, 0.5198952999793355]",,,,,,,,0.33753653692984587,6.189,74ab309fcc94,,legacy,ok,auto LR search 2h (threshold-tuned)
LR_20260709_094410,2026-07-09T09:44:17,logistic_regression,Logistic Regression,"{""C"": 0.000662256581, ""solver"": ""liblinear""}",0.5484045051881905,0.02153148186044186,"[0.5721846153846154, 0.5408288363807827, 0.5746971875420214, 0.5342563393667114, 0.520055547266822]",,,,,,,,0.33683497630791936,6.827,74ab309fcc94,,legacy,ok,auto LR search 2h (threshold-tuned)
LR_20260709_094418,2026-07-09T09:44:21,logistic_regression,Logistic Regression,"{""C"": 3.0503905e-05, ""solver"": ""lbfgs""}",0.548751156887444,0.021859143968123967,"[0.5723518850987432, 0.5408226355776788, 0.5752150757886112, 0.5372012214383489, 0.518164966533838]",,,,,,,,0.352328364586589,2.086,74ab309fcc94,,legacy,ok,auto LR search 2h (threshold-tuned)
LR_20260709_094422,2026-07-09T09:44:24,logistic_regression,Logistic Regression,"{""C"": 0.000197410029, ""solver"": ""lbfgs""}",0.5482908254752223,0.021795535748533296,"[0.5722315677183769, 0.5408265917759987, 0.5748252472427898, 0.5344439296143444, 0.5191267910246012]",,,,,,,,0.3461644317416707,2.37,74ab309fcc94,,legacy,ok,auto LR search 2h (threshold-tuned)
LR_20260709_094426,2026-07-09T09:44:28,logistic_regression,Logistic Regression,"{""C"": 0.000309466232, ""solver"": ""lbfgs""}",0.5483671212873958,0.0216862044225171,"[0.5721875769262329, 0.5407439237839707, 0.5748328191962899, 0.5346327805298299, 0.5194385060006561]",,,,,,,,0.34540279328040213,2.45,74ab309fcc94,,legacy,ok,auto LR search 2h (threshold-tuned)
GB_20260709_093713,2026-07-09T09:44:36,gradient_boosting,Gradient Boosting,"{""n_estimators"": 100, ""learning_rate"": 0.15, ""max_depth"": 2, ""subsample"": 0.8}",0.5453253064855806,0.022106032459354167,"[0.5771598386754404, 0.5357566523371606, 0.5658683349650183, 0.5241072877273124, 0.5237344187229712]",,,,,,,,0.41139737063910087,443.279,74ab309fcc94,,legacy,ok,auto GB search 3h ext (threshold-tuned)
LR_20260709_094430,2026-07-09T09:44:41,logistic_regression,Logistic Regression,"{""C"": 0.11853382606, ""solver"": ""liblinear""}",0.5477135316265261,0.021795130618138054,"[0.5722384840548451, 0.5408583556044647, 0.5734098967648812, 0.5339695277340997, 0.5180913939743405]",,,,,,,,0.34835690546914866,10.942,74ab309fcc94,,legacy,ok,auto LR search 2h (threshold-tuned)
LR_20260709_094442,2026-07-09T09:44:53,logistic_regression,Logistic Regression,"{""C"": 547.549048727121, ""solver"": ""liblinear""}",0.5476876026521331,0.021790639215278827,"[0.5722488823264017, 0.5408583556044647, 0.573338494209706, 0.533909970842953, 0.5180823102771401]",,,,,,,,0.3294415487014211,10.821,74ab309fcc94,,legacy,ok,auto LR search 2h (threshold-tuned)
LR_20260709_094454,2026-07-09T09:45:01,logistic_regression,Logistic Regression,"{""C"": 0.002830184632, ""solver"": ""liblinear""}",0.5477952334692046,0.021866973203604645,"[0.5721847782599329, 0.5408401705908857, 0.5737494388005471, 0.5342461315854831, 0.5179556481091739]",,,,,,,,0.33589249142282673,7.211,74ab309fcc94,,legacy,ok,auto LR search 2h (threshold-tuned)
LR_20260709_094502,2026-07-09T09:45:05,logistic_regression,Logistic Regression,"{""C"": 1.102943e-06, ""solver"": ""liblinear""}",0.5482232789076356,0.02275348377802777,"[0.5723516199501554, 0.5408441259063665, 0.5753539569522874, 0.5375345983434892, 0.515032093385879]",,,,,,,,0.46600802267797353,2.918,74ab309fcc94,,legacy,ok,auto LR search 2h (threshold-tuned)
LR_20260709_094507,2026-07-09T09:45:09,logistic_regression,Logistic Regression,"{""C"": 5.6845143e-05, ""solver"": ""lbfgs""}",0.5488567382437896,0.021683367295132837,"[0.5722726573318972, 0.5408169681218955, 0.5752176139272913, 0.5372622093084463, 0.5187142425294177]",,,,,,,,0.3374574893969562,2.026,74ab309fcc94,,legacy,ok,auto LR search 2h (threshold-tuned)
LR_20260709_094510,2026-07-09T09:45:19,logistic_regression,Logistic Regression,"{""C"": 0.161812200552, ""solver"": ""liblinear""}",0.5478481170840316,0.021982198794672933,"[0.5722532072022104, 0.5408583556044647, 0.5741434578077516, 0.533894170831391, 0.5180913939743405]",,,,,,,,0.34704102621709126,9.485,74ab309fcc94,,legacy,ok,auto LR search 2h (threshold-tuned)
LR_20260709_094521,2026-07-09T09:45:22,logistic_regression,Logistic Regression,"{""C"": 9.94253e-07, ""solver"": ""lbfgs""}",0.5482296225522412,0.022744231770589745,"[0.5723516199501554, 0.5408441259063665, 0.5753539569522874, 0.5375345983434892, 0.5150638116089069]",,,,,,,,0.4686767015581787,1.746,74ab309fcc94,,legacy,ok,auto LR search 2h (threshold-tuned)
LR_20260709_094524,2026-07-09T09:45:33,logistic_regression,Logistic Regression,"{""C"": 0.145866292196, ""solver"": ""liblinear""}",0.5478506561010881,0.021976537527533774,"[0.5722502387970789, 0.5408583556044647, 0.5741374824374252, 0.5339100646112485, 0.5180971390552229]",,,,,,,,0.3468233496851503,9.533,74ab309fcc94,,legacy,ok,auto LR search 2h (threshold-tuned)
LR_20260709_094534,2026-07-09T09:45:37,logistic_regression,Logistic Regression,"{""C"": 0.001234139365, ""solver"": ""lbfgs""}",0.5483372022777606,0.02144045067785535,"[0.5721612473074161, 0.5408401705908857, 0.5743382123948926, 0.5343422458738571, 0.5200041352217513]",,,,,,,,0.3369812134901916,2.615,74ab309fcc94,,legacy,ok,auto LR search 2h (threshold-tuned)
LR_20260709_094538,2026-07-09T09:45:47,logistic_regression,Logistic Regression,"{""C"": 59.871691343648, ""solver"": ""liblinear""}",0.5476876026521331,0.021790639215278827,"[0.5722488823264017, 0.5408583556044647, 0.573338494209706, 0.533909970842953, 0.5180823102771401]",,,,,,,,0.32947777580073795,9.394,74ab309fcc94,,legacy,ok,auto LR search 2h (threshold-tuned)
LR_20260709_094548,2026-07-09T09:45:57,logistic_regression,Logistic Regression,"{""C"": 4069.226741495559, ""solver"": ""liblinear""}",0.5476887517755894,0.02178907805347874,"[0.5722488823264017, 0.5408583556044647, 0.573338494209706, 0.533909970842953, 0.5180880558944216]",,,,,,,,0.32943625575965196,8.649,74ab309fcc94,,legacy,ok,auto LR search 2h (threshold-tuned)
LR_20260709_094558,2026-07-09T09:46:02,logistic_regression,Logistic Regression,"{""C"": 7.389001e-06, ""solver"": ""liblinear""}",0.5481697301144404,0.022784113264262384,"[0.5723811086947602, 0.5408441259063665, 0.5753539569522874, 0.5372175780674233, 0.5150518809513642]",,,,,,,,0.388161618228706,3.693,74ab309fcc94,,legacy,ok,auto LR search 2h (threshold-tuned)
LR_20260709_094603,2026-07-09T09:46:06,logistic_regression,Logistic Regression,"{""C"": 952.189535408408, ""solver"": ""lbfgs""}",0.5475400154751888,0.021802900015117463,"[0.572222792081239, 0.5408526871803471, 0.5731536026498396, 0.5333493859860342, 0.5181216094784837]",,,,,,,,0.33879722072870955,3.028,74ab309fcc94,,legacy,ok,auto LR search 2h (threshold-tuned)
LR_20260709_094607,2026-07-09T09:46:09,logistic_regression,Logistic Regression,"{""C"": 1.2739e-08, ""solver"": ""liblinear""}",0.5482546756640864,0.022697044884073488,"[0.5723398800061535, 0.5408497930528632, 0.5753539569522874, 0.5375038151067704, 0.5152259332023575]",,,,,,,,0.499508942480298,1.851,74ab309fcc94,,legacy,ok,auto LR search 2h (threshold-tuned)
LR_20260709_094610,2026-07-09T09:46:13,logistic_regression,Logistic Regression,"{""C"": 415.214815158441, ""solver"": ""lbfgs""}",0.5475400154751888,0.021802900015117463,"[0.572222792081239, 0.5408526871803471, 0.5731536026498396, 0.5333493859860342, 0.5181216094784837]",,,,,,,,0.33880072989261506,2.891,74ab309fcc94,,legacy,ok,auto LR search 2h (threshold-tuned)
LR_20260709_094613,2026-07-09T09:46:17,logistic_regression,Logistic Regression,"{""C"": 2.3131578e-05, ""solver"": ""liblinear""}",0.5481256353856475,0.022760557404772962,"[0.5723636289023627, 0.5408379267704818, 0.5752496031949209, 0.5371031432633075, 0.5150738747971646]",,,,,,,,0.3474494876552198,3.115,74ab309fcc94,,legacy,ok,auto LR search 2h (threshold-tuned)
LR_20260709_094618,2026-07-09T09:46:26,logistic_regression,Logistic Regression,"{""C"": 0.199124136217, ""solver"": ""liblinear""}",0.5476914661063695,0.02180462188864222,"[0.5723002331768549, 0.5408583556044647, 0.5733326358738295, 0.533887003567053, 0.5180791023096455]",,,,,,,,0.348550501630601,7.795,74ab309fcc94,,legacy,ok,auto LR search 2h (threshold-tuned)
LR_20260709_094627,2026-07-09T09:46:29,logistic_regression,Logistic Regression,"{""C"": 1.1484e-08, ""solver"": ""liblinear""}",0.5482546756640864,0.022697044884073488,"[0.5723398800061535, 0.5408497930528632, 0.5753539569522874, 0.5375038151067704, 0.5152259332023575]",,,,,,,,0.49955719621686123,2.015,74ab309fcc94,,legacy,ok,auto LR search 2h (threshold-tuned)
LR_20260709_094630,2026-07-09T09:46:31,logistic_regression,Logistic Regression,"{""C"": 1.670238e-06, ""solver"": ""lbfgs""}",0.5482795847782058,0.022703075203988055,"[0.5723574901027672, 0.5408441259063665, 0.5753539569522874, 0.5376798343789737, 0.5151625165506343]",,,,,,,,0.4513505907859782,1.724,74ab309fcc94,,legacy,ok,auto LR search 2h (threshold-tuned)
LR_20260709_094633,2026-07-09T09:46:36,logistic_regression,Logistic Regression,"{""C"": 4.632679869785, ""solver"": ""lbfgs""}",0.5475494063504076,0.02179723893330011,"[0.5722345314295093, 0.5408583556044647, 0.5731536026498396, 0.5333493859860342, 0.5181511560821905]",,,,,,,,0.33926081543791675,3.255,74ab309fcc94,,legacy,ok,auto LR search 2h (threshold-tuned)
LR_20260709_094637,2026-07-09T09:46:39,logistic_regression,Logistic Regression,"{""C"": 0.000269487219, ""solver"": ""lbfgs""}",0.5482824599485353,0.021818977146265135,"[0.5722051839619254, 0.5407286295224919, 0.5748418687950971, 0.5346973939263407, 0.5189392235368213]",,,,,,,,0.34635806183110546,1.973,74ab309fcc94,,legacy,ok,auto LR search 2h (threshold-tuned)
LR_20260709_094640,2026-07-09T09:46:41,logistic_regression,Logistic Regression,"{""C"": 4.48813e-07, ""solver"": ""lbfgs""}",0.5482492152516094,0.02270666638348884,"[0.5723457499179521, 0.5408441259063665, 0.5753539569522874, 0.5375038151067704, 0.5151984283746703]",,,,,,,,0.4841998674425446,1.458,74ab309fcc94,,legacy,ok,auto LR search 2h (threshold-tuned)
LR_20260709_094642,2026-07-09T09:46:51,logistic_regression,Logistic Regression,"{""C"": 0.301542955038, ""solver"": ""liblinear""}",0.5476876885228579,0.021790221318897376,"[0.5722269593893506, 0.5408583556044647, 0.5733564882621249, 0.5339200745710538, 0.5180765647872954]",,,,,,,,0.34910448901430496,8.791,74ab309fcc94,,legacy,ok,auto LR search 2h (threshold-tuned)
LR_20260709_094652,2026-07-09T09:46:55,logistic_regression,Logistic Regression,"{""C"": 0.00649030837, ""solver"": ""lbfgs""}",0.5481104433430991,0.0213752038197284,"[0.5719991764463661, 0.5408685081946598, 0.5737728876547592, 0.5342968868148724, 0.5196147576048376]",,,,,,,,0.35557311910659983,2.858,74ab309fcc94,,legacy,ok,auto LR search 2h (threshold-tuned)
LR_20260709_094656,2026-07-09T09:46:58,logistic_regression,Logistic Regression,"{""C"": 2.0852059e-05, ""solver"": ""lbfgs""}",0.548120723622657,0.022750579740934022,"[0.5723695009848982, 0.5408073440643864, 0.5752134477181057, 0.537133951793781, 0.5150793735521132]",,,,,,,,0.34970647889137085,1.625,74ab309fcc94,,legacy,ok,auto LR search 2h (threshold-tuned)
LR_20260709_094659,2026-07-09T09:47:00,logistic_regression,Logistic Regression,"{""C"": 8.2441e-08, ""solver"": ""lbfgs""}",0.5482515049330698,0.02270165934904565,"[0.5723398800061535, 0.5408497930528632, 0.5753539569522874, 0.5375038151067704, 0.5152100795472746]",,,,,,,,0.4968701102588346,1.431,74ab309fcc94,,legacy,ok,auto LR search 2h (threshold-tuned)
LR_20260709_094701,2026-07-09T09:47:04,logistic_regression,Logistic Regression,"{""C"": 0.794099355521, ""solver"": ""lbfgs""}",0.5475167600699561,0.021826026459834807,"[0.5722433070058468, 0.5408526871803471, 0.5731685586407136, 0.5331623425734109, 0.5181569049494624]",,,,,,,,0.33959400721625566,2.98,74ab309fcc94,,legacy,ok,auto LR search 2h (threshold-tuned)
LR_20260709_094705,2026-07-09T09:47:14,logistic_regression,Logistic Regression,"{""C"": 0.358461942435, ""solver"": ""liblinear""}",0.547691347711351,0.02178289584410085,"[0.5722269593893506, 0.5408430628628922, 0.5733564882621249, 0.5339258616952092, 0.5181043663471778]",,,,,,,,0.3490939747417256,8.713,74ab309fcc94,,legacy,ok,auto LR search 2h (threshold-tuned)
LR_20260709_094715,2026-07-09T09:47:17,logistic_regression,Logistic Regression,"{""C"": 4.0225887e-05, ""solver"": ""lbfgs""}",0.5488026299798404,0.0217833054621228,"[0.5723401417770346, 0.5408226355776788, 0.5752167992546405, 0.5372068780338848, 0.5184266952559635]",,,,,,,,0.3448669035549628,1.703,74ab309fcc94,,legacy,ok,auto LR search 2h (threshold-tuned)
LR_20260709_094718,2026-07-09T09:47:21,logistic_regression,Logistic Regression,"{""C"": 42.367593078309, ""solver"": ""lbfgs""}",0.5475459247959302,0.021794928381530125,"[0.572222792081239, 0.5408526871803471, 0.5731536026498396, 0.5333493859860342, 0.5181511560821905]",,,,,,,,0.33886783372341117,3.012,74ab309fcc94,,legacy,ok,auto LR search 2h (threshold-tuned)
LR_20260709_094722,2026-07-09T09:47:23,logistic_regression,Logistic Regression,"{""C"": 5.228751e-06, ""solver"": ""lbfgs""}",0.5481738418419682,0.022780950597031217,"[0.572404525731636, 0.5408441259063665, 0.5753539569522874, 0.5371713747249391, 0.515095225894611]",,,,,,,,0.4045606397204683,1.579,74ab309fcc94,,legacy,ok,auto LR search 2h (threshold-tuned)
LR_20260709_094724,2026-07-09T09:47:26,logistic_regression,Logistic Regression,"{""C"": 0.000251478364, ""solver"": ""lbfgs""}",0.5482960311359129,0.021778634034649927,"[0.5721993148296305, 0.5407439237839707, 0.574795898306137, 0.5347061420986311, 0.519034876661195]",,,,,,,,0.34657213649328844,1.984,74ab309fcc94,,legacy,ok,auto LR search 2h (threshold-tuned)
LR_20260709_094727,2026-07-09T09:47:29,logistic_regression,Logistic Regression,"{""C"": 4.4623328e-05, ""solver"": ""lbfgs""}",0.5488923342549332,0.02166294909681746,"[0.5723225276979893, 0.5408169681218955, 0.5752409040172857, 0.5372166240220699, 0.5188646474154256]",,,,,,,,0.3430229562119017,1.872,74ab309fcc94,,legacy,ok,auto LR search 2h (threshold-tuned)
LR_20260709_094730,2026-07-09T09:47:32,logistic_regression,Logistic Regression,"{""C"": 6.56556e-07, ""solver"": ""lbfgs""}",0.5482445837252243,0.02270405315068738,"[0.5723457499179521, 0.5408441259063665, 0.5753362999335072, 0.5375038151067704, 0.5151929277615255]",,,,,,,,0.47758928855151456,1.464,74ab309fcc94,,legacy,ok,auto LR search 2h (threshold-tuned)
LR_20260709_094733,2026-07-09T09:47:41,logistic_regression,Logistic Regression,"{""C"": 17.240334272706, ""solver"": ""liblinear""}",0.5476887762191528,0.02179196208548148,"[0.5722547501615004, 0.5408583556044647, 0.573338494209706, 0.533909970842953, 0.5180823102771401]",,,,,,,,0.3295859188160792,8.429,74ab309fcc94,,legacy,ok,auto LR search 2h (threshold-tuned)
LR_20260709_094742,2026-07-09T09:47:48,logistic_regression,Logistic Regression,"{""C"": 0.005850715916, ""solver"": ""liblinear""}",0.5480829956545203,0.02135359736992195,"[0.5719845960584031, 0.5408685081946598, 0.573695861003216, 0.5342090740881007, 0.519656938928222]",,,,,,,,0.355888322425245,6.197,74ab309fcc94,,legacy,ok,auto LR search 2h (threshold-tuned)
LR_20260709_094749,2026-07-09T09:47:50,logistic_regression,Logistic Regression,"{""C"": 1.8635e-08, ""solver"": ""lbfgs""}",0.5482546756640864,0.022697044884073488,"[0.5723398800061535, 0.5408497930528632, 0.5753539569522874, 0.5375038151067704, 0.5152259332023575]",,,,,,,,0.4992821604969063,1.351,74ab309fcc94,,legacy,ok,auto LR search 2h (threshold-tuned)
LR_20260709_094751,2026-07-09T09:48:00,logistic_regression,Logistic Regression,"{""C"": 6603.5081533128, ""solver"": ""liblinear""}",0.5476887517755894,0.02178907805347874,"[0.5722488823264017, 0.5408583556044647, 0.573338494209706, 0.533909970842953, 0.5180880558944216]",,,,,,,,0.3294385224414574,8.633,74ab309fcc94,,legacy,ok,auto LR search 2h (threshold-tuned)
LR_20260709_094801,2026-07-09T09:48:07,logistic_regression,Logistic Regression,"{""C"": 0.000557099047, ""solver"": ""liblinear""}",0.5483653851349783,0.0215133794886752,"[0.5721758395044001, 0.5408288363807827, 0.574568353892842, 0.534256189869454, 0.519997706027413]",,,,,,,,0.3377428883094245,5.554,74ab309fcc94,,legacy,ok,auto LR search 2h (threshold-tuned)
LR_20260709_094808,2026-07-09T09:48:16,logistic_regression,Logistic Regression,"{""C"": 0.028712604626, ""solver"": ""liblinear""}",0.5480569675449158,0.021378400917848314,"[0.5718349635645891, 0.5408526871803471, 0.5738680789399611, 0.5340560463981787, 0.519673061641503]",,,,,,,,0.3592377963478904,8.001,74ab309fcc94,,legacy,ok,auto LR search 2h (threshold-tuned)
LR_20260709_094817,2026-07-09T09:48:20,logistic_regression,Logistic Regression,"{""C"": 7849.98064114854, ""solver"": ""lbfgs""}",0.5475400154751888,0.021802900015117463,"[0.572222792081239, 0.5408526871803471, 0.5731536026498396, 0.5333493859860342, 0.5181216094784837]",,,,,,,,0.3387948377388747,3.025,74ab309fcc94,,legacy,ok,auto LR search 2h (threshold-tuned)
LR_20260709_094821,2026-07-09T09:48:23,logistic_regression,Logistic Regression,"{""C"": 0.003250048653, ""solver"": ""lbfgs""}",0.5478664273058832,0.02190094308932006,"[0.5719315584656248, 0.5408401705908857, 0.5742259692256577, 0.5343287446597333, 0.518005693587514]",,,,,,,,0.35013681976994826,2.712,74ab309fcc94,,legacy,ok,auto LR search 2h (threshold-tuned)
LR_20260709_094824,2026-07-09T09:48:26,logistic_regression,Logistic Regression,"{""C"": 2.4788075e-05, ""solver"": ""lbfgs""}",0.5481277339869317,0.022756723402143447,"[0.5723636289023627, 0.5408685081946598, 0.5752350134147091, 0.5371031432633075, 0.5150683761596191]",,,,,,,,0.3447769511719957,1.694,74ab309fcc94,,legacy,ok,auto LR search 2h (threshold-tuned)
LR_20260709_094827,2026-07-09T09:48:29,logistic_regression,Logistic Regression,"{""C"": 2.2153e-08, ""solver"": ""liblinear""}",0.5482546756640864,0.022697044884073488,"[0.5723398800061535, 0.5408497930528632, 0.5753539569522874, 0.5375038151067704, 0.5152259332023575]",,,,,,,,0.4991478377911471,2.018,74ab309fcc94,,legacy,ok,auto LR search 2h (threshold-tuned)
LR_20260709_094830,2026-07-09T09:48:32,logistic_regression,Logistic Regression,"{""C"": 5.3353e-07, ""solver"": ""liblinear""}",0.5482486698747152,0.022704159007661998,"[0.5723457499179521, 0.5408441259063665, 0.5753362999335072, 0.5375345983434892, 0.5151825752722614]",,,,,,,,0.48136888779286774,2.24,74ab309fcc94,,legacy,ok,auto LR search 2h (threshold-tuned)
LR_20260709_094833,2026-07-09T09:48:38,logistic_regression,Logistic Regression,"{""C"": 0.000394225471, ""solver"": ""liblinear""}",0.5481606015742133,0.021753463920876275,"[0.5721816540859862, 0.5407439237839707, 0.5745241156222785, 0.5342889263631253, 0.5190643880157061]",,,,,,,,0.3445670646671651,4.962,74ab309fcc94,,legacy,ok,auto LR search 2h (threshold-tuned)
LR_20260709_094839,2026-07-09T09:48:45,logistic_regression,Logistic Regression,"{""C"": 0.00093586675, ""solver"": ""liblinear""}",0.5483656386770484,0.02150323569405451,"[0.5721582342745203, 0.5408288363807827, 0.5745367974329779, 0.5343668023274643, 0.5199375229694965]",,,,,,,,0.3358420295407479,5.401,74ab309fcc94,,legacy,ok,auto LR search 2h (threshold-tuned)
LR_20260709_094846,2026-07-09T09:48:54,logistic_regression,Logistic Regression,"{""C"": 8.936942963537, ""solver"": ""liblinear""}",0.5476906856053886,0.021792565733655726,"[0.5722547501615004, 0.5408736480254884, 0.573338494209706, 0.533909970842953, 0.5180765647872954]",,,,,,,,0.32972783278054835,7.898,74ab309fcc94,,legacy,ok,auto LR search 2h (threshold-tuned)
LR_20260709_094855,2026-07-09T09:49:02,logistic_regression,Logistic Regression,"{""C"": 0.016510955818, ""solver"": ""liblinear""}",0.5477691054412859,0.021825762667509047,"[0.5720609429689109, 0.5408238130175034, 0.573777837989933, 0.5340662676728251, 0.5181166655572567]",,,,,,,,0.35703943077048084,7.799,74ab309fcc94,,legacy,ok,auto LR search 2h (threshold-tuned)
LR_20260709_094903,2026-07-09T09:49:06,logistic_regression,Logistic Regression,"{""C"": 0.691512045767, ""solver"": ""lbfgs""}",0.547512613358335,0.02182249724139674,"[0.5722286616951656, 0.5408583556044647, 0.573162550836443, 0.5331623425734109, 0.5181511560821905]",,,,,,,,0.33982900442961833,2.931,74ab309fcc94,,legacy,ok,auto LR search 2h (threshold-tuned)
LR_20260709_094907,2026-07-09T09:49:15,logistic_regression,Logistic Regression,"{""C"": 0.114504756994, ""solver"": ""liblinear""}",0.5476658244831067,0.021727061127599423,"[0.5722326646740414, 0.5408583556044647, 0.5731505356057272, 0.5339797401357889, 0.5181078263955113]",,,,,,,,0.3492604460397948,8.155,74ab309fcc94,,legacy,ok,auto LR search 2h (threshold-tuned)
LR_20260709_094916,2026-07-09T09:49:19,logistic_regression,Logistic Regression,"{""C"": 0.106852818565, ""solver"": ""lbfgs""}",0.5475031317743214,0.021829805604484376,"[0.5721684976414851, 0.5408526871803471, 0.5732135556976489, 0.5331609170209968, 0.5181200013311296]",,,,,,,,0.35255436055781775,2.912,74ab309fcc94,,legacy,ok,auto LR search 2h (threshold-tuned)
GB_20260709_094438,2026-07-09T09:49:20,gradient_boosting,Gradient Boosting,"{""n_estimators"": 40, ""learning_rate"": 0.25, ""max_depth"": 3, ""subsample"": 0.9}",0.5431938970024781,0.022614859598654894,"[0.5725794849661919, 0.5371490376125728, 0.5661994422034162, 0.5148312219890676, 0.525210298241142]",,,,,,,,0.40924486069822547,282.365,74ab309fcc94,,legacy,ok,auto GB search 3h ext (threshold-tuned)
LR_20260709_094920,2026-07-09T09:49:23,logistic_regression,Logistic Regression,"{""C"": 5750.420776177388, ""solver"": ""lbfgs""}",0.5475400154751888,0.021802900015117463,"[0.572222792081239, 0.5408526871803471, 0.5731536026498396, 0.5333493859860342, 0.5181216094784837]",,,,,,,,0.3387949578938877,2.969,74ab309fcc94,,legacy,ok,auto LR search 2h (threshold-tuned)
LR_20260709_094924,2026-07-09T09:49:32,logistic_regression,Logistic Regression,"{""C"": 0.767107219559, ""solver"": ""liblinear""}",0.547687880267739,0.0217872756808134,"[0.5722489412102505, 0.5408430628628922, 0.5733326358738295, 0.5339316489448184, 0.5180831124469041]",,,,,,,,0.33295762704475024,8.162,74ab309fcc94,,legacy,ok,auto LR search 2h (threshold-tuned)
LR_20260709_094933,2026-07-09T09:49:36,logistic_regression,Logistic Regression,"{""C"": 0.001518716971, ""solver"": ""lbfgs""}",0.547963786051892,0.021912875909231057,"[0.5721818163166911, 0.5408401705908857, 0.5742469394748045, 0.5343990680214873, 0.5181509358555918]",,,,,,,,0.33514126979237924,2.514,74ab309fcc94,,legacy,ok,auto LR search 2h (threshold-tuned)
LR_20260709_094937,2026-07-09T09:49:42,logistic_regression,Logistic Regression,"{""C"": 0.00010966046, ""solver"": ""liblinear""}",0.5483266327184463,0.021610908129721416,"[0.5722403429954663, 0.5408209244569261, 0.5746388776389711, 0.5341118424596292, 0.519821176041239]",,,,,,,,0.3544978871112005,5.134,74ab309fcc94,,legacy,ok,auto LR search 2h (threshold-tuned)
LR_20260709_094943,2026-07-09T09:49:54,logistic_regression,Logistic Regression,"{""C"": 5007.541194070241, ""solver"": ""liblinear""}",0.5476864535541641,0.021792200472986405,"[0.5722488823264017, 0.5408583556044647, 0.573338494209706, 0.533909970842953, 0.5180765647872954]",,,,,,,,0.32943605621457805,10.742,74ab309fcc94,,legacy,ok,auto LR search 2h (threshold-tuned)
LR_20260709_094955,2026-07-09T09:50:00,logistic_regression,Logistic Regression,"{""C"": 0.000117513459, ""solver"": ""liblinear""}",0.5483378813521521,0.021591099668706662,"[0.5722256982552594, 0.5408113007848931, 0.5746269431665957, 0.5341877575679116, 0.5198377069861005]",,,,,,,,0.35388477337280566,4.524,74ab309fcc94,,legacy,ok,auto LR search 2h (threshold-tuned)
LR_20260709_095001,2026-07-09T09:50:02,logistic_regression,Logistic Regression,"{""C"": 1.70427e-07, ""solver"": ""lbfgs""}",0.5482461005091628,0.022708245721678656,"[0.5723398800061535, 0.5408441259063665, 0.5753539569522874, 0.5375038151067704, 0.5151887245742353]",,,,,,,,0.49365158482783855,1.367,74ab309fcc94,,legacy,ok,auto LR search 2h (threshold-tuned)
LR_20260709_095003,2026-07-09T09:50:06,logistic_regression,Logistic Regression,"{""C"": 0.081028125997, ""solver"": ""lbfgs""}",0.5475338380081617,0.021782432575793022,"[0.5721127165847943, 0.5408640241473998, 0.5731955304920232, 0.533365422482825, 0.518131496333766]",,,,,,,,0.35342414057117544,2.962,74ab309fcc94,,legacy,ok,auto LR search 2h (threshold-tuned)
LR_20260709_095007,2026-07-09T09:50:10,logistic_regression,Logistic Regression,"{""C"": 0.065845053359, ""solver"": ""lbfgs""}",0.5476250740667788,0.021955538473226274,"[0.5721243257128179, 0.5408526871803471, 0.5738267279760602, 0.5331696678101334, 0.5181519616545358]",,,,,,,,0.3514941387925533,2.807,74ab309fcc94,,legacy,ok,auto LR search 2h (threshold-tuned)
LR_20260709_095011,2026-07-09T09:50:14,logistic_regression,Logistic Regression,"{""C"": 0.0138892357, ""solver"": ""lbfgs""}",0.5480732624946099,0.021391390512206947,"[0.5720434536374401, 0.5408741760717617, 0.5736924522392735, 0.5341839217170352, 0.519572308807539]",,,,,,,,0.3555044030719922,2.832,74ab309fcc94,,legacy,ok,auto LR search 2h (threshold-tuned)
LR_20260709_095014,2026-07-09T09:50:16,logistic_regression,Logistic Regression,"{""C"": 2.846544e-05, ""solver"": ""lbfgs""}",0.5487233274578269,0.021886281299811156,"[0.5723577569403123, 0.5408379267704818, 0.5751858907392614, 0.5371858185302573, 0.5180492443088217]",,,,,,,,0.3540143511148057,1.64,74ab309fcc94,,legacy,ok,auto LR search 2h (threshold-tuned)
LR_20260709_095017,2026-07-09T09:50:23,logistic_regression,Logistic Regression,"{""C"": 0.007986894953, ""solver"": ""liblinear""}",0.5481526445781565,0.02126500506283949,"[0.5720167574188634, 0.5408741760717617, 0.5736749780729232, 0.5341908982812669, 0.5200064130459678]",,,,,,,,0.3547073414018178,6.193,74ab309fcc94,,legacy,ok,auto LR search 2h (threshold-tuned)
LR_20260709_095024,2026-07-09T09:50:26,logistic_regression,Logistic Regression,"{""C"": 8.0795e-07, ""solver"": ""liblinear""}",0.548220088488588,0.022748933753991264,"[0.5723516199501554, 0.5408441259063665, 0.5753480711589414, 0.5375038151067704, 0.5150528103207066]",,,,,,,,0.47371049320217196,2.156,74ab309fcc94,,legacy,ok,auto LR search 2h (threshold-tuned)
LR_20260709_095027,2026-07-09T09:50:34,logistic_regression,Logistic Regression,"{""C"": 0.015949733899, ""solver"": ""liblinear""}",0.5480636777087968,0.02146707005933361,"[0.5720609429689109, 0.5408741760717617, 0.573837288064943, 0.5340445832249111, 0.5195013982134569]",,,,,,,,0.35489911060407503,6.892,74ab309fcc94,,legacy,ok,auto LR search 2h (threshold-tuned)
LR_20260709_095035,2026-07-09T09:50:43,logistic_regression,Logistic Regression,"{""C"": 566.815610157583, ""solver"": ""liblinear""}",0.5476887517755894,0.02178907805347874,"[0.5722488823264017, 0.5408583556044647, 0.573338494209706, 0.533909970842953, 0.5180880558944216]",,,,,,,,0.3294405061576093,7.822,74ab309fcc94,,legacy,ok,auto LR search 2h (threshold-tuned)
LR_20260709_095044,2026-07-09T09:50:51,logistic_regression,Logistic Regression,"{""C"": 1901.511137913264, ""solver"": ""liblinear""}",0.5476887517755894,0.02178907805347874,"[0.5722488823264017, 0.5408583556044647, 0.573338494209706, 0.533909970842953, 0.5180880558944216]",,,,,,,,0.32940514897995643,7.704,74ab309fcc94,,legacy,ok,auto LR search 2h (threshold-tuned)
LR_20260709_095052,2026-07-09T09:50:54,logistic_regression,Logistic Regression,"{""C"": 1.3187e-08, ""solver"": ""liblinear""}",0.5482546756640864,0.022697044884073488,"[0.5723398800061535, 0.5408497930528632, 0.5753539569522874, 0.5375038151067704, 0.5152259332023575]",,,,,,,,0.49949172375797024,1.757,74ab309fcc94,,legacy,ok,auto LR search 2h (threshold-tuned)
LR_20260709_095055,2026-07-09T09:50:58,logistic_regression,Logistic Regression,"{""C"": 5554.958913183836, ""solver"": ""lbfgs""}",0.5475400154751888,0.021802900015117463,"[0.572222792081239, 0.5408526871803471, 0.5731536026498396, 0.5333493859860342, 0.5181216094784837]",,,,,,,,0.33879497371252315,2.781,74ab309fcc94,,legacy,ok,auto LR search 2h (threshold-tuned)
LR_20260709_095059,2026-07-09T09:51:01,logistic_regression,Logistic Regression,"{""C"": 7.9639e-08, ""solver"": ""liblinear""}",0.5482515049330698,0.02270165934904565,"[0.5723398800061535, 0.5408497930528632, 0.5753539569522874, 0.5375038151067704, 0.5152100795472746]",,,,,,,,0.4969750542536285,2.014,74ab309fcc94,,legacy,ok,auto LR search 2h (threshold-tuned)
LR_20260709_095102,2026-07-09T09:51:06,logistic_regression,Logistic Regression,"{""C"": 111.573087005982, ""solver"": ""lbfgs""}",0.5475459247959302,0.021794928381530125,"[0.572222792081239, 0.5408526871803471, 0.5731536026498396, 0.5333493859860342, 0.5181511560821905]",,,,,,,,0.3388299626073417,3.752,74ab309fcc94,,legacy,ok,auto LR search 2h (threshold-tuned)
LR_20260709_095107,2026-07-09T09:51:15,logistic_regression,Logistic Regression,"{""C"": 0.004754407151, ""solver"": ""liblinear""}",0.5480635648371416,0.0213646342261865,"[0.5720051064530741, 0.5408033870950839, 0.5736722290678975, 0.5342090740881007, 0.5196280274815518]",,,,,,,,0.35901818203866237,8.366,74ab309fcc94,,legacy,ok,auto LR search 2h (threshold-tuned)
LR_20260709_095116,2026-07-09T09:51:19,logistic_regression,Logistic Regression,"{""C"": 0.099712231484, ""solver"": ""lbfgs""}",0.5475218666986125,0.021833945788015393,"[0.5722326646740414, 0.5408526871803471, 0.5732075471698114, 0.5331652783866725, 0.5181511560821905]",,,,,,,,0.3502548409483345,3.005,74ab309fcc94,,legacy,ok,auto LR search 2h (threshold-tuned)
LR_20260709_095120,2026-07-09T09:51:23,logistic_regression,Logistic Regression,"{""C"": 7.137842e-06, ""solver"": ""liblinear""}",0.5481789509367188,0.022770677547229827,"[0.5723869802939999, 0.5408441259063665, 0.5753539569522874, 0.5372021772775608, 0.5151075142533792]",,,,,,,,0.390074294289776,2.934,74ab309fcc94,,legacy,ok,auto LR search 2h (threshold-tuned)
LR_20260709_095124,2026-07-09T09:51:27,logistic_regression,Logistic Regression,"{""C"": 1.29238e-07, ""solver"": ""liblinear""}",0.5482472007050424,0.022706644169059167,"[0.5723398800061535, 0.5408441259063665, 0.5753539569522874, 0.5375038151067704, 0.5151942255536336]",,,,,,,,0.4951437359245272,2.463,74ab309fcc94,,legacy,ok,auto LR search 2h (threshold-tuned)
LR_20260709_095128,2026-07-09T09:51:31,logistic_regression,Logistic Regression,"{""C"": 200.853127358296, ""solver"": ""lbfgs""}",0.5475400154751888,0.021802900015117463,"[0.572222792081239, 0.5408526871803471, 0.5731536026498396, 0.5333493859860342, 0.5181216094784837]",,,,,,,,0.33880737653465476,2.898,74ab309fcc94,,legacy,ok,auto LR search 2h (threshold-tuned)
LR_20260709_095132,2026-07-09T09:51:34,logistic_regression,Logistic Regression,"{""C"": 7.6932e-08, ""solver"": ""liblinear""}",0.5482515049330698,0.02270165934904565,"[0.5723398800061535, 0.5408497930528632, 0.5753539569522874, 0.5375038151067704, 0.5152100795472746]",,,,,,,,0.49707614350757073,1.944,74ab309fcc94,,legacy,ok,auto LR search 2h (threshold-tuned)
LR_20260709_095135,2026-07-09T09:51:43,logistic_regression,Logistic Regression,"{""C"": 0.668006942748, ""solver"": ""liblinear""}",0.5476926247681869,0.021792802230851987,"[0.5722548094671643, 0.5408430628628922, 0.573350490119156, 0.5339316489448184, 0.5180831124469041]",,,,,,,,0.33339230900308425,8.227,74ab309fcc94,,legacy,ok,auto LR search 2h (threshold-tuned)
LR_20260709_095144,2026-07-09T09:51:46,logistic_regression,Logistic Regression,"{""C"": 0.001417226613, ""solver"": ""lbfgs""}",0.5479677591454137,0.021928515605903007,"[0.5721818163166911, 0.5408345034264518, 0.5742942281934942, 0.534385593677801, 0.518142654112631]",,,,,,,,0.3350007978663819,2.385,74ab309fcc94,,legacy,ok,auto LR search 2h (threshold-tuned)
LR_20260709_095147,2026-07-09T09:51:49,logistic_regression,Logistic Regression,"{""C"": 1.12542e-07, ""solver"": ""liblinear""}",0.5482483341343416,0.022706274745874822,"[0.5723398800061535, 0.5408497930528632, 0.5753539569522874, 0.5375038151067704, 0.5151942255536336]",,,,,,,,0.49575583144186874,1.889,74ab309fcc94,,legacy,ok,auto LR search 2h (threshold-tuned)
LR_20260709_095150,2026-07-09T09:51:52,logistic_regression,Logistic Regression,"{""C"": 3.45281e-06, ""solver"": ""lbfgs""}",0.5482740289710183,0.022719489258097768,"[0.5723868426720822, 0.5408441259063665, 0.5753480711589414, 0.537662883564523, 0.5151282215531783]",,,,,,,,0.420581937386958,1.494,74ab309fcc94,,legacy,ok,auto LR search 2h (threshold-tuned)
LR_20260709_095152,2026-07-09T09:51:55,logistic_regression,Logistic Regression,"{""C"": 2.573434633459, ""solver"": ""lbfgs""}",0.5477369270641361,0.02154610682797131,"[0.5722345314295093, 0.5408583556044647, 0.5731536026498396, 0.5333493859860342, 0.5190887596508331]",,,,,,,,0.3399458529074524,2.868,74ab309fcc94,,legacy,ok,auto LR search 2h (threshold-tuned)
LR_20260709_095156,2026-07-09T09:52:02,logistic_regression,Logistic Regression,"{""C"": 0.002146172278, ""solver"": ""liblinear""}",0.5478420059423328,0.02183823612297169,"[0.5721847782599329, 0.5408345034264518, 0.5737780189506199, 0.534391363022942, 0.5180213660517178]",,,,,,,,0.33593722363932926,5.548,74ab309fcc94,,legacy,ok,auto LR search 2h (threshold-tuned)
LR_20260709_095203,2026-07-09T09:52:06,logistic_regression,Logistic Regression,"{""C"": 0.000102332248, ""solver"": ""liblinear""}",0.5484419578394296,0.021797599997279076,"[0.572254987435253, 0.5408056335666681, 0.5752956232403379, 0.5341162527608684, 0.5197372921940207]",,,,,,,,0.34316037860310816,3.662,74ab309fcc94,,legacy,ok,auto LR search 2h (threshold-tuned)
LR_20260709_095207,2026-07-09T09:52:09,logistic_regression,Logistic Regression,"{""C"": 2.2153e-08, ""solver"": ""lbfgs""}",0.5482546756640864,0.022697044884073488,"[0.5723398800061535, 0.5408497930528632, 0.5753539569522874, 0.5375038151067704, 0.5152259332023575]",,,,,,,,0.49914720938609314,1.292,74ab309fcc94,,legacy,ok,auto LR search 2h (threshold-tuned)
LR_20260709_095210,2026-07-09T09:52:11,logistic_regression,Logistic Regression,"{""C"": 4.7407e-08, ""solver"": ""lbfgs""}",0.5482515049330698,0.02270165934904565,"[0.5723398800061535, 0.5408497930528632, 0.5753539569522874, 0.5375038151067704, 0.5152100795472746]",,,,,,,,0.49818483917229467,1.31,74ab309fcc94,,legacy,ok,auto LR search 2h (threshold-tuned)
LR_20260709_095212,2026-07-09T09:52:20,logistic_regression,Logistic Regression,"{""C"": 66.416784722734, ""solver"": ""liblinear""}",0.5476876026521331,0.021790639215278827,"[0.5722488823264017, 0.5408583556044647, 0.573338494209706, 0.533909970842953, 0.5180823102771401]",,,,,,,,0.3294721562024245,8.001,74ab309fcc94,,legacy,ok,auto LR search 2h (threshold-tuned)
LR_20260709_095221,2026-07-09T09:52:24,logistic_regression,Logistic Regression,"{""C"": 1.047188902796, ""solver"": ""lbfgs""}",0.5475191167900405,0.021825268396478737,"[0.5722433070058468, 0.5408526871803471, 0.5731685586407136, 0.5331798750411049, 0.5181511560821905]",,,,,,,,0.3395726619309808,2.846,74ab309fcc94,,legacy,ok,auto LR search 2h (threshold-tuned)
LR_20260709_095224,2026-07-09T09:52:28,logistic_regression,Logistic Regression,"{""C"": 6.9952946e-05, ""solver"": ""liblinear""}",0.5489457594527118,0.02157300035514728,"[0.5722550467749877, 0.5408396386577519, 0.5752437126239043, 0.5372832643779806, 0.5191071348289349]",,,,,,,,0.33401898267243835,3.572,74ab309fcc94,,legacy,ok,auto LR search 2h (threshold-tuned)
LR_20260709_095229,2026-07-09T09:52:37,logistic_regression,Logistic Regression,"{""C"": 0.059356301689, ""solver"": ""liblinear""}",0.5477475780128238,0.021805313249067707,"[0.5721125689685288, 0.5408526871803471, 0.5736472945891784, 0.533965210601657, 0.5181601287244078]",,,,,,,,0.3494711335872543,7.688,74ab309fcc94,,legacy,ok,auto LR search 2h (threshold-tuned)
LR_20260709_095238,2026-07-09T09:52:42,logistic_regression,Logistic Regression,"{""C"": 0.000298947202, ""solver"": ""liblinear""}",0.5482817147596182,0.021650902469567086,"[0.5721993148296305, 0.5407592177248621, 0.5745157410095815, 0.5346587971738755, 0.5192755030601414]",,,,,,,,0.34637262199765007,4.3,74ab309fcc94,,legacy,ok,auto LR search 2h (threshold-tuned)
LR_20260709_095243,2026-07-09T09:52:51,logistic_regression,Logistic Regression,"{""C"": 314.86374257766, ""solver"": ""liblinear""}",0.5476876026521331,0.021790639215278827,"[0.5722488823264017, 0.5408583556044647, 0.573338494209706, 0.533909970842953, 0.5180823102771401]",,,,,,,,0.3294451565043457,8.079,74ab309fcc94,,legacy,ok,auto LR search 2h (threshold-tuned)
LR_20260709_095252,2026-07-09T09:53:00,logistic_regression,Logistic Regression,"{""C"": 5554.958913183836, ""solver"": ""liblinear""}",0.5476864535541641,0.021792200472986405,"[0.5722488823264017, 0.5408583556044647, 0.573338494209706, 0.533909970842953, 0.5180765647872954]",,,,,,,,0.3294363743871459,8.006,74ab309fcc94,,legacy,ok,auto LR search 2h (threshold-tuned)
LR_20260709_095301,2026-07-09T09:53:03,logistic_regression,Logistic Regression,"{""C"": 4.80953e-07, ""solver"": ""liblinear""}",0.5482492152516094,0.02270666638348884,"[0.5723457499179521, 0.5408441259063665, 0.5753539569522874, 0.5375038151067704, 0.5151984283746703]",,,,,,,,0.4831924983466104,2.035,74ab309fcc94,,legacy,ok,auto LR search 2h (threshold-tuned)
LR_20260709_095304,2026-07-09T09:53:06,logistic_regression,Logistic Regression,"{""C"": 1e-08, ""solver"": ""liblinear""}",0.5482546756640864,0.022697044884073488,"[0.5723398800061535, 0.5408497930528632, 0.5753539569522874, 0.5375038151067704, 0.5152259332023575]",,,,,,,,0.4996142895584277,1.817,74ab309fcc94,,legacy,ok,auto LR search 2h (threshold-tuned)
LR_20260709_095307,2026-07-09T09:53:09,logistic_regression,Logistic Regression,"{""C"": 16.65432013796, ""solver"": ""lbfgs""}",0.5475459247959302,0.021794928381530125,"[0.572222792081239, 0.5408526871803471, 0.5731536026498396, 0.5333493859860342, 0.5181511560821905]",,,,,,,,0.3389602664393558,2.949,74ab309fcc94,,legacy,ok,auto LR search 2h (threshold-tuned)
LR_20260709_095310,2026-07-09T09:53:13,logistic_regression,Logistic Regression,"{""C"": 0.489341461821, ""solver"": ""lbfgs""}",0.5475216231703259,0.021832634634423323,"[0.5722826589417239, 0.5408583556044647, 0.5731536026498396, 0.5331623425734109, 0.5181511560821905]",,,,,,,,0.35056546799035093,2.997,74ab309fcc94,,legacy,ok,auto LR search 2h (threshold-tuned)
LR_20260709_095314,2026-07-09T09:53:22,logistic_regression,Logistic Regression,"{""C"": 19.797975203361, ""solver"": ""liblinear""}",0.5476887762191528,0.02179196208548148,"[0.5722547501615004, 0.5408583556044647, 0.573338494209706, 0.533909970842953, 0.5180823102771401]",,,,,,,,0.3295697562980932,7.718,74ab309fcc94,,legacy,ok,auto LR search 2h (threshold-tuned)
LR_20260709_095323,2026-07-09T09:53:24,logistic_regression,Logistic Regression,"{""C"": 4.1283e-08, ""solver"": ""lbfgs""}",0.5482546756640864,0.022697044884073488,"[0.5723398800061535, 0.5408497930528632, 0.5753539569522874, 0.5375038151067704, 0.5152259332023575]",,,,,,,,0.4984173767256255,1.24,74ab309fcc94,,legacy,ok,auto LR search 2h (threshold-tuned)
LR_20260709_095325,2026-07-09T09:53:33,logistic_regression,Logistic Regression,"{""C"": 0.179501294325, ""solver"": ""liblinear""}",0.547694069629406,0.021797724749282748,"[0.5722913841982005, 0.5408583556044647, 0.5733326358738295, 0.533894170831391, 0.5180938016391443]",,,,,,,,0.3484279289852884,7.566,74ab309fcc94,,legacy,ok,auto LR search 2h (threshold-tuned)
LR_20260709_095333,2026-07-09T09:53:35,logistic_regression,Logistic Regression,"{""C"": 3.8858574e-05, ""solver"": ""lbfgs""}",0.548798062347095,0.02178701948833997,"[0.5723401417770346, 0.5408226355776788, 0.5752167992546405, 0.5371914750231657, 0.5184192601029558]",,,,,,,,0.34588448399757776,1.654,74ab309fcc94,,legacy,ok,auto LR search 2h (threshold-tuned)
LR_20260709_095336,2026-07-09T09:53:39,logistic_regression,Logistic Regression,"{""C"": 0.040575167881, ""solver"": ""lbfgs""}",0.5476217731539099,0.02195283591353952,"[0.572094982686518, 0.5408526871803471, 0.5738410699579898, 0.5331697753633506, 0.5181503505813437]",,,,,,,,0.3518619677247299,2.625,74ab309fcc94,,legacy,ok,auto LR search 2h (threshold-tuned)
LR_20260709_095339,2026-07-09T09:53:41,logistic_regression,Logistic Regression,"{""C"": 4.4239e-08, ""solver"": ""liblinear""}",0.5482515049330698,0.02270165934904565,"[0.5723398800061535, 0.5408497930528632, 0.5753539569522874, 0.5375038151067704, 0.5152100795472746]",,,,,,,,0.4983065418558315,1.733,74ab309fcc94,,legacy,ok,auto LR search 2h (threshold-tuned)
LR_20260709_095342,2026-07-09T09:53:50,logistic_regression,Logistic Regression,"{""C"": 0.061444866787, ""solver"": ""liblinear""}",0.547737622058231,0.02179815847766943,"[0.572080357601603, 0.5408526871803471, 0.573641307184085, 0.5339536296007114, 0.5181601287244078]",,,,,,,,0.3499426308834539,7.999,74ab309fcc94,,legacy,ok,auto LR search 2h (threshold-tuned)
LR_20260709_095351,2026-07-09T09:53:53,logistic_regression,Logistic Regression,"{""C"": 9.1454e-08, ""solver"": ""liblinear""}",0.5482515049330698,0.02270165934904565,"[0.5723398800061535, 0.5408497930528632, 0.5753539569522874, 0.5375038151067704, 0.5152100795472746]",,,,,,,,0.49653523611611156,1.899,74ab309fcc94,,legacy,ok,auto LR search 2h (threshold-tuned)
LR_20260709_095354,2026-07-09T09:53:56,logistic_regression,Logistic Regression,"{""C"": 1.6799e-08, ""solver"": ""liblinear""}",0.5482546756640864,0.022697044884073488,"[0.5723398800061535, 0.5408497930528632, 0.5753539569522874, 0.5375038151067704, 0.5152259332023575]",,,,,,,,0.4993530228987019,1.805,74ab309fcc94,,legacy,ok,auto LR search 2h (threshold-tuned)
LR_20260709_095356,2026-07-09T09:53:58,logistic_regression,Logistic Regression,"{""C"": 1.029238e-06, ""solver"": ""lbfgs""}",0.5482296225522412,0.022744231770589745,"[0.5723516199501554, 0.5408441259063665, 0.5753539569522874, 0.5375345983434892, 0.5150638116089069]",,,,,,,,0.467773306177409,1.386,74ab309fcc94,,legacy,ok,auto LR search 2h (threshold-tuned)
LR_20260709_095359,2026-07-09T09:54:07,logistic_regression,Logistic Regression,"{""C"": 33.258478547679, ""solver"": ""liblinear""}",0.5476887517755894,0.02178907805347874,"[0.5722488823264017, 0.5408583556044647, 0.573338494209706, 0.533909970842953, 0.5180880558944216]",,,,,,,,0.32944953760498874,8.034,74ab309fcc94,,legacy,ok,auto LR search 2h (threshold-tuned)
LR_20260709_095408,2026-07-09T09:54:11,logistic_regression,Logistic Regression,"{""C"": 0.0003808254, ""solver"": ""lbfgs""}",0.5482870287521003,0.021572799847642734,"[0.5721757858571356, 0.5408322592138494, 0.574517710719728, 0.5341134813023577, 0.519795906667431]",,,,,,,,0.3423644144742991,2.525,74ab309fcc94,,legacy,ok,auto LR search 2h (threshold-tuned)
LR_20260709_095412,2026-07-09T09:54:21,logistic_regression,Logistic Regression,"{""C"": 722.059882780363, ""solver"": ""liblinear""}",0.5476876026521331,0.021790639215278827,"[0.5722488823264017, 0.5408583556044647, 0.573338494209706, 0.533909970842953, 0.5180823102771401]",,,,,,,,0.32944299568617663,9.219,74ab309fcc94,,legacy,ok,auto LR search 2h (threshold-tuned)
LR_20260709_095422,2026-07-09T09:54:24,logistic_regression,Logistic Regression,"{""C"": 6.1268e-07, ""solver"": ""liblinear""}",0.5482425132273715,0.02270706747650371,"[0.5723457499179521, 0.5408441259063665, 0.5753362999335072, 0.5375038151067704, 0.5151825752722614]",,,,,,,,0.4789453706057511,2.142,74ab309fcc94,,legacy,ok,auto LR search 2h (threshold-tuned)
LR_20260709_095425,2026-07-09T09:54:27,logistic_regression,Logistic Regression,"{""C"": 8.3157203e-05, ""solver"": ""lbfgs""}",0.5482529609413659,0.0219859640457172,"[0.5722667268419271, 0.5407942994865347, 0.5752678260513324, 0.5337359343094235, 0.5192000180176122]",,,,,,,,0.3475083634146637,2.237,74ab309fcc94,,legacy,ok,auto LR search 2h (threshold-tuned)
LR_20260709_095429,2026-07-09T09:54:32,logistic_regression,Logistic Regression,"{""C"": 29.980996076197, ""solver"": ""lbfgs""}",0.5475459247959302,0.021794928381530125,"[0.572222792081239, 0.5408526871803471, 0.5731536026498396, 0.5333493859860342, 0.5181511560821905]",,,,,,,,0.33889290322118526,3.714,74ab309fcc94,,legacy,ok,auto LR search 2h (threshold-tuned)
LR_20260709_095434,2026-07-09T09:54:36,logistic_regression,Logistic Regression,"{""C"": 1.53633e-07, ""solver"": ""liblinear""}",0.5482461005091628,0.022708245721678656,"[0.5723398800061535, 0.5408441259063665, 0.5753539569522874, 0.5375038151067704, 0.5151887245742353]",,,,,,,,0.4942572982705914,2.707,74ab309fcc94,,legacy,ok,auto LR search 2h (threshold-tuned)
LR_20260709_095438,2026-07-09T09:54:46,logistic_regression,Logistic Regression,"{""C"": 0.0138892357, ""solver"": ""liblinear""}",0.5478956808532596,0.02153107525919378,"[0.5720816259292054, 0.540827125179434, 0.5736927831607083, 0.5333916466214739, 0.5194852233754768]",,,,,,,,0.3511672722159829,8.867,74ab309fcc94,,legacy,ok,auto LR search 2h (threshold-tuned)
LR_20260709_095448,2026-07-09T09:54:51,logistic_regression,Logistic Regression,"{""C"": 194.025952793231, ""solver"": ""lbfgs""}",0.5475400154751888,0.021802900015117463,"[0.572222792081239, 0.5408526871803471, 0.5731536026498396, 0.5333493859860342, 0.5181216094784837]",,,,,,,,0.33880782987086727,3.444,74ab309fcc94,,legacy,ok,auto LR search 2h (threshold-tuned)
LR_20260709_095452,2026-07-09T09:55:02,logistic_regression,Logistic Regression,"{""C"": 119.563053049959, ""solver"": ""liblinear""}",0.5476876026521331,0.021790639215278827,"[0.5722488823264017, 0.5408583556044647, 0.573338494209706, 0.533909970842953, 0.5180823102771401]",,,,,,,,0.3294572428052421,9.849,74ab309fcc94,,legacy,ok,auto LR search 2h (threshold-tuned)
LR_20260709_095503,2026-07-09T09:55:05,logistic_regression,Logistic Regression,"{""C"": 4.80953e-07, ""solver"": ""lbfgs""}",0.5482492152516094,0.02270666638348884,"[0.5723457499179521, 0.5408441259063665, 0.5753539569522874, 0.5375038151067704, 0.5151984283746703]",,,,,,,,0.4831779229393714,1.585,74ab309fcc94,,legacy,ok,auto LR search 2h (threshold-tuned)
LR_20260709_095506,2026-07-09T09:55:16,logistic_regression,Logistic Regression,"{""C"": 5.139118249304, ""solver"": ""liblinear""}",0.5476876271211839,0.021793523310298654,"[0.5722547501615004, 0.5408583556044647, 0.573338494209706, 0.533909970842953, 0.5180765647872954]",,,,,,,,0.33011574829635776,10.421,74ab309fcc94,,legacy,ok,auto LR search 2h (threshold-tuned)
LR_20260709_095518,2026-07-09T09:55:21,logistic_regression,Logistic Regression,"{""C"": 0.006056584555, ""solver"": ""lbfgs""}",0.54809412263137,0.021358036278788108,"[0.5719787065352815, 0.5408685081946598, 0.5737256457911333, 0.5342607794003283, 0.5196369732354471]",,,,,,,,0.355826420254043,3.275,74ab309fcc94,,legacy,ok,auto LR search 2h (threshold-tuned)
LR_20260709_095522,2026-07-09T09:55:24,logistic_regression,Logistic Regression,"{""C"": 2.17106e-07, ""solver"": ""lbfgs""}",0.5482461005091628,0.022708245721678656,"[0.5723398800061535, 0.5408441259063665, 0.5753539569522874, 0.5375038151067704, 0.5151887245742353]",,,,,,,,0.49199206252720434,1.621,74ab309fcc94,,legacy,ok,auto LR search 2h (threshold-tuned)
LR_20260709_095525,2026-07-09T09:55:28,logistic_regression,Logistic Regression,"{""C"": 8.36379e-07, ""solver"": ""liblinear""}",0.5482211886056592,0.02274732986543011,"[0.5723516199501554, 0.5408441259063665, 0.5753480711589414, 0.5375038151067704, 0.5150583109060618]",,,,,,,,0.4729297161650246,2.739,74ab309fcc94,,legacy,ok,auto LR search 2h (threshold-tuned)
LR_20260709_095529,2026-07-09T09:55:30,logistic_regression,Logistic Regression,"{""C"": 2.02597e-07, ""solver"": ""lbfgs""}",0.5482461005091628,0.022708245721678656,"[0.5723398800061535, 0.5408441259063665, 0.5753539569522874, 0.5375038151067704, 0.5151887245742353]",,,,,,,,0.4925044114694973,1.596,74ab309fcc94,,legacy,ok,auto LR search 2h (threshold-tuned)
LR_20260709_095531,2026-07-09T09:55:34,logistic_regression,Logistic Regression,"{""C"": 0.002146172278, ""solver"": ""lbfgs""}",0.5478897913282352,0.02176889517312858,"[0.5721789084940501, 0.5408345034264518, 0.5737571482239011, 0.534454289383654, 0.5182241071131194]",,,,,,,,0.33608348134734417,2.923,74ab309fcc94,,legacy,ok,auto LR search 2h (threshold-tuned)
LR_20260709_095535,2026-07-09T09:55:42,logistic_regression,Logistic Regression,"{""C"": 0.001151666299, ""solver"": ""liblinear""}",0.5479448963961402,0.021986047905445363,"[0.5721553784451898, 0.5408401705908857, 0.5743764337094279, 0.5343595500766424, 0.5179929491585552]",,,,,,,,0.3349321529693203,6.284,74ab309fcc94,,legacy,ok,auto LR search 2h (threshold-tuned)
LR_20260709_095543,2026-07-09T09:55:45,logistic_regression,Logistic Regression,"{""C"": 8.6083249e-05, ""solver"": ""lbfgs""}",0.5482453428555895,0.021995567952079652,"[0.5722667268419271, 0.5408095901751003, 0.5752591257323119, 0.5337431975929526, 0.5191480739356553]",,,,,,,,0.3469103659671897,2.047,74ab309fcc94,,legacy,ok,auto LR search 2h (threshold-tuned)
LR_20260709_095546,2026-07-09T09:55:53,logistic_regression,Logistic Regression,"{""C"": 0.001684741083, ""solver"": ""liblinear""}",0.5478303742277764,0.021820856935413604,"[0.5721671693235675, 0.5408345034264518, 0.5737333681189669, 0.5343798244572316, 0.5180370058126637]",,,,,,,,0.3362065644470165,7.04,74ab309fcc94,,legacy,ok,auto LR search 2h (threshold-tuned)
LR_20260709_095554,2026-07-09T09:56:00,logistic_regression,Logistic Regression,"{""C"": 0.000814964936, ""solver"": ""liblinear""}",0.5480790678206996,0.02176854417690714,"[0.5721582342745203, 0.5408288363807827, 0.5743269200818183, 0.5342937676166615, 0.518787580749715]",,,,,,,,0.3358987374228972,5.838,74ab309fcc94,,legacy,ok,auto LR search 2h (threshold-tuned)
LR_20260709_095601,2026-07-09T09:56:05,logistic_regression,Logistic Regression,"{""C"": 2.4788075e-05, ""solver"": ""liblinear""}",0.5481289348825651,0.022757611892003,"[0.5723636289023627, 0.5408532176428055, 0.5752409040172857, 0.5371185476907525, 0.5150683761596191]",,,,,,,,0.3451530174319631,3.551,74ab309fcc94,,legacy,ok,auto LR search 2h (threshold-tuned)
LR_20260709_095606,2026-07-09T09:56:12,logistic_regression,Logistic Regression,"{""C"": 0.00053816276, ""solver"": ""liblinear""}",0.5483796035842321,0.021515528189365425,"[0.5721758395044001, 0.5408288363807827, 0.5745862076108798, 0.5343452117495925, 0.5199619226755055]",,,,,,,,0.33788485604245094,6.051,74ab309fcc94,,legacy,ok,auto LR search 2h (threshold-tuned)
LR_20260709_095613,2026-07-09T09:56:22,logistic_regression,Logistic Regression,"{""C"": 274.187441727503, ""solver"": ""liblinear""}",0.5476876026521331,0.021790639215278827,"[0.5722488823264017, 0.5408583556044647, 0.573338494209706, 0.533909970842953, 0.5180823102771401]",,,,,,,,0.32938775432410444,8.868,74ab309fcc94,,legacy,ok,auto LR search 2h (threshold-tuned)
LR_20260709_095623,2026-07-09T09:56:25,logistic_regression,Logistic Regression,"{""C"": 0.00017190722, ""solver"": ""lbfgs""}",0.548306040773083,0.021742568749219694,"[0.5722315677183769, 0.5408265917759987, 0.5747562352989939, 0.5344626923574292, 0.5192531167146162]",,,,,,,,0.34789037682287993,1.854,74ab309fcc94,,legacy,ok,auto LR search 2h (threshold-tuned)
LR_20260709_095626,2026-07-09T09:56:29,logistic_regression,Logistic Regression,"{""C"": 0.220892120991, ""solver"": ""lbfgs""}",0.5475153494896807,0.021835836967294686,"[0.5722855675398049, 0.5408526871803471, 0.5731474688187821, 0.5331448112587137, 0.5181462126507561]",,,,,,,,0.35041750112564796,3.006,74ab309fcc94,,legacy,ok,auto LR search 2h (threshold-tuned)
LR_20260709_095630,2026-07-09T09:56:33,logistic_regression,Logistic Regression,"{""C"": 21.962263425637, ""solver"": ""lbfgs""}",0.5475459247959302,0.021794928381530125,"[0.572222792081239, 0.5408526871803471, 0.5731536026498396, 0.5333493859860342, 0.5181511560821905]",,,,,,,,0.3389238996944997,2.909,74ab309fcc94,,legacy,ok,auto LR search 2h (threshold-tuned)
LR_20260709_095634,2026-07-09T09:56:42,logistic_regression,Logistic Regression,"{""C"": 7.517875320107, ""solver"": ""liblinear""}",0.5476906856053886,0.021792565733655726,"[0.5722547501615004, 0.5408736480254884, 0.573338494209706, 0.533909970842953, 0.5180765647872954]",,,,,,,,0.32978823489205644,8.252,74ab309fcc94,,legacy,ok,auto LR search 2h (threshold-tuned)
LR_20260709_095643,2026-07-09T09:56:44,logistic_regression,Logistic Regression,"{""C"": 2.90455e-06, ""solver"": ""lbfgs""}",0.5482754504948136,0.02271981898095188,"[0.5723809719173727, 0.5408441259063665, 0.5753539569522874, 0.5376741839887346, 0.5151240137093072]",,,,,,,,0.4288015577471375,1.63,74ab309fcc94,,legacy,ok,auto LR search 2h (threshold-tuned)
LR_20260709_095645,2026-07-09T09:56:54,logistic_regression,Logistic Regression,"{""C"": 800.99450533786, ""solver"": ""liblinear""}",0.5476887517755894,0.02178907805347874,"[0.5722488823264017, 0.5408583556044647, 0.573338494209706, 0.533909970842953, 0.5180880558944216]",,,,,,,,0.3294421418963155,8.221,74ab309fcc94,,legacy,ok,auto LR search 2h (threshold-tuned)
LR_20260709_095655,2026-07-09T09:56:57,logistic_regression,Logistic Regression,"{""C"": 0.000184217831, ""solver"": ""lbfgs""}",0.548385609519932,0.021652762145859154,"[0.5722315677183769, 0.5408265917759987, 0.574799726758989, 0.5344190605443716, 0.5196511008019237]",,,,,,,,0.34691206353134013,1.9,74ab309fcc94,,legacy,ok,auto LR search 2h (threshold-tuned)
LR_20260709_095658,2026-07-09T09:57:01,logistic_regression,Logistic Regression,"{""C"": 0.059356301689, ""solver"": ""lbfgs""}",0.5476231276345829,0.021951774149013566,"[0.5721126181668722, 0.5408526871803471, 0.5738270780974628, 0.5331638244706501, 0.5181594302575822]",,,,,,,,0.35130366298704707,2.992,74ab309fcc94,,legacy,ok,auto LR search 2h (threshold-tuned)
LR_20260709_095701,2026-07-09T09:57:04,logistic_regression,Logistic Regression,"{""C"": 2.67167e-07, ""solver"": ""liblinear""}",0.5482429296648306,0.0227128620732701,"[0.5723398800061535, 0.5408441259063665, 0.5753539569522874, 0.5375038151067704, 0.5151728703525744]",,,,,,,,0.4902508868952081,2.078,74ab309fcc94,,legacy,ok,auto LR search 2h (threshold-tuned)
LR_20260709_095704,2026-07-09T09:57:07,logistic_regression,Logistic Regression,"{""C"": 6.660846e-06, ""solver"": ""liblinear""}",0.5481599331454735,0.022787446805612527,"[0.5723869802939999, 0.5408441259063665, 0.5753539569522874, 0.5371462264150944, 0.5150683761596191]",,,,,,,,0.39344151470343935,2.67,74ab309fcc94,,legacy,ok,auto LR search 2h (threshold-tuned)
LR_20260709_095708,2026-07-09T09:57:09,logistic_regression,Logistic Regression,"{""C"": 6.6993e-08, ""solver"": ""lbfgs""}",0.5482515049330698,0.02270165934904565,"[0.5723398800061535, 0.5408497930528632, 0.5753539569522874, 0.5375038151067704, 0.5152100795472746]",,,,,,,,0.49744805924781216,1.324,74ab309fcc94,,legacy,ok,auto LR search 2h (threshold-tuned)
LR_20260709_095710,2026-07-09T09:57:12,logistic_regression,Logistic Regression,"{""C"": 8.5342e-08, ""solver"": ""liblinear""}",0.5482515049330698,0.02270165934904565,"[0.5723398800061535, 0.5408497930528632, 0.5753539569522874, 0.5375038151067704, 0.5152100795472746]",,,,,,,,0.49676247449899974,2.09,74ab309fcc94,,legacy,ok,auto LR search 2h (threshold-tuned)
LR_20260709_095713,2026-07-09T09:57:16,logistic_regression,Logistic Regression,"{""C"": 3.45281e-06, ""solver"": ""liblinear""}",0.5482728548200764,0.02271824318686425,"[0.5723809719173727, 0.5408441259063665, 0.5753480711589414, 0.537662883564523, 0.5151282215531783]",,,,,,,,0.4208150756596143,2.42,74ab309fcc94,,legacy,ok,auto LR search 2h (threshold-tuned)
LR_20260709_095717,2026-07-09T09:57:25,logistic_regression,Logistic Regression,"{""C"": 1.821064829089, ""solver"": ""liblinear""}",0.5476868752635333,0.02178854469331523,"[0.5722459777893992, 0.5408430628628922, 0.5733415631832781, 0.533909970842953, 0.5180938016391443]",,,,,,,,0.3311409103888625,8.062,74ab309fcc94,,legacy,ok,auto LR search 2h (threshold-tuned)
LR_20260709_095726,2026-07-09T09:57:28,logistic_regression,Logistic Regression,"{""C"": 8.936942963537, ""solver"": ""lbfgs""}",0.547548272665584,0.021797587053197138,"[0.5722345314295093, 0.5408526871803471, 0.5731536026498396, 0.5333493859860342, 0.5181511560821905]",,,,,,,,0.3390558227880181,2.745,74ab309fcc94,,legacy,ok,auto LR search 2h (threshold-tuned)
LR_20260709_095729,2026-07-09T09:57:31,logistic_regression,Logistic Regression,"{""C"": 1.1583233e-05, ""solver"": ""lbfgs""}",0.5481540986018734,0.022742499935389186,"[0.5723899506560387, 0.5408497930528632, 0.5752215108834827, 0.5372175780674233, 0.5150916603495586]",,,,,,,,0.3723393414667191,1.522,74ab309fcc94,,legacy,ok,auto LR search 2h (threshold-tuned)
LR_20260709_095732,2026-07-09T09:57:40,logistic_regression,Logistic Regression,"{""C"": 3194.335114518409, ""solver"": ""liblinear""}",0.5476887517755894,0.02178907805347874,"[0.5722488823264017, 0.5408583556044647, 0.573338494209706, 0.533909970842953, 0.5180880558944216]",,,,,,,,0.3294397409643445,8.46,74ab309fcc94,,legacy,ok,auto LR search 2h (threshold-tuned)
LR_20260709_095741,2026-07-09T09:57:43,logistic_regression,Logistic Regression,"{""C"": 1e-08, ""solver"": ""lbfgs""}",0.5482546756640864,0.022697044884073488,"[0.5723398800061535, 0.5408497930528632, 0.5753539569522874, 0.5375038151067704, 0.5152259332023575]",,,,,,,,0.4996141610005801,1.298,74ab309fcc94,,legacy,ok,auto LR search 2h (threshold-tuned)
LR_20260709_095744,2026-07-09T09:57:46,logistic_regression,Logistic Regression,"{""C"": 0.017693337519, ""solver"": ""lbfgs""}",0.5479889207063939,0.021472615196116075,"[0.5720668320653909, 0.5408741760717617, 0.5738104666430462, 0.5334150156983295, 0.5197781130534411]",,,,,,,,0.35626328478577374,2.691,74ab309fcc94,,legacy,ok,auto LR search 2h (threshold-tuned)
LR_20260709_095747,2026-07-09T09:57:48,logistic_regression,Logistic Regression,"{""C"": 4.9075e-08, ""solver"": ""lbfgs""}",0.5482515049330698,0.02270165934904565,"[0.5723398800061535, 0.5408497930528632, 0.5753539569522874, 0.5375038151067704, 0.5152100795472746]",,,,,,,,0.4981223284435501,1.246,74ab309fcc94,,legacy,ok,auto LR search 2h (threshold-tuned)
LR_20260709_095749,2026-07-09T09:57:52,logistic_regression,Logistic Regression,"{""C"": 0.001322518489, ""solver"": ""lbfgs""}",0.5479579870564595,0.021934562508859022,"[0.5721818163166911, 0.5408288363807827, 0.5742911427889158, 0.5343552652884979, 0.5181328745074096]",,,,,,,,0.3350396704304265,2.254,74ab309fcc94,,legacy,ok,auto LR search 2h (threshold-tuned)
LR_20260709_095753,2026-07-09T09:58:01,logistic_regression,Logistic Regression,"{""C"": 27.02649564779, ""solver"": ""liblinear""}",0.5476887517755894,0.02178907805347874,"[0.5722488823264017, 0.5408583556044647, 0.573338494209706, 0.533909970842953, 0.5180880558944216]",,,,,,,,0.3295314090733467,8.107,74ab309fcc94,,legacy,ok,auto LR search 2h (threshold-tuned)
LR_20260709_095802,2026-07-09T09:58:03,logistic_regression,Logistic Regression,"{""C"": 2.863e-07, ""solver"": ""lbfgs""}",0.5482429296648306,0.0227128620732701,"[0.5723398800061535, 0.5408441259063665, 0.5753539569522874, 0.5375038151067704, 0.5151728703525744]",,,,,,,,0.4895905529982264,1.278,74ab309fcc94,,legacy,ok,auto LR search 2h (threshold-tuned)
LR_20260709_095804,2026-07-09T09:58:12,logistic_regression,Logistic Regression,"{""C"": 361.574460760821, ""solver"": ""liblinear""}",0.5476876026521331,0.021790639215278827,"[0.5722488823264017, 0.5408583556044647, 0.573338494209706, 0.533909970842953, 0.5180823102771401]",,,,,,,,0.32944260236414774,7.811,74ab309fcc94,,legacy,ok,auto LR search 2h (threshold-tuned)
LR_20260709_095812,2026-07-09T09:58:15,logistic_regression,Logistic Regression,"{""C"": 3.513031974565, ""solver"": ""lbfgs""}",0.547548232403539,0.021795909537741184,"[0.5722286616951656, 0.5408583556044647, 0.5731536026498396, 0.5333493859860342, 0.5181511560821905]",,,,,,,,0.3393803120788409,2.67,74ab309fcc94,,legacy,ok,auto LR search 2h (threshold-tuned)
LR_20260709_095816,2026-07-09T09:58:18,logistic_regression,Logistic Regression,"{""C"": 0.000260327111, ""solver"": ""lbfgs""}",0.5482757346553209,0.02176710910066859,"[0.5721993148296305, 0.5407439237839707, 0.5747181230310064, 0.534713173452795, 0.5190041381792011]",,,,,,,,0.3469715338638693,1.808,74ab309fcc94,,legacy,ok,auto LR search 2h (threshold-tuned)
LR_20260709_095819,2026-07-09T09:58:21,logistic_regression,Logistic Regression,"{""C"": 4.9075e-08, ""solver"": ""liblinear""}",0.5482515049330698,0.02270165934904565,"[0.5723398800061535, 0.5408497930528632, 0.5753539569522874, 0.5375038151067704, 0.5152100795472746]",,,,,,,,0.49812342468897286,1.877,74ab309fcc94,,legacy,ok,auto LR search 2h (threshold-tuned)
LR_20260709_095822,2026-07-09T09:58:24,logistic_regression,Logistic Regression,"{""C"": 0.103220797224, ""solver"": ""lbfgs""}",0.547512605450749,0.0218214945576712,"[0.5721684976414851, 0.5408526871803471, 0.5732195643514539, 0.5331711219982683, 0.5181511560821905]",,,,,,,,0.3524174668753485,2.639,74ab309fcc94,,legacy,ok,auto LR search 2h (threshold-tuned)
LR_20260709_095825,2026-07-09T09:58:28,logistic_regression,Logistic Regression,"{""C"": 0.008267929141, ""solver"": ""lbfgs""}",0.5481381083793727,0.021332334045369564,"[0.5720344217070861, 0.5408741760717617, 0.5737078417040827, 0.5343590518218012, 0.5197150505921321]",,,,,,,,0.35388314885874006,2.608,74ab309fcc94,,legacy,ok,auto LR search 2h (threshold-tuned)
LR_20260709_095829,2026-07-09T09:58:37,logistic_regression,Logistic Regression,"{""C"": 6.324136738846, ""solver"": ""liblinear""}",0.5476876271211839,0.021793523310298654,"[0.5722547501615004, 0.5408583556044647, 0.573338494209706, 0.533909970842953, 0.5180765647872954]",,,,,,,,0.3300079698187466,8.087,74ab309fcc94,,legacy,ok,auto LR search 2h (threshold-tuned)
GB_20260709_094921,2026-07-09T09:58:39,gradient_boosting,Gradient Boosting,"{""n_estimators"": 120, ""learning_rate"": 0.2, ""max_depth"": 2, ""subsample"": 0.9}",0.5436180954600387,0.020513289702143698,"[0.5749342262616599, 0.5347604106309242, 0.5602900951090366, 0.5248482290282933, 0.5232575162702796]",,,,,,,,0.4070465921297563,558.132,74ab309fcc94,,legacy,ok,auto GB search 3h ext (threshold-tuned)
LR_20260709_095838,2026-07-09T09:58:40,logistic_regression,Logistic Regression,"{""C"": 13.073609067448, ""solver"": ""lbfgs""}",0.5475459247959302,0.021794928381530125,"[0.572222792081239, 0.5408526871803471, 0.5731536026498396, 0.5333493859860342, 0.5181511560821905]",,,,,,,,0.3390006540957691,2.808,74ab309fcc94,,legacy,ok,auto LR search 2h (threshold-tuned)
GB_20260709_095840,2026-07-09T10:07:18,gradient_boosting,Gradient Boosting,"{""n_estimators"": 80, ""learning_rate"": 0.25, ""max_depth"": 4, ""subsample"": 0.8}",0.5303849348184414,0.017067874879710784,"[0.5508367920739055, 0.5136665318647858, 0.5513526681192568, 0.5153831028380416, 0.5206855791962175]",,,,,,,,0.4173841263768424,517.285,74ab309fcc94,,legacy,ok,auto GB search 3h ext (threshold-tuned)
GB_20260709_100719,2026-07-09T10:09:14,gradient_boosting,Gradient Boosting,"{""n_estimators"": 40, ""learning_rate"": 0.25, ""max_depth"": 2, ""subsample"": 0.7}",0.5449821014124995,0.020125962457084614,"[0.5752865441984613, 0.5373464716691203, 0.5615991888172666, 0.5259680983953109, 0.5247102039823386]",,,,,,,,0.4052791580407164,115.734,74ab309fcc94,,legacy,ok,auto GB search 3h ext (threshold-tuned)
GB_20260709_100915,2026-07-09T10:25:00,gradient_boosting,Gradient Boosting,"{""n_estimators"": 100, ""learning_rate"": 0.25, ""max_depth"": 5, ""subsample"": 0.9}",0.5162211516380817,0.0144167867774517,"[0.5255193488672759, 0.49777160532794645, 0.5388666285060103, 0.5074109458168418, 0.5115372296723343]",,,,,,,,0.42968985500361345,945.251,74ab309fcc94,,legacy,ok,auto GB search 3h ext (threshold-tuned)
RF_20260710_082644,2026-07-10T08:28:02,random_forest,Random Forest,"{""n_estimators"": 130, ""max_depth"": 6, ""min_samples_leaf"": 25, ""max_features"": 0.3}",0.5449183354455455,0.020948932235171372,"[0.5685782072796713, 0.5335583510053626, 0.5719560085476779, 0.5246611558384076, 0.525837954556608]",,,,,,,,0.4220829950823875,77.96,74ab309fcc94,,legacy,ok,auto RF 2h search RF_2H_20260710_082641
RF_20260710_082804,2026-07-10T08:29:25,random_forest,Random Forest,"{""n_estimators"": 120, ""max_depth"": 10, ""min_samples_leaf"": 20, ""max_features"": ""sqrt""}",0.526504374006468,0.019631621694285815,"[0.5605871448568078, 0.5233651492034205, 0.5276190476190477, 0.4995115597525236, 0.5214389686005406]",,,,,,,,0.44726881402108354,81.632,74ab309fcc94,,legacy,ok,auto RF 2h search RF_2H_20260710_082641
RF_20260710_082927,2026-07-10T08:30:19,random_forest,Random Forest,"{""n_estimators"": 130, ""max_depth"": 3, ""min_samples_leaf"": 25, ""max_features"": 0.3}",0.5488040650748813,0.020841023184557397,"[0.5728133621653866, 0.5394430691754406, 0.5740900429029202, 0.5347914469893794, 0.52288240414128]",,,,,,,,0.4264671516242922,51.984,74ab309fcc94,,legacy,ok,auto RF 2h search RF_2H_20260710_082641
RF_20260710_083020,2026-07-10T08:31:23,random_forest,Random Forest,"{""n_estimators"": 130, ""max_depth"": 4, ""min_samples_leaf"": 25, ""max_features"": 0.3}",0.5480395479310455,0.019726696040880717,"[0.5714832291799515, 0.5386298165435682, 0.5714599534291112, 0.5346805024576734, 0.5239442380449232]",,,,,,,,0.4170242619066663,62.71,74ab309fcc94,,legacy,ok,auto RF 2h search RF_2H_20260710_082641
RF_20260710_083124,2026-07-10T08:32:37,random_forest,Random Forest,"{""n_estimators"": 130, ""max_depth"": 5, ""min_samples_leaf"": 25, ""max_features"": 0.3}",0.5480208207374822,0.019367419938437776,"[0.5716025598441064, 0.5396732977519004, 0.570380090296466, 0.5338680631511495, 0.5245800926437884]",,,,,,,,0.4159884927204394,72.688,74ab309fcc94,,legacy,ok,auto RF 2h search RF_2H_20260710_082641
RF_20260710_083239,2026-07-10T08:34:15,random_forest,Random Forest,"{""n_estimators"": 130, ""max_depth"": 7, ""min_samples_leaf"": 25, ""max_features"": 0.3}",0.5439311619065192,0.02004043630594526,"[0.5666403313462137, 0.5331029485535923, 0.5697261663286004, 0.5251869961995594, 0.5249993671046302]",,,,,,,,0.42318727600000494,96.292,74ab309fcc94,,legacy,ok,auto RF 2h search RF_2H_20260710_082641
RF_20260710_083417,2026-07-10T08:36:03,random_forest,Random Forest,"{""n_estimators"": 130, ""max_depth"": 8, ""min_samples_leaf"": 25, ""max_features"": 0.3}",0.5412346342077157,0.018745008759172524,"[0.5622860250404775, 0.5299496976205279, 0.565639999035238, 0.5222929936305732, 0.5260044557117616]",,,,,,,,0.4276086391990558,106.418,74ab309fcc94,,legacy,ok,auto RF 2h search RF_2H_20260710_082641
RF_20260710_083604,2026-07-10T08:37:56,random_forest,Random Forest,"{""n_estimators"": 130, ""max_depth"": 9, ""min_samples_leaf"": 25, ""max_features"": 0.3}",0.5291789557628788,0.019377526064650718,"[0.5605076446487459, 0.5286128977175707, 0.5347964032863655, 0.5009309683470762, 0.521046864814635]",,,,,,,,0.44063739346924374,111.289,74ab309fcc94,,legacy,ok,auto RF 2h search RF_2H_20260710_082641
RF_20260710_083757,2026-07-10T08:39:50,random_forest,Random Forest,"{""n_estimators"": 130, ""max_depth"": 10, ""min_samples_leaf"": 25, ""max_features"": 0.3}",0.5226482909235721,0.01838890615202187,"[0.5540466855347544, 0.521658705628922, 0.5247464678859323, 0.4971436773360126, 0.5156459182322393]",,,,,,,,0.4469744245783115,112.374,74ab309fcc94,,legacy,ok,auto RF 2h search RF_2H_20260710_082641
RF_20260710_083951,2026-07-10T08:41:44,random_forest,Random Forest,"{""n_estimators"": 130, ""max_depth"": 11, ""min_samples_leaf"": 25, ""max_features"": 0.3}",0.5161139409845432,0.017539706103468868,"[0.5451927908840267, 0.5164806334668957, 0.5181831588261319, 0.490568283249033, 0.5101448384966286]",,,,,,,,0.452138694638887,113.383,74ab309fcc94,,legacy,ok,auto RF 2h search RF_2H_20260710_082641
RF_20260710_084146,2026-07-10T08:43:42,random_forest,Random Forest,"{""n_estimators"": 130, ""max_depth"": 12, ""min_samples_leaf"": 25, ""max_features"": 0.3}",0.5088916113434073,0.021525799759197838,"[0.5406586068253593, 0.5145635753758536, 0.5093203943125634, 0.4732496539874958, 0.5066658262157647]",,,,,,,,0.4565296032487998,116.26,74ab309fcc94,,legacy,ok,auto RF 2h search RF_2H_20260710_082641
RF_20260710_084343,2026-07-10T08:44:57,random_forest,Random Forest,"{""n_estimators"": 130, ""max_depth"": 6, ""min_samples_leaf"": 5, ""max_features"": 0.3}",0.5466221130535525,0.021090134070926907,"[0.5727041098925446, 0.5379673787591733, 0.5710032143461343, 0.5261572756592677, 0.5252785866106422]",,,,,,,,0.4156745128874942,74.204,74ab309fcc94,,legacy,ok,auto RF 2h search RF_2H_20260710_082641
RF_20260710_084458,2026-07-10T08:46:14,random_forest,Random Forest,"{""n_estimators"": 130, ""max_depth"": 6, ""min_samples_leaf"": 10, ""max_features"": 0.3}",0.5450929691274686,0.021955331926529882,"[0.5697086387677461, 0.5400653910060567, 0.5716342530623264, 0.5197287299630087, 0.5243278328382056]",,,,,,,,0.41994301333201883,75.334,74ab309fcc94,,legacy,ok,auto RF 2h search RF_2H_20260710_082641
RF_20260710_084615,2026-07-10T08:47:30,random_forest,Random Forest,"{""n_estimators"": 130, ""max_depth"": 6, ""min_samples_leaf"": 15, ""max_features"": 0.3}",0.5455390742282761,0.020776220372932242,"[0.5697129874345064, 0.5354743820520701, 0.5714541888484169, 0.5254442361984295, 0.5256095766079576]",,,,,,,,0.41993215584667354,74.987,74ab309fcc94,,legacy,ok,auto RF 2h search RF_2H_20260710_082641
RF_20260710_084731,2026-07-10T08:48:44,random_forest,Random Forest,"{""n_estimators"": 130, ""max_depth"": 6, ""min_samples_leaf"": 20, ""max_features"": 0.3}",0.543942491906855,0.02201044541620236,"[0.5690745441957074, 0.5353017535367759, 0.5711748971655914, 0.519036751593151, 0.5251245130430494]",,,,,,,,0.423325541736537,72.286,74ab309fcc94,,legacy,ok,auto RF 2h search RF_2H_20260710_082641
RF_20260710_084845,2026-07-10T08:49:55,random_forest,Random Forest,"{""n_estimators"": 130, ""max_depth"": 6, ""min_samples_leaf"": 30, ""max_features"": 0.3}",0.546241836176788,0.021574889887952108,"[0.5718161701749119, 0.5368589042892746, 0.5724415506226795, 0.5246190896301771, 0.5254734661668968]",,,,,,,,0.4169518238051813,69.776,74ab309fcc94,,legacy,ok,auto RF 2h search RF_2H_20260710_082641
RF_20260710_084956,2026-07-10T08:51:09,random_forest,Random Forest,"{""n_estimators"": 130, ""max_depth"": 6, ""min_samples_leaf"": 35, ""max_features"": 0.3}",0.5461693064918955,0.02126827874332958,"[0.5730797912005966, 0.5366141861508331, 0.570314726367025, 0.5244027834238025, 0.5264350453172205]",,,,,,,,0.41633435926163925,73.151,74ab309fcc94,,legacy,ok,auto RF 2h search RF_2H_20260710_082641
RF_20260710_085110,2026-07-10T08:52:22,random_forest,Random Forest,"{""n_estimators"": 130, ""max_depth"": 6, ""min_samples_leaf"": 40, ""max_features"": 0.3}",0.5456724866772309,0.022405557581189804,"[0.5736193943149253, 0.5375544759979568, 0.5708972992584865, 0.5207059836418424, 0.5255852801729433]",,,,,,,,0.418332909388169,72.173,74ab309fcc94,,legacy,ok,auto RF 2h search RF_2H_20260710_082641
RF_20260710_085223,2026-07-10T08:53:33,random_forest,Random Forest,"{""n_estimators"": 130, ""max_depth"": 6, ""min_samples_leaf"": 50, ""max_features"": 0.3}",0.5453627485465242,0.02172766660539933,"[0.5707930101362197, 0.5371033971964144, 0.5715928824338649, 0.5208606954792621, 0.5264637574868598]",,,,,,,,0.42053566921843843,69.413,74ab309fcc94,,legacy,ok,auto RF 2h search RF_2H_20260710_082641
RF_20260710_085334,2026-07-10T08:54:46,random_forest,Random Forest,"{""n_estimators"": 130, ""max_depth"": 6, ""min_samples_leaf"": 60, ""max_features"": 0.3}",0.5460641272889848,0.020979681924645936,"[0.5724018915708554, 0.5372080569186548, 0.5699337445739091, 0.5239914462144694, 0.5267854971670355]",,,,,,,,0.41871834957926907,72.602,74ab309fcc94,,legacy,ok,auto RF 2h search RF_2H_20260710_082641
RF_20260710_085448,2026-07-10T08:56:06,random_forest,Random Forest,"{""n_estimators"": 130, ""max_depth"": 6, ""min_samples_leaf"": 80, ""max_features"": 0.3}",0.5460404497011567,0.020905426828915018,"[0.571686264783143, 0.5352767356153922, 0.5709421752218176, 0.5264192967491234, 0.5258777761363077]",,,,,,,,0.41972499967412064,77.88,74ab309fcc94,,legacy,ok,auto RF 2h search RF_2H_20260710_082641
RF_20260710_085607,2026-07-10T08:57:03,random_forest,Random Forest,"{""n_estimators"": 130, ""max_depth"": 6, ""min_samples_leaf"": 25, ""max_features"": 0.2}",0.5465681519582815,0.020492856047177526,"[0.5702493167494004, 0.5370603431145261, 0.5721825801336504, 0.5273659739015643, 0.525982545892266]",,,,,,,,0.42399823784625756,56.317,74ab309fcc94,,legacy,ok,auto RF 2h search RF_2H_20260710_082641
RF_20260710_085704,2026-07-10T08:58:06,random_forest,Random Forest,"{""n_estimators"": 130, ""max_depth"": 6, ""min_samples_leaf"": 25, ""max_features"": 0.24}",0.5465681519582815,0.020492856047177526,"[0.5702493167494004, 0.5370603431145261, 0.5721825801336504, 0.5273659739015643, 0.525982545892266]",,,,,,,,0.42399823784625756,62.089,74ab309fcc94,,legacy,ok,auto RF 2h search RF_2H_20260710_082641
RF_20260710_085808,2026-07-10T08:59:17,random_forest,Random Forest,"{""n_estimators"": 130, ""max_depth"": 6, ""min_samples_leaf"": 25, ""max_features"": 0.25}",0.5449200831633216,0.02163197969047789,"[0.5713128221286939, 0.5371071936932005, 0.569650517645713, 0.5192269914546704, 0.52730289089433]",,,,,,,,0.42241418019135607,68.858,74ab309fcc94,,legacy,ok,auto RF 2h search RF_2H_20260710_082641
RF_20260710_085918,2026-07-10T09:00:30,random_forest,Random Forest,"{""n_estimators"": 130, ""max_depth"": 6, ""min_samples_leaf"": 25, ""max_features"": 0.28}",0.5449200831633216,0.02163197969047789,"[0.5713128221286939, 0.5371071936932005, 0.569650517645713, 0.5192269914546704, 0.52730289089433]",,,,,,,,0.42241418019135607,71.462,74ab309fcc94,,legacy,ok,auto RF 2h search RF_2H_20260710_082641
RF_20260710_090031,2026-07-10T09:01:54,random_forest,Random Forest,"{""n_estimators"": 130, ""max_depth"": 6, ""min_samples_leaf"": 25, ""max_features"": 0.32}",0.5449183354455455,0.020948932235171372,"[0.5685782072796713, 0.5335583510053626, 0.5719560085476779, 0.5246611558384076, 0.525837954556608]",,,,,,,,0.4220829950823875,82.522,74ab309fcc94,,legacy,ok,auto RF 2h search RF_2H_20260710_082641
RF_20260710_090155,2026-07-10T09:03:27,random_forest,Random Forest,"{""n_estimators"": 130, ""max_depth"": 6, ""min_samples_leaf"": 25, ""max_features"": 0.35}",0.5463852051863477,0.021711051765504478,"[0.573958089113664, 0.5366820306769288, 0.5708622173893344, 0.5233833507624213, 0.5270403379893903]",,,,,,,,0.4159633749423425,91.296,74ab309fcc94,,legacy,ok,auto RF 2h search RF_2H_20260710_082641
RF_20260710_090328,2026-07-10T09:05:00,random_forest,Random Forest,"{""n_estimators"": 130, ""max_depth"": 6, ""min_samples_leaf"": 25, ""max_features"": 0.4}",0.5477954871025625,0.02141862989201503,"[0.5745326481793214, 0.5376926912820068, 0.5726164582200471, 0.5279318797574507, 0.5262037580739871]",,,,,,,,0.41138813849297684,92.06,74ab309fcc94,,legacy,ok,auto RF 2h search RF_2H_20260710_082641
RF_20260710_090501,2026-07-10T09:07:04,random_forest,Random Forest,"{""n_estimators"": 130, ""max_depth"": 6, ""min_samples_leaf"": 25, ""max_features"": 0.5}",0.5448410831553112,0.022581441884082683,"[0.5738416292103656, 0.5319222107587003, 0.5706173941912513, 0.5231326678258332, 0.524691513790406]",,,,,,,,0.41620407881236493,122.734,74ab309fcc94,,legacy,ok,auto RF 2h search RF_2H_20260710_082641
RF_20260710_090706,2026-07-10T09:08:12,random_forest,Random Forest,"{""n_estimators"": 130, ""max_depth"": 6, ""min_samples_leaf"": 25, ""max_features"": ""sqrt""}",0.5465681519582815,0.020492856047177526,"[0.5702493167494004, 0.5370603431145261, 0.5721825801336504, 0.5273659739015643, 0.525982545892266]",,,,,,,,0.42399823784625756,66.228,74ab309fcc94,,legacy,ok,auto RF 2h search RF_2H_20260710_082641
RF_20260710_090813,2026-07-10T09:09:17,random_forest,Random Forest,"{""n_estimators"": 130, ""max_depth"": 6, ""min_samples_leaf"": 25, ""max_features"": ""log2""}",0.5465681519582815,0.020492856047177526,"[0.5702493167494004, 0.5370603431145261, 0.5721825801336504, 0.5273659739015643, 0.525982545892266]",,,,,,,,0.42399823784625756,64.215,74ab309fcc94,,legacy,ok,auto RF 2h search RF_2H_20260710_082641
RF_20260710_090918,2026-07-10T09:09:52,random_forest,Random Forest,"{""n_estimators"": 50, ""max_depth"": 6, ""min_samples_leaf"": 25, ""max_features"": 0.3}",0.5446534224324736,0.022665254993760823,"[0.5718804502074464, 0.5316251567819387, 0.5723379629629629, 0.5210676391761409, 0.5263559030338791]",,,,,,,,0.41658352601485904,33.301,74ab309fcc94,,legacy,ok,auto RF 2h search RF_2H_20260710_082641
RF_20260710_090953,2026-07-10T09:10:39,random_forest,Random Forest,"{""n_estimators"": 70, ""max_depth"": 6, ""min_samples_leaf"": 25, ""max_features"": 0.3}",0.5458155665247428,0.0220326084969275,"[0.5722334616806979, 0.5328256888928588, 0.5728906501493001, 0.5236631837738168, 0.5274648481270408]",,,,,,,,0.4160136923652892,46.559,74ab309fcc94,,legacy,ok,auto RF 2h search RF_2H_20260710_082641
RF_20260710_091040,2026-07-10T09:11:34,random_forest,Random Forest,"{""n_estimators"": 90, ""max_depth"": 6, ""min_samples_leaf"": 25, ""max_features"": 0.3}",0.5442706402122763,0.02117513913916614,"[0.5673941845059619, 0.5335757224273111, 0.5721407428838493, 0.522686596043148, 0.5255559552011113]",,,,,,,,0.42392836345498497,53.526,74ab309fcc94,,legacy,ok,auto RF 2h search RF_2H_20260710_082641
RF_20260710_091135,2026-07-10T09:12:45,random_forest,Random Forest,"{""n_estimators"": 110, ""max_depth"": 6, ""min_samples_leaf"": 25, ""max_features"": 0.3}",0.5447339762225721,0.021332056314485245,"[0.568780083369798, 0.5330431871442919, 0.5723183698892201, 0.5237883503779458, 0.5257398903316045]",,,,,,,,0.42254422271880576,70.301,74ab309fcc94,,legacy,ok,auto RF 2h search RF_2H_20260710_082641
RF_20260710_091246,2026-07-10T09:14:15,random_forest,Random Forest,"{""n_estimators"": 150, ""max_depth"": 6, ""min_samples_leaf"": 25, ""max_features"": 0.3}",0.5446528782656699,0.02086183407201041,"[0.56840888066605, 0.5333733680300705, 0.5713963073795946, 0.5253539559785841, 0.5247318792740499]",,,,,,,,0.42315098652747435,89.373,74ab309fcc94,,legacy,ok,auto RF 2h search RF_2H_20260710_082641
RF_20260710_091416,2026-07-10T09:16:00,random_forest,Random Forest,"{""n_estimators"": 180, ""max_depth"": 6, ""min_samples_leaf"": 25, ""max_features"": 0.3}",0.5448710286554066,0.020785484224855214,"[0.5682889998838425, 0.5346490839897337, 0.5715537875467754, 0.5246454049015976, 0.525217866955084]",,,,,,,,0.42231275128435974,103.491,74ab309fcc94,,legacy,ok,auto RF 2h search RF_2H_20260710_082641
RF_20260710_091601,2026-07-10T09:18:10,random_forest,Random Forest,"{""n_estimators"": 220, ""max_depth"": 6, ""min_samples_leaf"": 25, ""max_features"": 0.3}",0.5459073042398688,0.02124444092759894,"[0.5713142183730419, 0.5355876197819143, 0.5717399119259459, 0.5252424296507823, 0.5256523414676595]",,,,,,,,0.41837339427942066,128.824,74ab309fcc94,,legacy,ok,auto RF 2h search RF_2H_20260710_082641
RF_20260710_091811,2026-07-10T09:20:42,random_forest,Random Forest,"{""n_estimators"": 260, ""max_depth"": 6, ""min_samples_leaf"": 25, ""max_features"": 0.3}",0.5447980733938761,0.02233125193700638,"[0.5709865550707862, 0.5351238528564014, 0.5720745931182699, 0.5205391921947383, 0.5252661737291846]",,,,,,,,0.4207752743082748,150.55,74ab309fcc94,,legacy,ok,auto RF 2h search RF_2H_20260710_082641
RF_20260710_092043,2026-07-10T09:21:35,random_forest,Random Forest,"{""n_estimators"": 130, ""max_depth"": 4, ""min_samples_leaf"": 15, ""max_features"": 0.25}",0.5486357754846979,0.02035884518750828,"[0.5718712196778369, 0.5392713939575873, 0.573611632773515, 0.5349786113853241, 0.5234460196292258]",,,,,,,,0.4176898768334806,52.17,74ab309fcc94,,legacy,ok,auto RF 2h search RF_2H_20260710_082641
RF_20260710_092137,2026-07-10T09:22:33,random_forest,Random Forest,"{""n_estimators"": 130, ""max_depth"": 4, ""min_samples_leaf"": 15, ""max_features"": 0.3}",0.5481702900668077,0.019924775414210973,"[0.5718108735910253, 0.5383840244444204, 0.5719230221579645, 0.5347980543258458, 0.5239354758147824]",,,,,,,,0.4177787747592074,56.529,74ab309fcc94,,legacy,ok,auto RF 2h search RF_2H_20260710_082641
RF_20260710_092235,2026-07-10T09:23:38,random_forest,Random Forest,"{""n_estimators"": 130, ""max_depth"": 4, ""min_samples_leaf"": 15, ""max_features"": 0.35}",0.5488317157708396,0.020875164097735908,"[0.5745270255760517, 0.5386727787748394, 0.5729936166730318, 0.5336535269250349, 0.5243116309052399]",,,,,,,,0.4167736818531454,63.294,74ab309fcc94,,legacy,ok,auto RF 2h search RF_2H_20260710_082641
RF_20260710_092339,2026-07-10T09:24:26,random_forest,Random Forest,"{""n_estimators"": 130, ""max_depth"": 4, ""min_samples_leaf"": 15, ""max_features"": ""sqrt""}",0.5488128592737564,0.020356868001314008,"[0.5710830363891588, 0.5406145388819371, 0.5745994445631275, 0.5338606578262266, 0.5239066187083323]",,,,,,,,0.42428413051295255,46.946,74ab309fcc94,,legacy,ok,auto RF 2h search RF_2H_20260710_082641
RF_20260710_092428,2026-07-10T09:25:20,random_forest,Random Forest,"{""n_estimators"": 130, ""max_depth"": 4, ""min_samples_leaf"": 20, ""max_features"": 0.25}",0.5486460996935586,0.020388032743104585,"[0.5718958760368321, 0.5392478302796528, 0.5736907516928088, 0.5349334210093704, 0.5234626194491288]",,,,,,,,0.41769438132744546,52.504,74ab309fcc94,,legacy,ok,auto RF 2h search RF_2H_20260710_082641
RF_20260710_092522,2026-07-10T09:26:21,random_forest,Random Forest,"{""n_estimators"": 130, ""max_depth"": 4, ""min_samples_leaf"": 20, ""max_features"": 0.3}",0.5480941682171958,0.019830194521606864,"[0.5713494809688582, 0.5385232049226503, 0.5719763365468887, 0.5346863428327999, 0.5239354758147824]",,,,,,,,0.41710123757952144,59.033,74ab309fcc94,,legacy,ok,auto RF 2h search RF_2H_20260710_082641
RF_20260710_092622,2026-07-10T09:27:25,random_forest,Random Forest,"{""n_estimators"": 130, ""max_depth"": 4, ""min_samples_leaf"": 20, ""max_features"": 0.35}",0.5490799704409838,0.020572429237920953,"[0.5745039331208482, 0.5403941884387026, 0.5724602002297718, 0.5336535269250349, 0.5243880034905617]",,,,,,,,0.4148509563176505,62.493,74ab309fcc94,,legacy,ok,auto RF 2h search RF_2H_20260710_082641
RF_20260710_092726,2026-07-10T09:28:10,random_forest,Random Forest,"{""n_estimators"": 130, ""max_depth"": 4, ""min_samples_leaf"": 20, ""max_features"": ""sqrt""}",0.5487851883688157,0.020251908816553654,"[0.5710431460577151, 0.5406788187568904, 0.5743375622290028, 0.5338547436522356, 0.524011671148235]",,,,,,,,0.42447885408540226,44.27,74ab309fcc94,,legacy,ok,auto RF 2h search RF_2H_20260710_082641
RF_20260710_092812,2026-07-10T09:29:02,random_forest,Random Forest,"{""n_estimators"": 130, ""max_depth"": 4, ""min_samples_leaf"": 25, ""max_features"": 0.25}",0.5485986997193069,0.02034134252981884,"[0.571602239402826, 0.5391369606003752, 0.5737975361542582, 0.5349188952213941, 0.5235378672176804]",,,,,,,,0.418365827878032,50.661,74ab309fcc94,,legacy,ok,auto RF 2h search RF_2H_20260710_082641
RF_20260710_092904,2026-07-10T09:30:05,random_forest,Random Forest,"{""n_estimators"": 130, ""max_depth"": 4, ""min_samples_leaf"": 25, ""max_features"": 0.35}",0.5491317453101531,0.020496171216434697,"[0.5743208390646493, 0.5404127531787106, 0.5725911422727322, 0.5337728710812186, 0.5245611209534546]",,,,,,,,0.4150633519209622,61.357,74ab309fcc94,,legacy,ok,auto RF 2h search RF_2H_20260710_082641
RF_20260710_093006,2026-07-10T09:30:50,random_forest,Random Forest,"{""n_estimators"": 130, ""max_depth"": 4, ""min_samples_leaf"": 25, ""max_features"": ""sqrt""}",0.5489935030370583,0.02050786739171223,"[0.57096332402325, 0.54076462459696, 0.5753934495959167, 0.5339167035888347, 0.5239294133803301]",,,,,,,,0.423997596285606,43.632,74ab309fcc94,,legacy,ok,auto RF 2h search RF_2H_20260710_082641
RF_20260710_093051,2026-07-10T09:31:42,random_forest,Random Forest,"{""n_estimators"": 130, ""max_depth"": 4, ""min_samples_leaf"": 30, ""max_features"": 0.25}",0.5485226994674788,0.020351767175604826,"[0.5715778808723937, 0.5388326045617164, 0.5737462494642092, 0.5349188952213941, 0.5235378672176804]",,,,,,,,0.41857952031139006,51.454,74ab309fcc94,,legacy,ok,auto RF 2h search RF_2H_20260710_082641
RF_20260710_093143,2026-07-10T09:32:42,random_forest,Random Forest,"{""n_estimators"": 130, ""max_depth"": 4, ""min_samples_leaf"": 30, ""max_features"": 0.3}",0.5480329976415532,0.019711682069766822,"[0.5714133707877124, 0.538649043930448, 0.5714474016630235, 0.5348062920955822, 0.5238488797309996]",,,,,,,,0.4169733837551279,59.003,74ab309fcc94,,legacy,ok,auto RF 2h search RF_2H_20260710_082641
RF_20260710_093244,2026-07-10T09:33:47,random_forest,Random Forest,"{""n_estimators"": 130, ""max_depth"": 4, ""min_samples_leaf"": 30, ""max_features"": 0.35}",0.5490704231288055,0.02056383280298906,"[0.5743619514502569, 0.5399654237722238, 0.5726864546576794, 0.5337492533351033, 0.5245890324287638]",,,,,,,,0.4151116227012415,63.343,74ab309fcc94,,legacy,ok,auto RF 2h search RF_2H_20260710_082641
RF_20260710_093348,2026-07-10T09:34:33,random_forest,Random Forest,"{""n_estimators"": 130, ""max_depth"": 4, ""min_samples_leaf"": 30, ""max_features"": ""sqrt""}",0.5488799473181479,0.020393179234611102,"[0.5707959344588099, 0.5406591043492285, 0.5750778284788264, 0.5339063780766078, 0.523960491227267]",,,,,,,,0.4246415366147728,45.105,74ab309fcc94,,legacy,ok,auto RF 2h search RF_2H_20260710_082641
RF_20260710_093434,2026-07-10T09:35:25,random_forest,Random Forest,"{""n_estimators"": 130, ""max_depth"": 4, ""min_samples_leaf"": 40, ""max_features"": 0.25}",0.548462250520336,0.020208311474511124,"[0.5715687215415294, 0.5390336963045529, 0.5732342328716807, 0.5349916099101767, 0.5234829919737404]",,,,,,,,0.41919966003859727,50.707,74ab309fcc94,,legacy,ok,auto RF 2h search RF_2H_20260710_082641
RF_20260710_093526,2026-07-10T09:36:23,random_forest,Random Forest,"{""n_estimators"": 130, ""max_depth"": 4, ""min_samples_leaf"": 40, ""max_features"": 0.3}",0.5481374884877144,0.0198295214427909,"[0.5715532007702702, 0.5384106749915992, 0.5718451604415844, 0.5349996734089573, 0.523878732826161]",,,,,,,,0.41677657828142883,56.779,74ab309fcc94,,legacy,ok,auto RF 2h search RF_2H_20260710_082641
RF_20260710_093624,2026-07-10T09:37:27,random_forest,Random Forest,"{""n_estimators"": 130, ""max_depth"": 4, ""min_samples_leaf"": 40, ""max_features"": 0.35}",0.5489980791594119,0.020732535700567347,"[0.5745645123182336, 0.5394257381306035, 0.5728214769795811, 0.5337609200486564, 0.5244177483199852]",,,,,,,,0.41509150657168375,62.65,74ab309fcc94,,legacy,ok,auto RF 2h search RF_2H_20260710_082641
RF_20260710_093728,2026-07-10T09:38:14,random_forest,Random Forest,"{""n_estimators"": 130, ""max_depth"": 4, ""min_samples_leaf"": 40, ""max_features"": ""sqrt""}",0.5487729703581004,0.02033044131505956,"[0.5710430004210435, 0.5407061099467999, 0.5744380822151953, 0.5339460716460882, 0.5237315875613748]",,,,,,,,0.42447646272042566,46.112,74ab309fcc94,,legacy,ok,auto RF 2h search RF_2H_20260710_082641
RF_20260710_093816,2026-07-10T09:39:15,random_forest,Random Forest,"{""n_estimators"": 130, ""max_depth"": 5, ""min_samples_leaf"": 15, ""max_features"": 0.25}",0.5475069867128447,0.020608822158042304,"[0.5717148674434223, 0.5367205643924455, 0.5727532018456727, 0.5324324627158336, 0.5239138371668492]",,,,,,,,0.4189779851662697,59.193,74ab309fcc94,,legacy,ok,auto RF 2h search RF_2H_20260710_082641
RF_20260710_093917,2026-07-10T09:40:23,random_forest,Random Forest,"{""n_estimators"": 130, ""max_depth"": 5, ""min_samples_leaf"": 15, ""max_features"": 0.3}",0.5474248038049818,0.020105027747604025,"[0.5723086267109173, 0.5396497124022491, 0.5703164211066374, 0.5303711459886414, 0.5244781128164635]",,,,,,,,0.41742886079286456,66.407,74ab309fcc94,,legacy,ok,auto RF 2h search RF_2H_20260710_082641
RF_20260710_094024,2026-07-10T09:41:37,random_forest,Random Forest,"{""n_estimators"": 130, ""max_depth"": 5, ""min_samples_leaf"": 15, ""max_features"": 0.35}",0.5456256138262879,0.02228244639375225,"[0.5737708482832105, 0.5360447671298882, 0.5708769502042274, 0.5229926963673094, 0.5244428071468042]",,,,,,,,0.4193045684299673,73.065,74ab309fcc94,,legacy,ok,auto RF 2h search RF_2H_20260710_082641
RF_20260710_094138,2026-07-10T09:42:28,random_forest,Random Forest,"{""n_estimators"": 130, ""max_depth"": 5, ""min_samples_leaf"": 15, ""max_features"": ""sqrt""}",0.5476233158112835,0.020496111585651275,"[0.5710789621865119, 0.536959154464384, 0.5732889847127272, 0.5327741430408768, 0.5240153346519181]",,,,,,,,0.4240090852870462,49.693,74ab309fcc94,,legacy,ok,auto RF 2h search RF_2H_20260710_082641
RF_20260710_094229,2026-07-10T09:43:25,random_forest,Random Forest,"{""n_estimators"": 130, ""max_depth"": 5, ""min_samples_leaf"": 20, ""max_features"": 0.25}",0.5473235610454125,0.02074744400793471,"[0.5719850187265918, 0.5367731745039324, 0.5724725407761221, 0.5315430183356841, 0.5238440528847316]",,,,,,,,0.41993099690093283,56.383,74ab309fcc94,,legacy,ok,auto RF 2h search RF_2H_20260710_082641
RF_20260710_094326,2026-07-10T09:44:33,random_forest,Random Forest,"{""n_estimators"": 130, ""max_depth"": 5, ""min_samples_leaf"": 20, ""max_features"": 0.3}",0.5479679837134408,0.019341460839583335,"[0.5715771882643292, 0.5395000754847198, 0.5702399359280971, 0.5340281764783819, 0.5244945424116757]",,,,,,,,0.4164104768509708,66.913,74ab309fcc94,,legacy,ok,auto RF 2h search RF_2H_20260710_082641
RF_20260710_094434,2026-07-10T09:45:47,random_forest,Random Forest,"{""n_estimators"": 130, ""max_depth"": 5, ""min_samples_leaf"": 20, ""max_features"": 0.35}",0.5461194135031335,0.02196957955629578,"[0.5739311647292501, 0.5363122382249051, 0.5710346361260911, 0.5256121587390937, 0.5237068696963277]",,,,,,,,0.4181605413999046,72.5,74ab309fcc94,,legacy,ok,auto RF 2h search RF_2H_20260710_082641
RF_20260710_094548,2026-07-10T09:46:38,random_forest,Random Forest,"{""n_estimators"": 130, ""max_depth"": 5, ""min_samples_leaf"": 20, ""max_features"": ""sqrt""}",0.5476679558581188,0.02023593814835175,"[0.5708693703051707, 0.5372181069958848, 0.5728786394800107, 0.5333674422743249, 0.5240062202352026]",,,,,,,,0.4257728549491775,49.962,74ab309fcc94,,legacy,ok,auto RF 2h search RF_2H_20260710_082641
RF_20260710_094640,2026-07-10T09:47:37,random_forest,Random Forest,"{""n_estimators"": 130, ""max_depth"": 5, ""min_samples_leaf"": 25, ""max_features"": 0.25}",0.5473636905852968,0.02083741275120891,"[0.5717429624485871, 0.5367656736717413, 0.5730114413970548, 0.5314696341683186, 0.5238287412407822]",,,,,,,,0.4194644998752885,57.539,74ab309fcc94,,legacy,ok,auto RF 2h search RF_2H_20260710_082641
RF_20260710_094738,2026-07-10T09:48:51,random_forest,Random Forest,"{""n_estimators"": 130, ""max_depth"": 5, ""min_samples_leaf"": 25, ""max_features"": 0.35}",0.5469011249385577,0.0217827771743333,"[0.573705005823256, 0.5404274845002187, 0.5714729507832956, 0.5247805854980268, 0.5241195980879915]",,,,,,,,0.4136703534002361,72.664,74ab309fcc94,,legacy,ok,auto RF 2h search RF_2H_20260710_082641
RF_20260710_094853,2026-07-10T09:49:44,random_forest,Random Forest,"{""n_estimators"": 130, ""max_depth"": 5, ""min_samples_leaf"": 25, ""max_features"": ""sqrt""}",0.5475771482626834,0.02003986392845341,"[0.5713945172824791, 0.5366692383996473, 0.571887027457669, 0.5333333333333333, 0.5246016248402883]",,,,,,,,0.4251031571561473,51.553,74ab309fcc94,,legacy,ok,auto RF 2h search RF_2H_20260710_082641
RF_20260710_094946,2026-07-10T09:50:44,random_forest,Random Forest,"{""n_estimators"": 130, ""max_depth"": 5, ""min_samples_leaf"": 30, ""max_features"": 0.25}",0.547887439421803,0.020558949126683237,"[0.5719378388763181, 0.5377720591442404, 0.5729807881881311, 0.5329189352353908, 0.5238275756649343]",,,,,,,,0.418222668510011,57.822,74ab309fcc94,,legacy,ok,auto RF 2h search RF_2H_20260710_082641
RF_20260710_095045,2026-07-10T09:51:51,random_forest,Random Forest,"{""n_estimators"": 130, ""max_depth"": 5, ""min_samples_leaf"": 30, ""max_features"": 0.3}",0.5478900284492019,0.020338245351273758,"[0.5724381625441696, 0.5399526168425587, 0.5717122902254146, 0.5306479660843572, 0.524699106549509]",,,,,,,,0.4171284312905126,66.375,74ab309fcc94,,legacy,ok,auto RF 2h search RF_2H_20260710_082641
RF_20260710_095152,2026-07-10T09:53:06,random_forest,Random Forest,"{""n_estimators"": 130, ""max_depth"": 5, ""min_samples_leaf"": 30, ""max_features"": 0.35}",0.5471293653163525,0.021499245781917215,"[0.5741215863628457, 0.5403080487386305, 0.570945908398813, 0.525942485281897, 0.5243287977995764]",,,,,,,,0.4139397891359737,73.516,74ab309fcc94,,legacy,ok,auto RF 2h search RF_2H_20260710_082641
RF_20260710_095307,2026-07-10T09:53:58,random_forest,Random Forest,"{""n_estimators"": 130, ""max_depth"": 5, ""min_samples_leaf"": 30, ""max_features"": ""sqrt""}",0.547718468362477,0.020573998071248396,"[0.5719634966995111, 0.5363676633444076, 0.5729217703739997, 0.5330780874365595, 0.5242613239579069]",,,,,,,,0.4223678925203317,50.968,74ab309fcc94,,legacy,ok,auto RF 2h search RF_2H_20260710_082641
RF_20260710_095359,2026-07-10T09:55:01,random_forest,Random Forest,"{""n_estimators"": 130, ""max_depth"": 5, ""min_samples_leaf"": 40, ""max_features"": 0.25}",0.5470737002345176,0.02062516815763957,"[0.5720617979945776, 0.5367684171256776, 0.5715589692213503, 0.5313488119974704, 0.5236305048335124]",,,,,,,,0.42150688306193357,61.658,74ab309fcc94,,legacy,ok,auto RF 2h search RF_2H_20260710_082641
RF_20260710_095502,2026-07-10T09:56:07,random_forest,Random Forest,"{""n_estimators"": 130, ""max_depth"": 5, ""min_samples_leaf"": 40, ""max_features"": 0.3}",0.5467798523983387,0.02102217051721706,"[0.5722043833372842, 0.5399251000817873, 0.5711499894740341, 0.525780055330524, 0.5248397337680645]",,,,,,,,0.4177339922518075,65.044,74ab309fcc94,,legacy,ok,auto RF 2h search RF_2H_20260710_082641
RF_20260710_095609,2026-07-10T09:57:34,random_forest,Random Forest,"{""n_estimators"": 130, ""max_depth"": 5, ""min_samples_leaf"": 40, ""max_features"": 0.35}",0.5467210192151734,0.021946391578262118,"[0.5741397965808267, 0.5405896953098254, 0.5709055188426505, 0.52420724801812, 0.5237628373244442]",,,,,,,,0.41460959336236075,85.162,74ab309fcc94,,legacy,ok,auto RF 2h search RF_2H_20260710_082641
RF_20260710_095736,2026-07-10T09:58:32,random_forest,Random Forest,"{""n_estimators"": 130, ""max_depth"": 5, ""min_samples_leaf"": 40, ""max_features"": ""sqrt""}",0.5479752026133309,0.02047562559672965,"[0.5719218963165075, 0.5368839375158247, 0.5730018572219869, 0.5343226561551117, 0.5237456658572239]",,,,,,,,0.420584029761799,56.332,74ab309fcc94,,legacy,ok,auto RF 2h search RF_2H_20260710_082641
RF_20260710_095834,2026-07-10T09:59:42,random_forest,Random Forest,"{""n_estimators"": 130, ""max_depth"": 6, ""min_samples_leaf"": 15, ""max_features"": 0.25}",0.5447435911455701,0.022218753855665577,"[0.5702486923006332, 0.5360385705932325, 0.5719154433876106, 0.5184563136770608, 0.5270589357693133]",,,,,,,,0.42338202781904855,68.864,74ab309fcc94,,legacy,ok,auto RF 2h search RF_2H_20260710_082641
RF_20260710_095944,2026-07-10T10:01:07,random_forest,Random Forest,"{""n_estimators"": 130, ""max_depth"": 6, ""min_samples_leaf"": 15, ""max_features"": 0.35}",0.5470890713988534,0.02165084777396339,"[0.5745657815931323, 0.5377556685207964, 0.5714889875685842, 0.5249822372620094, 0.5266526820497452]",,,,,,,,0.41360930911628746,83.284,74ab309fcc94,,legacy,ok,auto RF 2h search RF_2H_20260710_082641
RF_20260710_100108,2026-07-10T10:02:06,random_forest,Random Forest,"{""n_estimators"": 130, ""max_depth"": 6, ""min_samples_leaf"": 15, ""max_features"": ""sqrt""}",0.5472850752110009,0.020613745997916842,"[0.5705858513081461, 0.5367061737130727, 0.5736635952458446, 0.5299196601717611, 0.5255500956161797]",,,,,,,,0.4243342726568443,57.384,74ab309fcc94,,legacy,ok,auto RF 2h search RF_2H_20260710_082641
RF_20260710_100207,2026-07-10T10:03:11,random_forest,Random Forest,"{""n_estimators"": 130, ""max_depth"": 6, ""min_samples_leaf"": 20, ""max_features"": 0.25}",0.5450597362496188,0.0218229294397892,"[0.5719003897219103, 0.5373772360575236, 0.5697404371584699, 0.5191590911886632, 0.5271215271215272]",,,,,,,,0.42065373266633443,64.477,74ab309fcc94,,legacy,ok,auto RF 2h search RF_2H_20260710_082641
RF_20260710_100313,2026-07-10T10:04:34,random_forest,Random Forest,"{""n_estimators"": 130, ""max_depth"": 6, ""min_samples_leaf"": 20, ""max_features"": 0.35}",0.5463150166344043,0.021819119058279754,"[0.5743413950071787, 0.5360860932237788, 0.5707425402157617, 0.524182059640227, 0.5262229950850753]",,,,,,,,0.4166699470625114,81.899,74ab309fcc94,,legacy,ok,auto RF 2h search RF_2H_20260710_082641
RF_20260710_100436,2026-07-10T10:05:40,random_forest,Random Forest,"{""n_estimators"": 130, ""max_depth"": 6, ""min_samples_leaf"": 20, ""max_features"": ""sqrt""}",0.5456844820885994,0.02172521447160734,"[0.5703234958385514, 0.5371048179315073, 0.572920770347692, 0.5237524476354358, 0.5243208786898107]",,,,,,,,0.424846457568656,64.297,74ab309fcc94,,legacy,ok,auto RF 2h search RF_2H_20260710_082641
RF_20260710_100542,2026-07-10T10:06:49,random_forest,Random Forest,"{""n_estimators"": 130, ""max_depth"": 6, ""min_samples_leaf"": 30, ""max_features"": 0.25}",0.5461293450156182,0.02143088742382466,"[0.5723638680478508, 0.5397510767603277, 0.5702751128348189, 0.521266946436562, 0.5269897209985316]",,,,,,,,0.41700309623543974,67.401,74ab309fcc94,,legacy,ok,auto RF 2h search RF_2H_20260710_082641
RF_20260710_100650,2026-07-10T10:08:38,random_forest,Random Forest,"{""n_estimators"": 130, ""max_depth"": 6, ""min_samples_leaf"": 30, ""max_features"": 0.35}",0.5468692310061538,0.02207018974959056,"[0.5752622590875823, 0.5366311971507856, 0.5715270749691382, 0.5255183603349955, 0.5254072634882678]",,,,,,,,0.41550133001584966,107.331,74ab309fcc94,,legacy,ok,auto RF 2h search RF_2H_20260710_082641
RF_20260710_100840,2026-07-10T10:09:37,random_forest,Random Forest,"{""n_estimators"": 130, ""max_depth"": 6, ""min_samples_leaf"": 30, ""max_features"": ""sqrt""}",0.5468655783711354,0.020194025646560865,"[0.5697156830705777, 0.5380174830941779, 0.5724530831099196, 0.5273807162277273, 0.5267609263532746]",,,,,,,,0.4224133832894929,57.954,74ab309fcc94,,legacy,ok,auto RF 2h search RF_2H_20260710_082641
RF_20260710_100938,2026-07-10T10:10:41,random_forest,Random Forest,"{""n_estimators"": 130, ""max_depth"": 6, ""min_samples_leaf"": 40, ""max_features"": 0.25}",0.5451042141389708,0.021672910399369902,"[0.5719313390218799, 0.5357072075047896, 0.5700853727945362, 0.5209693803511827, 0.5268277710224657]",,,,,,,,0.42048504398604686,62.479,74ab309fcc94,,legacy,ok,auto RF 2h search RF_2H_20260710_082641
RF_20260710_101042,2026-07-10T10:12:02,random_forest,Random Forest,"{""n_estimators"": 130, ""max_depth"": 6, ""min_samples_leaf"": 40, ""max_features"": 0.35}",0.5465617642676568,0.022199062019481932,"[0.574853768592279, 0.5356169801371067, 0.5717258042865453, 0.5234442222626189, 0.5271680460597337]",,,,,,,,0.41567428230018555,79.61,74ab309fcc94,,legacy,ok,auto RF 2h search RF_2H_20260710_082641
RF_20260710_101203,2026-07-10T10:12:57,random_forest,Random Forest,"{""n_estimators"": 130, ""max_depth"": 6, ""min_samples_leaf"": 40, ""max_features"": ""sqrt""}",0.545179379071613,0.021995326406471782,"[0.569732804262542, 0.5367621067515023, 0.5728510012696857, 0.5201154675338912, 0.5264355155404434]",,,,,,,,0.42553696059347706,54.16,74ab309fcc94,,legacy,ok,auto RF 2h search RF_2H_20260710_082641
RF_20260710_101258,2026-07-10T10:14:06,random_forest,Random Forest,"{""n_estimators"": 130, ""max_depth"": 7, ""min_samples_leaf"": 15, ""max_features"": 0.25}",0.5450680634368678,0.02156724122740637,"[0.5714711376476925, 0.5350901556476431, 0.5705160608427922, 0.5225876222779334, 0.5256753407682776]",,,,,,,,0.4227329664056185,67.287,74ab309fcc94,,legacy,ok,auto RF 2h search RF_2H_20260710_082641
RF_20260710_101407,2026-07-10T10:15:27,random_forest,Random Forest,"{""n_estimators"": 130, ""max_depth"": 7, ""min_samples_leaf"": 15, ""max_features"": 0.3}",0.5434178998818084,0.020845773388749256,"[0.5649070685844716, 0.5314641465490214, 0.5722444574358052, 0.5234419772957286, 0.5250318495440155]",,,,,,,,0.42309821769239686,79.669,74ab309fcc94,,legacy,ok,auto RF 2h search RF_2H_20260710_082641
RF_20260710_101528,2026-07-10T10:16:56,random_forest,Random Forest,"{""n_estimators"": 130, ""max_depth"": 7, ""min_samples_leaf"": 15, ""max_features"": 0.35}",0.5420465395736414,0.01904027963659435,"[0.565384661770204, 0.529861932938856, 0.5651067069543908, 0.5260508431915429, 0.5238285530132131]",,,,,,,,0.4258479390681778,88.753,74ab309fcc94,,legacy,ok,auto RF 2h search RF_2H_20260710_082641
RF_20260710_101658,2026-07-10T10:17:58,random_forest,Random Forest,"{""n_estimators"": 130, ""max_depth"": 7, ""min_samples_leaf"": 15, ""max_features"": ""sqrt""}",0.5451451844086235,0.019283709399237715,"[0.5675042957803328, 0.5351874325031453, 0.5694004485652847, 0.5266608443896779, 0.5269729008046765]",,,,,,,,0.42339034236765266,60.211,74ab309fcc94,,legacy,ok,auto RF 2h search RF_2H_20260710_082641
RF_20260710_101759,2026-07-10T10:19:13,random_forest,Random Forest,"{""n_estimators"": 130, ""max_depth"": 7, ""min_samples_leaf"": 20, ""max_features"": 0.25}",0.5454861495161715,0.02107506607312621,"[0.5700181504988497, 0.5359651166661119, 0.5714840448616917, 0.5225766287032629, 0.5273868068509412]",,,,,,,,0.42112047524864965,74.192,74ab309fcc94,,legacy,ok,auto RF 2h search RF_2H_20260710_082641
RF_20260710_101915,2026-07-10T10:20:37,random_forest,Random Forest,"{""n_estimators"": 130, ""max_depth"": 7, ""min_samples_leaf"": 20, ""max_features"": 0.3}",0.5442144010287889,0.020309516351034198,"[0.5658260630870401, 0.5348419699454763, 0.5712789453311778, 0.5234238877027657, 0.5257011390774847]",,,,,,,,0.4225165584012493,81.83,74ab309fcc94,,legacy,ok,auto RF 2h search RF_2H_20260710_082641
RF_20260710_102037,2026-07-10T10:22:18,random_forest,Random Forest,"{""n_estimators"": 130, ""max_depth"": 7, ""min_samples_leaf"": 20, ""max_features"": 0.35}",0.5443287762167103,0.018928940968352237,"[0.5669494872132403, 0.5365124711570157, 0.5670300720930506, 0.5257262107510374, 0.5254256398692073]",,,,,,,,0.4203280623622703,100.422,74ab309fcc94,,legacy,ok,auto RF 2h search RF_2H_20260710_082641
RF_20260710_102219,2026-07-10T10:23:25,random_forest,Random Forest,"{""n_estimators"": 130, ""max_depth"": 7, ""min_samples_leaf"": 20, ""max_features"": ""sqrt""}",0.5454970808837624,0.021576988276978886,"[0.5697091727656302, 0.5351751796357155, 0.5731780066407789, 0.5231700028055281, 0.5262530425711589]",,,,,,,,0.42316969994699605,66.058,74ab309fcc94,,legacy,ok,auto RF 2h search RF_2H_20260710_082641
RF_20260710_102327,2026-07-10T10:24:43,random_forest,Random Forest,"{""n_estimators"": 130, ""max_depth"": 7, ""min_samples_leaf"": 25, ""max_features"": 0.25}",0.5437592083493089,0.019448775475504824,"[0.5657219715996334, 0.5340909090909091, 0.5687014894063352, 0.5250175838568067, 0.5252640877928606]",,,,,,,,0.4252593477807573,76.133,74ab309fcc94,,legacy,ok,auto RF 2h search RF_2H_20260710_082641
RF_20260710_102444,2026-07-10T10:26:19,random_forest,Random Forest,"{""n_estimators"": 130, ""max_depth"": 7, ""min_samples_leaf"": 25, ""max_features"": 0.35}",0.5430562751998167,0.01933426560744355,"[0.5659204723374248, 0.5303152789005658, 0.567366027778105, 0.5255344916483806, 0.5261451053346071]",,,,,,,,0.4230901226218367,94.53,74ab309fcc94,,legacy,ok,auto RF 2h search RF_2H_20260710_082641
RF_20260710_102620,2026-07-10T10:27:26,random_forest,Random Forest,"{""n_estimators"": 130, ""max_depth"": 7, ""min_samples_leaf"": 25, ""max_features"": ""sqrt""}",0.5447901579085224,0.019289119559267317,"[0.5648556855969611, 0.5360335381407626, 0.5708880353150261, 0.5256906110425922, 0.5264829194472699]",,,,,,,,0.42542811036536027,65.706,74ab309fcc94,,legacy,ok,auto RF 2h search RF_2H_20260710_082641
LR_20260710_105123,2026-07-10T10:51:26,logistic_regression,Logistic Regression,"{""C"": 6.6e-05, ""solver"": ""liblinear""}",0.5489865340060607,0.021508526716628052,"[0.5722550467749877, 0.5408214585079631, 0.5752350134147091, 0.5372832643779806, 0.5193378869546625]",,,,,,,,0.33234649723886545,3.432,74ab309fcc94,,legacy,ok,10m LR local refine around best C
LR_20260710_105127,2026-07-10T10:51:29,logistic_regression,Logistic Regression,"{""C"": 6.6e-05, ""solver"": ""lbfgs""}",0.5489688964536478,0.021535206287299297,"[0.5722550467749877, 0.5408226355776788, 0.5752409040172857, 0.5372776081692809, 0.5192482877290057]",,,,,,,,0.33488121389820863,1.453,74ab309fcc94,,legacy,ok,10m LR local refine around best C
LR_20260710_105130,2026-07-10T10:51:33,logistic_regression,Logistic Regression,"{""C"": 6.613333333333333e-05, ""solver"": ""liblinear""}",0.5489868822051078,0.021508046744034406,"[0.5722550467749877, 0.5408214585079631, 0.5752350134147091, 0.5372832643779806, 0.5193396279498982]",,,,,,,,0.3323129093081766,3.524,74ab309fcc94,,legacy,ok,10m LR local refine around best C
LR_20260710_105134,2026-07-10T10:51:35,logistic_regression,Logistic Regression,"{""C"": 6.613333333333333e-05, ""solver"": ""lbfgs""}",0.5489710591037553,0.02153222185445455,"[0.5722550467749877, 0.5408226355776788, 0.5752409040172857, 0.5372776081692809, 0.5192591009795432]",,,,,,,,0.33484063033409456,1.453,74ab309fcc94,,legacy,ok,10m LR local refine around best C
LR_20260710_105136,2026-07-10T10:51:40,logistic_regression,Logistic Regression,"{""C"": 6.586666666666666e-05, ""solver"": ""liblinear""}",0.5489947075071198,0.021512428979018162,"[0.5722550467749877, 0.5408214585079631, 0.5752641926763332, 0.5372832643779806, 0.5193495751983346]",,,,,,,,0.33233925612350285,3.528,74ab309fcc94,,legacy,ok,10m LR local refine around best C
LR_20260710_105141,2026-07-10T10:51:42,logistic_regression,Logistic Regression,"{""C"": 6.586666666666666e-05, ""solver"": ""lbfgs""}",0.5489842673523679,0.021514948754671227,"[0.5722550467749877, 0.5408226355776788, 0.5752409040172857, 0.5372832643779806, 0.5193194860139073]",,,,,,,,0.33494130674774825,1.509,74ab309fcc94,,legacy,ok,10m LR local refine around best C
LR_20260710_105143,2026-07-10T10:51:47,logistic_regression,Logistic Regression,"{""C"": 6.626666666666666e-05, ""solver"": ""liblinear""}",0.5489922130770031,0.021500300853358464,"[0.5722550467749877, 0.5408169681218955, 0.5752409040172857, 0.5372678654145787, 0.5193802810562675]",,,,,,,,0.33499451883492914,3.706,74ab309fcc94,,legacy,ok,10m LR local refine around best C
LR_20260710_105148,2026-07-10T10:51:49,logistic_regression,Logistic Regression,"{""C"": 6.626666666666666e-05, ""solver"": ""lbfgs""}",0.5489718183203807,0.021530938537323747,"[0.5722550467749877, 0.5408214585079631, 0.5752409040172857, 0.5372776081692809, 0.5192640741323857]",,,,,,,,0.33206436319025173,1.48,74ab309fcc94,,legacy,ok,10m LR local refine around best C
LR_20260710_105150,2026-07-10T10:51:54,logistic_regression,Logistic Regression,"{""C"": 6.573333333333334e-05, ""solver"": ""liblinear""}",0.5489865715755353,0.02150753137529928,"[0.5722550467749877, 0.5408214585079631, 0.5752350134147091, 0.5372776081692809, 0.5193437310107353]",,,,,,,,0.33238583583361214,3.595,74ab309fcc94,,legacy,ok,10m LR local refine around best C
LR_20260710_105155,2026-07-10T10:51:56,logistic_regression,Logistic Regression,"{""C"": 6.573333333333334e-05, ""solver"": ""lbfgs""}",0.5489713844560826,0.021529907622820536,"[0.5722550467749877, 0.5408214585079631, 0.5752409040172857, 0.5372678654145787, 0.5192716475655978]",,,,,,,,0.3322487467872378,1.462,74ab309fcc94,,legacy,ok,10m LR local refine around best C
LR_20260710_105157,2026-07-10T10:52:01,logistic_regression,Logistic Regression,"{""C"": 6.64e-05, ""solver"": ""liblinear""}",0.5489832262285144,0.021513814330224038,"[0.5722550467749877, 0.5408226355776788, 0.5752409040172857, 0.5372678654145787, 0.5193296793580409]",,,,,,,,0.33497914795743444,3.584,74ab309fcc94,,legacy,ok,10m LR local refine around best C
LR_20260710_105202,2026-07-10T10:52:03,logistic_regression,Logistic Regression,"{""C"": 6.64e-05, ""solver"": ""lbfgs""}",0.5489673199960066,0.021537146175323842,"[0.5722550467749877, 0.5408214585079631, 0.5752409040172857, 0.5372776081692809, 0.5192415825105149]",,,,,,,,0.33201938361107597,1.493,74ab309fcc94,,legacy,ok,10m LR local refine around best C
LR_20260710_105204,2026-07-10T10:52:08,logistic_regression,Logistic Regression,"{""C"": 6.56e-05, ""solver"": ""liblinear""}",0.5489840599579593,0.021510993330181288,"[0.5722550467749877, 0.5408214585079631, 0.5752350134147091, 0.5372776081692809, 0.5193311729228554]",,,,,,,,0.33242660308057675,3.586,74ab309fcc94,,legacy,ok,10m LR local refine around best C
LR_20260710_105209,2026-07-10T10:52:11,logistic_regression,Logistic Regression,"{""C"": 6.56e-05, ""solver"": ""lbfgs""}",0.5489747051152734,0.021522265143062973,"[0.5722550467749877, 0.5408214585079631, 0.5752350134147091, 0.5372678654145787, 0.5192941414641279]",,,,,,,,0.3322891909514421,1.924,74ab309fcc94,,legacy,ok,10m LR local refine around best C
LR_20260710_105212,2026-07-10T10:52:17,logistic_regression,Logistic Regression,"{""C"": 6.653333333333333e-05, ""solver"": ""liblinear""}",0.5489900147656462,0.021504459606422416,"[0.5722550467749877, 0.5408226355776788, 0.5752409040172857, 0.5372678654145787, 0.5193636220437003]",,,,,,,,0.3349282946334286,4.224,74ab309fcc94,,legacy,ok,10m LR local refine around best C
LR_20260710_105218,2026-07-10T10:52:20,logistic_regression,Logistic Regression,"{""C"": 6.653333333333333e-05, ""solver"": ""lbfgs""}",0.5489700884334177,0.021531695521490913,"[0.5722550467749877, 0.5408214585079631, 0.5752409040172857, 0.5372678654145787, 0.519265167452273]",,,,,,,,0.3320363306480159,1.93,74ab309fcc94,,legacy,ok,10m LR local refine around best C
LR_20260710_105221,2026-07-10T10:52:26,logistic_regression,Logistic Regression,"{""C"": 6.546666666666667e-05, ""solver"": ""liblinear""}",0.5489864027013466,0.021510652493822776,"[0.5722609168401941, 0.5408214585079631, 0.5752350134147091, 0.5372776081692809, 0.5193370165745856]",,,,,,,,0.332472179286906,4.282,74ab309fcc94,,legacy,ok,10m LR local refine around best C
LR_20260710_105227,2026-07-10T10:52:29,logistic_regression,Logistic Regression,"{""C"": 6.546666666666667e-05, ""solver"": ""lbfgs""}",0.5489710275197037,0.02152733743884538,"[0.5722550467749877, 0.5408214585079631, 0.5752350134147091, 0.5372678654145787, 0.5192757534862799]",,,,,,,,0.332318034230687,1.921,74ab309fcc94,,legacy,ok,10m LR local refine around best C
LR_20260710_105230,2026-07-10T10:52:35,logistic_regression,Logistic Regression,"{""C"": 6.666666666666667e-05, ""solver"": ""liblinear""}",0.5489843160340846,0.02151488163250385,"[0.5722550467749877, 0.5408226355776788, 0.5752409040172857, 0.5372832643779806, 0.5193197294224904]",,,,,,,,0.33490493900613255,4.194,74ab309fcc94,,legacy,ok,10m LR local refine around best C
LR_20260710_105236,2026-07-10T10:52:38,logistic_regression,Logistic Regression,"{""C"": 6.666666666666667e-05, ""solver"": ""lbfgs""}",0.5489724251237503,0.021528472111770957,"[0.5722550467749877, 0.5408214585079631, 0.5752409040172857, 0.5372678654145787, 0.5192768509039364]",,,,,,,,0.3319927348407977,1.919,74ab309fcc94,,legacy,ok,10m LR local refine around best C
LR_20260710_105239,2026-07-10T10:52:44,logistic_regression,Logistic Regression,"{""C"": 6.533333333333333e-05, ""solver"": ""liblinear""}",0.5489864027013466,0.021510652493822776,"[0.5722609168401941, 0.5408214585079631, 0.5752350134147091, 0.5372776081692809, 0.5193370165745856]",,,,,,,,0.33251721999170136,4.232,74ab309fcc94,,legacy,ok,10m LR local refine around best C
LR_20260710_105245,2026-07-10T10:52:47,logistic_regression,Logistic Regression,"{""C"": 6.533333333333333e-05, ""solver"": ""lbfgs""}",0.548979353382957,0.02152131660101934,"[0.5722609168401941, 0.5408214585079631, 0.5752350134147091, 0.5372832643779806, 0.5192961137739374]",,,,,,,,0.33237268274884035,1.938,74ab309fcc94,,legacy,ok,10m LR local refine around best C
LR_20260710_105249,2026-07-10T10:52:53,logistic_regression,Logistic Regression,"{""C"": 6.68e-05, ""solver"": ""liblinear""}",0.5489831470269502,0.021516493519013358,"[0.5722550467749877, 0.5408226355776788, 0.5752409040172857, 0.5372832643779806, 0.5193138843868179]",,,,,,,,0.3348645358450721,4.358,74ab309fcc94,,legacy,ok,10m LR local refine around best C
LR_20260710_105254,2026-07-10T10:52:56,logistic_regression,Logistic Regression,"{""C"": 6.68e-05, ""solver"": ""lbfgs""}",0.5489699150588301,0.021531934708875444,"[0.5722550467749877, 0.5408214585079631, 0.5752409040172857, 0.5372678654145787, 0.5192643005793351]",,,,,,,,0.3319527169322111,1.979,74ab309fcc94,,legacy,ok,10m LR local refine around best C
LR_20260710_105258,2026-07-10T10:53:02,logistic_regression,Logistic Regression,"{""C"": 6.52e-05, ""solver"": ""liblinear""}",0.5489760999117924,0.021523230681554283,"[0.5722609168401941, 0.5408214585079631, 0.5752350134147091, 0.5372678654145787, 0.5192952453815171]",,,,,,,,0.33259901143926285,4.423,74ab309fcc94,,legacy,ok,10m LR local refine around best C
LR_20260710_105303,2026-07-10T10:53:05,logistic_regression,Logistic Regression,"{""C"": 6.52e-05, ""solver"": ""lbfgs""}",0.5489827226925346,0.021515725525398963,"[0.5722609168401941, 0.5408214585079631, 0.5752350134147091, 0.5372776081692809, 0.519318616530525]",,,,,,,,0.3324053241003483,1.933,74ab309fcc94,,legacy,ok,10m LR local refine around best C
LR_20260710_105307,2026-07-10T10:53:11,logistic_regression,Logistic Regression,"{""C"": 6.693333333333332e-05, ""solver"": ""liblinear""}",0.5489835964399523,0.021514694198800914,"[0.5722550467749877, 0.5408214585079631, 0.5752409040172857, 0.5372776081692809, 0.5193229647302438]",,,,,,,,0.3320607366267936,4.199,74ab309fcc94,,legacy,ok,10m LR local refine around best C
LR_20260710_105312,2026-07-10T10:53:14,logistic_regression,Logistic Regression,"{""C"": 6.693333333333332e-05, ""solver"": ""lbfgs""}",0.5489769192242869,0.021537445546195088,"[0.5722550467749877, 0.5408214585079631, 0.5752700834570682, 0.5372678654145787, 0.519270141966837]",,,,,,,,0.3318903724234342,1.863,74ab309fcc94,,legacy,ok,10m LR local refine around best C
LR_20260710_105315,2026-07-10T10:53:19,logistic_regression,Logistic Regression,"{""C"": 6.506666666666667e-05, ""solver"": ""liblinear""}",0.5489778111445951,0.021522582598399797,"[0.5722609168401941, 0.5408300146719766, 0.5752350134147091, 0.5372678654145787, 0.5192952453815171]",,,,,,,,0.3354884749421879,4.128,74ab309fcc94,,legacy,ok,10m LR local refine around best C
LR_20260710_105321,2026-07-10T10:53:23,logistic_regression,Logistic Regression,"{""C"": 6.506666666666667e-05, ""solver"": ""lbfgs""}",0.5489830705015415,0.021515246000954218,"[0.5722609168401941, 0.5408214585079631, 0.5752350134147091, 0.5372776081692809, 0.5193203555755598]",,,,,,,,0.33244227942428145,1.937,74ab309fcc94,,legacy,ok,10m LR local refine around best C
LR_20260710_105324,2026-07-10T10:53:28,logistic_regression,Logistic Regression,"{""C"": 6.706666666666667e-05, ""solver"": ""liblinear""}",0.5489814325926701,0.02151767755478004,"[0.5722550467749877, 0.5408214585079631, 0.5752409040172857, 0.5372776081692809, 0.5193121454938328]",,,,,,,,0.332017753405411,3.758,74ab309fcc94,,legacy,ok,10m LR local refine around best C
LR_20260710_105329,2026-07-10T10:53:31,logistic_regression,Logistic Regression,"{""C"": 6.706666666666667e-05, ""solver"": ""lbfgs""}",0.5489705384793634,0.021540121341828554,"[0.5722550467749877, 0.5408214585079631, 0.5752583020162405, 0.5372678654145787, 0.5192500196830467]",,,,,,,,0.3318299547995161,1.534,74ab309fcc94,,legacy,ok,10m LR local refine around best C
LR_20260710_105332,2026-07-10T10:53:35,logistic_regression,Logistic Regression,"{""C"": 6.493333333333333e-05, ""solver"": ""liblinear""}",0.5489828331834036,0.02151565775415751,"[0.5722609168401941, 0.5408300146719766, 0.5752350134147091, 0.5372678654145787, 0.5193203555755598]",,,,,,,,0.33553809020151115,3.609,74ab309fcc94,,legacy,ok,10m LR local refine around best C
LR_20260710_105336,2026-07-10T10:53:38,logistic_regression,Logistic Regression,"{""C"": 6.493333333333333e-05, ""solver"": ""lbfgs""}",0.5489835840053262,0.021512912737123427,"[0.5722609168401941, 0.5408214585079631, 0.5752350134147091, 0.5372678654145787, 0.5193326658491861]",,,,,,,,0.33250932199697214,1.507,74ab309fcc94,,legacy,ok,10m LR local refine around best C
LR_20260710_105339,2026-07-10T10:53:42,logistic_regression,Logistic Regression,"{""C"": 6.72e-05, ""solver"": ""liblinear""}",0.5489826014906398,0.021516065906151845,"[0.5722550467749877, 0.5408214585079631, 0.5752409040172857, 0.5372776081692809, 0.5193179899836813]",,,,,,,,0.33197277927877034,3.616,74ab309fcc94,,legacy,ok,10m LR local refine around best C
LR_20260710_105343,2026-07-10T10:53:45,logistic_regression,Logistic Regression,"{""C"": 6.72e-05, ""solver"": ""lbfgs""}",0.5489705384793634,0.021540121341828554,"[0.5722550467749877, 0.5408214585079631, 0.5752583020162405, 0.5372678654145787, 0.5192500196830467]",,,,,,,,0.33177998191900254,1.512,74ab309fcc94,,legacy,ok,10m LR local refine around best C
LR_20260710_105346,2026-07-10T10:53:49,logistic_regression,Logistic Regression,"{""C"": 6.48e-05, ""solver"": ""liblinear""}",0.5489788059452112,0.021521210681419208,"[0.5722609168401941, 0.5408300146719766, 0.5752350134147091, 0.5372678654145787, 0.519300219384598]",,,,,,,,0.3355685314036225,3.656,74ab309fcc94,,legacy,ok,10m LR local refine around best C
LR_20260710_105350,2026-07-10T10:53:52,logistic_regression,Logistic Regression,"{""C"": 6.48e-05, ""solver"": ""lbfgs""}",0.5489867412602549,0.021508561627713255,"[0.5722609168401941, 0.5408214585079631, 0.5752350134147091, 0.5372678654145787, 0.5193484521238301]",,,,,,,,0.33253327595408544,1.511,74ab309fcc94,,legacy,ok,10m LR local refine around best C
LR_20260710_105353,2026-07-10T10:53:57,logistic_regression,Logistic Regression,"{""C"": 6.733333333333333e-05, ""solver"": ""liblinear""}",0.5489911777115694,0.021506813274373274,"[0.5722550467749877, 0.5408214585079631, 0.5752409040172857, 0.5372930067058984, 0.5193454725517117]",,,,,,,,0.33192662565645603,3.722,74ab309fcc94,,legacy,ok,10m LR local refine around best C
LR_20260710_105358,2026-07-10T10:53:59,logistic_regression,Logistic Regression,"{""C"": 6.733333333333333e-05, ""solver"": ""lbfgs""}",0.5489393193215748,0.021583244081825877,"[0.5722550467749877, 0.5408214585079631, 0.5752583020162405, 0.5372678654145787, 0.5190939238941038]",,,,,,,,0.33170180806255617,1.588,74ab309fcc94,,legacy,ok,10m LR local refine around best C
LR_20260710_105400,2026-07-10T10:54:04,logistic_regression,Logistic Regression,"{""C"": 6.466666666666666e-05, ""solver"": ""liblinear""}",0.5489803219944809,0.021519120102566736,"[0.5722609168401941, 0.5408300146719766, 0.5752350134147091, 0.5372678654145787, 0.5193077996309465]",,,,,,,,0.3356132713780516,3.59,74ab309fcc94,,legacy,ok,10m LR local refine around best C
LR_20260710_105405,2026-07-10T10:54:06,logistic_regression,Logistic Regression,"{""C"": 6.466666666666666e-05, ""solver"": ""lbfgs""}",0.5489879097139412,0.021506951592866273,"[0.5722609168401941, 0.5408214585079631, 0.5752350134147091, 0.5372678654145787, 0.5193542943922606]",,,,,,,,0.3325830242639158,1.515,74ab309fcc94,,legacy,ok,10m LR local refine around best C
LR_20260710_105407,2026-07-10T10:54:11,logistic_regression,Logistic Regression,"{""C"": 6.746666666666666e-05, ""solver"": ""liblinear""}",0.5489861494533054,0.021509550464906227,"[0.5722550467749877, 0.5408214585079631, 0.5752409040172857, 0.5372678654145787, 0.5193454725517117]",,,,,,,,0.3319233860982365,3.606,74ab309fcc94,,legacy,ok,10m LR local refine around best C
LR_20260710_105412,2026-07-10T10:54:14,logistic_regression,Logistic Regression,"{""C"": 6.746666666666666e-05, ""solver"": ""lbfgs""}",0.5489358832820134,0.02157601817528694,"[0.5722550467749877, 0.5408214585079631, 0.575235286286317, 0.5372678654145787, 0.5190997594262203]",,,,,,,,0.3318604491543485,1.774,74ab309fcc94,,legacy,ok,10m LR local refine around best C
LR_20260710_105415,2026-07-10T10:54:21,logistic_regression,Logistic Regression,"{""C"": 6.453333333333333e-05, ""solver"": ""liblinear""}",0.5489801482069054,0.021519359738173854,"[0.5722609168401941, 0.5408300146719766, 0.5752350134147091, 0.5372678654145787, 0.5193069306930693]",,,,,,,,0.33569666272167986,5.856,74ab309fcc94,,legacy,ok,10m LR local refine around best C
LR_20260710_105423,2026-07-10T10:54:26,logistic_regression,Logistic Regression,"{""C"": 6.453333333333333e-05, ""solver"": ""lbfgs""}",0.5489877355451033,0.021507191575003793,"[0.5722609168401941, 0.5408214585079631, 0.5752350134147091, 0.5372678654145787, 0.5193534235480715]",,,,,,,,0.3326176377456278,2.87,74ab309fcc94,,legacy,ok,10m LR local refine around best C
LR_20260710_105427,2026-07-10T10:54:33,logistic_regression,Logistic Regression,"{""C"": 6.76e-05, ""solver"": ""liblinear""}",0.5489849805329428,0.021511161331955932,"[0.5722550467749877, 0.5408214585079631, 0.5752409040172857, 0.5372678654145787, 0.5193396279498982]",,,,,,,,0.33188294037688376,6.061,74ab309fcc94,,legacy,ok,10m LR local refine around best C
LR_20260710_105435,2026-07-10T10:54:37,logistic_regression,Logistic Regression,"{""C"": 6.76e-05, ""solver"": ""lbfgs""}",0.5489682714824768,0.021531281419400947,"[0.5722550467749877, 0.5408214585079631, 0.575235286286317, 0.5372678654145787, 0.5192617004285377]",,,,,,,,0.3318425711602982,2.109,74ab309fcc94,,legacy,ok,10m LR local refine around best C
LR_20260710_105439,2026-07-10T10:54:43,logistic_regression,Logistic Regression,"{""C"": 6.44e-05, ""solver"": ""liblinear""}",0.5489813167775031,0.0215177484534076,"[0.5722609168401941, 0.5408300146719766, 0.5752350134147091, 0.5372678654145787, 0.519312773546057]",,,,,,,,0.3357375396427141,4.681,74ab309fcc94,,legacy,ok,10m LR local refine around best C
LR_20260710_105445,2026-07-10T10:54:47,logistic_regression,Logistic Regression,"{""C"": 6.44e-05, ""solver"": ""lbfgs""}",0.548984578452651,0.021511542153883675,"[0.5722609168401941, 0.5408214585079631, 0.5752350134147091, 0.5372678654145787, 0.51933763808581]",,,,,,,,0.3326584177938926,1.997,74ab309fcc94,,legacy,ok,10m LR local refine around best C
LR_20260710_105448,2026-07-10T10:54:53,logistic_regression,Logistic Regression,"{""C"": 6.773333333333333e-05, ""solver"": ""liblinear""}",0.5489851546559786,0.021510921367833703,"[0.5722550467749877, 0.5408214585079631, 0.5752409040172857, 0.5372678654145787, 0.5193404985650779]",,,,,,,,0.33184304522705343,4.413,74ab309fcc94,,legacy,ok,10m LR local refine around best C
LR_20260710_105454,2026-07-10T10:54:56,logistic_regression,Logistic Regression,"{""C"": 6.773333333333333e-05, ""solver"": ""lbfgs""}",0.548930036832358,0.021581038833857306,"[0.5722550467749877, 0.5408214585079631, 0.5752293953793216, 0.5372678654145787, 0.519076418084939]",,,,,,,,0.3317637854249086,1.891,74ab309fcc94,,legacy,ok,10m LR local refine around best C
LR_20260710_105457,2026-07-10T10:55:02,logistic_regression,Logistic Regression,"{""C"": 6.426666666666667e-05, ""solver"": ""liblinear""}",0.5489749314200777,0.02152484211552079,"[0.5722609168401941, 0.5408214585079631, 0.5752350134147091, 0.5372678654145787, 0.5192894029229437]",,,,,,,,0.33291348725182757,4.469,74ab309fcc94,,legacy,ok,10m LR local refine around best C
LR_20260710_105503,2026-07-10T10:55:06,logistic_regression,Logistic Regression,"{""C"": 6.426666666666667e-05, ""solver"": ""lbfgs""}",0.548971854721779,0.02152908573981798,"[0.5722609168401941, 0.5408214585079631, 0.5752350134147091, 0.5372678654145787, 0.5192740194314501]",,,,,,,,0.3327084307305797,2.149,74ab309fcc94,,legacy,ok,10m LR local refine around best C
LR_20260710_105507,2026-07-10T10:55:12,logistic_regression,Logistic Regression,"{""C"": 6.413333333333334e-05, ""solver"": ""liblinear""}",0.5489856229070542,0.021510102753056263,"[0.5722609168401941, 0.5408214585079631, 0.5752350134147091, 0.5372678654145787, 0.5193428603578261]",,,,,,,,0.33296262531657295,4.517,74ab309fcc94,,legacy,ok,10m LR local refine around best C
LR_20260710_105513,2026-07-10T10:55:15,logistic_regression,Logistic Regression,"{""C"": 6.413333333333334e-05, ""solver"": ""lbfgs""}",0.5489677791558251,0.021530185671149515,"[0.5722609168401941, 0.5408214585079631, 0.5752263138491787, 0.5372678654145787, 0.5192623411672102]",,,,,,,,0.33275590135476185,1.999,74ab309fcc94,,legacy,ok,10m LR local refine around best C
LR_20260710_105517,2026-07-10T10:55:21,logistic_regression,Logistic Regression,"{""C"": 6.786666666666667e-05, ""solver"": ""liblinear""}",0.5489852033845125,0.021515375745420066,"[0.5722550467749877, 0.5408214585079631, 0.5752496031949209, 0.5372678654145787, 0.519332043030112]",,,,,,,,0.3317844399936132,4.196,74ab309fcc94,,legacy,ok,10m LR local refine around best C
LR_20260710_105522,2026-07-10T10:55:24,logistic_regression,Logistic Regression,"{""C"": 6.786666666666667e-05, ""solver"": ""lbfgs""}",0.5489358048024853,0.02157904999287925,"[0.5722550467749877, 0.5408214585079631, 0.5752409040172857, 0.5372678654145787, 0.5190937492976108]",,,,,,,,0.3315876851997606,2.038,74ab309fcc94,,legacy,ok,10m LR local refine around best C
LR_20260710_105526,2026-07-10T10:55:31,logistic_regression,Logistic Regression,"{""C"": 6.8e-05, ""solver"": ""liblinear""}",0.5489554235032968,0.021553398444625595,"[0.5722550467749877, 0.5408214585079631, 0.5752437126239043, 0.5372678654145787, 0.5191890341950501]",,,,,,,,0.3317010922703919,4.914,74ab309fcc94,,legacy,ok,10m LR local refine around best C
LR_20260710_105532,2026-07-10T10:55:34,logistic_regression,Logistic Regression,"{""C"": 6.8e-05, ""solver"": ""lbfgs""}",0.5489277635526796,0.021586783125456723,"[0.5722550467749877, 0.5408214585079631, 0.5752293953793216, 0.5372832643779806, 0.5190496527231451]",,,,,,,,0.3316582659033144,2.098,74ab309fcc94,,legacy,ok,10m LR local refine around best C
LR_20260710_105536,2026-07-10T10:55:40,logistic_regression,Logistic Regression,"{""C"": 6.4e-05, ""solver"": ""liblinear""}",0.5489805414257074,0.02150952418164153,"[0.5722609168401941, 0.5408214585079631, 0.5752204233356886, 0.5372678654145787, 0.519332043030112]",,,,,,,,0.3330017836837337,4.481,74ab309fcc94,,legacy,ok,10m LR local refine around best C
LR_20260710_105542,2026-07-10T10:55:44,logistic_regression,Logistic Regression,"{""C"": 6.4e-05, ""solver"": ""lbfgs""}",0.5489798161217414,0.021516646701644205,"[0.5722609168401941, 0.5408214585079631, 0.575232204483313, 0.5372678654145787, 0.5193166353626579]",,,,,,,,0.3328119759777475,2.183,74ab309fcc94,,legacy,ok,10m LR local refine around best C
LR_20260710_105545,2026-07-10T10:55:49,logistic_regression,Logistic Regression,"{""C"": 6.813333333333333e-05, ""solver"": ""liblinear""}",0.5489548512967534,0.021549664002794608,"[0.5722550467749877, 0.5408214585079631, 0.5752350134147091, 0.5372678654145787, 0.5191948723715282]",,,,,,,,0.3316830474490624,4.145,74ab309fcc94,,legacy,ok,10m LR local refine around best C
LR_20260710_105551,2026-07-10T10:55:53,logistic_regression,Logistic Regression,"{""C"": 6.813333333333333e-05, ""solver"": ""lbfgs""}",0.5489370659050001,0.021579901255697944,"[0.5722550467749877, 0.5408214585079631, 0.5752409040172857, 0.5372832643779806, 0.5190846558467832]",,,,,,,,0.33150797615184224,2.017,74ab309fcc94,,legacy,ok,10m LR local refine around best C
LR_20260710_105554,2026-07-10T10:55:58,logistic_regression,Logistic Regression,"{""C"": 6.386666666666667e-05, ""solver"": ""liblinear""}",0.5489654780909887,0.021530298387326223,"[0.5722609168401941, 0.5408214585079631, 0.5752204233356886, 0.5372678654145787, 0.5192567263565194]",,,,,,,,0.3330202568919541,4.307,74ab309fcc94,,legacy,ok,10m LR local refine around best C
LR_20260710_105600,2026-07-10T10:56:02,logistic_regression,Logistic Regression,"{""C"": 6.386666666666667e-05, ""solver"": ""lbfgs""}",0.5489738022000611,0.021524939350533324,"[0.5722609168401941, 0.5408214585079631, 0.575232204483313, 0.5372678654145787, 0.5192865657542566]",,,,,,,,0.332847413871085,2.077,74ab309fcc94,,legacy,ok,10m LR local refine around best C
LR_20260710_105603,2026-07-10T10:56:08,logistic_regression,Logistic Regression,"{""C"": 6.826666666666667e-05, ""solver"": ""liblinear""}",0.5489319152389491,0.021585029814140108,"[0.5722550467749877, 0.5408396386577519, 0.5752350134147091, 0.5372678654145787, 0.5190620119327184]",,,,,,,,0.3344511667696815,4.801,74ab309fcc94,,legacy,ok,10m LR local refine around best C
LR_20260710_105609,2026-07-10T10:56:11,logistic_regression,Logistic Regression,"{""C"": 6.826666666666667e-05, ""solver"": ""lbfgs""}",0.5489372362985101,0.021581233213547043,"[0.5722550467749877, 0.5408339708456033, 0.5752409040172857, 0.5372776081692809, 0.5190786516853932]",,,,,,,,0.3342923576164279,2.063,74ab309fcc94,,legacy,ok,10m LR local refine around best C
LR_20260710_105613,2026-07-10T10:56:17,logistic_regression,Logistic Regression,"{""C"": 6.373333333333333e-05, ""solver"": ""liblinear""}",0.5489621469474422,0.021534895431986924,"[0.5722609168401941, 0.5408214585079631, 0.5752204233356886, 0.5372678654145787, 0.5192400706387861]",,,,,,,,0.3330592861396337,4.293,74ab309fcc94,,legacy,ok,10m LR local refine around best C
LR_20260710_105619,2026-07-10T10:56:21,logistic_regression,Logistic Regression,"{""C"": 6.373333333333333e-05, ""solver"": ""lbfgs""}",0.5489662754220455,0.021535323056108106,"[0.5722609168401941, 0.5408214585079631, 0.575232204483313, 0.5372678654145787, 0.5192489318641781]",,,,,,,,0.3328750301105421,2.275,74ab309fcc94,,legacy,ok,10m LR local refine around best C
LR_20260710_105622,2026-07-10T10:56:27,logistic_regression,Logistic Regression,"{""C"": 6.84e-05, ""solver"": ""liblinear""}",0.5489342481805626,0.0215818016941811,"[0.5722550467749877, 0.5408396386577519, 0.5752350134147091, 0.5372678654145787, 0.5190736766407856]",,,,,,,,0.33441639266273615,4.607,74ab309fcc94,,legacy,ok,10m LR local refine around best C
LR_20260710_105628,2026-07-10T10:56:30,logistic_regression,Logistic Regression,"{""C"": 6.84e-05, ""solver"": ""lbfgs""}",0.5489385627781029,0.021576332361021633,"[0.5722550467749877, 0.5408339708456033, 0.5752350134147091, 0.5372776081692809, 0.5190911746859339]",,,,,,,,0.3342584207464436,1.939,74ab309fcc94,,legacy,ok,10m LR local refine around best C
LR_20260710_105632,2026-07-10T10:56:36,logistic_regression,Logistic Regression,"{""C"": 6.36e-05, ""solver"": ""liblinear""}",0.5489586427515231,0.02153973245751171,"[0.5722609168401941, 0.5408214585079631, 0.5752204233356886, 0.5372678654145787, 0.5192225496591906]",,,,,,,,0.33309732254909663,4.399,74ab309fcc94,,legacy,ok,10m LR local refine around best C
LR_20260710_105638,2026-07-10T10:56:40,logistic_regression,Logistic Regression,"{""C"": 6.36e-05, ""solver"": ""lbfgs""}",0.5489627620703221,0.021537109025199775,"[0.5722609168401941, 0.5408214585079631, 0.5752263138491787, 0.5372678654145787, 0.5192372557396955]",,,,,,,,0.33297205186956996,2.292,74ab309fcc94,,legacy,ok,10m LR local refine around best C
LR_20260710_105642,2026-07-10T10:56:48,logistic_regression,Logistic Regression,"{""C"": 6.853333333333334e-05, ""solver"": ""liblinear""}",0.5489550502334988,0.02156063087348619,"[0.5722550467749877, 0.5408396386577519, 0.5752496031949209, 0.5372678654145787, 0.5191630971252543]",,,,,,,,0.33441492734048206,5.917,74ab309fcc94,,legacy,ok,10m LR local refine around best C
LR_20260710_105649,2026-07-10T10:56:52,logistic_regression,Logistic Regression,"{""C"": 6.853333333333334e-05, ""solver"": ""lbfgs""}",0.548941890850074,0.021571729043961346,"[0.5722550467749877, 0.5408339708456033, 0.5752350134147091, 0.5372776081692809, 0.5191078150457891]",,,,,,,,0.3342219072873451,2.23,74ab309fcc94,,legacy,ok,10m LR local refine around best C
LR_20260710_105653,2026-07-10T10:56:57,logistic_regression,Logistic Regression,"{""C"": 6.346666666666666e-05, ""solver"": ""liblinear""}",0.5489711782783117,0.021527209592970394,"[0.5722609168401941, 0.5408300146719766, 0.5752263138491787, 0.5372678654145787, 0.5192707806156303]",,,,,,,,0.3360066098105701,4.047,74ab309fcc94,,legacy,ok,10m LR local refine around best C
LR_20260710_105659,2026-07-10T10:57:01,logistic_regression,Logistic Regression,"{""C"": 6.346666666666666e-05, ""solver"": ""lbfgs""}",0.5489695324731956,0.02152018265091791,"[0.5722609168401941, 0.5408214585079631, 0.575211723382249, 0.5372678654145787, 0.5192856982209927]",,,,,,,,0.3330223078171393,2.54,74ab309fcc94,,legacy,ok,10m LR local refine around best C
LR_20260710_105703,2026-07-10T10:57:07,logistic_regression,Logistic Regression,"{""C"": 6.866666666666666e-05, ""solver"": ""liblinear""}",0.5489563900178203,0.021558779679273353,"[0.5722550467749877, 0.5408396386577519, 0.5752496031949209, 0.5372678654145787, 0.519169796046862]",,,,,,,,0.33438250047364454,4.693,74ab309fcc94,,legacy,ok,10m LR local refine around best C
LR_20260710_105709,2026-07-10T10:57:11,logistic_regression,Logistic Regression,"{""C"": 6.866666666666666e-05, ""solver"": ""lbfgs""}",0.548943057463138,0.02157011566368766,"[0.5722550467749877, 0.5408339708456033, 0.5752350134147091, 0.5372776081692809, 0.5191136481111086]",,,,,,,,0.33418473592923237,1.948,74ab309fcc94,,legacy,ok,10m LR local refine around best C
LR_20260710_105713,2026-07-10T10:57:17,logistic_regression,Logistic Regression,"{""C"": 6.333333333333333e-05, ""solver"": ""liblinear""}",0.5489688829121241,0.021528747625639385,"[0.5722609168401941, 0.5408300146719766, 0.5752263138491787, 0.5372581222495947, 0.5192690469496767]",,,,,,,,0.33607688691895315,4.593,74ab309fcc94,,legacy,ok,10m LR local refine around best C
LR_20260710_105719,2026-07-10T10:57:21,logistic_regression,Logistic Regression,"{""C"": 6.333333333333333e-05, ""solver"": ""lbfgs""}",0.5489575088570596,0.02153677444872444,"[0.5722609168401941, 0.5408214585079631, 0.575211723382249, 0.5372678654145787, 0.5192255801403131]",,,,,,,,0.3330498915561259,2.172,74ab309fcc94,,legacy,ok,10m LR local refine around best C
LR_20260710_105722,2026-07-10T10:57:28,logistic_regression,Logistic Regression,"{""C"": 6.879999999999999e-05, ""solver"": ""liblinear""}",0.5489306810809473,0.021594332320896328,"[0.5722550467749877, 0.5408396386577519, 0.5752496031949209, 0.5372678654145787, 0.5190412513624973]",,,,,,,,0.3343133059080334,5.392,74ab309fcc94,,legacy,ok,10m LR local refine around best C
LR_20260710_105730,2026-07-10T10:57:32,logistic_regression,Logistic Regression,"{""C"": 6.879999999999999e-05, ""solver"": ""lbfgs""}",0.5489452188472536,0.021567126902025783,"[0.5722550467749877, 0.5408339708456033, 0.5752350134147091, 0.5372776081692809, 0.5191244550316868]",,,,,,,,0.3341466618990905,2.248,74ab309fcc94,,legacy,ok,10m LR local refine around best C
LR_20260710_105733,2026-07-10T10:57:38,logistic_regression,Logistic Regression,"{""C"": 6.32e-05, ""solver"": ""liblinear""}",0.5489702242194447,0.021526897321957443,"[0.5722609168401941, 0.5408300146719766, 0.5752263138491787, 0.5372581222495947, 0.5192757534862799]",,,,,,,,0.336121018192746,4.598,74ab309fcc94,,legacy,ok,10m LR local refine around best C
LR_20260710_105739,2026-07-10T10:57:41,logistic_regression,Logistic Regression,"{""C"": 6.32e-05, ""solver"": ""lbfgs""}",0.5489563626162882,0.021544482708019116,"[0.5722609168401941, 0.5408214585079631, 0.575223504592981, 0.5372678654145787, 0.5192080677257243]",,,,,,,,0.33308656289384103,2.042,74ab309fcc94,,legacy,ok,10m LR local refine around best C
LR_20260710_105743,2026-07-10T10:57:47,logistic_regression,Logistic Regression,"{""C"": 6.893333333333333e-05, ""solver"": ""liblinear""}",0.5489482077691197,0.0215670227974216,"[0.5722550467749877, 0.5408396386577519, 0.5752437126239043, 0.5372678654145787, 0.519134775374376]",,,,,,,,0.33430778324054844,4.688,74ab309fcc94,,legacy,ok,10m LR local refine around best C
LR_20260710_105749,2026-07-10T10:57:51,logistic_regression,Logistic Regression,"{""C"": 6.893333333333333e-05, ""solver"": ""lbfgs""}",0.5489467983413119,0.02157253496208181,"[0.5722550467749877, 0.5408339708456033, 0.5752496031949209, 0.5372776081692809, 0.5191177627217671]",,,,,,,,0.3341081589712739,2.19,74ab309fcc94,,legacy,ok,10m LR local refine around best C
LR_20260710_105753,2026-07-10T10:57:57,logistic_regression,Logistic Regression,"{""C"": 6.306666666666666e-05, ""solver"": ""liblinear""}",0.5489710049039177,0.021527448793500967,"[0.5722609168401941, 0.5408300146719766, 0.5752263138491787, 0.5372678654145787, 0.51926991374366]",,,,,,,,0.33609275628404855,4.387,74ab309fcc94,,legacy,ok,10m LR local refine around best C
LR_20260710_105759,2026-07-10T10:58:01,logistic_regression,Logistic Regression,"{""C"": 6.306666666666666e-05, ""solver"": ""lbfgs""}",0.5489580631840072,0.02154078843688112,"[0.5722609168401941, 0.5408300146719766, 0.5752176139272913, 0.5372678654145787, 0.5192139050659951]",,,,,,,,0.3359912157055217,2.037,74ab309fcc94,,legacy,ok,10m LR local refine around best C
LR_20260710_105802,2026-07-10T10:58:07,logistic_regression,Logistic Regression,"{""C"": 6.906666666666666e-05, ""solver"": ""liblinear""}",0.5489324115924926,0.021591471014405204,"[0.5722550467749877, 0.5408396386577519, 0.5752437126239043, 0.5372832643779806, 0.5190403955278386]",,,,,,,,0.33424030429940654,4.922,74ab309fcc94,,legacy,ok,10m LR local refine around best C
LR_20260710_105808,2026-07-10T10:58:10,logistic_regression,Logistic Regression,"{""C"": 6.906666666666666e-05, ""solver"": ""lbfgs""}",0.5489457920779596,0.021570860971663337,"[0.5722550467749877, 0.5408339708456033, 0.5752437126239043, 0.5372776081692809, 0.5191186219760217]",,,,,,,,0.3340749858021453,1.948,74ab309fcc94,,legacy,ok,10m LR local refine around best C
LR_20260710_105812,2026-07-10T10:58:16,logistic_regression,Logistic Regression,"{""C"": 6.293333333333334e-05, ""solver"": ""liblinear""}",0.548966897276127,0.021533116845968932,"[0.5722609168401941, 0.5408300146719766, 0.5752263138491787, 0.5372678654145787, 0.5192493756047072]",,,,,,,,0.3361586137125284,4.104,74ab309fcc94,,legacy,ok,10m LR local refine around best C
LR_20260710_105817,2026-07-10T10:58:19,logistic_regression,Logistic Regression,"{""C"": 6.293333333333334e-05, ""solver"": ""lbfgs""}",0.5489568957159531,0.02154240057754009,"[0.5722609168401941, 0.5408300146719766, 0.5752176139272913, 0.5372678654145787, 0.5192080677257243]",,,,,,,,0.33602829077253793,1.919,74ab309fcc94,,legacy,ok,10m LR local refine around best C
LR_20260710_105820,2026-07-10T10:58:25,logistic_regression,Logistic Regression,"{""C"": 6.92e-05, ""solver"": ""liblinear""}",0.5489279169579626,0.0215976945239072,"[0.5722550467749877, 0.5408396386577519, 0.5752437126239043, 0.5372832643779806, 0.5190179223551885]",,,,,,,,0.33420364629518307,4.33,74ab309fcc94,,legacy,ok,10m LR local refine around best C
LR_20260710_105827,2026-07-10T10:58:29,logistic_regression,Logistic Regression,"{""C"": 6.92e-05, ""solver"": ""lbfgs""}",0.5489326834512857,0.021588995272555287,"[0.5722550467749877, 0.5408339708456033, 0.5752437126239043, 0.5372776081692809, 0.519053078842652]",,,,,,,,0.33406558409269566,2.084,74ab309fcc94,,legacy,ok,10m LR local refine around best C
LR_20260710_105830,2026-07-10T10:58:35,logistic_regression,Logistic Regression,"{""C"": 6.28e-05, ""solver"": ""liblinear""}",0.5489635711669993,0.021540598428615196,"[0.5722667870258293, 0.5408300146719766, 0.5752263138491787, 0.5372678654145787, 0.5192268748734334]",,,,,,,,0.33620136386690935,4.245,74ab309fcc94,,legacy,ok,10m LR local refine around best C
LR_20260710_105836,2026-07-10T10:58:38,logistic_regression,Logistic Regression,"{""C"": 6.28e-05, ""solver"": ""lbfgs""}",0.5489475460655319,0.021552252495268234,"[0.5722609168401941, 0.5408300146719766, 0.575211723382249, 0.5372678654145787, 0.5191672100186613]",,,,,,,,0.33603077637371415,1.884,74ab309fcc94,,legacy,ok,10m LR local refine around best C
LR_20260710_105840,2026-07-10T10:58:44,logistic_regression,Logistic Regression,"{""C"": 6.933333333333333e-05, ""solver"": ""liblinear""}",0.5489314162697368,0.021592849023141455,"[0.5722550467749877, 0.5408396386577519, 0.5752437126239043, 0.5372832643779806, 0.5190354189140597]",,,,,,,,0.3341701896904556,4.285,74ab309fcc94,,legacy,ok,10m LR local refine around best C
LR_20260710_105845,2026-07-10T10:58:47,logistic_regression,Logistic Regression,"{""C"": 6.933333333333333e-05, ""solver"": ""lbfgs""}",0.5489326834512857,0.021588995272555287,"[0.5722550467749877, 0.5408339708456033, 0.5752437126239043, 0.5372776081692809, 0.519053078842652]",,,,,,,,0.3340289936211973,1.882,74ab309fcc94,,legacy,ok,10m LR local refine around best C
LR_20260710_105848,2026-07-10T10:58:53,logistic_regression,Logistic Regression,"{""C"": 6.266666666666667e-05, ""solver"": ""liblinear""}",0.5489651718015203,0.02153838888463423,"[0.5722667870258293, 0.5408300146719766, 0.5752263138491787, 0.5372678654145787, 0.5192348780460377]",,,,,,,,0.3362185782821231,4.195,74ab309fcc94,,legacy,ok,10m LR local refine around best C
LR_20260710_105854,2026-07-10T10:58:56,logistic_regression,Logistic Regression,"{""C"": 6.266666666666667e-05, ""solver"": ""lbfgs""}",0.5489663395924431,0.021536777002753048,"[0.5722667870258293, 0.5408300146719766, 0.5752263138491787, 0.5372678654145787, 0.5192407170006522]",,,,,,,,0.33608651043505894,2.001,74ab309fcc94,,legacy,ok,10m LR local refine around best C
LR_20260710_105858,2026-07-10T10:59:02,logistic_regression,Logistic Regression,"{""C"": 6.946666666666667e-05, ""solver"": ""liblinear""}",0.5489308662295852,0.021595215246453383,"[0.5722550467749877, 0.5408396386577519, 0.5752467947405071, 0.5372832643779806, 0.5190295865966986]",,,,,,,,0.334158211124913,4.919,74ab309fcc94,,legacy,ok,10m LR local refine around best C
LR_20260710_105904,2026-07-10T10:59:06,logistic_regression,Logistic Regression,"{""C"": 6.946666666666667e-05, ""solver"": ""lbfgs""}",0.5489475905997115,0.021575589834410252,"[0.5722696919652474, 0.5408339708456033, 0.5752437126239043, 0.5372776081692809, 0.5191129693945218]",,,,,,,,0.3339852427023941,2.048,74ab309fcc94,,legacy,ok,10m LR local refine around best C
LR_20260710_105908,2026-07-10T10:59:12,logistic_regression,Logistic Regression,"{""C"": 6.253333333333333e-05, ""solver"": ""liblinear""}",0.548970800048293,0.021530621532938013,"[0.5722667870258293, 0.5408300146719766, 0.5752263138491787, 0.5372678654145787, 0.5192630192799018]",,,,,,,,0.3363390756452312,4.193,74ab309fcc94,,legacy,ok,10m LR local refine around best C
LR_20260710_105913,2026-07-10T10:59:15,logistic_regression,Logistic Regression,"{""C"": 6.253333333333333e-05, ""solver"": ""lbfgs""}",0.5489628362984649,0.021541612937471595,"[0.5722667870258293, 0.5408300146719766, 0.5752263138491787, 0.5372678654145787, 0.5192232005307605]",,,,,,,,0.33604452119921757,1.915,74ab309fcc94,,legacy,ok,10m LR local refine around best C
LR_20260710_105916,2026-07-10T10:59:21,logistic_regression,Logistic Regression,"{""C"": 6.96e-05, ""solver"": ""liblinear""}",0.5489444206830336,0.021576456275946343,"[0.5722550467749877, 0.5408396386577519, 0.5752467947405071, 0.5372832643779806, 0.5190973588639405]",,,,,,,,0.3341623403552846,4.314,74ab309fcc94,,legacy,ok,10m LR local refine around best C
LR_20260710_105922,2026-07-10T10:59:24,logistic_regression,Logistic Regression,"{""C"": 6.96e-05, ""solver"": ""lbfgs""}",0.5489546602358853,0.02157340680138206,"[0.5722696919652474, 0.5408339708456033, 0.5752583020162405, 0.5372776081692809, 0.5191337281830545]",,,,,,,,0.33392758963435387,1.898,74ab309fcc94,,legacy,ok,10m LR local refine around best C
LR_20260710_105925,2026-07-10T10:59:30,logistic_regression,Logistic Regression,"{""C"": 6.24e-05, ""solver"": ""liblinear""}",0.5489723581326675,0.021526843649396943,"[0.5722667870258293, 0.5408300146719766, 0.5752263138491787, 0.5372581222495947, 0.5192805528667582]",,,,,,,,0.33645981309587936,4.469,74ab309fcc94,,legacy,ok,10m LR local refine around best C
LR_20260710_105931,2026-07-10T10:59:34,logistic_regression,Logistic Regression,"{""C"": 6.24e-05, ""solver"": ""lbfgs""}",0.5489541452861653,0.021553615129789795,"[0.5722667870258293, 0.5408300146719766, 0.5752263138491787, 0.5372678654145787, 0.5191797454692629]",,,,,,,,0.3360743610575025,2.113,74ab309fcc94,,legacy,ok,10m LR local refine around best C
LR_20260710_105934,2026-07-10T10:59:38,logistic_regression,Logistic Regression,"{""C"": 6.226666666666667e-05, ""solver"": ""liblinear""}",0.5489535771737835,0.02155276524140308,"[0.5722667870258293, 0.5408300146719766, 0.5752263138491787, 0.5372581222495947, 0.5191866480723379]",,,,,,,,0.33644928458168355,3.521,74ab309fcc94,,legacy,ok,10m LR local refine around best C
LR_20260710_105939,2026-07-10T10:59:41,logistic_regression,Logistic Regression,"{""C"": 6.226666666666667e-05, ""solver"": ""lbfgs""}",0.5489595828804487,0.021541581320839078,"[0.5722667870258293, 0.5408300146719766, 0.5752176139272913, 0.5372678654145787, 0.5192156333625672]",,,,,,,,0.33614378555218627,2.354,74ab309fcc94,,legacy,ok,10m LR local refine around best C
LR_20260710_105944,2026-07-10T10:59:49,logistic_regression,Logistic Regression,"{""C"": 6.973333333333334e-05, ""solver"": ""liblinear""}",0.5489449715838239,0.021574090123436005,"[0.5722550467749877, 0.5408396386577519, 0.5752437126239043, 0.5372832643779806, 0.5191031954844948]",,,,,,,,0.3341040310264568,5.691,74ab309fcc94,,legacy,ok,10m LR local refine around best C
LR_20260710_105951,2026-07-10T10:59:53,logistic_regression,Logistic Regression,"{""C"": 6.973333333333334e-05, ""solver"": ""lbfgs""}",0.5489504403677543,0.02156799378722399,"[0.5722696919652474, 0.5408157919552393, 0.5752437126239043, 0.5372776081692809, 0.5191453971250998]",,,,,,,,0.3308897943214527,1.895,74ab309fcc94,,legacy,ok,10m LR local refine around best C
LR_20260710_105954,2026-07-10T10:59:59,logistic_regression,Logistic Regression,"{""C"": 6.986666666666667e-05, ""solver"": ""liblinear""}",0.5489469263658293,0.02157138640896717,"[0.5722550467749877, 0.5408396386577519, 0.5752437126239043, 0.5372832643779806, 0.5191129693945218]",,,,,,,,0.3340452325353093,4.551,74ab309fcc94,,legacy,ok,10m LR local refine around best C
LR_20260710_110000,2026-07-10T11:00:02,logistic_regression,Logistic Regression,"{""C"": 6.986666666666667e-05, ""solver"": ""lbfgs""}",0.5489456741743408,0.0215745813417946,"[0.5722696919652474, 0.5408157919552393, 0.5752437126239043, 0.5372776081692809, 0.5191215661580326]",,,,,,,,0.3308811507867122,2.004,74ab309fcc94,,legacy,ok,10m LR local refine around best C
LR_20260710_110004,2026-07-10T11:00:08,logistic_regression,Logistic Regression,"{""C"": 6.213333333333333e-05, ""solver"": ""liblinear""}",0.5489714902843176,0.02152804070245686,"[0.5722667870258293, 0.5408300146719766, 0.5752263138491787, 0.5372581222495947, 0.5192762136250084]",,,,,,,,0.33651749268479997,4.486,74ab309fcc94,,legacy,ok,10m LR local refine around best C
LR_20260710_110010,2026-07-10T11:00:12,logistic_regression,Logistic Regression,"{""C"": 6.213333333333333e-05, ""solver"": ""lbfgs""}",0.5489578202127307,0.02154853920148024,"[0.5722667870258293, 0.5408300146719766, 0.5752263138491787, 0.5372678654145787, 0.5191981201020901]",,,,,,,,0.33615254106542225,2.127,74ab309fcc94,,legacy,ok,10m LR local refine around best C
LR_20260710_110013,2026-07-10T11:00:18,logistic_regression,Logistic Regression,"{""C"": 7e-05, ""solver"": ""liblinear""}",0.5489480933051782,0.02156977255826568,"[0.5722550467749877, 0.5408396386577519, 0.5752437126239043, 0.5372832643779806, 0.5191188040912668]",,,,,,,,0.3340089173889337,4.612,74ab309fcc94,,legacy,ok,10m LR local refine around best C
LR_20260710_110019,2026-07-10T11:00:21,logistic_regression,Logistic Regression,"{""C"": 7e-05, ""solver"": ""lbfgs""}",0.5489361636815671,0.02158773276189859,"[0.5722696919652474, 0.5408157919552393, 0.5752437126239043, 0.5372776081692809, 0.5190740136941637]",,,,,,,,0.33083600566061255,2.006,74ab309fcc94,,legacy,ok,10m LR local refine around best C
LR_20260710_110023,2026-07-10T11:00:27,logistic_regression,Logistic Regression,"{""C"": 6.2e-05, ""solver"": ""liblinear""}",0.5489693264213973,0.021531025712492005,"[0.5722667870258293, 0.5408300146719766, 0.5752263138491787, 0.5372581222495947, 0.519265394310407]",,,,,,,,0.33655423963148934,4.242,74ab309fcc94,,legacy,ok,10m LR local refine around best C
LR_20260710_110028,2026-07-10T11:00:31,logistic_regression,Logistic Regression,"{""C"": 6.2e-05, ""solver"": ""lbfgs""}",0.5489519829842988,0.02155660238409323,"[0.5722667870258293, 0.5408300146719766, 0.5752263138491787, 0.5372678654145787, 0.5191689339599307]",,,,,,,,0.33618705601622106,2.07,74ab309fcc94,,legacy,ok,10m LR local refine around best C
LR_20260710_110032,2026-07-10T11:00:36,logistic_regression,Logistic Regression,"{""C"": 7.013333333333333e-05, ""solver"": ""liblinear""}",0.5489457594527118,0.02157300035514728,"[0.5722550467749877, 0.5408396386577519, 0.5752437126239043, 0.5372832643779806, 0.5191071348289349]",,,,,,,,0.33397102323172445,4.578,74ab309fcc94,,legacy,ok,10m LR local refine around best C
LR_20260710_110038,2026-07-10T11:00:40,logistic_regression,Logistic Regression,"{""C"": 7.013333333333333e-05, ""solver"": ""lbfgs""}",0.5489373309006844,0.021586118222229046,"[0.5722696919652474, 0.5408157919552393, 0.5752437126239043, 0.5372776081692809, 0.5190798497897506]",,,,,,,,0.3307968846946377,2.13,74ab309fcc94,,legacy,ok,10m LR local refine around best C
LR_20260710_110042,2026-07-10T11:00:46,logistic_regression,Logistic Regression,"{""C"": 6.186666666666666e-05, ""solver"": ""liblinear""}",0.548971275054394,0.02152996613427228,"[0.5722667870258293, 0.5408300146719766, 0.5752263138491787, 0.5372678654145787, 0.519265394310407]",,,,,,,,0.3365273949883998,4.162,74ab309fcc94,,legacy,ok,10m LR local refine around best C
LR_20260710_110048,2026-07-10T11:00:50,logistic_regression,Logistic Regression,"{""C"": 6.186666666666666e-05, ""solver"": ""lbfgs""}",0.5489516381960449,0.021557078756462955,"[0.5722667870258293, 0.5408300146719766, 0.5752263138491787, 0.5372678654145787, 0.5191672100186613]",,,,,,,,0.3362181803073974,2.061,74ab309fcc94,,legacy,ok,10m LR local refine around best C
LR_20260710_110051,2026-07-10T11:00:56,logistic_regression,Logistic Regression,"{""C"": 7.026666666666666e-05, ""solver"": ""liblinear""}",0.5489408166231327,0.021578695582497948,"[0.5722550467749877, 0.5408339708456033, 0.5752437126239043, 0.5372832643779806, 0.5190880884931877]",,,,,,,,0.3339147782936415,4.589,74ab309fcc94,,legacy,ok,10m LR local refine around best C
LR_20260710_110057,2026-07-10T11:00:59,logistic_regression,Logistic Regression,"{""C"": 7.026666666666666e-05, ""solver"": ""lbfgs""}",0.5489428918901436,0.021586019337901097,"[0.5722696919652474, 0.5408157919552393, 0.5752583020162405, 0.5372776081692809, 0.5190930653447093]",,,,,,,,0.33075117964600625,2.141,74ab309fcc94,,legacy,ok,10m LR local refine around best C
LR_20260710_110101,2026-07-10T11:01:05,logistic_regression,Logistic Regression,"{""C"": 6.173333333333333e-05, ""solver"": ""liblinear""}",0.5489692844454807,0.021532712861480927,"[0.5722667870258293, 0.5408300146719766, 0.5752263138491787, 0.5372678654145787, 0.5192554412658399]",,,,,,,,0.33656846665001017,4.111,74ab309fcc94,,legacy,ok,10m LR local refine around best C
LR_20260710_110106,2026-07-10T11:01:09,logistic_regression,Logistic Regression,"{""C"": 6.173333333333333e-05, ""solver"": ""lbfgs""}",0.5489481365005515,0.02156191748327774,"[0.5722667870258293, 0.5408300146719766, 0.5752263138491787, 0.5372678654145787, 0.5191497015411941]",,,,,,,,0.3362552508299155,2.202,74ab309fcc94,,legacy,ok,10m LR local refine around best C
LR_20260710_110110,2026-07-10T11:01:15,logistic_regression,Logistic Regression,"{""C"": 6.16e-05, ""solver"": ""liblinear""}",0.548968289040211,0.021534086508846438,"[0.5722667870258293, 0.5408300146719766, 0.5752263138491787, 0.5372678654145787, 0.5192504642394913]",,,,,,,,0.33660730184456517,4.745,74ab309fcc94,,legacy,ok,10m LR local refine around best C
LR_20260710_110117,2026-07-10T11:01:19,logistic_regression,Logistic Regression,"{""C"": 6.16e-05, ""solver"": ""lbfgs""}",0.5489428950568561,0.021564636869215982,"[0.5722667870258293, 0.5408300146719766, 0.5752176139272913, 0.5372678654145787, 0.5191321942446043]",,,,,,,,0.33633654194340473,2.067,74ab309fcc94,,legacy,ok,10m LR local refine around best C
LR_20260710_110120,2026-07-10T11:01:24,logistic_regression,Logistic Regression,"{""C"": 7.04e-05, ""solver"": ""liblinear""}",0.5489466993780951,0.021584414166648778,"[0.5722696919652474, 0.5408339708456033, 0.5752583020162405, 0.5372776081692809, 0.5190939238941038]",,,,,,,,0.3338743553313551,4.255,74ab309fcc94,,legacy,ok,10m LR local refine around best C
RF_20260710_153741,2026-07-10T15:38:56,random_forest,Random Forest,"{""n_estimators"": 130, ""max_depth"": 7, ""min_samples_leaf"": 30, ""max_features"": 0.25}",0.5455705992446894,0.020292594789279767,"[0.5688640273373045, 0.535897776596687, 0.5711518300742969, 0.5259049828427819, 0.5260343793723766]",,,,,,,,0.4224867782731819,75.129,74ab309fcc94,,legacy,ok,auto RF 2h search RF_2H_20260710_153736
RF_20260710_153857,2026-07-10T15:40:27,random_forest,Random Forest,"{""n_estimators"": 130, ""max_depth"": 7, ""min_samples_leaf"": 30, ""max_features"": 0.3}",0.544595674852794,0.021337383121738843,"[0.5713260320915048, 0.5322099311149505, 0.569699634377748, 0.5251853992102475, 0.5245573774695196]",,,,,,,,0.4223784614519994,89.492,74ab309fcc94,,legacy,ok,auto RF 2h search RF_2H_20260710_153736
RF_20260710_154028,2026-07-10T15:42:01,random_forest,Random Forest,"{""n_estimators"": 130, ""max_depth"": 7, ""min_samples_leaf"": 30, ""max_features"": 0.35}",0.544125165357041,0.01996310163634453,"[0.5688967343336275, 0.5345987080789311, 0.5674157967536383, 0.52357513584639, 0.5261394517726184]",,,,,,,,0.42084716603054784,93.242,74ab309fcc94,,legacy,ok,auto RF 2h search RF_2H_20260710_153736
RF_20260710_154202,2026-07-10T15:43:13,random_forest,Random Forest,"{""n_estimators"": 130, ""max_depth"": 7, ""min_samples_leaf"": 30, ""max_features"": ""sqrt""}",0.5448086938447543,0.020279554573165114,"[0.5664302380924742, 0.5343640291655415, 0.5720150607875158, 0.5244136870434448, 0.526820454134795]",,,,,,,,0.42422156314862425,70.525,74ab309fcc94,,legacy,ok,auto RF 2h search RF_2H_20260710_153736
RF_20260710_154314,2026-07-10T15:44:40,random_forest,Random Forest,"{""n_estimators"": 130, ""max_depth"": 7, ""min_samples_leaf"": 40, ""max_features"": 0.25}",0.5458089263058239,0.02056051534473115,"[0.5699395598129775, 0.534227350693903, 0.5715676287492926, 0.5266721697831054, 0.5266379224898404]",,,,,,,,0.42027111676742823,86.056,74ab309fcc94,,legacy,ok,auto RF 2h search RF_2H_20260710_153736
RF_20260710_154442,2026-07-10T15:46:32,random_forest,Random Forest,"{""n_estimators"": 130, ""max_depth"": 7, ""min_samples_leaf"": 40, ""max_features"": 0.3}",0.5453442396367784,0.021063032714715872,"[0.5715661103979461, 0.5365231820829258, 0.569565167203426, 0.5244304411051867, 0.5246362973944069]",,,,,,,,0.4194549977419359,110.019,74ab309fcc94,,legacy,ok,auto RF 2h search RF_2H_20260710_153736
RF_20260710_154633,2026-07-10T15:48:10,random_forest,Random Forest,"{""n_estimators"": 130, ""max_depth"": 7, ""min_samples_leaf"": 40, ""max_features"": 0.35}",0.5428017277908217,0.018954024515225387,"[0.5659909177417217, 0.5345625172508971, 0.5650521744375415, 0.5228535755379832, 0.525549453985965]",,,,,,,,0.4244619479136017,96.637,74ab309fcc94,,legacy,ok,auto RF 2h search RF_2H_20260710_153736
RF_20260710_154811,2026-07-10T15:49:23,random_forest,Random Forest,"{""n_estimators"": 130, ""max_depth"": 7, ""min_samples_leaf"": 40, ""max_features"": ""sqrt""}",0.5445842336295108,0.021184340465747072,"[0.5692214237412463, 0.5356291095508748, 0.570518935693351, 0.5207667337291253, 0.5267849654329567]",,,,,,,,0.4249359743013919,71.972,74ab309fcc94,,legacy,ok,auto RF 2h search RF_2H_20260710_153736
RF_20260710_154925,2026-07-10T15:50:49,random_forest,Random Forest,"{""n_estimators"": 130, ""max_depth"": 8, ""min_samples_leaf"": 15, ""max_features"": 0.25}",0.5417255242801012,0.016589310176776444,"[0.5641785561202621, 0.5334169644157212, 0.5591634838144136, 0.5260889566838576, 0.5257796603662516]",,,,,,,,0.4287335075948805,83.49,74ab309fcc94,,legacy,ok,auto RF 2h search RF_2H_20260710_153736
RF_20260710_155050,2026-07-10T15:52:32,random_forest,Random Forest,"{""n_estimators"": 130, ""max_depth"": 8, ""min_samples_leaf"": 15, ""max_features"": 0.3}",0.5396671430546534,0.018744099025294128,"[0.5643421823150497, 0.5326304715217853, 0.5592579092246006, 0.5177714476351785, 0.5243337045766531]",,,,,,,,0.4303081285437579,102.552,74ab309fcc94,,legacy,ok,auto RF 2h search RF_2H_20260710_153736
RF_20260710_155234,2026-07-10T15:54:31,random_forest,Random Forest,"{""n_estimators"": 130, ""max_depth"": 8, ""min_samples_leaf"": 15, ""max_features"": 0.35}",0.5380147276635652,0.016568222590754748,"[0.5604314476269129, 0.5313334380398932, 0.5549461762154992, 0.5200774497272808, 0.5232851267082393]",,,,,,,,0.43149082639784514,117.488,74ab309fcc94,,legacy,ok,auto RF 2h search RF_2H_20260710_153736
RF_20260710_155433,2026-07-10T15:55:50,random_forest,Random Forest,"{""n_estimators"": 130, ""max_depth"": 8, ""min_samples_leaf"": 15, ""max_features"": ""sqrt""}",0.5426220063570162,0.018795725754753575,"[0.564816031145133, 0.5330495207847642, 0.5658353189094697, 0.5254992931965639, 0.52390986774915]",,,,,,,,0.42811487114005464,76.912,74ab309fcc94,,legacy,ok,auto RF 2h search RF_2H_20260710_153736
RF_20260710_155551,2026-07-10T15:57:23,random_forest,Random Forest,"{""n_estimators"": 130, ""max_depth"": 8, ""min_samples_leaf"": 20, ""max_features"": 0.25}",0.5419071827406953,0.019380141323520863,"[0.5653644286597413, 0.5329100861450108, 0.5650258941967959, 0.5213572059573727, 0.5248782987445555]",,,,,,,,0.4286388156115734,91.855,74ab309fcc94,,legacy,ok,auto RF 2h search RF_2H_20260710_153736
RF_20260710_155725,2026-07-10T15:59:07,random_forest,Random Forest,"{""n_estimators"": 130, ""max_depth"": 8, ""min_samples_leaf"": 20, ""max_features"": 0.3}",0.5397347363061972,0.019071974766170494,"[0.561912342669519, 0.5311872135810551, 0.5632990601457633, 0.5192928907541651, 0.5229821743804834]",,,,,,,,0.4320691317346383,101.81,74ab309fcc94,,legacy,ok,auto RF 2h search RF_2H_20260710_153736
RF_20260710_155908,2026-07-10T16:01:06,random_forest,Random Forest,"{""n_estimators"": 130, ""max_depth"": 8, ""min_samples_leaf"": 20, ""max_features"": 0.35}",0.5389270653641279,0.01988235667464995,"[0.5658974078530022, 0.5285160764054109, 0.559823321998168, 0.5190508783937942, 0.5213476421702643]",,,,,,,,0.4311769338770219,117.932,74ab309fcc94,,legacy,ok,auto RF 2h search RF_2H_20260710_153736
RF_20260710_160108,2026-07-10T16:02:22,random_forest,Random Forest,"{""n_estimators"": 130, ""max_depth"": 8, ""min_samples_leaf"": 20, ""max_features"": ""sqrt""}",0.5420648932137256,0.01857836306773195,"[0.5618566255978052, 0.5326654660063035, 0.5669918564265478, 0.5249696675564184, 0.5238408504815536]",,,,,,,,0.43082328056139935,73.962,74ab309fcc94,,legacy,ok,auto RF 2h search RF_2H_20260710_153736
RF_20260710_160223,2026-07-10T16:04:12,random_forest,Random Forest,"{""n_estimators"": 130, ""max_depth"": 8, ""min_samples_leaf"": 25, ""max_features"": 0.25}",0.543308760680639,0.020029467041604146,"[0.5641031875319118, 0.5299877740833419, 0.5711207146250188, 0.5257233950050723, 0.5256087321578505]",,,,,,,,0.4262004902474289,109.084,74ab309fcc94,,legacy,ok,auto RF 2h search RF_2H_20260710_153736
RF_20260710_160414,2026-07-10T16:06:20,random_forest,Random Forest,"{""n_estimators"": 130, ""max_depth"": 8, ""min_samples_leaf"": 25, ""max_features"": 0.35}",0.5380016904058962,0.01638541153181002,"[0.561871995826761, 0.5297170184621994, 0.553064622294498, 0.5207510006186791, 0.524603814827344]",,,,,,,,0.43064892438203745,126.093,74ab309fcc94,,legacy,ok,auto RF 2h search RF_2H_20260710_153736
RF_20260710_160622,2026-07-10T16:07:39,random_forest,Random Forest,"{""n_estimators"": 130, ""max_depth"": 8, ""min_samples_leaf"": 25, ""max_features"": ""sqrt""}",0.5427187786771871,0.01912291207168358,"[0.5673649680849804, 0.5303939234962706, 0.5646687697160884, 0.5257017512142796, 0.525464480874317]",,,,,,,,0.4293673255741776,76.981,74ab309fcc94,,legacy,ok,auto RF 2h search RF_2H_20260710_153736
RF_20260710_160740,2026-07-10T16:09:06,random_forest,Random Forest,"{""n_estimators"": 130, ""max_depth"": 8, ""min_samples_leaf"": 30, ""max_features"": 0.25}",0.542575657975222,0.019576232961556084,"[0.5672910854258004, 0.5340134912910696, 0.5647558896280108, 0.5217824991895464, 0.5250353243416828]",,,,,,,,0.42838280060313394,85.337,74ab309fcc94,,legacy,ok,auto RF 2h search RF_2H_20260710_153736
RF_20260710_160906,2026-07-10T16:10:38,random_forest,Random Forest,"{""n_estimators"": 130, ""max_depth"": 8, ""min_samples_leaf"": 30, ""max_features"": 0.3}",0.5387064269758364,0.0188977593743884,"[0.5621030609449329, 0.5300973288267411, 0.5603677170482441, 0.5165680931842248, 0.5243959348750389]",,,,,,,,0.43341426787265747,91.408,74ab309fcc94,,legacy,ok,auto RF 2h search RF_2H_20260710_153736
RF_20260710_161039,2026-07-10T16:12:22,random_forest,Random Forest,"{""n_estimators"": 130, ""max_depth"": 8, ""min_samples_leaf"": 30, ""max_features"": 0.35}",0.5375860287567255,0.01792456467323427,"[0.563755410054378, 0.531976090962204, 0.5528994328041231, 0.5171786502212646, 0.5221205597416577]",,,,,,,,0.43359616301919746,103.225,74ab309fcc94,,legacy,ok,auto RF 2h search RF_2H_20260710_153736
RF_20260710_161224,2026-07-10T16:13:27,random_forest,Random Forest,"{""n_estimators"": 130, ""max_depth"": 8, ""min_samples_leaf"": 30, ""max_features"": ""sqrt""}",0.5431172082865446,0.019741687812117718,"[0.5678195840149568, 0.5332974029036278, 0.5660627858979156, 0.5240429420379313, 0.5243633265782918]",,,,,,,,0.42732652510644853,63.431,74ab309fcc94,,legacy,ok,auto RF 2h search RF_2H_20260710_153736
RF_20260710_161328,2026-07-10T16:14:48,random_forest,Random Forest,"{""n_estimators"": 130, ""max_depth"": 8, ""min_samples_leaf"": 40, ""max_features"": 0.25}",0.5427380362513561,0.02026331184240183,"[0.5653811789138151, 0.5315793626638712, 0.5691512329470527, 0.5237274250149787, 0.5238509817170628]",,,,,,,,0.4271113387276201,79.289,74ab309fcc94,,legacy,ok,auto RF 2h search RF_2H_20260710_153736
RF_20260710_161449,2026-07-10T16:16:14,random_forest,Random Forest,"{""n_estimators"": 130, ""max_depth"": 8, ""min_samples_leaf"": 40, ""max_features"": 0.3}",0.5410267024028289,0.019070488033479466,"[0.5627959302253706, 0.5303206175691666, 0.5654931541735893, 0.5230224028548771, 0.5235014071911412]",,,,,,,,0.4294279185506181,84.908,74ab309fcc94,,legacy,ok,auto RF 2h search RF_2H_20260710_153736
RF_20260710_161615,2026-07-10T16:17:56,random_forest,Random Forest,"{""n_estimators"": 130, ""max_depth"": 8, ""min_samples_leaf"": 40, ""max_features"": 0.35}",0.5385948944146437,0.016839987129871132,"[0.564875443538062, 0.5293138357705287, 0.5519824357484179, 0.5237241839597573, 0.523078573056453]",,,,,,,,0.42984776144070747,100.856,74ab309fcc94,,legacy,ok,auto RF 2h search RF_2H_20260710_153736
RF_20260710_161757,2026-07-10T16:19:05,random_forest,Random Forest,"{""n_estimators"": 130, ""max_depth"": 8, ""min_samples_leaf"": 40, ""max_features"": ""sqrt""}",0.5424596601245995,0.02004928826060392,"[0.5665625411415509, 0.5289008615684726, 0.5673177703668414, 0.5252568800747287, 0.5242602474714032]",,,,,,,,0.4313075584821318,67.877,74ab309fcc94,,legacy,ok,auto RF 2h search RF_2H_20260710_153736
RF_20260710_161907,2026-07-10T16:19:52,random_forest,Random Forest,"{""n_estimators"": 130, ""max_depth"": 3, ""min_samples_leaf"": 18, ""max_features"": 0.33}",0.5488022448388746,0.020838926446872783,"[0.5728042609853529, 0.5394430691754406, 0.5740900429029202, 0.5347914469893794, 0.52288240414128]",,,,,,,,0.4264671516242922,45.026,74ab309fcc94,,legacy,ok,auto RF 2h search RF_2H_20260710_153736
RF_20260710_161953,2026-07-10T16:20:44,random_forest,Random Forest,"{""n_estimators"": 130, ""max_depth"": 3, ""min_samples_leaf"": 18, ""max_features"": 0.34}",0.5488022448388746,0.020838926446872783,"[0.5728042609853529, 0.5394430691754406, 0.5740900429029202, 0.5347914469893794, 0.52288240414128]",,,,,,,,0.4264671516242922,51.09,74ab309fcc94,,legacy,ok,auto RF 2h search RF_2H_20260710_153736
RF_20260710_162046,2026-07-10T16:21:45,random_forest,Random Forest,"{""n_estimators"": 130, ""max_depth"": 3, ""min_samples_leaf"": 18, ""max_features"": 0.36}",0.5485957215343925,0.021540003235454148,"[0.5746579290029245, 0.5364207187707606, 0.5742402012156781, 0.5339957758347104, 0.5236639828478891]",,,,,,,,0.42251323751350406,58.785,74ab309fcc94,,legacy,ok,auto RF 2h search RF_2H_20260710_153736
RF_20260710_162146,2026-07-10T16:22:41,random_forest,Random Forest,"{""n_estimators"": 130, ""max_depth"": 3, ""min_samples_leaf"": 18, ""max_features"": 0.37}",0.5485957215343925,0.021540003235454148,"[0.5746579290029245, 0.5364207187707606, 0.5742402012156781, 0.5339957758347104, 0.5236639828478891]",,,,,,,,0.42251323751350406,55.107,74ab309fcc94,,legacy,ok,auto RF 2h search RF_2H_20260710_153736
RF_20260710_162243,2026-07-10T16:23:30,random_forest,Random Forest,"{""n_estimators"": 130, ""max_depth"": 3, ""min_samples_leaf"": 22, ""max_features"": 0.33}",0.5488022448388746,0.020838926446872783,"[0.5728042609853529, 0.5394430691754406, 0.5740900429029202, 0.5347914469893794, 0.52288240414128]",,,,,,,,0.4264671516242922,46.7,74ab309fcc94,,legacy,ok,auto RF 2h search RF_2H_20260710_153736
RF_20260710_162331,2026-07-10T16:24:19,random_forest,Random Forest,"{""n_estimators"": 130, ""max_depth"": 3, ""min_samples_leaf"": 22, ""max_features"": 0.34}",0.5488022448388746,0.020838926446872783,"[0.5728042609853529, 0.5394430691754406, 0.5740900429029202, 0.5347914469893794, 0.52288240414128]",,,,,,,,0.4264671516242922,48.315,74ab309fcc94,,legacy,ok,auto RF 2h search RF_2H_20260710_153736
RF_20260710_162420,2026-07-10T16:25:09,random_forest,Random Forest,"{""n_estimators"": 130, ""max_depth"": 3, ""min_samples_leaf"": 22, ""max_features"": 0.36}",0.54860399295245,0.021545000069642127,"[0.5746851654215581, 0.5364348394424147, 0.5742402012156781, 0.5339957758347104, 0.5236639828478891]",,,,,,,,0.4224882593338511,49.489,74ab309fcc94,,legacy,ok,auto RF 2h search RF_2H_20260710_153736
RF_20260710_162511,2026-07-10T16:25:59,random_forest,Random Forest,"{""n_estimators"": 130, ""max_depth"": 3, ""min_samples_leaf"": 22, ""max_features"": 0.37}",0.54860399295245,0.021545000069642127,"[0.5746851654215581, 0.5364348394424147, 0.5742402012156781, 0.5339957758347104, 0.5236639828478891]",,,,,,,,0.4224882593338511,48.41,74ab309fcc94,,legacy,ok,auto RF 2h search RF_2H_20260710_153736
RF_20260710_162600,2026-07-10T16:26:46,random_forest,Random Forest,"{""n_estimators"": 130, ""max_depth"": 3, ""min_samples_leaf"": 25, ""max_features"": 0.33}",0.5488040650748813,0.020841023184557397,"[0.5728133621653866, 0.5394430691754406, 0.5740900429029202, 0.5347914469893794, 0.52288240414128]",,,,,,,,0.4264671516242922,46.042,74ab309fcc94,,legacy,ok,auto RF 2h search RF_2H_20260710_153736
RF_20260710_162647,2026-07-10T16:27:35,random_forest,Random Forest,"{""n_estimators"": 130, ""max_depth"": 3, ""min_samples_leaf"": 25, ""max_features"": 0.34}",0.5488040650748813,0.020841023184557397,"[0.5728133621653866, 0.5394430691754406, 0.5740900429029202, 0.5347914469893794, 0.52288240414128]",,,,,,,,0.4264671516242922,47.773,74ab309fcc94,,legacy,ok,auto RF 2h search RF_2H_20260710_153736
RF_20260710_162736,2026-07-10T16:28:35,random_forest,Random Forest,"{""n_estimators"": 130, ""max_depth"": 3, ""min_samples_leaf"": 25, ""max_features"": 0.36}",0.5486027663163087,0.02154351526102238,"[0.5746790322408513, 0.5364348394424147, 0.5742402012156781, 0.5339957758347104, 0.5236639828478891]",,,,,,,,0.4224882593338511,58.983,74ab309fcc94,,legacy,ok,auto RF 2h search RF_2H_20260710_153736
RF_20260710_162836,2026-07-10T16:29:30,random_forest,Random Forest,"{""n_estimators"": 130, ""max_depth"": 3, ""min_samples_leaf"": 25, ""max_features"": 0.37}",0.5486027663163087,0.02154351526102238,"[0.5746790322408513, 0.5364348394424147, 0.5742402012156781, 0.5339957758347104, 0.5236639828478891]",,,,,,,,0.4224882593338511,53.998,74ab309fcc94,,legacy,ok,auto RF 2h search RF_2H_20260710_153736
RF_20260710_162932,2026-07-10T16:30:22,random_forest,Random Forest,"{""n_estimators"": 130, ""max_depth"": 3, ""min_samples_leaf"": 28, ""max_features"": 0.33}",0.548802844739207,0.02083961742769349,"[0.572807260487015, 0.5394430691754406, 0.5740900429029202, 0.5347914469893794, 0.52288240414128]",,,,,,,,0.4264671516242922,50.448,74ab309fcc94,,legacy,ok,auto RF 2h search RF_2H_20260710_153736
RF_20260710_163023,2026-07-10T16:31:16,random_forest,Random Forest,"{""n_estimators"": 130, ""max_depth"": 3, ""min_samples_leaf"": 28, ""max_features"": 0.34}",0.548802844739207,0.02083961742769349,"[0.572807260487015, 0.5394430691754406, 0.5740900429029202, 0.5347914469893794, 0.52288240414128]",,,,,,,,0.4264671516242922,52.672,74ab309fcc94,,legacy,ok,auto RF 2h search RF_2H_20260710_153736
RF_20260710_163118,2026-07-10T16:32:12,random_forest,Random Forest,"{""n_estimators"": 130, ""max_depth"": 3, ""min_samples_leaf"": 28, ""max_features"": 0.36}",0.5486043823623273,0.02154695806298557,"[0.5746912987331775, 0.5364306531801817, 0.5742402012156781, 0.5339957758347104, 0.5236639828478891]",,,,,,,,0.4224930393201135,53.986,74ab309fcc94,,legacy,ok,auto RF 2h search RF_2H_20260710_153736
RF_20260710_163213,2026-07-10T16:33:04,random_forest,Random Forest,"{""n_estimators"": 130, ""max_depth"": 3, ""min_samples_leaf"": 28, ""max_features"": 0.37}",0.5486043823623273,0.02154695806298557,"[0.5746912987331775, 0.5364306531801817, 0.5742402012156781, 0.5339957758347104, 0.5236639828478891]",,,,,,,,0.4224930393201136,50.794,74ab309fcc94,,legacy,ok,auto RF 2h search RF_2H_20260710_153736
RF_20260710_163306,2026-07-10T16:33:53,random_forest,Random Forest,"{""n_estimators"": 130, ""max_depth"": 3, ""min_samples_leaf"": 32, ""max_features"": 0.33}",0.5488121829832571,0.02085037940971091,"[0.5728539517072652, 0.5394430691754406, 0.5740900429029202, 0.5347914469893794, 0.52288240414128]",,,,,,,,0.4264303954667154,47.19,74ab309fcc94,,legacy,ok,auto RF 2h search RF_2H_20260710_153736
RF_20260710_163354,2026-07-10T16:34:41,random_forest,Random Forest,"{""n_estimators"": 130, ""max_depth"": 3, ""min_samples_leaf"": 32, ""max_features"": 0.34}",0.5488121829832571,0.02085037940971091,"[0.5728539517072652, 0.5394430691754406, 0.5740900429029202, 0.5347914469893794, 0.52288240414128]",,,,,,,,0.4264303954667154,47.412,74ab309fcc94,,legacy,ok,auto RF 2h search RF_2H_20260710_153736
RF_20260710_163443,2026-07-10T16:35:34,random_forest,Random Forest,"{""n_estimators"": 130, ""max_depth"": 3, ""min_samples_leaf"": 32, ""max_features"": 0.36}",0.5486043823623273,0.02154695806298557,"[0.5746912987331775, 0.5364306531801817, 0.5742402012156781, 0.5339957758347104, 0.5236639828478891]",,,,,,,,0.4224930393201136,50.962,74ab309fcc94,,legacy,ok,auto RF 2h search RF_2H_20260710_153736
RF_20260710_163535,2026-07-10T16:36:26,random_forest,Random Forest,"{""n_estimators"": 130, ""max_depth"": 3, ""min_samples_leaf"": 32, ""max_features"": 0.37}",0.5486043823623273,0.02154695806298557,"[0.5746912987331775, 0.5364306531801817, 0.5742402012156781, 0.5339957758347104, 0.5236639828478891]",,,,,,,,0.4224930393201136,50.398,74ab309fcc94,,legacy,ok,auto RF 2h search RF_2H_20260710_153736
RF_20260710_163628,2026-07-10T16:37:27,random_forest,Random Forest,"{""n_estimators"": 130, ""max_depth"": 4, ""min_samples_leaf"": 18, ""max_features"": 0.33}",0.5481018739831641,0.01987879887340312,"[0.5715134664770677, 0.5384040143493481, 0.5719700704418225, 0.5346863428327999, 0.5239354758147824]",,,,,,,,0.41683930915956247,59.777,74ab309fcc94,,legacy,ok,auto RF 2h search RF_2H_20260710_153736
RF_20260710_163729,2026-07-10T16:38:28,random_forest,Random Forest,"{""n_estimators"": 130, ""max_depth"": 4, ""min_samples_leaf"": 18, ""max_features"": 0.34}",0.5481018739831641,0.01987879887340312,"[0.5715134664770677, 0.5384040143493481, 0.5719700704418225, 0.5346863428327999, 0.5239354758147824]",,,,,,,,0.41683930915956247,59.089,74ab309fcc94,,legacy,ok,auto RF 2h search RF_2H_20260710_153736
RF_20260710_163829,2026-07-10T16:39:31,random_forest,Random Forest,"{""n_estimators"": 130, ""max_depth"": 4, ""min_samples_leaf"": 18, ""max_features"": 0.36}",0.5489687378585318,0.02056478640528016,"[0.5744331534161025, 0.5400102480891584, 0.5723587573718019, 0.5336535269250349, 0.5243880034905617]",,,,,,,,0.4151453768893676,62.449,74ab309fcc94,,legacy,ok,auto RF 2h search RF_2H_20260710_153736
RF_20260710_163933,2026-07-10T16:40:35,random_forest,Random Forest,"{""n_estimators"": 130, ""max_depth"": 4, ""min_samples_leaf"": 18, ""max_features"": 0.37}",0.5489687378585318,0.02056478640528016,"[0.5744331534161025, 0.5400102480891584, 0.5723587573718019, 0.5336535269250349, 0.5243880034905617]",,,,,,,,0.4151453768893676,62.109,74ab309fcc94,,legacy,ok,auto RF 2h search RF_2H_20260710_153736
RF_20260710_164036,2026-07-10T16:41:28,random_forest,Random Forest,"{""n_estimators"": 130, ""max_depth"": 4, ""min_samples_leaf"": 22, ""max_features"": 0.33}",0.5480263568444306,0.01972820433962562,"[0.5714072780699699, 0.5385390373636374, 0.5715321650277427, 0.5346863428327999, 0.5239669609280025]",,,,,,,,0.41728702815374275,52.295,74ab309fcc94,,legacy,ok,auto RF 2h search RF_2H_20260710_153736
RF_20260710_164129,2026-07-10T16:42:25,random_forest,Random Forest,"{""n_estimators"": 130, ""max_depth"": 4, ""min_samples_leaf"": 22, ""max_features"": 0.34}",0.5480263568444306,0.01972820433962562,"[0.5714072780699699, 0.5385390373636374, 0.5715321650277427, 0.5346863428327999, 0.5239669609280025]",,,,,,,,0.41728702815374275,55.198,74ab309fcc94,,legacy,ok,auto RF 2h search RF_2H_20260710_153736
RF_20260710_164226,2026-07-10T16:43:27,random_forest,Random Forest,"{""n_estimators"": 130, ""max_depth"": 4, ""min_samples_leaf"": 22, ""max_features"": 0.36}",0.5490768825629067,0.020574718181125308,"[0.5745069001781383, 0.5403757819910264, 0.5724602002297718, 0.5336535269250349, 0.5243880034905617]",,,,,,,,0.41486680405298415,60.971,74ab309fcc94,,legacy,ok,auto RF 2h search RF_2H_20260710_153736
RF_20260710_164328,2026-07-10T16:44:25,random_forest,Random Forest,"{""n_estimators"": 130, ""max_depth"": 4, ""min_samples_leaf"": 22, ""max_features"": 0.37}",0.5490768825629067,0.020574718181125308,"[0.5745069001781383, 0.5403757819910264, 0.5724602002297718, 0.5336535269250349, 0.5243880034905617]",,,,,,,,0.41486680405298415,56.195,74ab309fcc94,,legacy,ok,auto RF 2h search RF_2H_20260710_153736
RF_20260710_164426,2026-07-10T16:45:21,random_forest,Random Forest,"{""n_estimators"": 130, ""max_depth"": 4, ""min_samples_leaf"": 25, ""max_features"": 0.33}",0.5480395479310455,0.019726696040880717,"[0.5714832291799515, 0.5386298165435682, 0.5714599534291112, 0.5346805024576734, 0.5239442380449232]",,,,,,,,0.4170242619066663,54.915,74ab309fcc94,,legacy,ok,auto RF 2h search RF_2H_20260710_153736
RF_20260710_164522,2026-07-10T16:46:20,random_forest,Random Forest,"{""n_estimators"": 130, ""max_depth"": 4, ""min_samples_leaf"": 25, ""max_features"": 0.34}",0.5480395479310455,0.019726696040880717,"[0.5714832291799515, 0.5386298165435682, 0.5714599534291112, 0.5346805024576734, 0.5239442380449232]",,,,,,,,0.4170242619066663,57.6,74ab309fcc94,,legacy,ok,auto RF 2h search RF_2H_20260710_153736
RF_20260710_164621,2026-07-10T16:47:18,random_forest,Random Forest,"{""n_estimators"": 130, ""max_depth"": 4, ""min_samples_leaf"": 25, ""max_features"": 0.36}",0.5491317453101531,0.020496171216434697,"[0.5743208390646493, 0.5404127531787106, 0.5725911422727322, 0.5337728710812186, 0.5245611209534546]",,,,,,,,0.4150633519209621,56.824,74ab309fcc94,,legacy,ok,auto RF 2h search RF_2H_20260710_153736
RF_20260710_164719,2026-07-10T16:48:47,random_forest,Random Forest,"{""n_estimators"": 130, ""max_depth"": 4, ""min_samples_leaf"": 25, ""max_features"": 0.37}",0.5491317453101531,0.020496171216434697,"[0.5743208390646493, 0.5404127531787106, 0.5725911422727322, 0.5337728710812186, 0.5245611209534546]",,,,,,,,0.4150633519209621,87.787,74ab309fcc94,,legacy,ok,auto RF 2h search RF_2H_20260710_153736
RF_20260710_164849,2026-07-10T16:51:33,random_forest,Random Forest,"{""n_estimators"": 130, ""max_depth"": 4, ""min_samples_leaf"": 28, ""max_features"": 0.33}",0.5479636875498305,0.019720751536546115,"[0.5713616423186677, 0.5384148193136957, 0.5714505393115266, 0.5346471987603396, 0.5239442380449232]",,,,,,,,0.41745745942671997,163.093,74ab309fcc94,,legacy,ok,auto RF 2h search RF_2H_20260710_153736
RF_20260710_165134,2026-07-10T16:52:30,random_forest,Random Forest,"{""n_estimators"": 130, ""max_depth"": 4, ""min_samples_leaf"": 28, ""max_features"": 0.34}",0.5479636875498305,0.019720751536546115,"[0.5713616423186677, 0.5384148193136957, 0.5714505393115266, 0.5346471987603396, 0.5239442380449232]",,,,,,,,0.41745745942671997,56.123,74ab309fcc94,,legacy,ok,auto RF 2h search RF_2H_20260710_153736
RF_20260710_165232,2026-07-10T16:53:35,random_forest,Random Forest,"{""n_estimators"": 130, ""max_depth"": 4, ""min_samples_leaf"": 28, ""max_features"": 0.36}",0.5490446772937474,0.020574084787966122,"[0.5743491626717114, 0.5398702296593528, 0.5726864546576794, 0.5337492533351033, 0.5245682861448902]",,,,,,,,0.41512483640220943,63.371,74ab309fcc94,,legacy,ok,auto RF 2h search RF_2H_20260710_153736
RF_20260710_165336,2026-07-10T16:54:36,random_forest,Random Forest,"{""n_estimators"": 130, ""max_depth"": 4, ""min_samples_leaf"": 28, ""max_features"": 0.37}",0.5490446772937474,0.020574084787966122,"[0.5743491626717114, 0.5398702296593528, 0.5726864546576794, 0.5337492533351033, 0.5245682861448902]",,,,,,,,0.41512483640220943,59.986,74ab309fcc94,,legacy,ok,auto RF 2h search RF_2H_20260710_153736
RF_20260710_165438,2026-07-10T16:55:32,random_forest,Random Forest,"{""n_estimators"": 130, ""max_depth"": 4, ""min_samples_leaf"": 32, ""max_features"": 0.33}",0.5480193635807341,0.019715528746806835,"[0.5714102919536798, 0.5385407520622636, 0.5714474016630235, 0.5348494924937038, 0.5238488797309996]",,,,,,,,0.41720447652577103,54.762,74ab309fcc94,,legacy,ok,auto RF 2h search RF_2H_20260710_153736
RF_20260710_165534,2026-07-10T16:56:29,random_forest,Random Forest,"{""n_estimators"": 130, ""max_depth"": 4, ""min_samples_leaf"": 32, ""max_features"": 0.34}",0.5480193635807341,0.019715528746806835,"[0.5714102919536798, 0.5385407520622636, 0.5714474016630235, 0.5348494924937038, 0.5238488797309996]",,,,,,,,0.4172044765257711,55.049,74ab309fcc94,,legacy,ok,auto RF 2h search RF_2H_20260710_153736
RF_20260710_165630,2026-07-10T16:57:30,random_forest,Random Forest,"{""n_estimators"": 130, ""max_depth"": 4, ""min_samples_leaf"": 32, ""max_features"": 0.36}",0.5490968153303744,0.020594628458499437,"[0.5743908204048305, 0.5399654237722238, 0.5727895467109504, 0.5337492533351033, 0.5245890324287638]",,,,,,,,0.4150357810512439,60.077,74ab309fcc94,,legacy,ok,auto RF 2h search RF_2H_20260710_153736
RF_20260710_165732,2026-07-10T16:58:27,random_forest,Random Forest,"{""n_estimators"": 130, ""max_depth"": 4, ""min_samples_leaf"": 32, ""max_features"": 0.37}",0.5490968153303744,0.020594628458499437,"[0.5743908204048305, 0.5399654237722238, 0.5727895467109504, 0.5337492533351033, 0.5245890324287638]",,,,,,,,0.41503578105124384,55.678,74ab309fcc94,,legacy,ok,auto RF 2h search RF_2H_20260710_153736
RF_20260710_165829,2026-07-10T16:59:31,random_forest,Random Forest,"{""n_estimators"": 130, ""max_depth"": 5, ""min_samples_leaf"": 18, ""max_features"": 0.33}",0.548197479578995,0.019581901937144857,"[0.5724130458337848, 0.5393909997305308, 0.5704983833203255, 0.5340835126041149, 0.5246014564062192]",,,,,,,,0.41449564605770634,62.357,74ab309fcc94,,legacy,ok,auto RF 2h search RF_2H_20260710_153736
RF_20260710_165932,2026-07-10T17:00:36,random_forest,Random Forest,"{""n_estimators"": 130, ""max_depth"": 5, ""min_samples_leaf"": 18, ""max_features"": 0.34}",0.548197479578995,0.019581901937144857,"[0.5724130458337848, 0.5393909997305308, 0.5704983833203255, 0.5340835126041149, 0.5246014564062192]",,,,,,,,0.41449564605770634,64.222,74ab309fcc94,,legacy,ok,auto RF 2h search RF_2H_20260710_153736
RF_20260710_170038,2026-07-10T17:02:03,random_forest,Random Forest,"{""n_estimators"": 130, ""max_depth"": 5, ""min_samples_leaf"": 18, ""max_features"": 0.36}",0.5459547577350914,0.021922193348932716,"[0.5738785992556641, 0.5362501231136256, 0.570631368653668, 0.5243818924599145, 0.5246318051925848]",,,,,,,,0.418185971216098,85.015,74ab309fcc94,,legacy,ok,auto RF 2h search RF_2H_20260710_153736
RF_20260710_170204,2026-07-10T17:03:13,random_forest,Random Forest,"{""n_estimators"": 130, ""max_depth"": 5, ""min_samples_leaf"": 18, ""max_features"": 0.37}",0.5459547577350914,0.021922193348932716,"[0.5738785992556641, 0.5362501231136256, 0.570631368653668, 0.5243818924599145, 0.5246318051925848]",,,,,,,,0.418185971216098,69.439,74ab309fcc94,,legacy,ok,auto RF 2h search RF_2H_20260710_153736
RF_20260710_170314,2026-07-10T17:04:29,random_forest,Random Forest,"{""n_estimators"": 130, ""max_depth"": 5, ""min_samples_leaf"": 22, ""max_features"": 0.33}",0.5482703443493359,0.019718186269816026,"[0.5717729035650897, 0.5395750918909596, 0.5715895905851152, 0.5339742670973859, 0.5244398686081286]",,,,,,,,0.41481992009631047,74.631,74ab309fcc94,,legacy,ok,auto RF 2h search RF_2H_20260710_153736
RF_20260710_170430,2026-07-10T17:05:46,random_forest,Random Forest,"{""n_estimators"": 130, ""max_depth"": 5, ""min_samples_leaf"": 22, ""max_features"": 0.34}",0.5482703443493359,0.019718186269816026,"[0.5717729035650897, 0.5395750918909596, 0.5715895905851152, 0.5339742670973859, 0.5244398686081286]",,,,,,,,0.41481992009631047,75.433,74ab309fcc94,,legacy,ok,auto RF 2h search RF_2H_20260710_153736
RF_20260710_170547,2026-07-10T17:07:10,random_forest,Random Forest,"{""n_estimators"": 130, ""max_depth"": 5, ""min_samples_leaf"": 22, ""max_features"": 0.36}",0.5464953929936527,0.02213217381750546,"[0.5741274171983869, 0.5371080975014172, 0.5718900739036156, 0.5251375629026949, 0.5242138134621483]",,,,,,,,0.4167816198673033,83.469,74ab309fcc94,,legacy,ok,auto RF 2h search RF_2H_20260710_153736
RF_20260710_170712,2026-07-10T17:08:41,random_forest,Random Forest,"{""n_estimators"": 130, ""max_depth"": 5, ""min_samples_leaf"": 22, ""max_features"": 0.37}",0.5464953929936527,0.02213217381750546,"[0.5741274171983869, 0.5371080975014172, 0.5718900739036156, 0.5251375629026949, 0.5242138134621483]",,,,,,,,0.4167816198673033,88.717,74ab309fcc94,,legacy,ok,auto RF 2h search RF_2H_20260710_153736
RF_20260710_170842,2026-07-10T17:09:55,random_forest,Random Forest,"{""n_estimators"": 130, ""max_depth"": 5, ""min_samples_leaf"": 25, ""max_features"": 0.33}",0.5480208207374822,0.019367419938437776,"[0.5716025598441064, 0.5396732977519004, 0.570380090296466, 0.5338680631511495, 0.5245800926437884]",,,,,,,,0.4159884927204394,73.111,74ab309fcc94,,legacy,ok,auto RF 2h search RF_2H_20260710_153736
RF_20260710_170957,2026-07-10T17:11:13,random_forest,Random Forest,"{""n_estimators"": 130, ""max_depth"": 5, ""min_samples_leaf"": 25, ""max_features"": 0.34}",0.5480208207374822,0.019367419938437776,"[0.5716025598441064, 0.5396732977519004, 0.570380090296466, 0.5338680631511495, 0.5245800926437884]",,,,,,,,0.4159884927204393,76.49,74ab309fcc94,,legacy,ok,auto RF 2h search RF_2H_20260710_153736
RF_20260710_171115,2026-07-10T17:12:36,random_forest,Random Forest,"{""n_estimators"": 130, ""max_depth"": 5, ""min_samples_leaf"": 25, ""max_features"": 0.36}",0.5469011249385577,0.0217827771743333,"[0.573705005823256, 0.5404274845002187, 0.5714729507832956, 0.5247805854980268, 0.5241195980879915]",,,,,,,,0.41367035340023606,81.309,74ab309fcc94,,legacy,ok,auto RF 2h search RF_2H_20260710_153736
RF_20260710_171238,2026-07-10T17:13:56,random_forest,Random Forest,"{""n_estimators"": 130, ""max_depth"": 5, ""min_samples_leaf"": 25, ""max_features"": 0.37}",0.5469011249385577,0.0217827771743333,"[0.573705005823256, 0.5404274845002187, 0.5714729507832956, 0.5247805854980268, 0.5241195980879915]",,,,,,,,0.4136703534002361,78.048,74ab309fcc94,,legacy,ok,auto RF 2h search RF_2H_20260710_153736
RF_20260710_171357,2026-07-10T17:15:08,random_forest,Random Forest,"{""n_estimators"": 130, ""max_depth"": 5, ""min_samples_leaf"": 28, ""max_features"": 0.33}",0.5481850815099484,0.019522464780989752,"[0.5722910673856216, 0.5397547255210466, 0.570409505338951, 0.5337810225427716, 0.5246890867613511]",,,,,,,,0.4149899315654649,70.152,74ab309fcc94,,legacy,ok,auto RF 2h search RF_2H_20260710_153736
RF_20260710_171509,2026-07-10T17:16:17,random_forest,Random Forest,"{""n_estimators"": 130, ""max_depth"": 5, ""min_samples_leaf"": 28, ""max_features"": 0.34}",0.5481850815099484,0.019522464780989752,"[0.5722910673856216, 0.5397547255210466, 0.570409505338951, 0.5337810225427716, 0.5246890867613511]",,,,,,,,0.41498993156546493,68.315,74ab309fcc94,,legacy,ok,auto RF 2h search RF_2H_20260710_153736
RF_20260710_171619,2026-07-10T17:17:26,random_forest,Random Forest,"{""n_estimators"": 130, ""max_depth"": 5, ""min_samples_leaf"": 28, ""max_features"": 0.36}",0.5468949332575136,0.021592581050742625,"[0.5738370889922345, 0.5401097549234604, 0.5709836029100941, 0.5250693758524999, 0.5244748436092788]",,,,,,,,0.4141208533822688,66.917,74ab309fcc94,,legacy,ok,auto RF 2h search RF_2H_20260710_153736
RF_20260710_171727,2026-07-10T17:18:42,random_forest,Random Forest,"{""n_estimators"": 130, ""max_depth"": 5, ""min_samples_leaf"": 28, ""max_features"": 0.37}",0.5468949332575136,0.021592581050742625,"[0.5738370889922345, 0.5401097549234604, 0.5709836029100941, 0.5250693758524999, 0.5244748436092788]",,,,,,,,0.4141208533822688,75.574,74ab309fcc94,,legacy,ok,auto RF 2h search RF_2H_20260710_153736
RF_20260710_171844,2026-07-10T17:19:49,random_forest,Random Forest,"{""n_estimators"": 130, ""max_depth"": 5, ""min_samples_leaf"": 32, ""max_features"": 0.33}",0.5469697714854034,0.02075061509279976,"[0.5723833682585199, 0.5400185380785066, 0.5707313285487682, 0.5270257719990713, 0.524689850542151]",,,,,,,,0.419293527506064,65.463,74ab309fcc94,,legacy,ok,auto RF 2h search RF_2H_20260710_153736
RF_20260710_171951,2026-07-10T17:21:04,random_forest,Random Forest,"{""n_estimators"": 130, ""max_depth"": 5, ""min_samples_leaf"": 32, ""max_features"": 0.34}",0.5469697714854034,0.02075061509279976,"[0.5723833682585199, 0.5400185380785066, 0.5707313285487682, 0.5270257719990713, 0.524689850542151]",,,,,,,,0.41929352750606397,72.88,74ab309fcc94,,legacy,ok,auto RF 2h search RF_2H_20260710_153736
RF_20260710_172105,2026-07-10T17:22:14,random_forest,Random Forest,"{""n_estimators"": 130, ""max_depth"": 5, ""min_samples_leaf"": 32, ""max_features"": 0.36}",0.5470984915866777,0.021248920393590744,"[0.5741317365269462, 0.5378532299180995, 0.5708832360393343, 0.5287050318434793, 0.5239192236055289]",,,,,,,,0.41556327137031135,68.869,74ab309fcc94,,legacy,ok,auto RF 2h search RF_2H_20260710_153736
RF_20260710_172216,2026-07-10T17:23:37,random_forest,Random Forest,"{""n_estimators"": 130, ""max_depth"": 5, ""min_samples_leaf"": 32, ""max_features"": 0.37}",0.5470984915866777,0.021248920393590744,"[0.5741317365269462, 0.5378532299180995, 0.5708832360393343, 0.5287050318434793, 0.5239192236055289]",,,,,,,,0.41556327137031135,81.616,74ab309fcc94,,legacy,ok,auto RF 2h search RF_2H_20260710_153736
RF_20260710_172339,2026-07-10T17:24:54,random_forest,Random Forest,"{""n_estimators"": 130, ""max_depth"": 6, ""min_samples_leaf"": 18, ""max_features"": 0.33}",0.54527591395034,0.02153215787032231,"[0.5724799261854809, 0.5349414060346823, 0.5699358553004374, 0.5238597922314724, 0.525162589999627]",,,,,,,,0.418743985454942,75.243,74ab309fcc94,,legacy,ok,auto RF 2h search RF_2H_20260710_153736
RF_20260710_172455,2026-07-10T17:26:06,random_forest,Random Forest,"{""n_estimators"": 130, ""max_depth"": 6, ""min_samples_leaf"": 18, ""max_features"": 0.34}",0.54527591395034,0.02153215787032231,"[0.5724799261854809, 0.5349414060346823, 0.5699358553004374, 0.5238597922314724, 0.525162589999627]",,,,,,,,0.418743985454942,71.004,74ab309fcc94,,legacy,ok,auto RF 2h search RF_2H_20260710_153736
RF_20260710_172608,2026-07-10T17:27:30,random_forest,Random Forest,"{""n_estimators"": 130, ""max_depth"": 6, ""min_samples_leaf"": 18, ""max_features"": 0.36}",0.5468651495865678,0.021856346904516,"[0.5756712231176812, 0.5362789167854402, 0.5706008511402809, 0.524637576371064, 0.5271371805183735]",,,,,,,,0.4154441744144356,82.556,74ab309fcc94,,legacy,ok,auto RF 2h search RF_2H_20260710_153736
RF_20260710_172731,2026-07-10T17:28:59,random_forest,Random Forest,"{""n_estimators"": 130, ""max_depth"": 6, ""min_samples_leaf"": 18, ""max_features"": 0.37}",0.5468651495865678,0.021856346904516,"[0.5756712231176812, 0.5362789167854402, 0.5706008511402809, 0.524637576371064, 0.5271371805183735]",,,,,,,,0.41544417441443554,87.691,74ab309fcc94,,legacy,ok,auto RF 2h search RF_2H_20260710_153736
RF_20260710_172901,2026-07-10T17:30:11,random_forest,Random Forest,"{""n_estimators"": 130, ""max_depth"": 6, ""min_samples_leaf"": 22, ""max_features"": 0.33}",0.5441416537333776,0.021384878835491877,"[0.5686428538422439, 0.5354616560873918, 0.5706628672230137, 0.5206146880421275, 0.525326203472111]",,,,,,,,0.4235610514554519,70.697,74ab309fcc94,,legacy,ok,auto RF 2h search RF_2H_20260710_153736
RF_20260710_173012,2026-07-10T17:31:28,random_forest,Random Forest,"{""n_estimators"": 130, ""max_depth"": 6, ""min_samples_leaf"": 22, ""max_features"": 0.34}",0.5441416537333776,0.021384878835491877,"[0.5686428538422439, 0.5354616560873918, 0.5706628672230137, 0.5206146880421275, 0.525326203472111]",,,,,,,,0.4235610514554519,76.019,74ab309fcc94,,legacy,ok,auto RF 2h search RF_2H_20260710_153736
RF_20260710_173130,2026-07-10T17:32:54,random_forest,Random Forest,"{""n_estimators"": 130, ""max_depth"": 6, ""min_samples_leaf"": 22, ""max_features"": 0.36}",0.5468683842383688,0.02162494993748094,"[0.5742377572429802, 0.5366366794139884, 0.5715400305397965, 0.5250357138569766, 0.5268917401381024]",,,,,,,,0.41485916296031966,84.391,74ab309fcc94,,legacy,ok,auto RF 2h search RF_2H_20260710_153736
RF_20260710_173256,2026-07-10T17:34:25,random_forest,Random Forest,"{""n_estimators"": 130, ""max_depth"": 6, ""min_samples_leaf"": 22, ""max_features"": 0.37}",0.5468683842383688,0.02162494993748094,"[0.5742377572429802, 0.5366366794139884, 0.5715400305397965, 0.5250357138569766, 0.5268917401381024]",,,,,,,,0.41485916296031966,89.644,74ab309fcc94,,legacy,ok,auto RF 2h search RF_2H_20260710_153736
RF_20260710_173427,2026-07-10T17:35:50,random_forest,Random Forest,"{""n_estimators"": 130, ""max_depth"": 6, ""min_samples_leaf"": 25, ""max_features"": 0.33}",0.5449183354455455,0.020948932235171372,"[0.5685782072796713, 0.5335583510053626, 0.5719560085476779, 0.5246611558384076, 0.525837954556608]",,,,,,,,0.42208299508238767,83.437,74ab309fcc94,,legacy,ok,auto RF 2h search RF_2H_20260710_153736
RF_20260710_173552,2026-07-10T17:37:09,random_forest,Random Forest,"{""n_estimators"": 130, ""max_depth"": 6, ""min_samples_leaf"": 25, ""max_features"": 0.34}",0.5449183354455455,0.020948932235171372,"[0.5685782072796713, 0.5335583510053626, 0.5719560085476779, 0.5246611558384076, 0.525837954556608]",,,,,,,,0.4220829950823875,76.981,74ab309fcc94,,legacy,ok,auto RF 2h search RF_2H_20260710_153736
RF_20260710_173710,2026-07-10T17:38:48,random_forest,Random Forest,"{""n_estimators"": 130, ""max_depth"": 6, ""min_samples_leaf"": 25, ""max_features"": 0.36}",0.5463852051863477,0.021711051765504478,"[0.573958089113664, 0.5366820306769288, 0.5708622173893344, 0.5233833507624213, 0.5270403379893903]",,,,,,,,0.4159633749423425,97.535,74ab309fcc94,,legacy,ok,auto RF 2h search RF_2H_20260710_153736
RF_20260710_173849,2026-07-10T17:40:21,random_forest,Random Forest,"{""n_estimators"": 130, ""max_depth"": 6, ""min_samples_leaf"": 25, ""max_features"": 0.37}",0.5463852051863477,0.021711051765504478,"[0.573958089113664, 0.5366820306769288, 0.5708622173893344, 0.5233833507624213, 0.5270403379893903]",,,,,,,,0.4159633749423425,91.36,74ab309fcc94,,legacy,ok,auto RF 2h search RF_2H_20260710_153736
RF_20260710_174022,2026-07-10T17:41:40,random_forest,Random Forest,"{""n_estimators"": 130, ""max_depth"": 6, ""min_samples_leaf"": 28, ""max_features"": 0.33}",0.5455592658198106,0.02168185505506665,"[0.5720912167785607, 0.534407578742336, 0.5714092537918911, 0.5235262303948081, 0.5263620493914573]",,,,,,,,0.4188220524611072,77.587,74ab309fcc94,,legacy,ok,auto RF 2h search RF_2H_20260710_153736
RF_20260710_180201,2026-07-10T18:03:03,random_forest,Random Forest,"{""n_estimators"": 124, ""max_depth"": 4, ""min_samples_leaf"": 25, ""max_features"": 0.35}",0.5487682097928649,0.02062123524099739,"[0.574433570039642, 0.5388429752066116, 0.5723133487257488, 0.5337578631996728, 0.5244932917926491]",,,,,,,,0.41709561212014623,61.479,74ab309fcc94,,legacy,ok,15m RF sequential local refine around CV best
RF_20260710_180304,2026-07-10T18:04:11,random_forest,Random Forest,"{""n_estimators"": 126, ""max_depth"": 4, ""min_samples_leaf"": 25, ""max_features"": 0.35}",0.5490965163579228,0.020561929657333722,"[0.5744932396122181, 0.5403216352455958, 0.5725248417669629, 0.5336034450311625, 0.5245394201336742]",,,,,,,,0.4151917009431262,66.429,74ab309fcc94,,legacy,ok,15m RF sequential local refine around CV best
RF_20260710_180412,2026-07-10T18:05:25,random_forest,Random Forest,"{""n_estimators"": 128, ""max_depth"": 4, ""min_samples_leaf"": 25, ""max_features"": 0.35}",0.5488478106821869,0.020331953679974108,"[0.5742408286948486, 0.540412111913742, 0.5716772622602219, 0.533330376546769, 0.5245784739953534]",,,,,,,,0.41568204513857454,73.167,74ab309fcc94,,legacy,ok,15m RF sequential local refine around CV best
RF_20260710_180527,2026-07-10T18:06:37,random_forest,Random Forest,"{""n_estimators"": 132, ""max_depth"": 4, ""min_samples_leaf"": 25, ""max_features"": 0.35}",0.5490284983760578,0.020534272598556527,"[0.5741847563658214, 0.5403706859821048, 0.5726581614819993, 0.533265210920319, 0.5246636771300448]",,,,,,,,0.4149942763911098,70.249,74ab309fcc94,,legacy,ok,15m RF sequential local refine around CV best
RF_20260710_180639,2026-07-10T18:07:46,random_forest,Random Forest,"{""n_estimators"": 134, ""max_depth"": 4, ""min_samples_leaf"": 25, ""max_features"": 0.35}",0.5491204348835179,0.02053583869585,"[0.574150858272284, 0.5404933141548133, 0.5728492743486624, 0.5334872979214781, 0.5246214297203521]",,,,,,,,0.4148919138267038,66.593,74ab309fcc94,,legacy,ok,15m RF sequential local refine around CV best
RF_20260710_180747,2026-07-10T18:08:59,random_forest,Random Forest,"{""n_estimators"": 136, ""max_depth"": 4, ""min_samples_leaf"": 25, ""max_features"": 0.35}",0.5490838797952705,0.020497918383666238,"[0.5741657627082237, 0.540537088482294, 0.5726657408723607, 0.5333777407715793, 0.5246730661418945]",,,,,,,,0.41458933584899704,71.465,74ab309fcc94,,legacy,ok,15m RF sequential local refine around CV best
RF_20260710_180901,2026-07-10T18:10:09,random_forest,Random Forest,"{""n_estimators"": 138, ""max_depth"": 4, ""min_samples_leaf"": 25, ""max_features"": 0.35}",0.5493397646949363,0.020191802343775083,"[0.5741276887773703, 0.540507177746326, 0.5723693566560555, 0.5351300164357319, 0.5245645838591982]",,,,,,,,0.41320437630397444,68.147,74ab309fcc94,,legacy,ok,15m RF sequential local refine around CV best
RF_20260710_181010,2026-07-10T18:11:08,random_forest,Random Forest,"{""n_estimators"": 130, ""max_depth"": 3, ""min_samples_leaf"": 25, ""max_features"": 0.35}",0.5486027663163087,0.02154351526102238,"[0.5746790322408513, 0.5364348394424147, 0.5742402012156781, 0.5339957758347104, 0.5236639828478891]",,,,,,,,0.4224882593338511,57.828,74ab309fcc94,,legacy,ok,15m RF sequential local refine around CV best
RF_20260710_181110,2026-07-10T18:12:15,random_forest,Random Forest,"{""n_estimators"": 130, ""max_depth"": 4, ""min_samples_leaf"": 21, ""max_features"": 0.35}",0.5490910732563349,0.020565711717594484,"[0.5744977678571429, 0.5404558677791631, 0.5724602002297718, 0.5336535269250349, 0.5243880034905617]",,,,,,,,0.414847522126474,65.649,74ab309fcc94,,legacy,ok,15m RF sequential local refine around CV best
RF_20260710_181217,2026-07-10T18:13:30,random_forest,Random Forest,"{""n_estimators"": 130, ""max_depth"": 4, ""min_samples_leaf"": 23, ""max_features"": 0.35}",0.5490417536151078,0.02048416809194389,"[0.5742119112829601, 0.5403757819910264, 0.5724602002297718, 0.5337728710812186, 0.5243880034905617]",,,,,,,,0.41490984375441203,73.315,74ab309fcc94,,legacy,ok,15m RF sequential local refine around CV best
RF_20260710_181332,2026-07-10T18:14:34,random_forest,Random Forest,"{""n_estimators"": 130, ""max_depth"": 4, ""min_samples_leaf"": 24, ""max_features"": 0.35}",0.5490981443296364,0.020469479074070738,"[0.5743270109075278, 0.5403757819910264, 0.5724539367149547, 0.5337728710812186, 0.5245611209534546]",,,,,,,,0.4150904245847055,61.932,74ab309fcc94,,legacy,ok,15m RF sequential local refine around CV best
RF_20260710_181436,2026-07-10T18:15:50,random_forest,Random Forest,"{""n_estimators"": 130, ""max_depth"": 4, ""min_samples_leaf"": 26, ""max_features"": 0.35}",0.5487608338828682,0.02065149170179696,"[0.5742797602423357, 0.5385921096731645, 0.5725911422727322, 0.5337728710812186, 0.5245682861448902]",,,,,,,,0.4170351552500162,74.181,74ab309fcc94,,legacy,ok,15m RF sequential local refine around CV best
RF_20260710_181552,2026-07-10T18:16:54,random_forest,Random Forest,"{""n_estimators"": 130, ""max_depth"": 4, ""min_samples_leaf"": 27, ""max_features"": 0.35}",0.5487777585649953,0.02067354123797571,"[0.5742735914925614, 0.5386112071947423, 0.5726864546576794, 0.5337492533351033, 0.5245682861448902]",,,,,,,,0.4169634027596433,62.679,74ab309fcc94,,legacy,ok,15m RF sequential local refine around CV best
RF_20260710_181656,2026-07-10T18:18:07,random_forest,Random Forest,"{""n_estimators"": 130, ""max_depth"": 4, ""min_samples_leaf"": 29, ""max_features"": 0.35}",0.5490588769046209,0.02054964013063293,"[0.5743042203293339, 0.5399654237722238, 0.5726864546576794, 0.5337492533351033, 0.5245890324287638]",,,,,,,,0.4150428761469449,70.692,74ab309fcc94,,legacy,ok,15m RF sequential local refine around CV best
LR_20260711_123644,2026-07-11T12:36:49,logistic_regression,Logistic Regression,"{""C"": 6.586666666666666e-05, ""solver"": ""liblinear""}",0.5489947075071198,0.021512428979018162,"[0.5722550467749877, 0.5408214585079631, 0.5752641926763332, 0.5372832643779806, 0.5193495751983346]",,,,,,,,0.33233925612350285,5.108,f6cb3ac8f820,,legacy,ok,
RF_20260716_201014,2026-07-16T20:11:37,random_forest,Random Forest,"{""n_estimators"": 130, ""max_depth"": 6, ""min_samples_leaf"": 25, ""max_features"": 0.3}",0.5449183354455455,0.020948932235171372,"[0.5685782072796713, 0.5335583510053626, 0.5719560085476779, 0.5246611558384076, 0.525837954556608]",,,,,,,,0.42208299508238767,82.296,f6cb3ac8f820,,legacy,ok,auto RF 2h search RF_2H_20260716_201010
RF_20260716_201138,2026-07-16T20:12:55,random_forest,Random Forest,"{""n_estimators"": 120, ""max_depth"": 10, ""min_samples_leaf"": 20, ""max_features"": ""sqrt""}",0.526504374006468,0.019631621694285815,"[0.5605871448568078, 0.5233651492034205, 0.5276190476190477, 0.4995115597525236, 0.5214389686005406]",,,,,,,,0.44726881402108354,77.523,f6cb3ac8f820,,legacy,ok,auto RF 2h search RF_2H_20260716_201010
RF_20260716_201257,2026-07-16T20:13:50,random_forest,Random Forest,"{""n_estimators"": 130, ""max_depth"": 3, ""min_samples_leaf"": 25, ""max_features"": 0.3}",0.5488040650748813,0.020841023184557397,"[0.5728133621653866, 0.5394430691754406, 0.5740900429029202, 0.5347914469893794, 0.52288240414128]",,,,,,,,0.4264671516242922,53.106,f6cb3ac8f820,,legacy,ok,auto RF 2h search RF_2H_20260716_201010
RF_20260716_201352,2026-07-16T20:14:56,random_forest,Random Forest,"{""n_estimators"": 130, ""max_depth"": 4, ""min_samples_leaf"": 25, ""max_features"": 0.3}",0.5480395479310455,0.019726696040880717,"[0.5714832291799515, 0.5386298165435682, 0.5714599534291112, 0.5346805024576734, 0.5239442380449232]",,,,,,,,0.4170242619066663,64.213,f6cb3ac8f820,,legacy,ok,auto RF 2h search RF_2H_20260716_201010
RF_20260716_201458,2026-07-16T20:16:13,random_forest,Random Forest,"{""n_estimators"": 130, ""max_depth"": 5, ""min_samples_leaf"": 25, ""max_features"": 0.3}",0.5480208207374822,0.019367419938437776,"[0.5716025598441064, 0.5396732977519004, 0.570380090296466, 0.5338680631511495, 0.5245800926437884]",,,,,,,,0.4159884927204394,75.403,f6cb3ac8f820,,legacy,ok,auto RF 2h search RF_2H_20260716_201010
RF_20260716_201615,2026-07-16T20:17:49,random_forest,Random Forest,"{""n_estimators"": 130, ""max_depth"": 7, ""min_samples_leaf"": 25, ""max_features"": 0.3}",0.5439311619065192,0.02004043630594526,"[0.5666403313462137, 0.5331029485535923, 0.5697261663286004, 0.5251869961995594, 0.5249993671046302]",,,,,,,,0.42318727600000494,94.192,f6cb3ac8f820,,legacy,ok,auto RF 2h search RF_2H_20260716_201010
RF_20260716_201750,2026-07-16T20:19:27,random_forest,Random Forest,"{""n_estimators"": 130, ""max_depth"": 8, ""min_samples_leaf"": 25, ""max_features"": 0.3}",0.5412346342077157,0.018745008759172524,"[0.5622860250404775, 0.5299496976205279, 0.565639999035238, 0.5222929936305732, 0.5260044557117616]",,,,,,,,0.4276086391990558,96.924,f6cb3ac8f820,,legacy,ok,auto RF 2h search RF_2H_20260716_201010
GB_20260716_201013,2026-07-16T20:20:50,gradient_boosting,Gradient Boosting,"{""n_estimators"": 40, ""learning_rate"": 0.3, ""max_depth"": 4, ""subsample"": 0.9}",0.5374804172835154,0.01949671679054375,"[0.562261713257926, 0.526967185193596, 0.5595903899172903, 0.5157250641707071, 0.5228577338780576]",,,,,,,,0.40810418376333324,636.305,f6cb3ac8f820,,legacy,ok,auto GB search 3h ext (threshold-tuned)
RF_20260716_201929,2026-07-16T20:21:17,random_forest,Random Forest,"{""n_estimators"": 130, ""max_depth"": 9, ""min_samples_leaf"": 25, ""max_features"": 0.3}",0.5291789557628788,0.019377526064650718,"[0.5605076446487459, 0.5286128977175707, 0.5347964032863655, 0.5009309683470762, 0.521046864814635]",,,,,,,,0.44063739346924374,108.236,f6cb3ac8f820,,legacy,ok,auto RF 2h search RF_2H_20260716_201010
RF_20260716_202118,2026-07-16T20:23:16,random_forest,Random Forest,"{""n_estimators"": 130, ""max_depth"": 10, ""min_samples_leaf"": 25, ""max_features"": 0.3}",0.5226482909235721,0.01838890615202187,"[0.5540466855347544, 0.521658705628922, 0.5247464678859323, 0.4971436773360126, 0.5156459182322393]",,,,,,,,0.4469744245783115,117.507,f6cb3ac8f820,,legacy,ok,auto RF 2h search RF_2H_20260716_201010
RF_20260716_202317,2026-07-16T20:25:13,random_forest,Random Forest,"{""n_estimators"": 130, ""max_depth"": 11, ""min_samples_leaf"": 25, ""max_features"": 0.3}",0.5161139409845432,0.017539706103468868,"[0.5451927908840267, 0.5164806334668957, 0.5181831588261319, 0.490568283249033, 0.5101448384966286]",,,,,,,,0.452138694638887,115.922,f6cb3ac8f820,,legacy,ok,auto RF 2h search RF_2H_20260716_201010
RF_20260716_202514,2026-07-16T20:27:14,random_forest,Random Forest,"{""n_estimators"": 130, ""max_depth"": 12, ""min_samples_leaf"": 25, ""max_features"": 0.3}",0.5088916113434073,0.021525799759197838,"[0.5406586068253593, 0.5145635753758536, 0.5093203943125634, 0.4732496539874958, 0.5066658262157647]",,,,,,,,0.4565296032487998,120.247,f6cb3ac8f820,,legacy,ok,auto RF 2h search RF_2H_20260716_201010
RF_20260716_202716,2026-07-16T20:28:29,random_forest,Random Forest,"{""n_estimators"": 130, ""max_depth"": 6, ""min_samples_leaf"": 5, ""max_features"": 0.3}",0.5466221130535525,0.021090134070926907,"[0.5727041098925446, 0.5379673787591733, 0.5710032143461343, 0.5261572756592677, 0.5252785866106422]",,,,,,,,0.41567451288749424,72.81,f6cb3ac8f820,,legacy,ok,auto RF 2h search RF_2H_20260716_201010
RF_20260716_202830,2026-07-16T20:29:42,random_forest,Random Forest,"{""n_estimators"": 130, ""max_depth"": 6, ""min_samples_leaf"": 10, ""max_features"": 0.3}",0.5450929691274686,0.021955331926529882,"[0.5697086387677461, 0.5400653910060567, 0.5716342530623264, 0.5197287299630087, 0.5243278328382056]",,,,,,,,0.41994301333201883,72.116,f6cb3ac8f820,,legacy,ok,auto RF 2h search RF_2H_20260716_201010
RF_20260716_202943,2026-07-16T20:30:59,random_forest,Random Forest,"{""n_estimators"": 130, ""max_depth"": 6, ""min_samples_leaf"": 15, ""max_features"": 0.3}",0.5455390742282761,0.020776220372932242,"[0.5697129874345064, 0.5354743820520701, 0.5714541888484169, 0.5254442361984295, 0.5256095766079576]",,,,,,,,0.41993215584667354,76.254,f6cb3ac8f820,,legacy,ok,auto RF 2h search RF_2H_20260716_201010
RF_20260716_203100,2026-07-16T20:32:17,random_forest,Random Forest,"{""n_estimators"": 130, ""max_depth"": 6, ""min_samples_leaf"": 20, ""max_features"": 0.3}",0.543942491906855,0.02201044541620236,"[0.5690745441957074, 0.5353017535367759, 0.5711748971655914, 0.519036751593151, 0.5251245130430494]",,,,,,,,0.423325541736537,76.331,f6cb3ac8f820,,legacy,ok,auto RF 2h search RF_2H_20260716_201010
RF_20260716_203218,2026-07-16T20:33:32,random_forest,Random Forest,"{""n_estimators"": 130, ""max_depth"": 6, ""min_samples_leaf"": 30, ""max_features"": 0.3}",0.546241836176788,0.021574889887952108,"[0.5718161701749119, 0.5368589042892746, 0.5724415506226795, 0.5246190896301771, 0.5254734661668968]",,,,,,,,0.4169518238051813,73.974,f6cb3ac8f820,,legacy,ok,auto RF 2h search RF_2H_20260716_201010
RF_20260716_203333,2026-07-16T20:34:46,random_forest,Random Forest,"{""n_estimators"": 130, ""max_depth"": 6, ""min_samples_leaf"": 35, ""max_features"": 0.3}",0.5461693064918955,0.02126827874332958,"[0.5730797912005966, 0.5366141861508331, 0.570314726367025, 0.5244027834238025, 0.5264350453172205]",,,,,,,,0.41633435926163925,72.864,f6cb3ac8f820,,legacy,ok,auto RF 2h search RF_2H_20260716_201010
RF_20260716_203447,2026-07-16T20:36:00,random_forest,Random Forest,"{""n_estimators"": 130, ""max_depth"": 6, ""min_samples_leaf"": 40, ""max_features"": 0.3}",0.5456724866772309,0.022405557581189804,"[0.5736193943149253, 0.5375544759979568, 0.5708972992584865, 0.5207059836418424, 0.5255852801729433]",,,,,,,,0.418332909388169,72.52,f6cb3ac8f820,,legacy,ok,auto RF 2h search RF_2H_20260716_201010
RF_20260716_203601,2026-07-16T20:37:16,random_forest,Random Forest,"{""n_estimators"": 130, ""max_depth"": 6, ""min_samples_leaf"": 50, ""max_features"": 0.3}",0.5453627485465242,0.02172766660539933,"[0.5707930101362197, 0.5371033971964144, 0.5715928824338649, 0.5208606954792621, 0.5264637574868598]",,,,,,,,0.42053566921843843,74.687,f6cb3ac8f820,,legacy,ok,auto RF 2h search RF_2H_20260716_201010
RF_20260716_203717,2026-07-16T20:38:42,random_forest,Random Forest,"{""n_estimators"": 130, ""max_depth"": 6, ""min_samples_leaf"": 60, ""max_features"": 0.3}",0.5460641272889848,0.020979681924645936,"[0.5724018915708554, 0.5372080569186548, 0.5699337445739091, 0.5239914462144694, 0.5267854971670355]",,,,,,,,0.41871834957926907,85.685,f6cb3ac8f820,,legacy,ok,auto RF 2h search RF_2H_20260716_201010
RF_20260716_203844,2026-07-16T20:40:07,random_forest,Random Forest,"{""n_estimators"": 130, ""max_depth"": 6, ""min_samples_leaf"": 80, ""max_features"": 0.3}",0.5460404497011567,0.020905426828915018,"[0.571686264783143, 0.5352767356153922, 0.5709421752218176, 0.5264192967491234, 0.5258777761363077]",,,,,,,,0.41972499967412064,83.094,f6cb3ac8f820,,legacy,ok,auto RF 2h search RF_2H_20260716_201010
GB_20260716_202052,2026-07-16T20:40:51,gradient_boosting,Gradient Boosting,"{""n_estimators"": 80, ""learning_rate"": 0.05, ""max_depth"": 4, ""subsample"": 0.9}",0.5422377149980463,0.02166090198531098,"[0.5710532914611867, 0.5318585273073091, 0.5646479373675247, 0.5158366379976309, 0.5277921808565799]",,,,,,,,0.427794120701482,1198.998,f6cb3ac8f820,,legacy,ok,auto GB search 3h ext (threshold-tuned)
RF_20260716_204008,2026-07-16T20:41:11,random_forest,Random Forest,"{""n_estimators"": 130, ""max_depth"": 6, ""min_samples_leaf"": 25, ""max_features"": 0.2}",0.5465681519582815,0.020492856047177526,"[0.5702493167494004, 0.5370603431145261, 0.5721825801336504, 0.5273659739015643, 0.525982545892266]",,,,,,,,0.42399823784625756,62.531,f6cb3ac8f820,,legacy,ok,auto RF 2h search RF_2H_20260716_201010
RF_20260716_204112,2026-07-16T20:42:15,random_forest,Random Forest,"{""n_estimators"": 130, ""max_depth"": 6, ""min_samples_leaf"": 25, ""max_features"": 0.24}",0.5465681519582815,0.020492856047177526,"[0.5702493167494004, 0.5370603431145261, 0.5721825801336504, 0.5273659739015643, 0.525982545892266]",,,,,,,,0.42399823784625756,62.963,f6cb3ac8f820,,legacy,ok,auto RF 2h search RF_2H_20260716_201010
RF_20260716_204216,2026-07-16T20:43:25,random_forest,Random Forest,"{""n_estimators"": 130, ""max_depth"": 6, ""min_samples_leaf"": 25, ""max_features"": 0.25}",0.5449200831633216,0.02163197969047789,"[0.5713128221286939, 0.5371071936932005, 0.569650517645713, 0.5192269914546704, 0.52730289089433]",,,,,,,,0.42241418019135607,68.818,f6cb3ac8f820,,legacy,ok,auto RF 2h search RF_2H_20260716_201010
RF_20260716_204326,2026-07-16T20:44:31,random_forest,Random Forest,"{""n_estimators"": 130, ""max_depth"": 6, ""min_samples_leaf"": 25, ""max_features"": 0.28}",0.5449200831633216,0.02163197969047789,"[0.5713128221286939, 0.5371071936932005, 0.569650517645713, 0.5192269914546704, 0.52730289089433]",,,,,,,,0.422414180191356,64.976,f6cb3ac8f820,,legacy,ok,auto RF 2h search RF_2H_20260716_201010
RF_20260716_204432,2026-07-16T20:45:56,random_forest,Random Forest,"{""n_estimators"": 130, ""max_depth"": 6, ""min_samples_leaf"": 25, ""max_features"": 0.32}",0.5449183354455455,0.020948932235171372,"[0.5685782072796713, 0.5335583510053626, 0.5719560085476779, 0.5246611558384076, 0.525837954556608]",,,,,,,,0.4220829950823875,84.172,f6cb3ac8f820,,legacy,ok,auto RF 2h search RF_2H_20260716_201010
RF_20260716_204558,2026-07-16T20:47:33,random_forest,Random Forest,"{""n_estimators"": 130, ""max_depth"": 6, ""min_samples_leaf"": 25, ""max_features"": 0.35}",0.5463852051863477,0.021711051765504478,"[0.573958089113664, 0.5366820306769288, 0.5708622173893344, 0.5233833507624213, 0.5270403379893903]",,,,,,,,0.4159633749423426,95.408,f6cb3ac8f820,,legacy,ok,auto RF 2h search RF_2H_20260716_201010
RF_20260716_204735,2026-07-16T20:49:25,random_forest,Random Forest,"{""n_estimators"": 130, ""max_depth"": 6, ""min_samples_leaf"": 25, ""max_features"": 0.4}",0.5477954871025625,0.02141862989201503,"[0.5745326481793214, 0.5376926912820068, 0.5726164582200471, 0.5279318797574507, 0.5262037580739871]",,,,,,,,0.41138813849297684,110.222,f6cb3ac8f820,,legacy,ok,auto RF 2h search RF_2H_20260716_201010
GB_20260716_204053,2026-07-16T20:50:00,gradient_boosting,Gradient Boosting,"{""n_estimators"": 80, ""learning_rate"": 0.1, ""max_depth"": 3, ""subsample"": 0.5}",0.5443517893245904,0.021823085112101213,"[0.572434405604319, 0.5365517994648026, 0.5678669697332217, 0.5193164556962026, 0.5255893161244062]",,,,,,,,0.4108761958071936,547.184,f6cb3ac8f820,,legacy,ok,auto GB search 3h ext (threshold-tuned)
RF_20260716_204926,2026-07-16T20:51:29,random_forest,Random Forest,"{""n_estimators"": 130, ""max_depth"": 6, ""min_samples_leaf"": 25, ""max_features"": 0.5}",0.5448410831553112,0.022581441884082683,"[0.5738416292103656, 0.5319222107587003, 0.5706173941912513, 0.5231326678258332, 0.524691513790406]",,,,,,,,0.41620407881236493,122.772,f6cb3ac8f820,,legacy,ok,auto RF 2h search RF_2H_20260716_201010
RF_20260716_205130,2026-07-16T20:52:31,random_forest,Random Forest,"{""n_estimators"": 130, ""max_depth"": 6, ""min_samples_leaf"": 25, ""max_features"": ""sqrt""}",0.5465681519582815,0.020492856047177526,"[0.5702493167494004, 0.5370603431145261, 0.5721825801336504, 0.5273659739015643, 0.525982545892266]",,,,,,,,0.42399823784625756,60.885,f6cb3ac8f820,,legacy,ok,auto RF 2h search RF_2H_20260716_201010
RF_20260716_205232,2026-07-16T20:53:33,random_forest,Random Forest,"{""n_estimators"": 130, ""max_depth"": 6, ""min_samples_leaf"": 25, ""max_features"": ""log2""}",0.5465681519582815,0.020492856047177526,"[0.5702493167494004, 0.5370603431145261, 0.5721825801336504, 0.5273659739015643, 0.525982545892266]",,,,,,,,0.42399823784625756,60.428,f6cb3ac8f820,,legacy,ok,auto RF 2h search RF_2H_20260716_201010
RF_20260716_205334,2026-07-16T20:54:07,random_forest,Random Forest,"{""n_estimators"": 50, ""max_depth"": 6, ""min_samples_leaf"": 25, ""max_features"": 0.3}",0.5446534224324736,0.022665254993760823,"[0.5718804502074464, 0.5316251567819387, 0.5723379629629629, 0.5210676391761409, 0.5263559030338791]",,,,,,,,0.41658352601485904,33.507,f6cb3ac8f820,,legacy,ok,auto RF 2h search RF_2H_20260716_201010
RF_20260716_205409,2026-07-16T20:54:56,random_forest,Random Forest,"{""n_estimators"": 70, ""max_depth"": 6, ""min_samples_leaf"": 25, ""max_features"": 0.3}",0.5458155665247428,0.0220326084969275,"[0.5722334616806979, 0.5328256888928588, 0.5728906501493001, 0.5236631837738168, 0.5274648481270408]",,,,,,,,0.4160136923652892,47.484,f6cb3ac8f820,,legacy,ok,auto RF 2h search RF_2H_20260716_201010
RF_20260716_205457,2026-07-16T20:55:53,random_forest,Random Forest,"{""n_estimators"": 90, ""max_depth"": 6, ""min_samples_leaf"": 25, ""max_features"": 0.3}",0.5442706402122763,0.02117513913916614,"[0.5673941845059619, 0.5335757224273111, 0.5721407428838493, 0.522686596043148, 0.5255559552011113]",,,,,,,,0.42392836345498486,55.397,f6cb3ac8f820,,legacy,ok,auto RF 2h search RF_2H_20260716_201010
RF_20260716_205554,2026-07-16T20:57:04,random_forest,Random Forest,"{""n_estimators"": 110, ""max_depth"": 6, ""min_samples_leaf"": 25, ""max_features"": 0.3}",0.5447339762225721,0.021332056314485245,"[0.568780083369798, 0.5330431871442919, 0.5723183698892201, 0.5237883503779458, 0.5257398903316045]",,,,,,,,0.4225442227188059,69.702,f6cb3ac8f820,,legacy,ok,auto RF 2h search RF_2H_20260716_201010
RF_20260716_205705,2026-07-16T20:58:59,random_forest,Random Forest,"{""n_estimators"": 150, ""max_depth"": 6, ""min_samples_leaf"": 25, ""max_features"": 0.3}",0.5446528782656699,0.02086183407201041,"[0.56840888066605, 0.5333733680300705, 0.5713963073795946, 0.5253539559785841, 0.5247318792740499]",,,,,,,,0.42315098652747435,113.762,f6cb3ac8f820,,legacy,ok,auto RF 2h search RF_2H_20260716_201010
RF_20260716_205900,2026-07-16T21:00:54,random_forest,Random Forest,"{""n_estimators"": 180, ""max_depth"": 6, ""min_samples_leaf"": 25, ""max_features"": 0.3}",0.5448710286554066,0.020785484224855214,"[0.5682889998838425, 0.5346490839897337, 0.5715537875467754, 0.5246454049015976, 0.525217866955084]",,,,,,,,0.42231275128435974,113.482,f6cb3ac8f820,,legacy,ok,auto RF 2h search RF_2H_20260716_201010
GB_20260716_205003,2026-07-16T21:02:50,gradient_boosting,Gradient Boosting,"{""n_estimators"": 80, ""learning_rate"": 0.25, ""max_depth"": 3, ""subsample"": 0.7}",0.5385934181159202,0.018788965248953546,"[0.5621686378466558, 0.5268874745243598, 0.5606567034205437, 0.5194126336788677, 0.523841641109174]",,,,,,,,0.40523887801177094,766.985,f6cb3ac8f820,,legacy,ok,auto GB search 3h ext (threshold-tuned)
RF_20260716_210055,2026-07-16T21:03:00,random_forest,Random Forest,"{""n_estimators"": 220, ""max_depth"": 6, ""min_samples_leaf"": 25, ""max_features"": 0.3}",0.5459073042398688,0.02124444092759894,"[0.5713142183730419, 0.5355876197819143, 0.5717399119259459, 0.5252424296507823, 0.5256523414676595]",,,,,,,,0.41837339427942066,125.327,f6cb3ac8f820,,legacy,ok,auto RF 2h search RF_2H_20260716_201010
RF_20260716_210302,2026-07-16T21:05:37,random_forest,Random Forest,"{""n_estimators"": 260, ""max_depth"": 6, ""min_samples_leaf"": 25, ""max_features"": 0.3}",0.5447980733938761,0.02233125193700638,"[0.5709865550707862, 0.5351238528564014, 0.5720745931182699, 0.5205391921947383, 0.5252661737291846]",,,,,,,,0.42077527430827477,155.75,f6cb3ac8f820,,legacy,ok,auto RF 2h search RF_2H_20260716_201010
RF_20260716_210539,2026-07-16T21:06:27,random_forest,Random Forest,"{""n_estimators"": 130, ""max_depth"": 4, ""min_samples_leaf"": 15, ""max_features"": 0.25}",0.5486357754846979,0.02035884518750828,"[0.5718712196778369, 0.5392713939575873, 0.573611632773515, 0.5349786113853241, 0.5234460196292258]",,,,,,,,0.4176898768334806,48.156,f6cb3ac8f820,,legacy,ok,auto RF 2h search RF_2H_20260716_201010
GB_20260716_210252,2026-07-16T21:07:24,gradient_boosting,Gradient Boosting,"{""n_estimators"": 60, ""learning_rate"": 0.3, ""max_depth"": 2, ""subsample"": 0.5}",0.542706452026213,0.021776331488110444,"[0.5734265734265734, 0.5303651848218665, 0.5644077653085213, 0.5220131379998221, 0.5233195985742815]",,,,,,,,0.4102695060690479,271.769,f6cb3ac8f820,,legacy,ok,auto GB search 3h ext (threshold-tuned)
RF_20260716_210628,2026-07-16T21:07:30,random_forest,Random Forest,"{""n_estimators"": 130, ""max_depth"": 4, ""min_samples_leaf"": 15, ""max_features"": 0.3}",0.5481702900668077,0.019924775414210973,"[0.5718108735910253, 0.5383840244444204, 0.5719230221579645, 0.5347980543258458, 0.5239354758147824]",,,,,,,,0.4177787747592074,61.581,f6cb3ac8f820,,legacy,ok,auto RF 2h search RF_2H_20260716_201010
RF_20260716_210731,2026-07-16T21:08:33,random_forest,Random Forest,"{""n_estimators"": 130, ""max_depth"": 4, ""min_samples_leaf"": 15, ""max_features"": 0.35}",0.5488317157708396,0.020875164097735908,"[0.5745270255760517, 0.5386727787748394, 0.5729936166730318, 0.5336535269250349, 0.5243116309052399]",,,,,,,,0.4167736818531454,62.187,f6cb3ac8f820,,legacy,ok,auto RF 2h search RF_2H_20260716_201010
RF_20260716_210835,2026-07-16T21:09:19,random_forest,Random Forest,"{""n_estimators"": 130, ""max_depth"": 4, ""min_samples_leaf"": 15, ""max_features"": ""sqrt""}",0.5488128592737564,0.020356868001314008,"[0.5710830363891588, 0.5406145388819371, 0.5745994445631275, 0.5338606578262266, 0.5239066187083323]",,,,,,,,0.42428413051295244,44.877,f6cb3ac8f820,,legacy,ok,auto RF 2h search RF_2H_20260716_201010
RF_20260716_210921,2026-07-16T21:10:19,random_forest,Random Forest,"{""n_estimators"": 130, ""max_depth"": 4, ""min_samples_leaf"": 20, ""max_features"": 0.25}",0.5486460996935586,0.020388032743104585,"[0.5718958760368321, 0.5392478302796528, 0.5736907516928088, 0.5349334210093704, 0.5234626194491288]",,,,,,,,0.41769438132744546,58.215,f6cb3ac8f820,,legacy,ok,auto RF 2h search RF_2H_20260716_201010
RF_20260716_211020,2026-07-16T21:11:18,random_forest,Random Forest,"{""n_estimators"": 130, ""max_depth"": 4, ""min_samples_leaf"": 20, ""max_features"": 0.3}",0.5480941682171958,0.019830194521606864,"[0.5713494809688582, 0.5385232049226503, 0.5719763365468887, 0.5346863428327999, 0.5239354758147824]",,,,,,,,0.41710123757952144,57.988,f6cb3ac8f820,,legacy,ok,auto RF 2h search RF_2H_20260716_201010
RF_20260716_211120,2026-07-16T21:12:22,random_forest,Random Forest,"{""n_estimators"": 130, ""max_depth"": 4, ""min_samples_leaf"": 20, ""max_features"": 0.35}",0.5490799704409838,0.020572429237920953,"[0.5745039331208482, 0.5403941884387026, 0.5724602002297718, 0.5336535269250349, 0.5243880034905617]",,,,,,,,0.4148509563176505,62.279,f6cb3ac8f820,,legacy,ok,auto RF 2h search RF_2H_20260716_201010
RF_20260716_211223,2026-07-16T21:13:12,random_forest,Random Forest,"{""n_estimators"": 130, ""max_depth"": 4, ""min_samples_leaf"": 20, ""max_features"": ""sqrt""}",0.5487851883688157,0.020251908816553654,"[0.5710431460577151, 0.5406788187568904, 0.5743375622290028, 0.5338547436522356, 0.524011671148235]",,,,,,,,0.42447885408540226,48.629,f6cb3ac8f820,,legacy,ok,auto RF 2h search RF_2H_20260716_201010
RF_20260716_211313,2026-07-16T21:14:27,random_forest,Random Forest,"{""n_estimators"": 130, ""max_depth"": 4, ""min_samples_leaf"": 25, ""max_features"": 0.25}",0.5485986997193069,0.02034134252981884,"[0.571602239402826, 0.5391369606003752, 0.5737975361542582, 0.5349188952213941, 0.5235378672176804]",,,,,,,,0.418365827878032,74.123,f6cb3ac8f820,,legacy,ok,auto RF 2h search RF_2H_20260716_201010
RF_20260716_211429,2026-07-16T21:16:03,random_forest,Random Forest,"{""n_estimators"": 130, ""max_depth"": 4, ""min_samples_leaf"": 25, ""max_features"": 0.35}",0.5491317453101531,0.020496171216434697,"[0.5743208390646493, 0.5404127531787106, 0.5725911422727322, 0.5337728710812186, 0.5245611209534546]",,,,,,,,0.4150633519209621,93.886,f6cb3ac8f820,,legacy,ok,auto RF 2h search RF_2H_20260716_201010
RF_20260716_211605,2026-07-16T21:16:59,random_forest,Random Forest,"{""n_estimators"": 130, ""max_depth"": 4, ""min_samples_leaf"": 25, ""max_features"": ""sqrt""}",0.5489935030370583,0.02050786739171223,"[0.57096332402325, 0.54076462459696, 0.5753934495959167, 0.5339167035888347, 0.5239294133803301]",,,,,,,,0.423997596285606,54.137,f6cb3ac8f820,,legacy,ok,auto RF 2h search RF_2H_20260716_201010
RF_20260716_211700,2026-07-16T21:18:01,random_forest,Random Forest,"{""n_estimators"": 130, ""max_depth"": 4, ""min_samples_leaf"": 30, ""max_features"": 0.25}",0.5485226994674788,0.020351767175604826,"[0.5715778808723937, 0.5388326045617164, 0.5737462494642092, 0.5349188952213941, 0.5235378672176804]",,,,,,,,0.41857952031139006,61.165,f6cb3ac8f820,,legacy,ok,auto RF 2h search RF_2H_20260716_201010
RF_20260716_211802,2026-07-16T21:19:19,random_forest,Random Forest,"{""n_estimators"": 130, ""max_depth"": 4, ""min_samples_leaf"": 30, ""max_features"": 0.3}",0.5480329976415532,0.019711682069766822,"[0.5714133707877124, 0.538649043930448, 0.5714474016630235, 0.5348062920955822, 0.5238488797309996]",,,,,,,,0.4169733837551279,76.395,f6cb3ac8f820,,legacy,ok,auto RF 2h search RF_2H_20260716_201010
RF_20260716_211920,2026-07-16T21:20:43,random_forest,Random Forest,"{""n_estimators"": 130, ""max_depth"": 4, ""min_samples_leaf"": 30, ""max_features"": 0.35}",0.5490704231288055,0.02056383280298906,"[0.5743619514502569, 0.5399654237722238, 0.5726864546576794, 0.5337492533351033, 0.5245890324287638]",,,,,,,,0.4151116227012415,82.714,f6cb3ac8f820,,legacy,ok,auto RF 2h search RF_2H_20260716_201010
RF_20260716_212045,2026-07-16T21:21:52,random_forest,Random Forest,"{""n_estimators"": 130, ""max_depth"": 4, ""min_samples_leaf"": 30, ""max_features"": ""sqrt""}",0.5488799473181479,0.020393179234611102,"[0.5707959344588099, 0.5406591043492285, 0.5750778284788264, 0.5339063780766078, 0.523960491227267]",,,,,,,,0.4246415366147728,66.793,f6cb3ac8f820,,legacy,ok,auto RF 2h search RF_2H_20260716_201010
RF_20260716_212153,2026-07-16T21:23:02,random_forest,Random Forest,"{""n_estimators"": 130, ""max_depth"": 4, ""min_samples_leaf"": 40, ""max_features"": 0.25}",0.548462250520336,0.020208311474511124,"[0.5715687215415294, 0.5390336963045529, 0.5732342328716807, 0.5349916099101767, 0.5234829919737404]",,,,,,,,0.41919966003859727,68.596,f6cb3ac8f820,,legacy,ok,auto RF 2h search RF_2H_20260716_201010
RF_20260716_212304,2026-07-16T21:24:16,random_forest,Random Forest,"{""n_estimators"": 130, ""max_depth"": 4, ""min_samples_leaf"": 40, ""max_features"": 0.3}",0.5481374884877144,0.0198295214427909,"[0.5715532007702702, 0.5384106749915992, 0.5718451604415844, 0.5349996734089573, 0.523878732826161]",,,,,,,,0.41677657828142883,72.397,f6cb3ac8f820,,legacy,ok,auto RF 2h search RF_2H_20260716_201010
RF_20260716_212418,2026-07-16T21:25:44,random_forest,Random Forest,"{""n_estimators"": 130, ""max_depth"": 4, ""min_samples_leaf"": 40, ""max_features"": 0.35}",0.5489980791594119,0.020732535700567347,"[0.5745645123182336, 0.5394257381306035, 0.5728214769795811, 0.5337609200486564, 0.5244177483199852]",,,,,,,,0.41509150657168375,86.652,f6cb3ac8f820,,legacy,ok,auto RF 2h search RF_2H_20260716_201010
GB_20260716_210727,2026-07-16T21:26:09,gradient_boosting,Gradient Boosting,"{""n_estimators"": 150, ""learning_rate"": 0.05, ""max_depth"": 3, ""subsample"": 0.5}",0.5448612922038708,0.02196880556065712,"[0.5742842148230217, 0.5349520310039425, 0.567601638827608, 0.519294902334445, 0.528173674030337]",,,,,,,,0.41628993383606944,1122.225,f6cb3ac8f820,,legacy,ok,auto GB search 3h ext (threshold-tuned)
RF_20260716_212546,2026-07-16T21:26:41,random_forest,Random Forest,"{""n_estimators"": 130, ""max_depth"": 4, ""min_samples_leaf"": 40, ""max_features"": ""sqrt""}",0.5487729703581004,0.02033044131505956,"[0.5710430004210435, 0.5407061099467999, 0.5744380822151953, 0.5339460716460882, 0.5237315875613748]",,,,,,,,0.42447646272042566,54.638,f6cb3ac8f820,,legacy,ok,auto RF 2h search RF_2H_20260716_201010
RF_20260716_212642,2026-07-16T21:27:51,random_forest,Random Forest,"{""n_estimators"": 130, ""max_depth"": 5, ""min_samples_leaf"": 15, ""max_features"": 0.25}",0.5475069867128447,0.020608822158042304,"[0.5717148674434223, 0.5367205643924455, 0.5727532018456727, 0.5324324627158336, 0.5239138371668492]",,,,,,,,0.4189779851662697,69.15,f6cb3ac8f820,,legacy,ok,auto RF 2h search RF_2H_20260716_201010
RF_20260716_212753,2026-07-16T21:29:09,random_forest,Random Forest,"{""n_estimators"": 130, ""max_depth"": 5, ""min_samples_leaf"": 15, ""max_features"": 0.3}",0.5474248038049818,0.020105027747604025,"[0.5723086267109173, 0.5396497124022491, 0.5703164211066374, 0.5303711459886414, 0.5244781128164635]",,,,,,,,0.41742886079286456,76.522,f6cb3ac8f820,,legacy,ok,auto RF 2h search RF_2H_20260716_201010
RF_20260716_212911,2026-07-16T21:30:37,random_forest,Random Forest,"{""n_estimators"": 130, ""max_depth"": 5, ""min_samples_leaf"": 15, ""max_features"": 0.35}",0.5456256138262879,0.02228244639375225,"[0.5737708482832105, 0.5360447671298882, 0.5708769502042274, 0.5229926963673094, 0.5244428071468042]",,,,,,,,0.4193045684299673,86.027,f6cb3ac8f820,,legacy,ok,auto RF 2h search RF_2H_20260716_201010
RF_20260716_213038,2026-07-16T21:31:38,random_forest,Random Forest,"{""n_estimators"": 130, ""max_depth"": 5, ""min_samples_leaf"": 15, ""max_features"": ""sqrt""}",0.5476233158112835,0.020496111585651275,"[0.5710789621865119, 0.536959154464384, 0.5732889847127272, 0.5327741430408768, 0.5240153346519181]",,,,,,,,0.4240090852870462,59.756,f6cb3ac8f820,,legacy,ok,auto RF 2h search RF_2H_20260716_201010
RF_20260716_213139,2026-07-16T21:32:51,random_forest,Random Forest,"{""n_estimators"": 130, ""max_depth"": 5, ""min_samples_leaf"": 20, ""max_features"": 0.25}",0.5473235610454125,0.02074744400793471,"[0.5719850187265918, 0.5367731745039324, 0.5724725407761221, 0.5315430183356841, 0.5238440528847316]",,,,,,,,0.41993099690093283,71.779,f6cb3ac8f820,,legacy,ok,auto RF 2h search RF_2H_20260716_201010
RF_20260716_213253,2026-07-16T21:34:32,random_forest,Random Forest,"{""n_estimators"": 130, ""max_depth"": 5, ""min_samples_leaf"": 20, ""max_features"": 0.3}",0.5479679837134408,0.019341460839583335,"[0.5715771882643292, 0.5395000754847198, 0.5702399359280971, 0.5340281764783819, 0.5244945424116757]",,,,,,,,0.4164104768509708,98.949,f6cb3ac8f820,,legacy,ok,auto RF 2h search RF_2H_20260716_201010
RF_20260716_213434,2026-07-16T21:36:10,random_forest,Random Forest,"{""n_estimators"": 130, ""max_depth"": 5, ""min_samples_leaf"": 20, ""max_features"": 0.35}",0.5461194135031335,0.02196957955629578,"[0.5739311647292501, 0.5363122382249051, 0.5710346361260911, 0.5256121587390937, 0.5237068696963277]",,,,,,,,0.4181605413999046,96.366,f6cb3ac8f820,,legacy,ok,auto RF 2h search RF_2H_20260716_201010
RF_20260716_213612,2026-07-16T21:37:08,random_forest,Random Forest,"{""n_estimators"": 130, ""max_depth"": 5, ""min_samples_leaf"": 20, ""max_features"": ""sqrt""}",0.5476679558581188,0.02023593814835175,"[0.5708693703051707, 0.5372181069958848, 0.5728786394800107, 0.5333674422743249, 0.5240062202352026]",,,,,,,,0.4257728549491775,56.38,f6cb3ac8f820,,legacy,ok,auto RF 2h search RF_2H_20260716_201010
RF_20260716_213710,2026-07-16T21:38:18,random_forest,Random Forest,"{""n_estimators"": 130, ""max_depth"": 5, ""min_samples_leaf"": 25, ""max_features"": 0.25}",0.5473636905852968,0.02083741275120891,"[0.5717429624485871, 0.5367656736717413, 0.5730114413970548, 0.5314696341683186, 0.5238287412407822]",,,,,,,,0.4194644998752885,68.055,f6cb3ac8f820,,legacy,ok,auto RF 2h search RF_2H_20260716_201010
RF_20260716_213819,2026-07-16T21:39:51,random_forest,Random Forest,"{""n_estimators"": 130, ""max_depth"": 5, ""min_samples_leaf"": 25, ""max_features"": 0.35}",0.5469011249385577,0.0217827771743333,"[0.573705005823256, 0.5404274845002187, 0.5714729507832956, 0.5247805854980268, 0.5241195980879915]",,,,,,,,0.41367035340023606,91.527,f6cb3ac8f820,,legacy,ok,auto RF 2h search RF_2H_20260716_201010
RF_20260716_213952,2026-07-16T21:40:53,random_forest,Random Forest,"{""n_estimators"": 130, ""max_depth"": 5, ""min_samples_leaf"": 25, ""max_features"": ""sqrt""}",0.5475771482626834,0.02003986392845341,"[0.5713945172824791, 0.5366692383996473, 0.571887027457669, 0.5333333333333333, 0.5246016248402883]",,,,,,,,0.4251031571561473,60.815,f6cb3ac8f820,,legacy,ok,auto RF 2h search RF_2H_20260716_201010
GB_20260716_212612,2026-07-16T21:43:38,gradient_boosting,Gradient Boosting,"{""n_estimators"": 120, ""learning_rate"": 0.05, ""max_depth"": 2, ""subsample"": 1.0}",0.5452628846832767,0.02002632813063483,"[0.5752240681740511, 0.5333172380492516, 0.5631561679790026, 0.5273669247306775, 0.5272500244834003]",,,,,,,,0.423395840266262,1045.868,f6cb3ac8f820,,legacy,ok,auto GB search 3h ext (threshold-tuned)
RF_20260717_151108,2026-07-17T15:12:05,random_forest,Random Forest,"{""n_estimators"": 130, ""max_depth"": 5, ""min_samples_leaf"": 30, ""max_features"": 0.25}",0.547887439421803,0.020558949126683237,"[0.5719378388763181, 0.5377720591442404, 0.5729807881881311, 0.5329189352353908, 0.5238275756649343]",,,,,,,,0.418222668510011,57.327,f6cb3ac8f820,,legacy,ok,auto RF 2h search RF_2H_20260717_151104
RF_20260717_151207,2026-07-17T15:13:15,random_forest,Random Forest,"{""n_estimators"": 130, ""max_depth"": 5, ""min_samples_leaf"": 30, ""max_features"": 0.3}",0.5478900284492019,0.020338245351273758,"[0.5724381625441696, 0.5399526168425587, 0.5717122902254146, 0.5306479660843572, 0.524699106549509]",,,,,,,,0.4171284312905127,68.22,f6cb3ac8f820,,legacy,ok,auto RF 2h search RF_2H_20260717_151104
RF_20260717_151316,2026-07-17T15:14:30,random_forest,Random Forest,"{""n_estimators"": 130, ""max_depth"": 5, ""min_samples_leaf"": 30, ""max_features"": 0.35}",0.5471293653163525,0.021499245781917215,"[0.5741215863628457, 0.5403080487386305, 0.570945908398813, 0.525942485281897, 0.5243287977995764]",,,,,,,,0.4139397891359737,74.097,f6cb3ac8f820,,legacy,ok,auto RF 2h search RF_2H_20260717_151104
RF_20260717_151432,2026-07-17T15:15:24,random_forest,Random Forest,"{""n_estimators"": 130, ""max_depth"": 5, ""min_samples_leaf"": 30, ""max_features"": ""sqrt""}",0.547718468362477,0.020573998071248396,"[0.5719634966995111, 0.5363676633444076, 0.5729217703739997, 0.5330780874365595, 0.5242613239579069]",,,,,,,,0.4223678925203317,52.044,f6cb3ac8f820,,legacy,ok,auto RF 2h search RF_2H_20260717_151104
RF_20260717_151525,2026-07-17T15:16:20,random_forest,Random Forest,"{""n_estimators"": 130, ""max_depth"": 5, ""min_samples_leaf"": 40, ""max_features"": 0.25}",0.5470737002345176,0.02062516815763957,"[0.5720617979945776, 0.5367684171256776, 0.5715589692213503, 0.5313488119974704, 0.5236305048335124]",,,,,,,,0.42150688306193357,54.53,f6cb3ac8f820,,legacy,ok,auto RF 2h search RF_2H_20260717_151104
RF_20260717_151621,2026-07-17T15:17:23,random_forest,Random Forest,"{""n_estimators"": 130, ""max_depth"": 5, ""min_samples_leaf"": 40, ""max_features"": 0.3}",0.5467798523983387,0.02102217051721706,"[0.5722043833372842, 0.5399251000817873, 0.5711499894740341, 0.525780055330524, 0.5248397337680645]",,,,,,,,0.4177339922518075,62.496,f6cb3ac8f820,,legacy,ok,auto RF 2h search RF_2H_20260717_151104
RF_20260717_151724,2026-07-17T15:18:34,random_forest,Random Forest,"{""n_estimators"": 130, ""max_depth"": 5, ""min_samples_leaf"": 40, ""max_features"": 0.35}",0.5467210192151734,0.021946391578262118,"[0.5741397965808267, 0.5405896953098254, 0.5709055188426505, 0.52420724801812, 0.5237628373244442]",,,,,,,,0.41460959336236075,69.37,f6cb3ac8f820,,legacy,ok,auto RF 2h search RF_2H_20260717_151104
RF_20260717_151835,2026-07-17T15:19:24,random_forest,Random Forest,"{""n_estimators"": 130, ""max_depth"": 5, ""min_samples_leaf"": 40, ""max_features"": ""sqrt""}",0.5479752026133309,0.02047562559672965,"[0.5719218963165075, 0.5368839375158247, 0.5730018572219869, 0.5343226561551117, 0.5237456658572239]",,,,,,,,0.420584029761799,49.207,f6cb3ac8f820,,legacy,ok,auto RF 2h search RF_2H_20260717_151104
RF_20260717_151925,2026-07-17T15:20:32,random_forest,Random Forest,"{""n_estimators"": 130, ""max_depth"": 6, ""min_samples_leaf"": 15, ""max_features"": 0.25}",0.5447435911455701,0.022218753855665577,"[0.5702486923006332, 0.5360385705932325, 0.5719154433876106, 0.5184563136770608, 0.5270589357693133]",,,,,,,,0.42338202781904843,66.384,f6cb3ac8f820,,legacy,ok,auto RF 2h search RF_2H_20260717_151104
RF_20260717_152033,2026-07-17T15:21:55,random_forest,Random Forest,"{""n_estimators"": 130, ""max_depth"": 6, ""min_samples_leaf"": 15, ""max_features"": 0.35}",0.5470890713988534,0.02165084777396339,"[0.5745657815931323, 0.5377556685207964, 0.5714889875685842, 0.5249822372620094, 0.5266526820497452]",,,,,,,,0.41360930911628746,81.466,f6cb3ac8f820,,legacy,ok,auto RF 2h search RF_2H_20260717_151104
RF_20260717_152156,2026-07-17T15:22:52,random_forest,Random Forest,"{""n_estimators"": 130, ""max_depth"": 6, ""min_samples_leaf"": 15, ""max_features"": ""sqrt""}",0.5472850752110009,0.020613745997916842,"[0.5705858513081461, 0.5367061737130727, 0.5736635952458446, 0.5299196601717611, 0.5255500956161797]",,,,,,,,0.42433427265684437,55.728,f6cb3ac8f820,,legacy,ok,auto RF 2h search RF_2H_20260717_151104
RF_20260717_152253,2026-07-17T15:23:55,random_forest,Random Forest,"{""n_estimators"": 130, ""max_depth"": 6, ""min_samples_leaf"": 20, ""max_features"": 0.25}",0.5450597362496188,0.0218229294397892,"[0.5719003897219103, 0.5373772360575236, 0.5697404371584699, 0.5191590911886632, 0.5271215271215272]",,,,,,,,0.4206537326663343,62.164,f6cb3ac8f820,,legacy,ok,auto RF 2h search RF_2H_20260717_151104
RF_20260717_152356,2026-07-17T15:25:17,random_forest,Random Forest,"{""n_estimators"": 130, ""max_depth"": 6, ""min_samples_leaf"": 20, ""max_features"": 0.35}",0.5463150166344043,0.021819119058279754,"[0.5743413950071787, 0.5360860932237788, 0.5707425402157617, 0.524182059640227, 0.5262229950850753]",,,,,,,,0.4166699470625114,81.17,f6cb3ac8f820,,legacy,ok,auto RF 2h search RF_2H_20260717_151104
RF_20260717_152519,2026-07-17T15:26:16,random_forest,Random Forest,"{""n_estimators"": 130, ""max_depth"": 6, ""min_samples_leaf"": 20, ""max_features"": ""sqrt""}",0.5456844820885994,0.02172521447160734,"[0.5703234958385514, 0.5371048179315073, 0.572920770347692, 0.5237524476354358, 0.5243208786898107]",,,,,,,,0.424846457568656,56.757,f6cb3ac8f820,,legacy,ok,auto RF 2h search RF_2H_20260717_151104
RF_20260717_152617,2026-07-17T15:27:25,random_forest,Random Forest,"{""n_estimators"": 130, ""max_depth"": 6, ""min_samples_leaf"": 30, ""max_features"": 0.25}",0.5461293450156182,0.02143088742382466,"[0.5723638680478508, 0.5397510767603277, 0.5702751128348189, 0.521266946436562, 0.5269897209985316]",,,,,,,,0.41700309623543974,67.757,f6cb3ac8f820,,legacy,ok,auto RF 2h search RF_2H_20260717_151104
RF_20260717_152726,2026-07-17T15:28:47,random_forest,Random Forest,"{""n_estimators"": 130, ""max_depth"": 6, ""min_samples_leaf"": 30, ""max_features"": 0.35}",0.5468692310061538,0.02207018974959056,"[0.5752622590875823, 0.5366311971507856, 0.5715270749691382, 0.5255183603349955, 0.5254072634882678]",,,,,,,,0.41550133001584966,81.207,f6cb3ac8f820,,legacy,ok,auto RF 2h search RF_2H_20260717_151104
RF_20260717_152848,2026-07-17T15:29:42,random_forest,Random Forest,"{""n_estimators"": 130, ""max_depth"": 6, ""min_samples_leaf"": 30, ""max_features"": ""sqrt""}",0.5468655783711354,0.020194025646560865,"[0.5697156830705777, 0.5380174830941779, 0.5724530831099196, 0.5273807162277273, 0.5267609263532746]",,,,,,,,0.4224133832894929,53.797,f6cb3ac8f820,,legacy,ok,auto RF 2h search RF_2H_20260717_151104
RF_20260717_152943,2026-07-17T15:30:49,random_forest,Random Forest,"{""n_estimators"": 130, ""max_depth"": 6, ""min_samples_leaf"": 40, ""max_features"": 0.25}",0.5451042141389708,0.021672910399369902,"[0.5719313390218799, 0.5357072075047896, 0.5700853727945362, 0.5209693803511827, 0.5268277710224657]",,,,,,,,0.42048504398604686,65.238,f6cb3ac8f820,,legacy,ok,auto RF 2h search RF_2H_20260717_151104
RF_20260717_153050,2026-07-17T15:32:10,random_forest,Random Forest,"{""n_estimators"": 130, ""max_depth"": 6, ""min_samples_leaf"": 40, ""max_features"": 0.35}",0.5465617642676568,0.022199062019481932,"[0.574853768592279, 0.5356169801371067, 0.5717258042865453, 0.5234442222626189, 0.5271680460597337]",,,,,,,,0.41567428230018555,80.352,f6cb3ac8f820,,legacy,ok,auto RF 2h search RF_2H_20260717_151104
RF_20260717_153212,2026-07-17T15:33:08,random_forest,Random Forest,"{""n_estimators"": 130, ""max_depth"": 6, ""min_samples_leaf"": 40, ""max_features"": ""sqrt""}",0.545179379071613,0.021995326406471782,"[0.569732804262542, 0.5367621067515023, 0.5728510012696857, 0.5201154675338912, 0.5264355155404434]",,,,,,,,0.42553696059347706,56.088,f6cb3ac8f820,,legacy,ok,auto RF 2h search RF_2H_20260717_151104
RF_20260717_153309,2026-07-17T15:34:19,random_forest,Random Forest,"{""n_estimators"": 130, ""max_depth"": 7, ""min_samples_leaf"": 15, ""max_features"": 0.25}",0.5450680634368678,0.02156724122740637,"[0.5714711376476925, 0.5350901556476431, 0.5705160608427922, 0.5225876222779334, 0.5256753407682776]",,,,,,,,0.4227329664056185,69.85,f6cb3ac8f820,,legacy,ok,auto RF 2h search RF_2H_20260717_151104
RF_20260717_153420,2026-07-17T15:35:42,random_forest,Random Forest,"{""n_estimators"": 130, ""max_depth"": 7, ""min_samples_leaf"": 15, ""max_features"": 0.3}",0.5434178998818084,0.020845773388749256,"[0.5649070685844716, 0.5314641465490214, 0.5722444574358052, 0.5234419772957286, 0.5250318495440155]",,,,,,,,0.42309821769239686,82.457,f6cb3ac8f820,,legacy,ok,auto RF 2h search RF_2H_20260717_151104
RF_20260717_153544,2026-07-17T15:37:14,random_forest,Random Forest,"{""n_estimators"": 130, ""max_depth"": 7, ""min_samples_leaf"": 15, ""max_features"": 0.35}",0.5420465395736414,0.01904027963659435,"[0.565384661770204, 0.529861932938856, 0.5651067069543908, 0.5260508431915429, 0.5238285530132131]",,,,,,,,0.4258479390681778,90.51,f6cb3ac8f820,,legacy,ok,auto RF 2h search RF_2H_20260717_151104
RF_20260717_153715,2026-07-17T15:38:15,random_forest,Random Forest,"{""n_estimators"": 130, ""max_depth"": 7, ""min_samples_leaf"": 15, ""max_features"": ""sqrt""}",0.5451451844086235,0.019283709399237715,"[0.5675042957803328, 0.5351874325031453, 0.5694004485652847, 0.5266608443896779, 0.5269729008046765]",,,,,,,,0.42339034236765255,59.903,f6cb3ac8f820,,legacy,ok,auto RF 2h search RF_2H_20260717_151104
RF_20260717_153817,2026-07-17T15:39:28,random_forest,Random Forest,"{""n_estimators"": 130, ""max_depth"": 7, ""min_samples_leaf"": 20, ""max_features"": 0.25}",0.5454861495161715,0.02107506607312621,"[0.5700181504988497, 0.5359651166661119, 0.5714840448616917, 0.5225766287032629, 0.5273868068509412]",,,,,,,,0.42112047524864965,70.968,f6cb3ac8f820,,legacy,ok,auto RF 2h search RF_2H_20260717_151104
RF_20260717_153929,2026-07-17T15:40:51,random_forest,Random Forest,"{""n_estimators"": 130, ""max_depth"": 7, ""min_samples_leaf"": 20, ""max_features"": 0.3}",0.5442144010287889,0.020309516351034198,"[0.5658260630870401, 0.5348419699454763, 0.5712789453311778, 0.5234238877027657, 0.5257011390774847]",,,,,,,,0.4225165584012493,82.074,f6cb3ac8f820,,legacy,ok,auto RF 2h search RF_2H_20260717_151104
RF_20260717_154052,2026-07-17T15:42:26,random_forest,Random Forest,"{""n_estimators"": 130, ""max_depth"": 7, ""min_samples_leaf"": 20, ""max_features"": 0.35}",0.5443287762167103,0.018928940968352237,"[0.5669494872132403, 0.5365124711570157, 0.5670300720930506, 0.5257262107510374, 0.5254256398692073]",,,,,,,,0.4203280623622703,93.713,f6cb3ac8f820,,legacy,ok,auto RF 2h search RF_2H_20260717_151104
RF_20260717_154227,2026-07-17T15:43:29,random_forest,Random Forest,"{""n_estimators"": 130, ""max_depth"": 7, ""min_samples_leaf"": 20, ""max_features"": ""sqrt""}",0.5454970808837624,0.021576988276978886,"[0.5697091727656302, 0.5351751796357155, 0.5731780066407789, 0.5231700028055281, 0.5262530425711589]",,,,,,,,0.42316969994699605,61.388,f6cb3ac8f820,,legacy,ok,auto RF 2h search RF_2H_20260717_151104
RF_20260717_154330,2026-07-17T15:44:39,random_forest,Random Forest,"{""n_estimators"": 130, ""max_depth"": 7, ""min_samples_leaf"": 25, ""max_features"": 0.25}",0.5437592083493089,0.019448775475504824,"[0.5657219715996334, 0.5340909090909091, 0.5687014894063352, 0.5250175838568067, 0.5252640877928606]",,,,,,,,0.4252593477807573,69.544,f6cb3ac8f820,,legacy,ok,auto RF 2h search RF_2H_20260717_151104
RF_20260717_154440,2026-07-17T15:46:08,random_forest,Random Forest,"{""n_estimators"": 130, ""max_depth"": 7, ""min_samples_leaf"": 25, ""max_features"": 0.35}",0.5430562751998167,0.01933426560744355,"[0.5659204723374248, 0.5303152789005658, 0.567366027778105, 0.5255344916483806, 0.5261451053346071]",,,,,,,,0.42309012262183676,87.973,f6cb3ac8f820,,legacy,ok,auto RF 2h search RF_2H_20260717_151104
RF_20260717_154609,2026-07-17T15:47:10,random_forest,Random Forest,"{""n_estimators"": 130, ""max_depth"": 7, ""min_samples_leaf"": 25, ""max_features"": ""sqrt""}",0.5447901579085224,0.019289119559267317,"[0.5648556855969611, 0.5360335381407626, 0.5708880353150261, 0.5256906110425922, 0.5264829194472699]",,,,,,,,0.42542811036536027,60.243,f6cb3ac8f820,,legacy,ok,auto RF 2h search RF_2H_20260717_151104
RF_20260717_154711,2026-07-17T15:48:20,random_forest,Random Forest,"{""n_estimators"": 130, ""max_depth"": 7, ""min_samples_leaf"": 30, ""max_features"": 0.25}",0.5455705992446894,0.020292594789279767,"[0.5688640273373045, 0.535897776596687, 0.5711518300742969, 0.5259049828427819, 0.5260343793723766]",,,,,,,,0.4224867782731819,68.873,f6cb3ac8f820,,legacy,ok,auto RF 2h search RF_2H_20260717_151104
RF_20260717_154821,2026-07-17T15:49:42,random_forest,Random Forest,"{""n_estimators"": 130, ""max_depth"": 7, ""min_samples_leaf"": 30, ""max_features"": 0.3}",0.544595674852794,0.021337383121738843,"[0.5713260320915048, 0.5322099311149505, 0.569699634377748, 0.5251853992102475, 0.5245573774695196]",,,,,,,,0.4223784614519994,81.325,f6cb3ac8f820,,legacy,ok,auto RF 2h search RF_2H_20260717_151104
RF_20260717_154943,2026-07-17T15:51:18,random_forest,Random Forest,"{""n_estimators"": 130, ""max_depth"": 7, ""min_samples_leaf"": 30, ""max_features"": 0.35}",0.544125165357041,0.01996310163634453,"[0.5688967343336275, 0.5345987080789311, 0.5674157967536383, 0.52357513584639, 0.5261394517726184]",,,,,,,,0.42084716603054784,94.319,f6cb3ac8f820,,legacy,ok,auto RF 2h search RF_2H_20260717_151104
RF_20260717_155119,2026-07-17T15:52:20,random_forest,Random Forest,"{""n_estimators"": 130, ""max_depth"": 7, ""min_samples_leaf"": 30, ""max_features"": ""sqrt""}",0.5448086938447543,0.020279554573165114,"[0.5664302380924742, 0.5343640291655415, 0.5720150607875158, 0.5244136870434448, 0.526820454134795]",,,,,,,,0.42422156314862425,61.235,f6cb3ac8f820,,legacy,ok,auto RF 2h search RF_2H_20260717_151104
RF_20260717_155221,2026-07-17T15:53:32,random_forest,Random Forest,"{""n_estimators"": 130, ""max_depth"": 7, ""min_samples_leaf"": 40, ""max_features"": 0.25}",0.5458089263058239,0.02056051534473115,"[0.5699395598129775, 0.534227350693903, 0.5715676287492926, 0.5266721697831054, 0.5266379224898404]",,,,,,,,0.42027111676742823,70.9,f6cb3ac8f820,,legacy,ok,auto RF 2h search RF_2H_20260717_151104
RF_20260717_155334,2026-07-17T15:54:50,random_forest,Random Forest,"{""n_estimators"": 130, ""max_depth"": 7, ""min_samples_leaf"": 40, ""max_features"": 0.3}",0.5453442396367784,0.021063032714715872,"[0.5715661103979461, 0.5365231820829258, 0.569565167203426, 0.5244304411051867, 0.5246362973944069]",,,,,,,,0.4194549977419359,76.216,f6cb3ac8f820,,legacy,ok,auto RF 2h search RF_2H_20260717_151104
RF_20260717_155451,2026-07-17T15:56:17,random_forest,Random Forest,"{""n_estimators"": 130, ""max_depth"": 7, ""min_samples_leaf"": 40, ""max_features"": 0.35}",0.5428017277908217,0.018954024515225387,"[0.5659909177417217, 0.5345625172508971, 0.5650521744375415, 0.5228535755379832, 0.525549453985965]",,,,,,,,0.4244619479136017,86.121,f6cb3ac8f820,,legacy,ok,auto RF 2h search RF_2H_20260717_151104
RF_20260717_155618,2026-07-17T15:57:16,random_forest,Random Forest,"{""n_estimators"": 130, ""max_depth"": 7, ""min_samples_leaf"": 40, ""max_features"": ""sqrt""}",0.5445842336295108,0.021184340465747072,"[0.5692214237412463, 0.5356291095508748, 0.570518935693351, 0.5207667337291253, 0.5267849654329567]",,,,,,,,0.4249359743013919,57.524,f6cb3ac8f820,,legacy,ok,auto RF 2h search RF_2H_20260717_151104
RF_20260717_155717,2026-07-17T15:58:28,random_forest,Random Forest,"{""n_estimators"": 130, ""max_depth"": 8, ""min_samples_leaf"": 15, ""max_features"": 0.25}",0.5417255242801012,0.016589310176776444,"[0.5641785561202621, 0.5334169644157212, 0.5591634838144136, 0.5260889566838576, 0.5257796603662516]",,,,,,,,0.4287335075948805,71.444,f6cb3ac8f820,,legacy,ok,auto RF 2h search RF_2H_20260717_151104
RF_20260717_155829,2026-07-17T15:59:53,random_forest,Random Forest,"{""n_estimators"": 130, ""max_depth"": 8, ""min_samples_leaf"": 15, ""max_features"": 0.3}",0.5396671430546534,0.018744099025294128,"[0.5643421823150497, 0.5326304715217853, 0.5592579092246006, 0.5177714476351785, 0.5243337045766531]",,,,,,,,0.4303081285437579,83.286,f6cb3ac8f820,,legacy,ok,auto RF 2h search RF_2H_20260717_151104
RF_20260717_155954,2026-07-17T16:01:27,random_forest,Random Forest,"{""n_estimators"": 130, ""max_depth"": 8, ""min_samples_leaf"": 15, ""max_features"": 0.35}",0.5380147276635652,0.016568222590754748,"[0.5604314476269129, 0.5313334380398932, 0.5549461762154992, 0.5200774497272808, 0.5232851267082393]",,,,,,,,0.43149082639784514,93.425,f6cb3ac8f820,,legacy,ok,auto RF 2h search RF_2H_20260717_151104
RF_20260717_160128,2026-07-17T16:02:34,random_forest,Random Forest,"{""n_estimators"": 130, ""max_depth"": 8, ""min_samples_leaf"": 15, ""max_features"": ""sqrt""}",0.5426220063570162,0.018795725754753575,"[0.564816031145133, 0.5330495207847642, 0.5658353189094697, 0.5254992931965639, 0.52390986774915]",,,,,,,,0.42811487114005464,65.341,f6cb3ac8f820,,legacy,ok,auto RF 2h search RF_2H_20260717_151104
RF_20260717_160234,2026-07-17T16:03:52,random_forest,Random Forest,"{""n_estimators"": 130, ""max_depth"": 8, ""min_samples_leaf"": 20, ""max_features"": 0.25}",0.5419071827406953,0.019380141323520863,"[0.5653644286597413, 0.5329100861450108, 0.5650258941967959, 0.5213572059573727, 0.5248782987445555]",,,,,,,,0.4286388156115734,77.392,f6cb3ac8f820,,legacy,ok,auto RF 2h search RF_2H_20260717_151104
RF_20260717_160353,2026-07-17T16:05:15,random_forest,Random Forest,"{""n_estimators"": 130, ""max_depth"": 8, ""min_samples_leaf"": 20, ""max_features"": 0.3}",0.5397347363061972,0.019071974766170494,"[0.561912342669519, 0.5311872135810551, 0.5632990601457633, 0.5192928907541651, 0.5229821743804834]",,,,,,,,0.4320691317346384,82.103,f6cb3ac8f820,,legacy,ok,auto RF 2h search RF_2H_20260717_151104
RF_20260717_160516,2026-07-17T16:06:49,random_forest,Random Forest,"{""n_estimators"": 130, ""max_depth"": 8, ""min_samples_leaf"": 20, ""max_features"": 0.35}",0.5389270653641279,0.01988235667464995,"[0.5658974078530022, 0.5285160764054109, 0.559823321998168, 0.5190508783937942, 0.5213476421702643]",,,,,,,,0.4311769338770219,92.614,f6cb3ac8f820,,legacy,ok,auto RF 2h search RF_2H_20260717_151104
RF_20260717_160650,2026-07-17T16:07:54,random_forest,Random Forest,"{""n_estimators"": 130, ""max_depth"": 8, ""min_samples_leaf"": 20, ""max_features"": ""sqrt""}",0.5420648932137256,0.01857836306773195,"[0.5618566255978052, 0.5326654660063035, 0.5669918564265478, 0.5249696675564184, 0.5238408504815536]",,,,,,,,0.43082328056139946,64.094,f6cb3ac8f820,,legacy,ok,auto RF 2h search RF_2H_20260717_151104
RF_20260717_160755,2026-07-17T16:09:18,random_forest,Random Forest,"{""n_estimators"": 130, ""max_depth"": 8, ""min_samples_leaf"": 25, ""max_features"": 0.25}",0.543308760680639,0.020029467041604146,"[0.5641031875319118, 0.5299877740833419, 0.5711207146250188, 0.5257233950050723, 0.5256087321578505]",,,,,,,,0.4262004902474289,82.968,f6cb3ac8f820,,legacy,ok,auto RF 2h search RF_2H_20260717_151104
RF_20260717_160920,2026-07-17T16:11:02,random_forest,Random Forest,"{""n_estimators"": 130, ""max_depth"": 8, ""min_samples_leaf"": 25, ""max_features"": 0.35}",0.5380016904058962,0.01638541153181002,"[0.561871995826761, 0.5297170184621994, 0.553064622294498, 0.5207510006186791, 0.524603814827344]",,,,,,,,0.43064892438203745,102.068,f6cb3ac8f820,,legacy,ok,auto RF 2h search RF_2H_20260717_151104
RF_20260717_161103,2026-07-17T16:12:09,random_forest,Random Forest,"{""n_estimators"": 130, ""max_depth"": 8, ""min_samples_leaf"": 25, ""max_features"": ""sqrt""}",0.5427187786771871,0.01912291207168358,"[0.5673649680849804, 0.5303939234962706, 0.5646687697160884, 0.5257017512142796, 0.525464480874317]",,,,,,,,0.4293673255741776,65.477,f6cb3ac8f820,,legacy,ok,auto RF 2h search RF_2H_20260717_151104
RF_20260717_161210,2026-07-17T16:13:27,random_forest,Random Forest,"{""n_estimators"": 130, ""max_depth"": 8, ""min_samples_leaf"": 30, ""max_features"": 0.25}",0.542575657975222,0.019576232961556084,"[0.5672910854258004, 0.5340134912910696, 0.5647558896280108, 0.5217824991895464, 0.5250353243416828]",,,,,,,,0.42838280060313394,76.991,f6cb3ac8f820,,legacy,ok,auto RF 2h search RF_2H_20260717_151104
RF_20260717_161328,2026-07-17T16:14:59,random_forest,Random Forest,"{""n_estimators"": 130, ""max_depth"": 8, ""min_samples_leaf"": 30, ""max_features"": 0.3}",0.5387064269758364,0.0188977593743884,"[0.5621030609449329, 0.5300973288267411, 0.5603677170482441, 0.5165680931842248, 0.5243959348750389]",,,,,,,,0.43341426787265747,90.468,f6cb3ac8f820,,legacy,ok,auto RF 2h search RF_2H_20260717_151104
RF_20260717_161500,2026-07-17T16:16:38,random_forest,Random Forest,"{""n_estimators"": 130, ""max_depth"": 8, ""min_samples_leaf"": 30, ""max_features"": 0.35}",0.5375860287567255,0.01792456467323427,"[0.563755410054378, 0.531976090962204, 0.5528994328041231, 0.5171786502212646, 0.5221205597416577]",,,,,,,,0.43359616301919746,97.963,f6cb3ac8f820,,legacy,ok,auto RF 2h search RF_2H_20260717_151104
RF_20260717_161639,2026-07-17T16:17:43,random_forest,Random Forest,"{""n_estimators"": 130, ""max_depth"": 8, ""min_samples_leaf"": 30, ""max_features"": ""sqrt""}",0.5431172082865446,0.019741687812117718,"[0.5678195840149568, 0.5332974029036278, 0.5660627858979156, 0.5240429420379313, 0.5243633265782918]",,,,,,,,0.42732652510644853,64.525,f6cb3ac8f820,,legacy,ok,auto RF 2h search RF_2H_20260717_151104
RF_20260717_161744,2026-07-17T16:19:01,random_forest,Random Forest,"{""n_estimators"": 130, ""max_depth"": 8, ""min_samples_leaf"": 40, ""max_features"": 0.25}",0.5427380362513561,0.02026331184240183,"[0.5653811789138151, 0.5315793626638712, 0.5691512329470527, 0.5237274250149787, 0.5238509817170628]",,,,,,,,0.4271113387276201,76.994,f6cb3ac8f820,,legacy,ok,auto RF 2h search RF_2H_20260717_151104
RF_20260717_161903,2026-07-17T16:20:31,random_forest,Random Forest,"{""n_estimators"": 130, ""max_depth"": 8, ""min_samples_leaf"": 40, ""max_features"": 0.3}",0.5410267024028289,0.019070488033479466,"[0.5627959302253706, 0.5303206175691666, 0.5654931541735893, 0.5230224028548771, 0.5235014071911412]",,,,,,,,0.4294279185506181,88.094,f6cb3ac8f820,,legacy,ok,auto RF 2h search RF_2H_20260717_151104
RF_20260717_162032,2026-07-17T16:22:14,random_forest,Random Forest,"{""n_estimators"": 130, ""max_depth"": 8, ""min_samples_leaf"": 40, ""max_features"": 0.35}",0.5385948944146437,0.016839987129871132,"[0.564875443538062, 0.5293138357705287, 0.5519824357484179, 0.5237241839597573, 0.523078573056453]",,,,,,,,0.42984776144070747,101.735,f6cb3ac8f820,,legacy,ok,auto RF 2h search RF_2H_20260717_151104
RF_20260717_162215,2026-07-17T16:23:22,random_forest,Random Forest,"{""n_estimators"": 130, ""max_depth"": 8, ""min_samples_leaf"": 40, ""max_features"": ""sqrt""}",0.5424596601245995,0.02004928826060392,"[0.5665625411415509, 0.5289008615684726, 0.5673177703668414, 0.5252568800747287, 0.5242602474714032]",,,,,,,,0.4313075584821318,67.433,f6cb3ac8f820,,legacy,ok,auto RF 2h search RF_2H_20260717_151104
RF_20260717_162323,2026-07-17T16:24:08,random_forest,Random Forest,"{""n_estimators"": 130, ""max_depth"": 3, ""min_samples_leaf"": 18, ""max_features"": 0.33}",0.5488022448388746,0.020838926446872783,"[0.5728042609853529, 0.5394430691754406, 0.5740900429029202, 0.5347914469893794, 0.52288240414128]",,,,,,,,0.4264671516242922,44.636,f6cb3ac8f820,,legacy,ok,auto RF 2h search RF_2H_20260717_151104
RF_20260717_162409,2026-07-17T16:24:54,random_forest,Random Forest,"{""n_estimators"": 130, ""max_depth"": 3, ""min_samples_leaf"": 18, ""max_features"": 0.34}",0.5488022448388746,0.020838926446872783,"[0.5728042609853529, 0.5394430691754406, 0.5740900429029202, 0.5347914469893794, 0.52288240414128]",,,,,,,,0.4264671516242922,44.719,f6cb3ac8f820,,legacy,ok,auto RF 2h search RF_2H_20260717_151104
RF_20260717_162455,2026-07-17T16:25:45,random_forest,Random Forest,"{""n_estimators"": 130, ""max_depth"": 3, ""min_samples_leaf"": 18, ""max_features"": 0.36}",0.5485957215343925,0.021540003235454148,"[0.5746579290029245, 0.5364207187707606, 0.5742402012156781, 0.5339957758347104, 0.5236639828478891]",,,,,,,,0.42251323751350406,49.793,f6cb3ac8f820,,legacy,ok,auto RF 2h search RF_2H_20260717_151104
RF_20260717_162546,2026-07-17T16:26:37,random_forest,Random Forest,"{""n_estimators"": 130, ""max_depth"": 3, ""min_samples_leaf"": 18, ""max_features"": 0.37}",0.5485957215343925,0.021540003235454148,"[0.5746579290029245, 0.5364207187707606, 0.5742402012156781, 0.5339957758347104, 0.5236639828478891]",,,,,,,,0.42251323751350406,51.014,f6cb3ac8f820,,legacy,ok,auto RF 2h search RF_2H_20260717_151104
RF_20260717_162638,2026-07-17T16:27:23,random_forest,Random Forest,"{""n_estimators"": 130, ""max_depth"": 3, ""min_samples_leaf"": 22, ""max_features"": 0.33}",0.5488022448388746,0.020838926446872783,"[0.5728042609853529, 0.5394430691754406, 0.5740900429029202, 0.5347914469893794, 0.52288240414128]",,,,,,,,0.4264671516242922,45.056,f6cb3ac8f820,,legacy,ok,auto RF 2h search RF_2H_20260717_151104
RF_20260717_162725,2026-07-17T16:28:11,random_forest,Random Forest,"{""n_estimators"": 130, ""max_depth"": 3, ""min_samples_leaf"": 22, ""max_features"": 0.34}",0.5488022448388746,0.020838926446872783,"[0.5728042609853529, 0.5394430691754406, 0.5740900429029202, 0.5347914469893794, 0.52288240414128]",,,,,,,,0.4264671516242922,46.165,f6cb3ac8f820,,legacy,ok,auto RF 2h search RF_2H_20260717_151104
RF_20260717_162812,2026-07-17T16:29:00,random_forest,Random Forest,"{""n_estimators"": 130, ""max_depth"": 3, ""min_samples_leaf"": 22, ""max_features"": 0.36}",0.54860399295245,0.021545000069642127,"[0.5746851654215581, 0.5364348394424147, 0.5742402012156781, 0.5339957758347104, 0.5236639828478891]",,,,,,,,0.4224882593338511,47.617,f6cb3ac8f820,,legacy,ok,auto RF 2h search RF_2H_20260717_151104
RF_20260717_162901,2026-07-17T16:29:51,random_forest,Random Forest,"{""n_estimators"": 130, ""max_depth"": 3, ""min_samples_leaf"": 22, ""max_features"": 0.37}",0.54860399295245,0.021545000069642127,"[0.5746851654215581, 0.5364348394424147, 0.5742402012156781, 0.5339957758347104, 0.5236639828478891]",,,,,,,,0.4224882593338511,49.199,f6cb3ac8f820,,legacy,ok,auto RF 2h search RF_2H_20260717_151104
RF_20260717_162951,2026-07-17T16:30:39,random_forest,Random Forest,"{""n_estimators"": 130, ""max_depth"": 3, ""min_samples_leaf"": 25, ""max_features"": 0.33}",0.5488040650748813,0.020841023184557397,"[0.5728133621653866, 0.5394430691754406, 0.5740900429029202, 0.5347914469893794, 0.52288240414128]",,,,,,,,0.4264671516242922,47.875,f6cb3ac8f820,,legacy,ok,auto RF 2h search RF_2H_20260717_151104
RF_20260717_163040,2026-07-17T16:31:31,random_forest,Random Forest,"{""n_estimators"": 130, ""max_depth"": 3, ""min_samples_leaf"": 25, ""max_features"": 0.34}",0.5488040650748813,0.020841023184557397,"[0.5728133621653866, 0.5394430691754406, 0.5740900429029202, 0.5347914469893794, 0.52288240414128]",,,,,,,,0.4264671516242922,50.972,f6cb3ac8f820,,legacy,ok,auto RF 2h search RF_2H_20260717_151104
RF_20260717_163132,2026-07-17T16:32:22,random_forest,Random Forest,"{""n_estimators"": 130, ""max_depth"": 3, ""min_samples_leaf"": 25, ""max_features"": 0.36}",0.5486027663163087,0.02154351526102238,"[0.5746790322408513, 0.5364348394424147, 0.5742402012156781, 0.5339957758347104, 0.5236639828478891]",,,,,,,,0.4224882593338511,49.638,f6cb3ac8f820,,legacy,ok,auto RF 2h search RF_2H_20260717_151104
RF_20260717_163223,2026-07-17T16:33:15,random_forest,Random Forest,"{""n_estimators"": 130, ""max_depth"": 3, ""min_samples_leaf"": 25, ""max_features"": 0.37}",0.5486027663163087,0.02154351526102238,"[0.5746790322408513, 0.5364348394424147, 0.5742402012156781, 0.5339957758347104, 0.5236639828478891]",,,,,,,,0.4224882593338511,51.494,f6cb3ac8f820,,legacy,ok,auto RF 2h search RF_2H_20260717_151104
RF_20260717_163316,2026-07-17T16:34:05,random_forest,Random Forest,"{""n_estimators"": 130, ""max_depth"": 3, ""min_samples_leaf"": 28, ""max_features"": 0.33}",0.548802844739207,0.02083961742769349,"[0.572807260487015, 0.5394430691754406, 0.5740900429029202, 0.5347914469893794, 0.52288240414128]",,,,,,,,0.4264671516242922,48.55,f6cb3ac8f820,,legacy,ok,auto RF 2h search RF_2H_20260717_151104
RF_20260717_163406,2026-07-17T16:34:55,random_forest,Random Forest,"{""n_estimators"": 130, ""max_depth"": 3, ""min_samples_leaf"": 28, ""max_features"": 0.34}",0.548802844739207,0.02083961742769349,"[0.572807260487015, 0.5394430691754406, 0.5740900429029202, 0.5347914469893794, 0.52288240414128]",,,,,,,,0.4264671516242922,49.365,f6cb3ac8f820,,legacy,ok,auto RF 2h search RF_2H_20260717_151104
RF_20260717_163456,2026-07-17T16:35:52,random_forest,Random Forest,"{""n_estimators"": 130, ""max_depth"": 3, ""min_samples_leaf"": 28, ""max_features"": 0.36}",0.5486043823623273,0.02154695806298557,"[0.5746912987331775, 0.5364306531801817, 0.5742402012156781, 0.5339957758347104, 0.5236639828478891]",,,,,,,,0.4224930393201136,55.877,f6cb3ac8f820,,legacy,ok,auto RF 2h search RF_2H_20260717_151104
RF_20260717_163553,2026-07-17T16:36:48,random_forest,Random Forest,"{""n_estimators"": 130, ""max_depth"": 3, ""min_samples_leaf"": 28, ""max_features"": 0.37}",0.5486043823623273,0.02154695806298557,"[0.5746912987331775, 0.5364306531801817, 0.5742402012156781, 0.5339957758347104, 0.5236639828478891]",,,,,,,,0.4224930393201136,54.976,f6cb3ac8f820,,legacy,ok,auto RF 2h search RF_2H_20260717_151104
RF_20260717_163649,2026-07-17T16:37:37,random_forest,Random Forest,"{""n_estimators"": 130, ""max_depth"": 3, ""min_samples_leaf"": 32, ""max_features"": 0.33}",0.5488121829832571,0.02085037940971091,"[0.5728539517072652, 0.5394430691754406, 0.5740900429029202, 0.5347914469893794, 0.52288240414128]",,,,,,,,0.4264303954667154,47.374,f6cb3ac8f820,,legacy,ok,auto RF 2h search RF_2H_20260717_151104
RF_20260717_163738,2026-07-17T16:38:24,random_forest,Random Forest,"{""n_estimators"": 130, ""max_depth"": 3, ""min_samples_leaf"": 32, ""max_features"": 0.34}",0.5488121829832571,0.02085037940971091,"[0.5728539517072652, 0.5394430691754406, 0.5740900429029202, 0.5347914469893794, 0.52288240414128]",,,,,,,,0.4264303954667154,45.497,f6cb3ac8f820,,legacy,ok,auto RF 2h search RF_2H_20260717_151104
RF_20260717_163825,2026-07-17T16:39:14,random_forest,Random Forest,"{""n_estimators"": 130, ""max_depth"": 3, ""min_samples_leaf"": 32, ""max_features"": 0.36}",0.5486043823623273,0.02154695806298557,"[0.5746912987331775, 0.5364306531801817, 0.5742402012156781, 0.5339957758347104, 0.5236639828478891]",,,,,,,,0.4224930393201136,49.076,f6cb3ac8f820,,legacy,ok,auto RF 2h search RF_2H_20260717_151104
RF_20260717_163915,2026-07-17T16:40:05,random_forest,Random Forest,"{""n_estimators"": 130, ""max_depth"": 3, ""min_samples_leaf"": 32, ""max_features"": 0.37}",0.5486043823623273,0.02154695806298557,"[0.5746912987331775, 0.5364306531801817, 0.5742402012156781, 0.5339957758347104, 0.5236639828478891]",,,,,,,,0.4224930393201136,49.998,f6cb3ac8f820,,legacy,ok,auto RF 2h search RF_2H_20260717_151104
RF_20260717_164006,2026-07-17T16:40:59,random_forest,Random Forest,"{""n_estimators"": 130, ""max_depth"": 4, ""min_samples_leaf"": 18, ""max_features"": 0.33}",0.5481018739831641,0.01987879887340312,"[0.5715134664770677, 0.5384040143493481, 0.5719700704418225, 0.5346863428327999, 0.5239354758147824]",,,,,,,,0.41683930915956247,52.515,f6cb3ac8f820,,legacy,ok,auto RF 2h search RF_2H_20260717_151104
RF_20260717_164100,2026-07-17T16:41:53,random_forest,Random Forest,"{""n_estimators"": 130, ""max_depth"": 4, ""min_samples_leaf"": 18, ""max_features"": 0.34}",0.5481018739831641,0.01987879887340312,"[0.5715134664770677, 0.5384040143493481, 0.5719700704418225, 0.5346863428327999, 0.5239354758147824]",,,,,,,,0.41683930915956247,53.443,f6cb3ac8f820,,legacy,ok,auto RF 2h search RF_2H_20260717_151104
RF_20260717_164154,2026-07-17T16:42:57,random_forest,Random Forest,"{""n_estimators"": 130, ""max_depth"": 4, ""min_samples_leaf"": 18, ""max_features"": 0.36}",0.5489687378585318,0.02056478640528016,"[0.5744331534161025, 0.5400102480891584, 0.5723587573718019, 0.5336535269250349, 0.5243880034905617]",,,,,,,,0.4151453768893676,62.599,f6cb3ac8f820,,legacy,ok,auto RF 2h search RF_2H_20260717_151104
RF_20260717_164258,2026-07-17T16:44:00,random_forest,Random Forest,"{""n_estimators"": 130, ""max_depth"": 4, ""min_samples_leaf"": 18, ""max_features"": 0.37}",0.5489687378585318,0.02056478640528016,"[0.5744331534161025, 0.5400102480891584, 0.5723587573718019, 0.5336535269250349, 0.5243880034905617]",,,,,,,,0.4151453768893676,62.707,f6cb3ac8f820,,legacy,ok,auto RF 2h search RF_2H_20260717_151104
RF_20260717_164401,2026-07-17T16:45:00,random_forest,Random Forest,"{""n_estimators"": 130, ""max_depth"": 4, ""min_samples_leaf"": 22, ""max_features"": 0.33}",0.5480263568444306,0.01972820433962562,"[0.5714072780699699, 0.5385390373636374, 0.5715321650277427, 0.5346863428327999, 0.5239669609280025]",,,,,,,,0.41728702815374275,59.124,f6cb3ac8f820,,legacy,ok,auto RF 2h search RF_2H_20260717_151104
RF_20260717_164502,2026-07-17T16:46:05,random_forest,Random Forest,"{""n_estimators"": 130, ""max_depth"": 4, ""min_samples_leaf"": 22, ""max_features"": 0.34}",0.5480263568444306,0.01972820433962562,"[0.5714072780699699, 0.5385390373636374, 0.5715321650277427, 0.5346863428327999, 0.5239669609280025]",,,,,,,,0.41728702815374275,63.668,f6cb3ac8f820,,legacy,ok,auto RF 2h search RF_2H_20260717_151104
RF_20260717_164607,2026-07-17T16:47:11,random_forest,Random Forest,"{""n_estimators"": 130, ""max_depth"": 4, ""min_samples_leaf"": 22, ""max_features"": 0.36}",0.5490768825629067,0.020574718181125308,"[0.5745069001781383, 0.5403757819910264, 0.5724602002297718, 0.5336535269250349, 0.5243880034905617]",,,,,,,,0.41486680405298415,64.487,f6cb3ac8f820,,legacy,ok,auto RF 2h search RF_2H_20260717_151104
RF_20260717_164712,2026-07-17T16:48:18,random_forest,Random Forest,"{""n_estimators"": 130, ""max_depth"": 4, ""min_samples_leaf"": 22, ""max_features"": 0.37}",0.5490768825629067,0.020574718181125308,"[0.5745069001781383, 0.5403757819910264, 0.5724602002297718, 0.5336535269250349, 0.5243880034905617]",,,,,,,,0.41486680405298415,65.16,f6cb3ac8f820,,legacy,ok,auto RF 2h search RF_2H_20260717_151104
RF_20260717_164819,2026-07-17T16:49:17,random_forest,Random Forest,"{""n_estimators"": 130, ""max_depth"": 4, ""min_samples_leaf"": 25, ""max_features"": 0.33}",0.5480395479310455,0.019726696040880717,"[0.5714832291799515, 0.5386298165435682, 0.5714599534291112, 0.5346805024576734, 0.5239442380449232]",,,,,,,,0.4170242619066663,57.577,f6cb3ac8f820,,legacy,ok,auto RF 2h search RF_2H_20260717_151104
RF_20260717_164918,2026-07-17T16:50:18,random_forest,Random Forest,"{""n_estimators"": 130, ""max_depth"": 4, ""min_samples_leaf"": 25, ""max_features"": 0.34}",0.5480395479310455,0.019726696040880717,"[0.5714832291799515, 0.5386298165435682, 0.5714599534291112, 0.5346805024576734, 0.5239442380449232]",,,,,,,,0.4170242619066663,60.35,f6cb3ac8f820,,legacy,ok,auto RF 2h search RF_2H_20260717_151104
RF_20260717_165019,2026-07-17T16:51:27,random_forest,Random Forest,"{""n_estimators"": 130, ""max_depth"": 4, ""min_samples_leaf"": 25, ""max_features"": 0.36}",0.5491317453101531,0.020496171216434697,"[0.5743208390646493, 0.5404127531787106, 0.5725911422727322, 0.5337728710812186, 0.5245611209534546]",,,,,,,,0.4150633519209621,67.504,f6cb3ac8f820,,legacy,ok,auto RF 2h search RF_2H_20260717_151104
RF_20260717_165128,2026-07-17T16:52:28,random_forest,Random Forest,"{""n_estimators"": 130, ""max_depth"": 4, ""min_samples_leaf"": 25, ""max_features"": 0.37}",0.5491317453101531,0.020496171216434697,"[0.5743208390646493, 0.5404127531787106, 0.5725911422727322, 0.5337728710812186, 0.5245611209534546]",,,,,,,,0.4150633519209621,59.335,f6cb3ac8f820,,legacy,ok,auto RF 2h search RF_2H_20260717_151104
RF_20260717_165229,2026-07-17T16:53:22,random_forest,Random Forest,"{""n_estimators"": 130, ""max_depth"": 4, ""min_samples_leaf"": 28, ""max_features"": 0.33}",0.5479636875498305,0.019720751536546115,"[0.5713616423186677, 0.5384148193136957, 0.5714505393115266, 0.5346471987603396, 0.5239442380449232]",,,,,,,,0.41745745942671997,53.539,f6cb3ac8f820,,legacy,ok,auto RF 2h search RF_2H_20260717_151104
RF_20260717_165323,2026-07-17T16:54:18,random_forest,Random Forest,"{""n_estimators"": 130, ""max_depth"": 4, ""min_samples_leaf"": 28, ""max_features"": 0.34}",0.5479636875498305,0.019720751536546115,"[0.5713616423186677, 0.5384148193136957, 0.5714505393115266, 0.5346471987603396, 0.5239442380449232]",,,,,,,,0.41745745942671986,54.764,f6cb3ac8f820,,legacy,ok,auto RF 2h search RF_2H_20260717_151104
RF_20260717_165419,2026-07-17T16:55:18,random_forest,Random Forest,"{""n_estimators"": 130, ""max_depth"": 4, ""min_samples_leaf"": 28, ""max_features"": 0.36}",0.5490446772937474,0.020574084787966122,"[0.5743491626717114, 0.5398702296593528, 0.5726864546576794, 0.5337492533351033, 0.5245682861448902]",,,,,,,,0.41512483640220943,58.571,f6cb3ac8f820,,legacy,ok,auto RF 2h search RF_2H_20260717_151104
RF_20260717_165519,2026-07-17T16:56:18,random_forest,Random Forest,"{""n_estimators"": 130, ""max_depth"": 4, ""min_samples_leaf"": 28, ""max_features"": 0.37}",0.5490446772937474,0.020574084787966122,"[0.5743491626717114, 0.5398702296593528, 0.5726864546576794, 0.5337492533351033, 0.5245682861448902]",,,,,,,,0.41512483640220943,58.743,f6cb3ac8f820,,legacy,ok,auto RF 2h search RF_2H_20260717_151104
RF_20260717_165619,2026-07-17T16:57:11,random_forest,Random Forest,"{""n_estimators"": 130, ""max_depth"": 4, ""min_samples_leaf"": 32, ""max_features"": 0.33}",0.5480193635807341,0.019715528746806835,"[0.5714102919536798, 0.5385407520622636, 0.5714474016630235, 0.5348494924937038, 0.5238488797309996]",,,,,,,,0.41720447652577103,51.793,f6cb3ac8f820,,legacy,ok,auto RF 2h search RF_2H_20260717_151104
RF_20260717_165712,2026-07-17T16:58:04,random_forest,Random Forest,"{""n_estimators"": 130, ""max_depth"": 4, ""min_samples_leaf"": 32, ""max_features"": 0.34}",0.5480193635807341,0.019715528746806835,"[0.5714102919536798, 0.5385407520622636, 0.5714474016630235, 0.5348494924937038, 0.5238488797309996]",,,,,,,,0.41720447652577103,52.115,f6cb3ac8f820,,legacy,ok,auto RF 2h search RF_2H_20260717_151104
RF_20260717_165805,2026-07-17T16:59:05,random_forest,Random Forest,"{""n_estimators"": 130, ""max_depth"": 4, ""min_samples_leaf"": 32, ""max_features"": 0.36}",0.5490968153303744,0.020594628458499437,"[0.5743908204048305, 0.5399654237722238, 0.5727895467109504, 0.5337492533351033, 0.5245890324287638]",,,,,,,,0.4150357810512439,60.526,f6cb3ac8f820,,legacy,ok,auto RF 2h search RF_2H_20260717_151104
RF_20260717_165906,2026-07-17T17:00:07,random_forest,Random Forest,"{""n_estimators"": 130, ""max_depth"": 4, ""min_samples_leaf"": 32, ""max_features"": 0.37}",0.5490968153303744,0.020594628458499437,"[0.5743908204048305, 0.5399654237722238, 0.5727895467109504, 0.5337492533351033, 0.5245890324287638]",,,,,,,,0.4150357810512439,60.347,f6cb3ac8f820,,legacy,ok,auto RF 2h search RF_2H_20260717_151104
RF_20260717_170008,2026-07-17T17:01:12,random_forest,Random Forest,"{""n_estimators"": 130, ""max_depth"": 5, ""min_samples_leaf"": 18, ""max_features"": 0.33}",0.548197479578995,0.019581901937144857,"[0.5724130458337848, 0.5393909997305308, 0.5704983833203255, 0.5340835126041149, 0.5246014564062192]",,,,,,,,0.41449564605770634,63.923,f6cb3ac8f820,,legacy,ok,auto RF 2h search RF_2H_20260717_151104
RF_20260717_170113,2026-07-17T17:02:16,random_forest,Random Forest,"{""n_estimators"": 130, ""max_depth"": 5, ""min_samples_leaf"": 18, ""max_features"": 0.34}",0.548197479578995,0.019581901937144857,"[0.5724130458337848, 0.5393909997305308, 0.5704983833203255, 0.5340835126041149, 0.5246014564062192]",,,,,,,,0.41449564605770634,63.565,f6cb3ac8f820,,legacy,ok,auto RF 2h search RF_2H_20260717_151104
RF_20260717_170218,2026-07-17T17:03:27,random_forest,Random Forest,"{""n_estimators"": 130, ""max_depth"": 5, ""min_samples_leaf"": 18, ""max_features"": 0.36}",0.5459547577350914,0.021922193348932716,"[0.5738785992556641, 0.5362501231136256, 0.570631368653668, 0.5243818924599145, 0.5246318051925848]",,,,,,,,0.4181859712160979,69.59,f6cb3ac8f820,,legacy,ok,auto RF 2h search RF_2H_20260717_151104
RF_20260717_170328,2026-07-17T17:04:36,random_forest,Random Forest,"{""n_estimators"": 130, ""max_depth"": 5, ""min_samples_leaf"": 18, ""max_features"": 0.37}",0.5459547577350914,0.021922193348932716,"[0.5738785992556641, 0.5362501231136256, 0.570631368653668, 0.5243818924599145, 0.5246318051925848]",,,,,,,,0.418185971216098,67.563,f6cb3ac8f820,,legacy,ok,auto RF 2h search RF_2H_20260717_151104
RF_20260717_170437,2026-07-17T17:05:39,random_forest,Random Forest,"{""n_estimators"": 130, ""max_depth"": 5, ""min_samples_leaf"": 22, ""max_features"": 0.33}",0.5482703443493359,0.019718186269816026,"[0.5717729035650897, 0.5395750918909596, 0.5715895905851152, 0.5339742670973859, 0.5244398686081286]",,,,,,,,0.41481992009631047,61.688,f6cb3ac8f820,,legacy,ok,auto RF 2h search RF_2H_20260717_151104
RF_20260717_170540,2026-07-17T17:06:42,random_forest,Random Forest,"{""n_estimators"": 130, ""max_depth"": 5, ""min_samples_leaf"": 22, ""max_features"": 0.34}",0.5482703443493359,0.019718186269816026,"[0.5717729035650897, 0.5395750918909596, 0.5715895905851152, 0.5339742670973859, 0.5244398686081286]",,,,,,,,0.41481992009631047,61.856,f6cb3ac8f820,,legacy,ok,auto RF 2h search RF_2H_20260717_151104
RF_20260717_170643,2026-07-17T17:07:51,random_forest,Random Forest,"{""n_estimators"": 130, ""max_depth"": 5, ""min_samples_leaf"": 22, ""max_features"": 0.36}",0.5464953929936527,0.02213217381750546,"[0.5741274171983869, 0.5371080975014172, 0.5718900739036156, 0.5251375629026949, 0.5242138134621483]",,,,,,,,0.4167816198673033,67.89,f6cb3ac8f820,,legacy,ok,auto RF 2h search RF_2H_20260717_151104
RF_20260717_170752,2026-07-17T17:09:00,random_forest,Random Forest,"{""n_estimators"": 130, ""max_depth"": 5, ""min_samples_leaf"": 22, ""max_features"": 0.37}",0.5464953929936527,0.02213217381750546,"[0.5741274171983869, 0.5371080975014172, 0.5718900739036156, 0.5251375629026949, 0.5242138134621483]",,,,,,,,0.4167816198673033,68.085,f6cb3ac8f820,,legacy,ok,auto RF 2h search RF_2H_20260717_151104
RF_20260717_170901,2026-07-17T17:10:05,random_forest,Random Forest,"{""n_estimators"": 130, ""max_depth"": 5, ""min_samples_leaf"": 25, ""max_features"": 0.33}",0.5480208207374822,0.019367419938437776,"[0.5716025598441064, 0.5396732977519004, 0.570380090296466, 0.5338680631511495, 0.5245800926437884]",,,,,,,,0.4159884927204394,63.593,f6cb3ac8f820,,legacy,ok,auto RF 2h search RF_2H_20260717_151104
RF_20260717_171005,2026-07-17T17:11:08,random_forest,Random Forest,"{""n_estimators"": 130, ""max_depth"": 5, ""min_samples_leaf"": 25, ""max_features"": 0.34}",0.5480208207374822,0.019367419938437776,"[0.5716025598441064, 0.5396732977519004, 0.570380090296466, 0.5338680631511495, 0.5245800926437884]",,,,,,,,0.4159884927204394,63.013,f6cb3ac8f820,,legacy,ok,auto RF 2h search RF_2H_20260717_151104
LR_20260719_111931_378681,2026-07-19T11:19:33,logistic_regression,Logistic Regression,"{""C"": 1e-05, ""solver"": ""lbfgs""}",0.4255291925551716,0.0489188045702315,"[0.43425242842740325, 0.49747557207806886, 0.45319755600814665, 0.37763609612555177, 0.3650843101366876]",0.42816525686938506,0.02159601947017921,0.43424374534042987,0.09951365633742328,"[0.46845975900286574, 0.4298239902771448, 0.4124101119430647, 0.40751149718957586, 0.42262092593427397]","[0.4047008292071825, 0.5904009539424654, 0.5029382515143296, 0.3518419311127218, 0.3213367609254499]","[{""fold"": 1, ""train_start"": ""2019-10-23"", ""train_end"": ""2020-11-02"", ""train_label_end_max"": ""2020-11-09"", ""validation_start"": ""2020-11-10"", ""validation_end"": ""2021-10-12"", ""train_rows"": 1483, ""validation_rows"": 73577}, {""fold"": 2, ""train_start"": ""2019-10-23"", ""train_end"": ""2021-10-05"", ""train_label_end_max"": ""2021-10-12"", ""validation_start"": ""2021-10-13"", ""validation_end"": ""2022-09-14"", ""train_rows"": 73321, ""validation_rows"": 85527}, {""fold"": 3, ""train_start"": ""2019-10-23"", ""train_end"": ""2022-09-07"", ""train_label_end_max"": ""2022-09-14"", ""validation_start"": ""2022-09-15"", ""validation_end"": ""2023-08-15"", ""train_rows"": 158865, ""validation_rows"": 84930}, {""fold"": 4, ""train_start"": ""2019-10-23"", ""train_end"": ""2023-08-08"", ""train_label_end_max"": ""2023-08-15"", ""validation_start"": ""2023-08-16"", ""validation_end"": ""2024-07-18"", ""train_rows"": 243728, ""validation_rows"": 85783}, {""fold"": 5, ""train_start"": ""2019-10-23"", ""train_end"": ""2024-07-11"", ""train_label_end_max"": ""2024-07-18"", ""validation_start"": ""2024-07-19"", ""validation_end"": ""2025-06-23"", ""train_rows"": 329509, ""validation_rows"": 85402}]",0.5,1.803,66bdb23e8b5a,9cf8f4c431a9e89fea5b7379f196f9505b74cc80396a163d96d8d5191f2204d1,v2_date_purged_fixed_050,ok,
LR_20260719_111953_040172,2026-07-19T11:19:56,logistic_regression,Logistic Regression,"{""C"": 1e-05, ""solver"": ""liblinear""}",0.4268076097366443,0.04824563021513813,"[0.43425242842740325, 0.49757787204136444, 0.4551655208741339, 0.38027671771766725, 0.3667655096226525]",0.42802490720905295,0.021614522656386092,0.4368376785797675,0.09894634176947475,"[0.46845975900286574, 0.42967683204369594, 0.41242412375171333, 0.40756756756756757, 0.421996253679422]","[0.4047008292071825, 0.5909673572812639, 0.5077901335020945, 0.35641130684145844, 0.32431876606683807]","[{""fold"": 1, ""train_start"": ""2019-10-23"", ""train_end"": ""2020-11-02"", ""train_label_end_max"": ""2020-11-09"", ""validation_start"": ""2020-11-10"", ""validation_end"": ""2021-10-12"", ""train_rows"": 1483, ""validation_rows"": 73577}, {""fold"": 2, ""train_start"": ""2019-10-23"", ""train_end"": ""2021-10-05"", ""train_label_end_max"": ""2021-10-12"", ""validation_start"": ""2021-10-13"", ""validation_end"": ""2022-09-14"", ""train_rows"": 73321, ""validation_rows"": 85527}, {""fold"": 3, ""train_start"": ""2019-10-23"", ""train_end"": ""2022-09-07"", ""train_label_end_max"": ""2022-09-14"", ""validation_start"": ""2022-09-15"", ""validation_end"": ""2023-08-15"", ""train_rows"": 158865, ""validation_rows"": 84930}, {""fold"": 4, ""train_start"": ""2019-10-23"", ""train_end"": ""2023-08-08"", ""train_label_end_max"": ""2023-08-15"", ""validation_start"": ""2023-08-16"", ""validation_end"": ""2024-07-18"", ""train_rows"": 243728, ""validation_rows"": 85783}, {""fold"": 5, ""train_start"": ""2019-10-23"", ""train_end"": ""2024-07-11"", ""train_label_end_max"": ""2024-07-18"", ""validation_start"": ""2024-07-19"", ""validation_end"": ""2025-06-23"", ""train_rows"": 329509, ""validation_rows"": 85402}]",0.5,3.013,66bdb23e8b5a,9cf8f4c431a9e89fea5b7379f196f9505b74cc80396a163d96d8d5191f2204d1,v2_date_purged_fixed_050,ok,
LR_20260719_112723_248681,2026-07-19T11:27:25,logistic_regression,Logistic Regression,"{""C"": 0.0001, ""solver"": ""lbfgs""}",0.42027485490021965,0.052448916774238734,"[0.42149415417134556, 0.5088135091097615, 0.43673469387755104, 0.36812208562950405, 0.36620983171293586]",0.4279873833451681,0.025297978137540665,0.4252327661510741,0.1069985091764601,"[0.472142064372919, 0.43419638907030145, 0.4097235059550532, 0.3984656045811614, 0.4254093527464054]","[0.3806597864344091, 0.614398569086302, 0.4675586896905042, 0.3420729209340434, 0.3214738646101114]","[{""fold"": 1, ""train_start"": ""2019-10-23"", ""train_end"": ""2020-11-02"", ""train_label_end_max"": ""2020-11-09"", ""validation_start"": ""2020-11-10"", ""validation_end"": ""2021-10-12"", ""train_rows"": 1483, ""validation_rows"": 73577}, {""fold"": 2, ""train_start"": ""2019-10-23"", ""train_end"": ""2021-10-05"", ""train_label_end_max"": ""2021-10-12"", ""validation_start"": ""2021-10-13"", ""validation_end"": ""2022-09-14"", ""train_rows"": 73321, ""validation_rows"": 85527}, {""fold"": 3, ""train_start"": ""2019-10-23"", ""train_end"": ""2022-09-07"", ""train_label_end_max"": ""2022-09-14"", ""validation_start"": ""2022-09-15"", ""validation_end"": ""2023-08-15"", ""train_rows"": 158865, ""validation_rows"": 84930}, {""fold"": 4, ""train_start"": ""2019-10-23"", ""train_end"": ""2023-08-08"", ""train_label_end_max"": ""2023-08-15"", ""validation_start"": ""2023-08-16"", ""validation_end"": ""2024-07-18"", ""train_rows"": 243728, ""validation_rows"": 85783}, {""fold"": 5, ""train_start"": ""2019-10-23"", ""train_end"": ""2024-07-11"", ""train_label_end_max"": ""2024-07-18"", ""validation_start"": ""2024-07-19"", ""validation_end"": ""2025-06-23"", ""train_rows"": 329509, ""validation_rows"": 85402}]",0.5,1.797,66bdb23e8b5a,9cf8f4c431a9e89fea5b7379f196f9505b74cc80396a163d96d8d5191f2204d1,v2_date_purged_fixed_050,ok,
RF_20260719_141622_786766,2026-07-19T14:17:17,random_forest,Random Forest,"{""n_estimators"": 120, ""max_depth"": 10, ""min_samples_leaf"": 20, ""max_features"": ""sqrt""}",0.4586371152880752,0.03618276127431954,"[0.4749344952880036, 0.5163652393255538, 0.457120441510659, 0.40979789512899323, 0.4349675051871667]",0.4306546758538314,0.01998734592040424,0.4955498661925949,0.0747662057818171,"[0.4613956628132647, 0.4381571838244462, 0.41470119033010183, 0.4038055615038698, 0.4352137807974744]","[0.4892918928592734, 0.6285586525562677, 0.5092065214115662, 0.41597075599533606, 0.4347215081405313]","[{""fold"": 1, ""train_start"": ""2019-10-23"", ""train_end"": ""2020-11-02"", ""train_label_end_max"": ""2020-11-09"", ""validation_start"": ""2020-11-10"", ""validation_end"": ""2021-10-12"", ""train_rows"": 1483, ""validation_rows"": 73577}, {""fold"": 2, ""train_start"": ""2019-10-23"", ""train_end"": ""2021-10-05"", ""train_label_end_max"": ""2021-10-12"", ""validation_start"": ""2021-10-13"", ""validation_end"": ""2022-09-14"", ""train_rows"": 73321, ""validation_rows"": 85527}, {""fold"": 3, ""train_start"": ""2019-10-23"", ""train_end"": ""2022-09-07"", ""train_label_end_max"": ""2022-09-14"", ""validation_start"": ""2022-09-15"", ""validation_end"": ""2023-08-15"", ""train_rows"": 158865, ""validation_rows"": 84930}, {""fold"": 4, ""train_start"": ""2019-10-23"", ""train_end"": ""2023-08-08"", ""train_label_end_max"": ""2023-08-15"", ""validation_start"": ""2023-08-16"", ""validation_end"": ""2024-07-18"", ""train_rows"": 243728, ""validation_rows"": 85783}, {""fold"": 5, ""train_start"": ""2019-10-23"", ""train_end"": ""2024-07-11"", ""train_label_end_max"": ""2024-07-18"", ""validation_start"": ""2024-07-19"", ""validation_end"": ""2025-06-23"", ""train_rows"": 329509, ""validation_rows"": 85402}]",0.5,55.154,66bdb23e8b5a,9cf8f4c431a9e89fea5b7379f196f9505b74cc80396a163d96d8d5191f2204d1,v2_date_purged_fixed_050,ok,
GB_20260719_141753_272051,2026-07-19T14:25:57,gradient_boosting,Gradient Boosting,"{""n_estimators"": 100, ""learning_rate"": 0.05, ""max_depth"": 3, ""subsample"": 0.85}",0.4634201173328779,0.03762588277460012,"[0.47402557669950435, 0.5303162031798964, 0.4555993785108163, 0.429604862272081, 0.4275545660020916]",0.43646087078848944,0.027334846068503376,0.502091714233147,0.08632061261021699,"[0.4865289204295673, 0.44157080523601744, 0.40726495726495726, 0.4260303687635575, 0.42090930224834777]","[0.46214878005130344, 0.6637054702638248, 0.5169514510442094, 0.4332398449563546, 0.43441302485004285]","[{""fold"": 1, ""train_start"": ""2019-10-23"", ""train_end"": ""2020-11-02"", ""train_label_end_max"": ""2020-11-09"", ""validation_start"": ""2020-11-10"", ""validation_end"": ""2021-10-12"", ""train_rows"": 1483, ""validation_rows"": 73577}, {""fold"": 2, ""train_start"": ""2019-10-23"", ""train_end"": ""2021-10-05"", ""train_label_end_max"": ""2021-10-12"", ""validation_start"": ""2021-10-13"", ""validation_end"": ""2022-09-14"", ""train_rows"": 73321, ""validation_rows"": 85527}, {""fold"": 3, ""train_start"": ""2019-10-23"", ""train_end"": ""2022-09-07"", ""train_label_end_max"": ""2022-09-14"", ""validation_start"": ""2022-09-15"", ""validation_end"": ""2023-08-15"", ""train_rows"": 158865, ""validation_rows"": 84930}, {""fold"": 4, ""train_start"": ""2019-10-23"", ""train_end"": ""2023-08-08"", ""train_label_end_max"": ""2023-08-15"", ""validation_start"": ""2023-08-16"", ""validation_end"": ""2024-07-18"", ""train_rows"": 243728, ""validation_rows"": 85783}, {""fold"": 5, ""train_start"": ""2019-10-23"", ""train_end"": ""2024-07-11"", ""train_label_end_max"": ""2024-07-18"", ""validation_start"": ""2024-07-19"", ""validation_end"": ""2025-06-23"", ""train_rows"": 329509, ""validation_rows"": 85402}]",0.5,484.017,66bdb23e8b5a,9cf8f4c431a9e89fea5b7379f196f9505b74cc80396a163d96d8d5191f2204d1,v2_date_purged_fixed_050,ok,
LR_20260719_174846_435807,2026-07-19T17:48:47,logistic_regression,Logistic Regression,"{""C"": 5.15395e-07, ""solver"": ""lbfgs""}",0.43141800834773997,0.04574890040974491,"[0.4345838461661418, 0.4926533044283016, 0.4687418257912634, 0.38886141062419627, 0.37224965472879656]",0.4268107874308176,0.021772966960787,0.4467144830307136,0.09549554997698179,"[0.46819355949715863, 0.4285966382847311, 0.41407676132818816, 0.4077659831956018, 0.41542099484840805]","[0.40547634671598165, 0.579221940676703, 0.5400355603773016, 0.3716320549585605, 0.3372065124250214]","[{""fold"": 1, ""train_start"": ""2019-10-23"", ""train_end"": ""2020-11-02"", ""train_label_end_max"": ""2020-11-09"", ""validation_start"": ""2020-11-10"", ""validation_end"": ""2021-10-12"", ""train_rows"": 1483, ""validation_rows"": 73577}, {""fold"": 2, ""train_start"": ""2019-10-23"", ""train_end"": ""2021-10-05"", ""train_label_end_max"": ""2021-10-12"", ""validation_start"": ""2021-10-13"", ""validation_end"": ""2022-09-14"", ""train_rows"": 73321, ""validation_rows"": 85527}, {""fold"": 3, ""train_start"": ""2019-10-23"", ""train_end"": ""2022-09-07"", ""train_label_end_max"": ""2022-09-14"", ""validation_start"": ""2022-09-15"", ""validation_end"": ""2023-08-15"", ""train_rows"": 158865, ""validation_rows"": 84930}, {""fold"": 4, ""train_start"": ""2019-10-23"", ""train_end"": ""2023-08-08"", ""train_label_end_max"": ""2023-08-15"", ""validation_start"": ""2023-08-16"", ""validation_end"": ""2024-07-18"", ""train_rows"": 243728, ""validation_rows"": 85783}, {""fold"": 5, ""train_start"": ""2019-10-23"", ""train_end"": ""2024-07-11"", ""train_label_end_max"": ""2024-07-18"", ""validation_start"": ""2024-07-19"", ""validation_end"": ""2025-06-23"", ""train_rows"": 329509, ""validation_rows"": 85402}]",0.5,1.402,66bdb23e8b5a,9cf8f4c431a9e89fea5b7379f196f9505b74cc80396a163d96d8d5191f2204d1,v2_date_purged_fixed_050,ok,legacy-seed retune v2 phase1
LR_20260719_174847_839121,2026-07-19T17:48:49,logistic_regression,Logistic Regression,"{""C"": 5.15395e-07, ""solver"": ""liblinear""}",0.43142378857487385,0.045761351473718764,"[0.43470059784519965, 0.4926849058038997, 0.46868010411625444, 0.38882659455181057, 0.3722267405572053]",0.4268175898749191,0.021844579805560035,0.4467090356054735,0.09547171439677497,"[0.46834527418021493, 0.4286281516775859, 0.41405130575456434, 0.40780325827539693, 0.4152599594868332]","[0.40556582950545844, 0.579251751378745, 0.5399150167254317, 0.3715375161503797, 0.3372750642673522]","[{""fold"": 1, ""train_start"": ""2019-10-23"", ""train_end"": ""2020-11-02"", ""train_label_end_max"": ""2020-11-09"", ""validation_start"": ""2020-11-10"", ""validation_end"": ""2021-10-12"", ""train_rows"": 1483, ""validation_rows"": 73577}, {""fold"": 2, ""train_start"": ""2019-10-23"", ""train_end"": ""2021-10-05"", ""train_label_end_max"": ""2021-10-12"", ""validation_start"": ""2021-10-13"", ""validation_end"": ""2022-09-14"", ""train_rows"": 73321, ""validation_rows"": 85527}, {""fold"": 3, ""train_start"": ""2019-10-23"", ""train_end"": ""2022-09-07"", ""train_label_end_max"": ""2022-09-14"", ""validation_start"": ""2022-09-15"", ""validation_end"": ""2023-08-15"", ""train_rows"": 158865, ""validation_rows"": 84930}, {""fold"": 4, ""train_start"": ""2019-10-23"", ""train_end"": ""2023-08-08"", ""train_label_end_max"": ""2023-08-15"", ""validation_start"": ""2023-08-16"", ""validation_end"": ""2024-07-18"", ""train_rows"": 243728, ""validation_rows"": 85783}, {""fold"": 5, ""train_start"": ""2019-10-23"", ""train_end"": ""2024-07-11"", ""train_label_end_max"": ""2024-07-18"", ""validation_start"": ""2024-07-19"", ""validation_end"": ""2025-06-23"", ""train_rows"": 329509, ""validation_rows"": 85402}]",0.5,2.077,66bdb23e8b5a,9cf8f4c431a9e89fea5b7379f196f9505b74cc80396a163d96d8d5191f2204d1,v2_date_purged_fixed_050,ok,legacy-seed retune v2 phase1
LR_20260719_174849_911146,2026-07-19T17:48:51,logistic_regression,Logistic Regression,"{""C"": 3.830267e-06, ""solver"": ""lbfgs""}",0.42754225862558554,0.04824684259431408,"[0.434485074268903, 0.494747209455023, 0.46128804152046005, 0.38117156920389067, 0.3660193986796507]",0.42799951492793553,0.021300146609193108,0.43835461741896153,0.09873899471241428,"[0.4682427542475101, 0.4291472256905654, 0.41388144033710017, 0.4081816219327912, 0.420544532431711]","[0.40526755354053573, 0.5840214637054703, 0.5209595274688846, 0.35751425960356725, 0.32401028277634963]","[{""fold"": 1, ""train_start"": ""2019-10-23"", ""train_end"": ""2020-11-02"", ""train_label_end_max"": ""2020-11-09"", ""validation_start"": ""2020-11-10"", ""validation_end"": ""2021-10-12"", ""train_rows"": 1483, ""validation_rows"": 73577}, {""fold"": 2, ""train_start"": ""2019-10-23"", ""train_end"": ""2021-10-05"", ""train_label_end_max"": ""2021-10-12"", ""validation_start"": ""2021-10-13"", ""validation_end"": ""2022-09-14"", ""train_rows"": 73321, ""validation_rows"": 85527}, {""fold"": 3, ""train_start"": ""2019-10-23"", ""train_end"": ""2022-09-07"", ""train_label_end_max"": ""2022-09-14"", ""validation_start"": ""2022-09-15"", ""validation_end"": ""2023-08-15"", ""train_rows"": 158865, ""validation_rows"": 84930}, {""fold"": 4, ""train_start"": ""2019-10-23"", ""train_end"": ""2023-08-08"", ""train_label_end_max"": ""2023-08-15"", ""validation_start"": ""2023-08-16"", ""validation_end"": ""2024-07-18"", ""train_rows"": 243728, ""validation_rows"": 85783}, {""fold"": 5, ""train_start"": ""2019-10-23"", ""train_end"": ""2024-07-11"", ""train_label_end_max"": ""2024-07-18"", ""validation_start"": ""2024-07-19"", ""validation_end"": ""2025-06-23"", ""train_rows"": 329509, ""validation_rows"": 85402}]",0.5,1.472,66bdb23e8b5a,9cf8f4c431a9e89fea5b7379f196f9505b74cc80396a163d96d8d5191f2204d1,v2_date_purged_fixed_050,ok,legacy-seed retune v2 phase1
LR_20260719_174851_392607,2026-07-19T17:48:53,logistic_regression,Logistic Regression,"{""C"": 3.830267e-06, ""solver"": ""liblinear""}",0.42917279032896427,0.04718843732696303,"[0.434485074268903, 0.49476727304861573, 0.4632715885568707, 0.3846410239317379, 0.3686989918386942]",0.42772102992446503,0.021399989935047162,0.4416457657505101,0.09749484314243109,"[0.4682427542475101, 0.4290969606726811, 0.4138593205471658, 0.40819214035584167, 0.4192139737991266]","[0.40526755354053573, 0.5841705172156805, 0.5260826326733569, 0.36365928213531656, 0.32904884318766064]","[{""fold"": 1, ""train_start"": ""2019-10-23"", ""train_end"": ""2020-11-02"", ""train_label_end_max"": ""2020-11-09"", ""validation_start"": ""2020-11-10"", ""validation_end"": ""2021-10-12"", ""train_rows"": 1483, ""validation_rows"": 73577}, {""fold"": 2, ""train_start"": ""2019-10-23"", ""train_end"": ""2021-10-05"", ""train_label_end_max"": ""2021-10-12"", ""validation_start"": ""2021-10-13"", ""validation_end"": ""2022-09-14"", ""train_rows"": 73321, ""validation_rows"": 85527}, {""fold"": 3, ""train_start"": ""2019-10-23"", ""train_end"": ""2022-09-07"", ""train_label_end_max"": ""2022-09-14"", ""validation_start"": ""2022-09-15"", ""validation_end"": ""2023-08-15"", ""train_rows"": 158865, ""validation_rows"": 84930}, {""fold"": 4, ""train_start"": ""2019-10-23"", ""train_end"": ""2023-08-08"", ""train_label_end_max"": ""2023-08-15"", ""validation_start"": ""2023-08-16"", ""validation_end"": ""2024-07-18"", ""train_rows"": 243728, ""validation_rows"": 85783}, {""fold"": 5, ""train_start"": ""2019-10-23"", ""train_end"": ""2024-07-11"", ""train_label_end_max"": ""2024-07-18"", ""validation_start"": ""2024-07-19"", ""validation_end"": ""2025-06-23"", ""train_rows"": 329509, ""validation_rows"": 85402}]",0.5,2.166,66bdb23e8b5a,9cf8f4c431a9e89fea5b7379f196f9505b74cc80396a163d96d8d5191f2204d1,v2_date_purged_fixed_050,ok,legacy-seed retune v2 phase1
LR_20260719_174853_560305,2026-07-19T17:48:55,logistic_regression,Logistic Regression,"{""C"": 6.586666666666666e-05, ""solver"": ""lbfgs""}",0.4201399609579009,0.05135761852921735,"[0.422680412371134, 0.5058188481156837, 0.4372358203086602, 0.3686624983009379, 0.3663022256930886]",0.4278667796086486,0.024828770092722753,0.42486654398958346,0.10506210463116669,"[0.47187086336225914, 0.4325491773773477, 0.40938256021878616, 0.3999926261844191, 0.42553867090043096]","[0.3827775457853606, 0.6089730213146519, 0.4691558930777808, 0.3418838433176819, 0.32154241645244214]","[{""fold"": 1, ""train_start"": ""2019-10-23"", ""train_end"": ""2020-11-02"", ""train_label_end_max"": ""2020-11-09"", ""validation_start"": ""2020-11-10"", ""validation_end"": ""2021-10-12"", ""train_rows"": 1483, ""validation_rows"": 73577}, {""fold"": 2, ""train_start"": ""2019-10-23"", ""train_end"": ""2021-10-05"", ""train_label_end_max"": ""2021-10-12"", ""validation_start"": ""2021-10-13"", ""validation_end"": ""2022-09-14"", ""train_rows"": 73321, ""validation_rows"": 85527}, {""fold"": 3, ""train_start"": ""2019-10-23"", ""train_end"": ""2022-09-07"", ""train_label_end_max"": ""2022-09-14"", ""validation_start"": ""2022-09-15"", ""validation_end"": ""2023-08-15"", ""train_rows"": 158865, ""validation_rows"": 84930}, {""fold"": 4, ""train_start"": ""2019-10-23"", ""train_end"": ""2023-08-08"", ""train_label_end_max"": ""2023-08-15"", ""validation_start"": ""2023-08-16"", ""validation_end"": ""2024-07-18"", ""train_rows"": 243728, ""validation_rows"": 85783}, {""fold"": 5, ""train_start"": ""2019-10-23"", ""train_end"": ""2024-07-11"", ""train_label_end_max"": ""2024-07-18"", ""validation_start"": ""2024-07-19"", ""validation_end"": ""2025-06-23"", ""train_rows"": 329509, ""validation_rows"": 85402}]",0.5,1.569,66bdb23e8b5a,9cf8f4c431a9e89fea5b7379f196f9505b74cc80396a163d96d8d5191f2204d1,v2_date_purged_fixed_050,ok,legacy-seed retune v2 phase1
LR_20260719_174855_132313,2026-07-19T17:48:58,logistic_regression,Logistic Regression,"{""C"": 6.586666666666666e-05, ""solver"": ""liblinear""}",0.4226702749768495,0.05130802808051556,"[0.43204430563158064, 0.505974077323218, 0.43845819973957967, 0.36976101226317487, 0.3671137799266942]",0.4273936742491343,0.02381923321796635,0.4297335480235286,0.10408581350438388,"[0.46935777249195465, 0.43207141048366676, 0.4094665271966527, 0.4003820158683515, 0.4256906452050459]","[0.4002266897333413, 0.6103741243106275, 0.4718681252448543, 0.3434910030567548, 0.3227077977720651]","[{""fold"": 1, ""train_start"": ""2019-10-23"", ""train_end"": ""2020-11-02"", ""train_label_end_max"": ""2020-11-09"", ""validation_start"": ""2020-11-10"", ""validation_end"": ""2021-10-12"", ""train_rows"": 1483, ""validation_rows"": 73577}, {""fold"": 2, ""train_start"": ""2019-10-23"", ""train_end"": ""2021-10-05"", ""train_label_end_max"": ""2021-10-12"", ""validation_start"": ""2021-10-13"", ""validation_end"": ""2022-09-14"", ""train_rows"": 73321, ""validation_rows"": 85527}, {""fold"": 3, ""train_start"": ""2019-10-23"", ""train_end"": ""2022-09-07"", ""train_label_end_max"": ""2022-09-14"", ""validation_start"": ""2022-09-15"", ""validation_end"": ""2023-08-15"", ""train_rows"": 158865, ""validation_rows"": 84930}, {""fold"": 4, ""train_start"": ""2019-10-23"", ""train_end"": ""2023-08-08"", ""train_label_end_max"": ""2023-08-15"", ""validation_start"": ""2023-08-16"", ""validation_end"": ""2024-07-18"", ""train_rows"": 243728, ""validation_rows"": 85783}, {""fold"": 5, ""train_start"": ""2019-10-23"", ""train_end"": ""2024-07-11"", ""train_label_end_max"": ""2024-07-18"", ""validation_start"": ""2024-07-19"", ""validation_end"": ""2025-06-23"", ""train_rows"": 329509, ""validation_rows"": 85402}]",0.5,3.165,66bdb23e8b5a,9cf8f4c431a9e89fea5b7379f196f9505b74cc80396a163d96d8d5191f2204d1,v2_date_purged_fixed_050,ok,legacy-seed retune v2 phase1
LR_20260719_174858_299266,2026-07-19T17:48:59,logistic_regression,Logistic Regression,"{""C"": 0.000320355393, ""solver"": ""lbfgs""}",0.41953607888708805,0.05379055927661315,"[0.4155429799667512, 0.5125560262786272, 0.4357194361577288, 0.3679237338094356, 0.36593821822289746]",0.4281169429390319,0.027256306101272033,0.42434855540195365,0.11017039383438886,"[0.4754274735830932, 0.43579035289204426, 0.41040323869386885, 0.3951805485201534, 0.4237831010059999]","[0.36905685139891425, 0.6221493516172306, 0.46436428291595094, 0.34418428765008036, 0.3219880034275921]","[{""fold"": 1, ""train_start"": ""2019-10-23"", ""train_end"": ""2020-11-02"", ""train_label_end_max"": ""2020-11-09"", ""validation_start"": ""2020-11-10"", ""validation_end"": ""2021-10-12"", ""train_rows"": 1483, ""validation_rows"": 73577}, {""fold"": 2, ""train_start"": ""2019-10-23"", ""train_end"": ""2021-10-05"", ""train_label_end_max"": ""2021-10-12"", ""validation_start"": ""2021-10-13"", ""validation_end"": ""2022-09-14"", ""train_rows"": 73321, ""validation_rows"": 85527}, {""fold"": 3, ""train_start"": ""2019-10-23"", ""train_end"": ""2022-09-07"", ""train_label_end_max"": ""2022-09-14"", ""validation_start"": ""2022-09-15"", ""validation_end"": ""2023-08-15"", ""train_rows"": 158865, ""validation_rows"": 84930}, {""fold"": 4, ""train_start"": ""2019-10-23"", ""train_end"": ""2023-08-08"", ""train_label_end_max"": ""2023-08-15"", ""validation_start"": ""2023-08-16"", ""validation_end"": ""2024-07-18"", ""train_rows"": 243728, ""validation_rows"": 85783}, {""fold"": 5, ""train_start"": ""2019-10-23"", ""train_end"": ""2024-07-11"", ""train_label_end_max"": ""2024-07-18"", ""validation_start"": ""2024-07-19"", ""validation_end"": ""2025-06-23"", ""train_rows"": 329509, ""validation_rows"": 85402}]",0.5,1.697,66bdb23e8b5a,9cf8f4c431a9e89fea5b7379f196f9505b74cc80396a163d96d8d5191f2204d1,v2_date_purged_fixed_050,ok,legacy-seed retune v2 phase1
LR_20260719_174859_998721,2026-07-19T17:49:03,logistic_regression,Logistic Regression,"{""C"": 0.000320355393, ""solver"": ""liblinear""}",0.42173505679114615,0.05380220399755804,"[0.42557524594741075, 0.5126927843146878, 0.43623829234181416, 0.36798329797622653, 0.3661856633755915]",0.42776161642088406,0.026585847945744447,0.42824308203988154,0.10885968902998447,"[0.4735207046526077, 0.4356520288585846, 0.410594617593873, 0.3950688695274936, 0.42397186147186144]","[0.3864463401539104, 0.6228349977641974, 0.46529849621794295, 0.34437336526644186, 0.3222622107969152]","[{""fold"": 1, ""train_start"": ""2019-10-23"", ""train_end"": ""2020-11-02"", ""train_label_end_max"": ""2020-11-09"", ""validation_start"": ""2020-11-10"", ""validation_end"": ""2021-10-12"", ""train_rows"": 1483, ""validation_rows"": 73577}, {""fold"": 2, ""train_start"": ""2019-10-23"", ""train_end"": ""2021-10-05"", ""train_label_end_max"": ""2021-10-12"", ""validation_start"": ""2021-10-13"", ""validation_end"": ""2022-09-14"", ""train_rows"": 73321, ""validation_rows"": 85527}, {""fold"": 3, ""train_start"": ""2019-10-23"", ""train_end"": ""2022-09-07"", ""train_label_end_max"": ""2022-09-14"", ""validation_start"": ""2022-09-15"", ""validation_end"": ""2023-08-15"", ""train_rows"": 158865, ""validation_rows"": 84930}, {""fold"": 4, ""train_start"": ""2019-10-23"", ""train_end"": ""2023-08-08"", ""train_label_end_max"": ""2023-08-15"", ""validation_start"": ""2023-08-16"", ""validation_end"": ""2024-07-18"", ""train_rows"": 243728, ""validation_rows"": 85783}, {""fold"": 5, ""train_start"": ""2019-10-23"", ""train_end"": ""2024-07-11"", ""train_label_end_max"": ""2024-07-18"", ""validation_start"": ""2024-07-19"", ""validation_end"": ""2025-06-23"", ""train_rows"": 329509, ""validation_rows"": 85402}]",0.5,3.768,66bdb23e8b5a,9cf8f4c431a9e89fea5b7379f196f9505b74cc80396a163d96d8d5191f2204d1,v2_date_purged_fixed_050,ok,legacy-seed retune v2 phase1
LR_20260719_174903_768984,2026-07-19T17:49:05,logistic_regression,Logistic Regression,"{""C"": 0.00373220041, ""solver"": ""lbfgs""}",0.4176564549460783,0.05551788940696312,"[0.4053975574344521, 0.5150110375275938, 0.43668406387462694, 0.3653658700547881, 0.36582374583893007]",0.42761195665890683,0.027807543797368793,0.4219419314148605,0.11347872915716944,"[0.47431951716695314, 0.43748307115324514, 0.41145583453275764, 0.39144369620800173, 0.4233576642335766]","[0.3539640875738233, 0.6259353107765688, 0.4652080884790405, 0.34254561497494723, 0.3220565552699229]","[{""fold"": 1, ""train_start"": ""2019-10-23"", ""train_end"": ""2020-11-02"", ""train_label_end_max"": ""2020-11-09"", ""validation_start"": ""2020-11-10"", ""validation_end"": ""2021-10-12"", ""train_rows"": 1483, ""validation_rows"": 73577}, {""fold"": 2, ""train_start"": ""2019-10-23"", ""train_end"": ""2021-10-05"", ""train_label_end_max"": ""2021-10-12"", ""validation_start"": ""2021-10-13"", ""validation_end"": ""2022-09-14"", ""train_rows"": 73321, ""validation_rows"": 85527}, {""fold"": 3, ""train_start"": ""2019-10-23"", ""train_end"": ""2022-09-07"", ""train_label_end_max"": ""2022-09-14"", ""validation_start"": ""2022-09-15"", ""validation_end"": ""2023-08-15"", ""train_rows"": 158865, ""validation_rows"": 84930}, {""fold"": 4, ""train_start"": ""2019-10-23"", ""train_end"": ""2023-08-08"", ""train_label_end_max"": ""2023-08-15"", ""validation_start"": ""2023-08-16"", ""validation_end"": ""2024-07-18"", ""train_rows"": 243728, ""validation_rows"": 85783}, {""fold"": 5, ""train_start"": ""2019-10-23"", ""train_end"": ""2024-07-11"", ""train_label_end_max"": ""2024-07-18"", ""validation_start"": ""2024-07-19"", ""validation_end"": ""2025-06-23"", ""train_rows"": 329509, ""validation_rows"": 85402}]",0.5,2.162,66bdb23e8b5a,9cf8f4c431a9e89fea5b7379f196f9505b74cc80396a163d96d8d5191f2204d1,v2_date_purged_fixed_050,ok,legacy-seed retune v2 phase1
LR_20260719_174905_928404,2026-07-19T17:49:10,logistic_regression,Logistic Regression,"{""C"": 0.00373220041, ""solver"": ""liblinear""}",0.41907956793780415,0.05523241925733463,"[0.4120086305711011, 0.5150381932098236, 0.4367868101412593, 0.3654223968565815, 0.36614180891025516]",0.4274684800521367,0.02768019224393597,0.42427559585137536,0.11225548195782663,"[0.473718892937437, 0.43743491481651187, 0.4114497309393148, 0.39112149532710283, 0.42361736624031704]","[0.3645230567320885, 0.6261141749888209, 0.46544917578278033, 0.34289225727161, 0.3223993144815767]","[{""fold"": 1, ""train_start"": ""2019-10-23"", ""train_end"": ""2020-11-02"", ""train_label_end_max"": ""2020-11-09"", ""validation_start"": ""2020-11-10"", ""validation_end"": ""2021-10-12"", ""train_rows"": 1483, ""validation_rows"": 73577}, {""fold"": 2, ""train_start"": ""2019-10-23"", ""train_end"": ""2021-10-05"", ""train_label_end_max"": ""2021-10-12"", ""validation_start"": ""2021-10-13"", ""validation_end"": ""2022-09-14"", ""train_rows"": 73321, ""validation_rows"": 85527}, {""fold"": 3, ""train_start"": ""2019-10-23"", ""train_end"": ""2022-09-07"", ""train_label_end_max"": ""2022-09-14"", ""validation_start"": ""2022-09-15"", ""validation_end"": ""2023-08-15"", ""train_rows"": 158865, ""validation_rows"": 84930}, {""fold"": 4, ""train_start"": ""2019-10-23"", ""train_end"": ""2023-08-08"", ""train_label_end_max"": ""2023-08-15"", ""validation_start"": ""2023-08-16"", ""validation_end"": ""2024-07-18"", ""train_rows"": 243728, ""validation_rows"": 85783}, {""fold"": 5, ""train_start"": ""2019-10-23"", ""train_end"": ""2024-07-11"", ""train_label_end_max"": ""2024-07-18"", ""validation_start"": ""2024-07-19"", ""validation_end"": ""2025-06-23"", ""train_rows"": 329509, ""validation_rows"": 85402}]",0.5,4.951,66bdb23e8b5a,9cf8f4c431a9e89fea5b7379f196f9505b74cc80396a163d96d8d5191f2204d1,v2_date_purged_fixed_050,ok,legacy-seed retune v2 phase1
LR_20260719_174910_884495,2026-07-19T17:49:13,logistic_regression,Logistic Regression,"{""C"": 0.032972181712, ""solver"": ""lbfgs""}",0.4228185728820792,0.055495604826608945,"[0.4296533367133532, 0.5154037586887497, 0.4378644752262747, 0.364470896802179, 0.36670039697983964]",0.4245422490916534,0.022866137825119995,0.43257138444049226,0.10950849937646849,"[0.4582291314633322, 0.43770041227668344, 0.41195068813433233, 0.3906649846819247, 0.42416602890199434]","[0.404432380838752, 0.6266507676255776, 0.46725733056082935, 0.3415687139570794, 0.3229477292202228]","[{""fold"": 1, ""train_start"": ""2019-10-23"", ""train_end"": ""2020-11-02"", ""train_label_end_max"": ""2020-11-09"", ""validation_start"": ""2020-11-10"", ""validation_end"": ""2021-10-12"", ""train_rows"": 1483, ""validation_rows"": 73577}, {""fold"": 2, ""train_start"": ""2019-10-23"", ""train_end"": ""2021-10-05"", ""train_label_end_max"": ""2021-10-12"", ""validation_start"": ""2021-10-13"", ""validation_end"": ""2022-09-14"", ""train_rows"": 73321, ""validation_rows"": 85527}, {""fold"": 3, ""train_start"": ""2019-10-23"", ""train_end"": ""2022-09-07"", ""train_label_end_max"": ""2022-09-14"", ""validation_start"": ""2022-09-15"", ""validation_end"": ""2023-08-15"", ""train_rows"": 158865, ""validation_rows"": 84930}, {""fold"": 4, ""train_start"": ""2019-10-23"", ""train_end"": ""2023-08-08"", ""train_label_end_max"": ""2023-08-15"", ""validation_start"": ""2023-08-16"", ""validation_end"": ""2024-07-18"", ""train_rows"": 243728, ""validation_rows"": 85783}, {""fold"": 5, ""train_start"": ""2019-10-23"", ""train_end"": ""2024-07-11"", ""train_label_end_max"": ""2024-07-18"", ""validation_start"": ""2024-07-19"", ""validation_end"": ""2025-06-23"", ""train_rows"": 329509, ""validation_rows"": 85402}]",0.5,2.454,66bdb23e8b5a,9cf8f4c431a9e89fea5b7379f196f9505b74cc80396a163d96d8d5191f2204d1,v2_date_purged_fixed_050,ok,legacy-seed retune v2 phase1
LR_20260719_174913_339947,2026-07-19T17:49:19,logistic_regression,Logistic Regression,"{""C"": 0.032972181712, ""solver"": ""liblinear""}",0.42309933565778274,0.05555892196869471,"[0.4309092057875782, 0.5154030033711309, 0.43809980806142035, 0.3644523633429705, 0.3666322977258137]",0.42442740013625857,0.022828738471441266,0.43317644892422863,0.109411944015739,"[0.4579947619367403, 0.4376847803456173, 0.4119926737982109, 0.39054000504340936, 0.4239247795573151]","[0.40684841615462625, 0.6266805783276196, 0.4677395051683091, 0.34163173982919987, 0.3229820051413882]","[{""fold"": 1, ""train_start"": ""2019-10-23"", ""train_end"": ""2020-11-02"", ""train_label_end_max"": ""2020-11-09"", ""validation_start"": ""2020-11-10"", ""validation_end"": ""2021-10-12"", ""train_rows"": 1483, ""validation_rows"": 73577}, {""fold"": 2, ""train_start"": ""2019-10-23"", ""train_end"": ""2021-10-05"", ""train_label_end_max"": ""2021-10-12"", ""validation_start"": ""2021-10-13"", ""validation_end"": ""2022-09-14"", ""train_rows"": 73321, ""validation_rows"": 85527}, {""fold"": 3, ""train_start"": ""2019-10-23"", ""train_end"": ""2022-09-07"", ""train_label_end_max"": ""2022-09-14"", ""validation_start"": ""2022-09-15"", ""validation_end"": ""2023-08-15"", ""train_rows"": 158865, ""validation_rows"": 84930}, {""fold"": 4, ""train_start"": ""2019-10-23"", ""train_end"": ""2023-08-08"", ""train_label_end_max"": ""2023-08-15"", ""validation_start"": ""2023-08-16"", ""validation_end"": ""2024-07-18"", ""train_rows"": 243728, ""validation_rows"": 85783}, {""fold"": 5, ""train_start"": ""2019-10-23"", ""train_end"": ""2024-07-11"", ""train_label_end_max"": ""2024-07-18"", ""validation_start"": ""2024-07-19"", ""validation_end"": ""2025-06-23"", ""train_rows"": 329509, ""validation_rows"": 85402}]",0.5,5.845,66bdb23e8b5a,9cf8f4c431a9e89fea5b7379f196f9505b74cc80396a163d96d8d5191f2204d1,v2_date_purged_fixed_050,ok,legacy-seed retune v2 phase1
RF_20260719_174919_181779,2026-07-19T17:50:09,random_forest,Random Forest,"{""n_estimators"": 138, ""max_depth"": 4, ""min_samples_leaf"": 25, ""max_features"": 0.35}",0.45655978723794083,0.040749788471735965,"[0.4730714923781806, 0.5253833208676141, 0.4520014073452597, 0.4184276625505738, 0.4139150530480759]",0.4246210671056382,0.019723821843625148,0.5013170198557042,0.09146651947754887,"[0.4575529542920847, 0.43207811929338946, 0.410192803635024, 0.40024169879726074, 0.42303975951043193]","[0.489679651613673, 0.6700849605008198, 0.5032998824699394, 0.4383449405981155, 0.40517566409597255]","[{""fold"": 1, ""train_start"": ""2019-10-23"", ""train_end"": ""2020-11-02"", ""train_label_end_max"": ""2020-11-09"", ""validation_start"": ""2020-11-10"", ""validation_end"": ""2021-10-12"", ""train_rows"": 1483, ""validation_rows"": 73577}, {""fold"": 2, ""train_start"": ""2019-10-23"", ""train_end"": ""2021-10-05"", ""train_label_end_max"": ""2021-10-12"", ""validation_start"": ""2021-10-13"", ""validation_end"": ""2022-09-14"", ""train_rows"": 73321, ""validation_rows"": 85527}, {""fold"": 3, ""train_start"": ""2019-10-23"", ""train_end"": ""2022-09-07"", ""train_label_end_max"": ""2022-09-14"", ""validation_start"": ""2022-09-15"", ""validation_end"": ""2023-08-15"", ""train_rows"": 158865, ""validation_rows"": 84930}, {""fold"": 4, ""train_start"": ""2019-10-23"", ""train_end"": ""2023-08-08"", ""train_label_end_max"": ""2023-08-15"", ""validation_start"": ""2023-08-16"", ""validation_end"": ""2024-07-18"", ""train_rows"": 243728, ""validation_rows"": 85783}, {""fold"": 5, ""train_start"": ""2019-10-23"", ""train_end"": ""2024-07-11"", ""train_label_end_max"": ""2024-07-18"", ""validation_start"": ""2024-07-19"", ""validation_end"": ""2025-06-23"", ""train_rows"": 329509, ""validation_rows"": 85402}]",0.5,50.124,66bdb23e8b5a,9cf8f4c431a9e89fea5b7379f196f9505b74cc80396a163d96d8d5191f2204d1,v2_date_purged_fixed_050,ok,legacy-seed retune v2 phase1
RF_20260719_175009_310518,2026-07-19T17:50:57,random_forest,Random Forest,"{""n_estimators"": 130, ""max_depth"": 4, ""min_samples_leaf"": 40, ""max_features"": 0.35}",0.45784884582497165,0.041397574915320166,"[0.4801902858510084, 0.5252788234880202, 0.4513992562634022, 0.4184232715008432, 0.41395259202158413]",0.424442177130245,0.018662898443963582,0.5040815705294638,0.09053884343929237,"[0.4546035976015989, 0.43297115458974555, 0.41062742289933085, 0.4006285500100914, 0.42338016055045874]","[0.5088289685617133, 0.6676106722313311, 0.5011602326492481, 0.43787224655721174, 0.4049357326478149]","[{""fold"": 1, ""train_start"": ""2019-10-23"", ""train_end"": ""2020-11-02"", ""train_label_end_max"": ""2020-11-09"", ""validation_start"": ""2020-11-10"", ""validation_end"": ""2021-10-12"", ""train_rows"": 1483, ""validation_rows"": 73577}, {""fold"": 2, ""train_start"": ""2019-10-23"", ""train_end"": ""2021-10-05"", ""train_label_end_max"": ""2021-10-12"", ""validation_start"": ""2021-10-13"", ""validation_end"": ""2022-09-14"", ""train_rows"": 73321, ""validation_rows"": 85527}, {""fold"": 3, ""train_start"": ""2019-10-23"", ""train_end"": ""2022-09-07"", ""train_label_end_max"": ""2022-09-14"", ""validation_start"": ""2022-09-15"", ""validation_end"": ""2023-08-15"", ""train_rows"": 158865, ""validation_rows"": 84930}, {""fold"": 4, ""train_start"": ""2019-10-23"", ""train_end"": ""2023-08-08"", ""train_label_end_max"": ""2023-08-15"", ""validation_start"": ""2023-08-16"", ""validation_end"": ""2024-07-18"", ""train_rows"": 243728, ""validation_rows"": 85783}, {""fold"": 5, ""train_start"": ""2019-10-23"", ""train_end"": ""2024-07-11"", ""train_label_end_max"": ""2024-07-18"", ""validation_start"": ""2024-07-19"", ""validation_end"": ""2025-06-23"", ""train_rows"": 329509, ""validation_rows"": 85402}]",0.5,47.87,66bdb23e8b5a,9cf8f4c431a9e89fea5b7379f196f9505b74cc80396a163d96d8d5191f2204d1,v2_date_purged_fixed_050,ok,legacy-seed retune v2 phase1
RF_20260719_175057_179256,2026-07-19T17:51:30,random_forest,Random Forest,"{""n_estimators"": 130, ""max_depth"": 4, ""min_samples_leaf"": 25, ""max_features"": ""sqrt""}",0.45800528288299686,0.042325606664404936,"[0.472284393802866, 0.5252456555896907, 0.4671926416366015, 0.4085378017155396, 0.41676592167028653]",0.4267556043488937,0.02056097233873699,0.5024544635987511,0.09420397001370714,"[0.4605442176870748, 0.4329010186133715, 0.4160429317892953, 0.39813374805598756, 0.4261561055987391]","[0.48463878780647857, 0.6676702936354151, 0.5326823976132357, 0.4195002048340844, 0.4077806341045416]","[{""fold"": 1, ""train_start"": ""2019-10-23"", ""train_end"": ""2020-11-02"", ""train_label_end_max"": ""2020-11-09"", ""validation_start"": ""2020-11-10"", ""validation_end"": ""2021-10-12"", ""train_rows"": 1483, ""validation_rows"": 73577}, {""fold"": 2, ""train_start"": ""2019-10-23"", ""train_end"": ""2021-10-05"", ""train_label_end_max"": ""2021-10-12"", ""validation_start"": ""2021-10-13"", ""validation_end"": ""2022-09-14"", ""train_rows"": 73321, ""validation_rows"": 85527}, {""fold"": 3, ""train_start"": ""2019-10-23"", ""train_end"": ""2022-09-07"", ""train_label_end_max"": ""2022-09-14"", ""validation_start"": ""2022-09-15"", ""validation_end"": ""2023-08-15"", ""train_rows"": 158865, ""validation_rows"": 84930}, {""fold"": 4, ""train_start"": ""2019-10-23"", ""train_end"": ""2023-08-08"", ""train_label_end_max"": ""2023-08-15"", ""validation_start"": ""2023-08-16"", ""validation_end"": ""2024-07-18"", ""train_rows"": 243728, ""validation_rows"": 85783}, {""fold"": 5, ""train_start"": ""2019-10-23"", ""train_end"": ""2024-07-11"", ""train_label_end_max"": ""2024-07-18"", ""validation_start"": ""2024-07-19"", ""validation_end"": ""2025-06-23"", ""train_rows"": 329509, ""validation_rows"": 85402}]",0.5,33.33,66bdb23e8b5a,9cf8f4c431a9e89fea5b7379f196f9505b74cc80396a163d96d8d5191f2204d1,v2_date_purged_fixed_050,ok,legacy-seed retune v2 phase1
RF_20260719_175130_515221,2026-07-19T17:52:18,random_forest,Random Forest,"{""n_estimators"": 130, ""max_depth"": 4, ""min_samples_leaf"": 15, ""max_features"": 0.35}",0.45756802630388405,0.04109097925081104,"[0.4778156996587031, 0.525370337841794, 0.4519078170991414, 0.418511550906765, 0.41423472601301703]",0.42510098706442606,0.019849918097918733,0.5027295226945034,0.09070636183606101,"[0.4583436070244651, 0.43263259402121507, 0.41090281203749385, 0.4005531228393639, 0.4230727993995926]","[0.49901568931575496, 0.6687136682068863, 0.5020040382123376, 0.438155862981754, 0.40575835475578403]","[{""fold"": 1, ""train_start"": ""2019-10-23"", ""train_end"": ""2020-11-02"", ""train_label_end_max"": ""2020-11-09"", ""validation_start"": ""2020-11-10"", ""validation_end"": ""2021-10-12"", ""train_rows"": 1483, ""validation_rows"": 73577}, {""fold"": 2, ""train_start"": ""2019-10-23"", ""train_end"": ""2021-10-05"", ""train_label_end_max"": ""2021-10-12"", ""validation_start"": ""2021-10-13"", ""validation_end"": ""2022-09-14"", ""train_rows"": 73321, ""validation_rows"": 85527}, {""fold"": 3, ""train_start"": ""2019-10-23"", ""train_end"": ""2022-09-07"", ""train_label_end_max"": ""2022-09-14"", ""validation_start"": ""2022-09-15"", ""validation_end"": ""2023-08-15"", ""train_rows"": 158865, ""validation_rows"": 84930}, {""fold"": 4, ""train_start"": ""2019-10-23"", ""train_end"": ""2023-08-08"", ""train_label_end_max"": ""2023-08-15"", ""validation_start"": ""2023-08-16"", ""validation_end"": ""2024-07-18"", ""train_rows"": 243728, ""validation_rows"": 85783}, {""fold"": 5, ""train_start"": ""2019-10-23"", ""train_end"": ""2024-07-11"", ""train_label_end_max"": ""2024-07-18"", ""validation_start"": ""2024-07-19"", ""validation_end"": ""2025-06-23"", ""train_rows"": 329509, ""validation_rows"": 85402}]",0.5,47.907,66bdb23e8b5a,9cf8f4c431a9e89fea5b7379f196f9505b74cc80396a163d96d8d5191f2204d1,v2_date_purged_fixed_050,ok,legacy-seed retune v2 phase1
RF_20260719_175218_423510,2026-07-19T17:52:54,random_forest,Random Forest,"{""n_estimators"": 130, ""max_depth"": 3, ""min_samples_leaf"": 32, ""max_features"": 0.34}",0.45608836845491235,0.03968373954321852,"[0.4620046272109859, 0.5218502549893107, 0.466853799942286, 0.414835828102366, 0.4148973320296131]",0.42638184012001545,0.021755446990253325,0.4979188072892405,0.08800537691414932,"[0.4623980399772924, 0.4353379563207397, 0.4133317849262571, 0.3979848866498741, 0.4228565327259138]","[0.46161188331444253, 0.6512744075122969, 0.5362987071693337, 0.43317681908423405, 0.40723221936589543]","[{""fold"": 1, ""train_start"": ""2019-10-23"", ""train_end"": ""2020-11-02"", ""train_label_end_max"": ""2020-11-09"", ""validation_start"": ""2020-11-10"", ""validation_end"": ""2021-10-12"", ""train_rows"": 1483, ""validation_rows"": 73577}, {""fold"": 2, ""train_start"": ""2019-10-23"", ""train_end"": ""2021-10-05"", ""train_label_end_max"": ""2021-10-12"", ""validation_start"": ""2021-10-13"", ""validation_end"": ""2022-09-14"", ""train_rows"": 73321, ""validation_rows"": 85527}, {""fold"": 3, ""train_start"": ""2019-10-23"", ""train_end"": ""2022-09-07"", ""train_label_end_max"": ""2022-09-14"", ""validation_start"": ""2022-09-15"", ""validation_end"": ""2023-08-15"", ""train_rows"": 158865, ""validation_rows"": 84930}, {""fold"": 4, ""train_start"": ""2019-10-23"", ""train_end"": ""2023-08-08"", ""train_label_end_max"": ""2023-08-15"", ""validation_start"": ""2023-08-16"", ""validation_end"": ""2024-07-18"", ""train_rows"": 243728, ""validation_rows"": 85783}, {""fold"": 5, ""train_start"": ""2019-10-23"", ""train_end"": ""2024-07-11"", ""train_label_end_max"": ""2024-07-18"", ""validation_start"": ""2024-07-19"", ""validation_end"": ""2025-06-23"", ""train_rows"": 329509, ""validation_rows"": 85402}]",0.5,35.588,66bdb23e8b5a,9cf8f4c431a9e89fea5b7379f196f9505b74cc80396a163d96d8d5191f2204d1,v2_date_purged_fixed_050,ok,legacy-seed retune v2 phase1
RF_20260719_175254_012731,2026-07-19T17:53:31,random_forest,Random Forest,"{""n_estimators"": 130, ""max_depth"": 4, ""min_samples_leaf"": 20, ""max_features"": 0.25}",0.45909432339667555,0.04208848683820507,"[0.4722957422324511, 0.5273930242598924, 0.4666039510818438, 0.41411429178233894, 0.41506460762685154]",0.4258560018108509,0.01881865461540792,0.5060735219501276,0.09453791577004422,"[0.45610379507695725, 0.4333103236692744, 0.41636320643178054, 0.3992570057918446, 0.42424567808439817]","[0.489679651613673, 0.6736622447458638, 0.5306331555314469, 0.43012006428638955, 0.4062724935732648]","[{""fold"": 1, ""train_start"": ""2019-10-23"", ""train_end"": ""2020-11-02"", ""train_label_end_max"": ""2020-11-09"", ""validation_start"": ""2020-11-10"", ""validation_end"": ""2021-10-12"", ""train_rows"": 1483, ""validation_rows"": 73577}, {""fold"": 2, ""train_start"": ""2019-10-23"", ""train_end"": ""2021-10-05"", ""train_label_end_max"": ""2021-10-12"", ""validation_start"": ""2021-10-13"", ""validation_end"": ""2022-09-14"", ""train_rows"": 73321, ""validation_rows"": 85527}, {""fold"": 3, ""train_start"": ""2019-10-23"", ""train_end"": ""2022-09-07"", ""train_label_end_max"": ""2022-09-14"", ""validation_start"": ""2022-09-15"", ""validation_end"": ""2023-08-15"", ""train_rows"": 158865, ""validation_rows"": 84930}, {""fold"": 4, ""train_start"": ""2019-10-23"", ""train_end"": ""2023-08-08"", ""train_label_end_max"": ""2023-08-15"", ""validation_start"": ""2023-08-16"", ""validation_end"": ""2024-07-18"", ""train_rows"": 243728, ""validation_rows"": 85783}, {""fold"": 5, ""train_start"": ""2019-10-23"", ""train_end"": ""2024-07-11"", ""train_label_end_max"": ""2024-07-18"", ""validation_start"": ""2024-07-19"", ""validation_end"": ""2025-06-23"", ""train_rows"": 329509, ""validation_rows"": 85402}]",0.5,37.865,66bdb23e8b5a,9cf8f4c431a9e89fea5b7379f196f9505b74cc80396a163d96d8d5191f2204d1,v2_date_purged_fixed_050,ok,legacy-seed retune v2 phase1
RF_20260719_175331_876936,2026-07-19T17:54:22,random_forest,Random Forest,"{""n_estimators"": 130, ""max_depth"": 5, ""min_samples_leaf"": 22, ""max_features"": 0.33}",0.45840572910127364,0.041175951946185216,"[0.47554347826086957, 0.528838618366416, 0.45, 0.4157734350126594, 0.42187311386642296]",0.42649440284154005,0.021007821009596656,0.5026713038109055,0.0910249603542238,"[0.4613270514330585, 0.43516593516593516, 0.4108320680986634, 0.40063109916437795, 0.4245158603456653]","[0.49066396229791803, 0.6739007303622, 0.4974233794412802, 0.4321053792581855, 0.4192630676949443]","[{""fold"": 1, ""train_start"": ""2019-10-23"", ""train_end"": ""2020-11-02"", ""train_label_end_max"": ""2020-11-09"", ""validation_start"": ""2020-11-10"", ""validation_end"": ""2021-10-12"", ""train_rows"": 1483, ""validation_rows"": 73577}, {""fold"": 2, ""train_start"": ""2019-10-23"", ""train_end"": ""2021-10-05"", ""train_label_end_max"": ""2021-10-12"", ""validation_start"": ""2021-10-13"", ""validation_end"": ""2022-09-14"", ""train_rows"": 73321, ""validation_rows"": 85527}, {""fold"": 3, ""train_start"": ""2019-10-23"", ""train_end"": ""2022-09-07"", ""train_label_end_max"": ""2022-09-14"", ""validation_start"": ""2022-09-15"", ""validation_end"": ""2023-08-15"", ""train_rows"": 158865, ""validation_rows"": 84930}, {""fold"": 4, ""train_start"": ""2019-10-23"", ""train_end"": ""2023-08-08"", ""train_label_end_max"": ""2023-08-15"", ""validation_start"": ""2023-08-16"", ""validation_end"": ""2024-07-18"", ""train_rows"": 243728, ""validation_rows"": 85783}, {""fold"": 5, ""train_start"": ""2019-10-23"", ""train_end"": ""2024-07-11"", ""train_label_end_max"": ""2024-07-18"", ""validation_start"": ""2024-07-19"", ""validation_end"": ""2025-06-23"", ""train_rows"": 329509, ""validation_rows"": 85402}]",0.5,50.256,66bdb23e8b5a,9cf8f4c431a9e89fea5b7379f196f9505b74cc80396a163d96d8d5191f2204d1,v2_date_purged_fixed_050,ok,legacy-seed retune v2 phase1
RF_20260719_175422_135488,2026-07-19T17:55:31,random_forest,Random Forest,"{""n_estimators"": 130, ""max_depth"": 6, ""min_samples_leaf"": 25, ""max_features"": 0.4}",0.46133971679651536,0.03893551673905079,"[0.489529447564248, 0.5226355786253658, 0.44495761790915017, 0.41816999591719467, 0.4314059439666184]",0.42612769474826573,0.02050835710861679,0.5076123302962875,0.07817782563417025,"[0.45641184359847314, 0.43844972518590364, 0.4050651695397324, 0.4019710448281877, 0.4287406905890318]","[0.5278291475272923, 0.646832612908034, 0.4935659825814423, 0.43572936690511455, 0.4341045415595544]","[{""fold"": 1, ""train_start"": ""2019-10-23"", ""train_end"": ""2020-11-02"", ""train_label_end_max"": ""2020-11-09"", ""validation_start"": ""2020-11-10"", ""validation_end"": ""2021-10-12"", ""train_rows"": 1483, ""validation_rows"": 73577}, {""fold"": 2, ""train_start"": ""2019-10-23"", ""train_end"": ""2021-10-05"", ""train_label_end_max"": ""2021-10-12"", ""validation_start"": ""2021-10-13"", ""validation_end"": ""2022-09-14"", ""train_rows"": 73321, ""validation_rows"": 85527}, {""fold"": 3, ""train_start"": ""2019-10-23"", ""train_end"": ""2022-09-07"", ""train_label_end_max"": ""2022-09-14"", ""validation_start"": ""2022-09-15"", ""validation_end"": ""2023-08-15"", ""train_rows"": 158865, ""validation_rows"": 84930}, {""fold"": 4, ""train_start"": ""2019-10-23"", ""train_end"": ""2023-08-08"", ""train_label_end_max"": ""2023-08-15"", ""validation_start"": ""2023-08-16"", ""validation_end"": ""2024-07-18"", ""train_rows"": 243728, ""validation_rows"": 85783}, {""fold"": 5, ""train_start"": ""2019-10-23"", ""train_end"": ""2024-07-11"", ""train_label_end_max"": ""2024-07-18"", ""validation_start"": ""2024-07-19"", ""validation_end"": ""2025-06-23"", ""train_rows"": 329509, ""validation_rows"": 85402}]",0.5,69.116,66bdb23e8b5a,9cf8f4c431a9e89fea5b7379f196f9505b74cc80396a163d96d8d5191f2204d1,v2_date_purged_fixed_050,ok,legacy-seed retune v2 phase1
RF_20260719_175531_253383,2026-07-19T17:56:24,random_forest,Random Forest,"{""n_estimators"": 130, ""max_depth"": 7, ""min_samples_leaf"": 40, ""max_features"": 0.25}",0.46353843461040967,0.0392470515770625,"[0.48909462446307184, 0.5247659533817348, 0.4566897385928365, 0.4181848520243314, 0.42895700459007374]",0.42826499689157077,0.01932367104303664,0.5107534995786104,0.08216642015529302,"[0.45799380385826977, 0.4377178828263511, 0.4121585561108146, 0.4031588183679438, 0.4302959232944747]","[0.5247270774920957, 0.655030555969593, 0.5120091613175421, 0.4343743106545237, 0.42762639245929734]","[{""fold"": 1, ""train_start"": ""2019-10-23"", ""train_end"": ""2020-11-02"", ""train_label_end_max"": ""2020-11-09"", ""validation_start"": ""2020-11-10"", ""validation_end"": ""2021-10-12"", ""train_rows"": 1483, ""validation_rows"": 73577}, {""fold"": 2, ""train_start"": ""2019-10-23"", ""train_end"": ""2021-10-05"", ""train_label_end_max"": ""2021-10-12"", ""validation_start"": ""2021-10-13"", ""validation_end"": ""2022-09-14"", ""train_rows"": 73321, ""validation_rows"": 85527}, {""fold"": 3, ""train_start"": ""2019-10-23"", ""train_end"": ""2022-09-07"", ""train_label_end_max"": ""2022-09-14"", ""validation_start"": ""2022-09-15"", ""validation_end"": ""2023-08-15"", ""train_rows"": 158865, ""validation_rows"": 84930}, {""fold"": 4, ""train_start"": ""2019-10-23"", ""train_end"": ""2023-08-08"", ""train_label_end_max"": ""2023-08-15"", ""validation_start"": ""2023-08-16"", ""validation_end"": ""2024-07-18"", ""train_rows"": 243728, ""validation_rows"": 85783}, {""fold"": 5, ""train_start"": ""2019-10-23"", ""train_end"": ""2024-07-11"", ""train_label_end_max"": ""2024-07-18"", ""validation_start"": ""2024-07-19"", ""validation_end"": ""2025-06-23"", ""train_rows"": 329509, ""validation_rows"": 85402}]",0.5,52.903,66bdb23e8b5a,9cf8f4c431a9e89fea5b7379f196f9505b74cc80396a163d96d8d5191f2204d1,v2_date_purged_fixed_050,ok,legacy-seed retune v2 phase1
RF_20260719_175624_157774,2026-07-19T17:57:47,random_forest,Random Forest,"{""n_estimators"": 130, ""max_depth"": 6, ""min_samples_leaf"": 25, ""max_features"": 0.5}",0.4598795366815559,0.040014979104544116,"[0.48968547318501987, 0.5233764199925311, 0.43873225956411166, 0.41959901491229395, 0.428004515753823]",0.42616402688340155,0.022130869427259805,0.5042173553535065,0.07934746446982936,"[0.45990201472399067, 0.43915012331702585, 0.40155174571392815, 0.4030301271260231, 0.4271861235360399]","[0.5235936288253893, 0.6475778804590848, 0.48350058765030285, 0.43758863013266946, 0.4288260497000857]","[{""fold"": 1, ""train_start"": ""2019-10-23"", ""train_end"": ""2020-11-02"", ""train_label_end_max"": ""2020-11-09"", ""validation_start"": ""2020-11-10"", ""validation_end"": ""2021-10-12"", ""train_rows"": 1483, ""validation_rows"": 73577}, {""fold"": 2, ""train_start"": ""2019-10-23"", ""train_end"": ""2021-10-05"", ""train_label_end_max"": ""2021-10-12"", ""validation_start"": ""2021-10-13"", ""validation_end"": ""2022-09-14"", ""train_rows"": 73321, ""validation_rows"": 85527}, {""fold"": 3, ""train_start"": ""2019-10-23"", ""train_end"": ""2022-09-07"", ""train_label_end_max"": ""2022-09-14"", ""validation_start"": ""2022-09-15"", ""validation_end"": ""2023-08-15"", ""train_rows"": 158865, ""validation_rows"": 84930}, {""fold"": 4, ""train_start"": ""2019-10-23"", ""train_end"": ""2023-08-08"", ""train_label_end_max"": ""2023-08-15"", ""validation_start"": ""2023-08-16"", ""validation_end"": ""2024-07-18"", ""train_rows"": 243728, ""validation_rows"": 85783}, {""fold"": 5, ""train_start"": ""2019-10-23"", ""train_end"": ""2024-07-11"", ""train_label_end_max"": ""2024-07-18"", ""validation_start"": ""2024-07-19"", ""validation_end"": ""2025-06-23"", ""train_rows"": 329509, ""validation_rows"": 85402}]",0.5,83.422,66bdb23e8b5a,9cf8f4c431a9e89fea5b7379f196f9505b74cc80396a163d96d8d5191f2204d1,v2_date_purged_fixed_050,ok,legacy-seed retune v2 phase1
GB_20260719_175747_581250,2026-07-19T18:01:05,gradient_boosting,Gradient Boosting,"{""n_estimators"": 80, ""learning_rate"": 0.05, ""max_depth"": 2, ""subsample"": 0.7}",0.45665190244580833,0.04167334021919242,"[0.4624942049142327, 0.527803824286952, 0.4635563586257101, 0.4115846994535519, 0.41782042494859495]",0.43031268766484115,0.02720132524508912,0.495947734476342,0.0944472246182091,"[0.47986146741918934, 0.43848854178992624, 0.40759875640087784, 0.40786582913017916, 0.4177488435840329]","[0.4463401539103979, 0.6628111492025637, 0.5373233282102281, 0.41537201021019127, 0.41789203084832904]","[{""fold"": 1, ""train_start"": ""2019-10-23"", ""train_end"": ""2020-11-02"", ""train_label_end_max"": ""2020-11-09"", ""validation_start"": ""2020-11-10"", ""validation_end"": ""2021-10-12"", ""train_rows"": 1483, ""validation_rows"": 73577}, {""fold"": 2, ""train_start"": ""2019-10-23"", ""train_end"": ""2021-10-05"", ""train_label_end_max"": ""2021-10-12"", ""validation_start"": ""2021-10-13"", ""validation_end"": ""2022-09-14"", ""train_rows"": 73321, ""validation_rows"": 85527}, {""fold"": 3, ""train_start"": ""2019-10-23"", ""train_end"": ""2022-09-07"", ""train_label_end_max"": ""2022-09-14"", ""validation_start"": ""2022-09-15"", ""validation_end"": ""2023-08-15"", ""train_rows"": 158865, ""validation_rows"": 84930}, {""fold"": 4, ""train_start"": ""2019-10-23"", ""train_end"": ""2023-08-08"", ""train_label_end_max"": ""2023-08-15"", ""validation_start"": ""2023-08-16"", ""validation_end"": ""2024-07-18"", ""train_rows"": 243728, ""validation_rows"": 85783}, {""fold"": 5, ""train_start"": ""2019-10-23"", ""train_end"": ""2024-07-11"", ""train_label_end_max"": ""2024-07-18"", ""validation_start"": ""2024-07-19"", ""validation_end"": ""2025-06-23"", ""train_rows"": 329509, ""validation_rows"": 85402}]",0.5,198.349,66bdb23e8b5a,9cf8f4c431a9e89fea5b7379f196f9505b74cc80396a163d96d8d5191f2204d1,v2_date_purged_fixed_050,ok,legacy-seed retune v2 phase1
GB_20260719_180105_929175,2026-07-19T18:05:40,gradient_boosting,Gradient Boosting,"{""n_estimators"": 100, ""learning_rate"": 0.15, ""max_depth"": 2, ""subsample"": 0.8}",0.463660639607051,0.03670624500103641,"[0.4722822174226062, 0.5261617094796454, 0.46607959094078455, 0.431685257295335, 0.42209442289688376]",0.43411947938250844,0.028061184910969986,0.5057026313271551,0.08403392873137636,"[0.4854362817646503, 0.44028352275009036, 0.4077446174005377, 0.4251359775102365, 0.4119969974870272]","[0.45982222752490604, 0.6536592636756595, 0.5438929572371395, 0.4384394794062963, 0.4326992287917738]","[{""fold"": 1, ""train_start"": ""2019-10-23"", ""train_end"": ""2020-11-02"", ""train_label_end_max"": ""2020-11-09"", ""validation_start"": ""2020-11-10"", ""validation_end"": ""2021-10-12"", ""train_rows"": 1483, ""validation_rows"": 73577}, {""fold"": 2, ""train_start"": ""2019-10-23"", ""train_end"": ""2021-10-05"", ""train_label_end_max"": ""2021-10-12"", ""validation_start"": ""2021-10-13"", ""validation_end"": ""2022-09-14"", ""train_rows"": 73321, ""validation_rows"": 85527}, {""fold"": 3, ""train_start"": ""2019-10-23"", ""train_end"": ""2022-09-07"", ""train_label_end_max"": ""2022-09-14"", ""validation_start"": ""2022-09-15"", ""validation_end"": ""2023-08-15"", ""train_rows"": 158865, ""validation_rows"": 84930}, {""fold"": 4, ""train_start"": ""2019-10-23"", ""train_end"": ""2023-08-08"", ""train_label_end_max"": ""2023-08-15"", ""validation_start"": ""2023-08-16"", ""validation_end"": ""2024-07-18"", ""train_rows"": 243728, ""validation_rows"": 85783}, {""fold"": 5, ""train_start"": ""2019-10-23"", ""train_end"": ""2024-07-11"", ""train_label_end_max"": ""2024-07-18"", ""validation_start"": ""2024-07-19"", ""validation_end"": ""2025-06-23"", ""train_rows"": 329509, ""validation_rows"": 85402}]",0.5,274.427,66bdb23e8b5a,9cf8f4c431a9e89fea5b7379f196f9505b74cc80396a163d96d8d5191f2204d1,v2_date_purged_fixed_050,ok,legacy-seed retune v2 phase1
GB_20260719_180540_360217,2026-07-19T18:12:24,gradient_boosting,Gradient Boosting,"{""n_estimators"": 120, ""learning_rate"": 0.05, ""max_depth"": 2, ""subsample"": 1.0}",0.45966141965612894,0.0412028599303702,"[0.46364669791488233, 0.5330912691863344, 0.46062725043051717, 0.41849193486146485, 0.4224499458874459]",0.43182871077516116,0.02922140724024018,0.5010825404376752,0.09476143124161354,"[0.48506076700009776, 0.4409040385327899, 0.40612850537164413, 0.41014159506232606, 0.4169086479089483]","[0.44404342898049276, 0.6740199731703682, 0.5320194075279511, 0.42718936123278606, 0.42814053127677804]","[{""fold"": 1, ""train_start"": ""2019-10-23"", ""train_end"": ""2020-11-02"", ""train_label_end_max"": ""2020-11-09"", ""validation_start"": ""2020-11-10"", ""validation_end"": ""2021-10-12"", ""train_rows"": 1483, ""validation_rows"": 73577}, {""fold"": 2, ""train_start"": ""2019-10-23"", ""train_end"": ""2021-10-05"", ""train_label_end_max"": ""2021-10-12"", ""validation_start"": ""2021-10-13"", ""validation_end"": ""2022-09-14"", ""train_rows"": 73321, ""validation_rows"": 85527}, {""fold"": 3, ""train_start"": ""2019-10-23"", ""train_end"": ""2022-09-07"", ""train_label_end_max"": ""2022-09-14"", ""validation_start"": ""2022-09-15"", ""validation_end"": ""2023-08-15"", ""train_rows"": 158865, ""validation_rows"": 84930}, {""fold"": 4, ""train_start"": ""2019-10-23"", ""train_end"": ""2023-08-08"", ""train_label_end_max"": ""2023-08-15"", ""validation_start"": ""2023-08-16"", ""validation_end"": ""2024-07-18"", ""train_rows"": 243728, ""validation_rows"": 85783}, {""fold"": 5, ""train_start"": ""2019-10-23"", ""train_end"": ""2024-07-11"", ""train_label_end_max"": ""2024-07-18"", ""validation_start"": ""2024-07-19"", ""validation_end"": ""2025-06-23"", ""train_rows"": 329509, ""validation_rows"": 85402}]",0.5,404.339,66bdb23e8b5a,9cf8f4c431a9e89fea5b7379f196f9505b74cc80396a163d96d8d5191f2204d1,v2_date_purged_fixed_050,ok,legacy-seed retune v2 phase1
GB_20260719_181224_697519,2026-07-19T18:19:29,gradient_boosting,Gradient Boosting,"{""n_estimators"": 80, ""learning_rate"": 0.05, ""max_depth"": 4, ""subsample"": 0.8}",0.45755301199362525,0.037991119588803905,"[0.4644019019019019, 0.5276100190082048, 0.44578248044813684, 0.42401553836032707, 0.42595512024955556]",0.43471470190552697,0.02938120410512093,0.4909471957340125,0.08494820955679616,"[0.48819467280499834, 0.4423018738527946, 0.40451341993468065, 0.42153290354729206, 0.41703063938786905]","[0.44282049752430946, 0.6536890743777016, 0.49642889431335324, 0.4265275895755207, 0.4352699228791774]","[{""fold"": 1, ""train_start"": ""2019-10-23"", ""train_end"": ""2020-11-02"", ""train_label_end_max"": ""2020-11-09"", ""validation_start"": ""2020-11-10"", ""validation_end"": ""2021-10-12"", ""train_rows"": 1483, ""validation_rows"": 73577}, {""fold"": 2, ""train_start"": ""2019-10-23"", ""train_end"": ""2021-10-05"", ""train_label_end_max"": ""2021-10-12"", ""validation_start"": ""2021-10-13"", ""validation_end"": ""2022-09-14"", ""train_rows"": 73321, ""validation_rows"": 85527}, {""fold"": 3, ""train_start"": ""2019-10-23"", ""train_end"": ""2022-09-07"", ""train_label_end_max"": ""2022-09-14"", ""validation_start"": ""2022-09-15"", ""validation_end"": ""2023-08-15"", ""train_rows"": 158865, ""validation_rows"": 84930}, {""fold"": 4, ""train_start"": ""2019-10-23"", ""train_end"": ""2023-08-08"", ""train_label_end_max"": ""2023-08-15"", ""validation_start"": ""2023-08-16"", ""validation_end"": ""2024-07-18"", ""train_rows"": 243728, ""validation_rows"": 85783}, {""fold"": 5, ""train_start"": ""2019-10-23"", ""train_end"": ""2024-07-11"", ""train_label_end_max"": ""2024-07-18"", ""validation_start"": ""2024-07-19"", ""validation_end"": ""2025-06-23"", ""train_rows"": 329509, ""validation_rows"": 85402}]",0.5,424.741,66bdb23e8b5a,9cf8f4c431a9e89fea5b7379f196f9505b74cc80396a163d96d8d5191f2204d1,v2_date_purged_fixed_050,ok,legacy-seed retune v2 phase1
GB_20260719_181929_442085,2026-07-19T18:21:06,gradient_boosting,Gradient Boosting,"{""n_estimators"": 40, ""learning_rate"": 0.25, ""max_depth"": 2, ""subsample"": 0.7}",0.4615207081650164,0.03427360349018853,"[0.4662804312455332, 0.522169408897014, 0.46123620194917664, 0.4340497390236414, 0.42386775970971646]",0.431977124540861,0.02503495782407867,0.5023059852472139,0.07741258710443476,"[0.4756025684772156, 0.44164519121740026, 0.4038204739379399, 0.4231747837279612, 0.4156426053437881]","[0.457316709419555, 0.6386048591444329, 0.5376849591658379, 0.4454983770837929, 0.4324250214224507]","[{""fold"": 1, ""train_start"": ""2019-10-23"", ""train_end"": ""2020-11-02"", ""train_label_end_max"": ""2020-11-09"", ""validation_start"": ""2020-11-10"", ""validation_end"": ""2021-10-12"", ""train_rows"": 1483, ""validation_rows"": 73577}, {""fold"": 2, ""train_start"": ""2019-10-23"", ""train_end"": ""2021-10-05"", ""train_label_end_max"": ""2021-10-12"", ""validation_start"": ""2021-10-13"", ""validation_end"": ""2022-09-14"", ""train_rows"": 73321, ""validation_rows"": 85527}, {""fold"": 3, ""train_start"": ""2019-10-23"", ""train_end"": ""2022-09-07"", ""train_label_end_max"": ""2022-09-14"", ""validation_start"": ""2022-09-15"", ""validation_end"": ""2023-08-15"", ""train_rows"": 158865, ""validation_rows"": 84930}, {""fold"": 4, ""train_start"": ""2019-10-23"", ""train_end"": ""2023-08-08"", ""train_label_end_max"": ""2023-08-15"", ""validation_start"": ""2023-08-16"", ""validation_end"": ""2024-07-18"", ""train_rows"": 243728, ""validation_rows"": 85783}, {""fold"": 5, ""train_start"": ""2019-10-23"", ""train_end"": ""2024-07-11"", ""train_label_end_max"": ""2024-07-18"", ""validation_start"": ""2024-07-19"", ""validation_end"": ""2025-06-23"", ""train_rows"": 329509, ""validation_rows"": 85402}]",0.5,97.548,66bdb23e8b5a,9cf8f4c431a9e89fea5b7379f196f9505b74cc80396a163d96d8d5191f2204d1,v2_date_purged_fixed_050,ok,legacy-seed retune v2 phase1
GB_20260719_182106_986715,2026-07-19T18:27:35,gradient_boosting,Gradient Boosting,"{""n_estimators"": 150, ""learning_rate"": 0.05, ""max_depth"": 3, ""subsample"": 0.5}",0.46441309268970965,0.034668753337804094,"[0.477033577677938, 0.5231390778441657, 0.4623073170088479, 0.4296851808452465, 0.4299003100723502]",0.4340631545030461,0.0219043020020042,0.5051478571546535,0.07569253380788064,"[0.4727576307926651, 0.4419929264681691, 0.4109813850987012, 0.4260969261279127, 0.41848690402778227]","[0.48138757978882063, 0.6407810403935013, 0.5282825543199832, 0.43333438376453537, 0.44195372750642675]","[{""fold"": 1, ""train_start"": ""2019-10-23"", ""train_end"": ""2020-11-02"", ""train_label_end_max"": ""2020-11-09"", ""validation_start"": ""2020-11-10"", ""validation_end"": ""2021-10-12"", ""train_rows"": 1483, ""validation_rows"": 73577}, {""fold"": 2, ""train_start"": ""2019-10-23"", ""train_end"": ""2021-10-05"", ""train_label_end_max"": ""2021-10-12"", ""validation_start"": ""2021-10-13"", ""validation_end"": ""2022-09-14"", ""train_rows"": 73321, ""validation_rows"": 85527}, {""fold"": 3, ""train_start"": ""2019-10-23"", ""train_end"": ""2022-09-07"", ""train_label_end_max"": ""2022-09-14"", ""validation_start"": ""2022-09-15"", ""validation_end"": ""2023-08-15"", ""train_rows"": 158865, ""validation_rows"": 84930}, {""fold"": 4, ""train_start"": ""2019-10-23"", ""train_end"": ""2023-08-08"", ""train_label_end_max"": ""2023-08-15"", ""validation_start"": ""2023-08-16"", ""validation_end"": ""2024-07-18"", ""train_rows"": 243728, ""validation_rows"": 85783}, {""fold"": 5, ""train_start"": ""2019-10-23"", ""train_end"": ""2024-07-11"", ""train_label_end_max"": ""2024-07-18"", ""validation_start"": ""2024-07-19"", ""validation_end"": ""2025-06-23"", ""train_rows"": 329509, ""validation_rows"": 85402}]",0.5,388.916,66bdb23e8b5a,9cf8f4c431a9e89fea5b7379f196f9505b74cc80396a163d96d8d5191f2204d1,v2_date_purged_fixed_050,ok,legacy-seed retune v2 phase1
GB_20260719_182735_909711,2026-07-19T18:33:42,gradient_boosting,Gradient Boosting,"{""n_estimators"": 120, ""learning_rate"": 0.2, ""max_depth"": 2, ""subsample"": 0.9}",0.4715296007103693,0.0321141932671274,"[0.48240184205017794, 0.5244267198404786, 0.4743275039745628, 0.441150072730649, 0.43534186495597815]",0.43735091986464375,0.02588104383788517,0.5182220347960204,0.07413155017453428,"[0.48363113083103487, 0.4428245826574403, 0.41034725584261256, 0.4333971844689714, 0.4165544455231593]","[0.4811787866133747, 0.6428976002384856, 0.5619443691046621, 0.44918539060284246, 0.45590402742073693]","[{""fold"": 1, ""train_start"": ""2019-10-23"", ""train_end"": ""2020-11-02"", ""train_label_end_max"": ""2020-11-09"", ""validation_start"": ""2020-11-10"", ""validation_end"": ""2021-10-12"", ""train_rows"": 1483, ""validation_rows"": 73577}, {""fold"": 2, ""train_start"": ""2019-10-23"", ""train_end"": ""2021-10-05"", ""train_label_end_max"": ""2021-10-12"", ""validation_start"": ""2021-10-13"", ""validation_end"": ""2022-09-14"", ""train_rows"": 73321, ""validation_rows"": 85527}, {""fold"": 3, ""train_start"": ""2019-10-23"", ""train_end"": ""2022-09-07"", ""train_label_end_max"": ""2022-09-14"", ""validation_start"": ""2022-09-15"", ""validation_end"": ""2023-08-15"", ""train_rows"": 158865, ""validation_rows"": 84930}, {""fold"": 4, ""train_start"": ""2019-10-23"", ""train_end"": ""2023-08-08"", ""train_label_end_max"": ""2023-08-15"", ""validation_start"": ""2023-08-16"", ""validation_end"": ""2024-07-18"", ""train_rows"": 243728, ""validation_rows"": 85783}, {""fold"": 5, ""train_start"": ""2019-10-23"", ""train_end"": ""2024-07-11"", ""train_label_end_max"": ""2024-07-18"", ""validation_start"": ""2024-07-19"", ""validation_end"": ""2025-06-23"", ""train_rows"": 329509, ""validation_rows"": 85402}]",0.5,366.532,66bdb23e8b5a,9cf8f4c431a9e89fea5b7379f196f9505b74cc80396a163d96d8d5191f2204d1,v2_date_purged_fixed_050,ok,legacy-seed retune v2 phase1
GB_20260719_183342_442052,2026-07-19T18:36:27,gradient_boosting,Gradient Boosting,"{""n_estimators"": 40, ""learning_rate"": 0.1, ""max_depth"": 5, ""subsample"": 0.5}",0.45823196459761695,0.030854217163859027,"[0.456901859376924, 0.5176708760754978, 0.4469880501946267, 0.4342630715413429, 0.43533596579969325]",0.4327074608421265,0.022785387058151526,0.4923876139588293,0.06906158095609057,"[0.47204376311939444, 0.4417663913703017, 0.40756000099277756, 0.42673318528883886, 0.4154339634393199]","[0.4427011871383404, 0.6250708004173499, 0.49486182683904406, 0.44206346705322536, 0.4572407883461868]","[{""fold"": 1, ""train_start"": ""2019-10-23"", ""train_end"": ""2020-11-02"", ""train_label_end_max"": ""2020-11-09"", ""validation_start"": ""2020-11-10"", ""validation_end"": ""2021-10-12"", ""train_rows"": 1483, ""validation_rows"": 73577}, {""fold"": 2, ""train_start"": ""2019-10-23"", ""train_end"": ""2021-10-05"", ""train_label_end_max"": ""2021-10-12"", ""validation_start"": ""2021-10-13"", ""validation_end"": ""2022-09-14"", ""train_rows"": 73321, ""validation_rows"": 85527}, {""fold"": 3, ""train_start"": ""2019-10-23"", ""train_end"": ""2022-09-07"", ""train_label_end_max"": ""2022-09-14"", ""validation_start"": ""2022-09-15"", ""validation_end"": ""2023-08-15"", ""train_rows"": 158865, ""validation_rows"": 84930}, {""fold"": 4, ""train_start"": ""2019-10-23"", ""train_end"": ""2023-08-08"", ""train_label_end_max"": ""2023-08-15"", ""validation_start"": ""2023-08-16"", ""validation_end"": ""2024-07-18"", ""train_rows"": 243728, ""validation_rows"": 85783}, {""fold"": 5, ""train_start"": ""2019-10-23"", ""train_end"": ""2024-07-11"", ""train_label_end_max"": ""2024-07-18"", ""validation_start"": ""2024-07-19"", ""validation_end"": ""2025-06-23"", ""train_rows"": 329509, ""validation_rows"": 85402}]",0.5,165.207,66bdb23e8b5a,9cf8f4c431a9e89fea5b7379f196f9505b74cc80396a163d96d8d5191f2204d1,v2_date_purged_fixed_050,ok,legacy-seed retune v2 phase1
LR_20260719_183629_961027,2026-07-19T18:36:31,logistic_regression,Logistic Regression,"{""C"": 4.123160000000001e-07, ""solver"": ""liblinear""}",0.43149843837065366,0.045713277725860424,"[0.4346686275136673, 0.4926065893930555, 0.4689040254154192, 0.38888064989206916, 0.3724322996390574]",0.4267310235292057,0.02189466168840087,0.44691087137797236,0.09534058121265152,"[0.46831082942959495, 0.4286565582996756, 0.41409966286426825, 0.40754299924017406, 0.4150450678123157]","[0.40553600190896616, 0.5789834550603666, 0.5404273272458789, 0.37185264551098224, 0.3377549271636675]","[{""fold"": 1, ""train_start"": ""2019-10-23"", ""train_end"": ""2020-11-02"", ""train_label_end_max"": ""2020-11-09"", ""validation_start"": ""2020-11-10"", ""validation_end"": ""2021-10-12"", ""train_rows"": 1483, ""validation_rows"": 73577}, {""fold"": 2, ""train_start"": ""2019-10-23"", ""train_end"": ""2021-10-05"", ""train_label_end_max"": ""2021-10-12"", ""validation_start"": ""2021-10-13"", ""validation_end"": ""2022-09-14"", ""train_rows"": 73321, ""validation_rows"": 85527}, {""fold"": 3, ""train_start"": ""2019-10-23"", ""train_end"": ""2022-09-07"", ""train_label_end_max"": ""2022-09-14"", ""validation_start"": ""2022-09-15"", ""validation_end"": ""2023-08-15"", ""train_rows"": 158865, ""validation_rows"": 84930}, {""fold"": 4, ""train_start"": ""2019-10-23"", ""train_end"": ""2023-08-08"", ""train_label_end_max"": ""2023-08-15"", ""validation_start"": ""2023-08-16"", ""validation_end"": ""2024-07-18"", ""train_rows"": 243728, ""validation_rows"": 85783}, {""fold"": 5, ""train_start"": ""2019-10-23"", ""train_end"": ""2024-07-11"", ""train_label_end_max"": ""2024-07-18"", ""validation_start"": ""2024-07-19"", ""validation_end"": ""2025-06-23"", ""train_rows"": 329509, ""validation_rows"": 85402}]",0.5,1.729,66bdb23e8b5a,9cf8f4c431a9e89fea5b7379f196f9505b74cc80396a163d96d8d5191f2204d1,v2_date_purged_fixed_050,ok,legacy-seed retune v2 phase2
LR_20260719_183631_690804,2026-07-19T18:36:32,logistic_regression,Logistic Regression,"{""C"": 4.123160000000001e-07, ""solver"": ""lbfgs""}",0.43148023844710826,0.04571967049807771,"[0.4345838461661418, 0.49257460273173453, 0.4689579438641444, 0.38888064989206916, 0.37240414958145157]",0.4266966392659164,0.021853752446196244,0.4469050976063391,0.09534699179176843,"[0.46819355949715863, 0.4286407981282832, 0.41413068575386747, 0.40754299924017406, 0.4149751537100985]","[0.40547634671598165, 0.5789238336562826, 0.5405177349847814, 0.37185264551098224, 0.3377549271636675]","[{""fold"": 1, ""train_start"": ""2019-10-23"", ""train_end"": ""2020-11-02"", ""train_label_end_max"": ""2020-11-09"", ""validation_start"": ""2020-11-10"", ""validation_end"": ""2021-10-12"", ""train_rows"": 1483, ""validation_rows"": 73577}, {""fold"": 2, ""train_start"": ""2019-10-23"", ""train_end"": ""2021-10-05"", ""train_label_end_max"": ""2021-10-12"", ""validation_start"": ""2021-10-13"", ""validation_end"": ""2022-09-14"", ""train_rows"": 73321, ""validation_rows"": 85527}, {""fold"": 3, ""train_start"": ""2019-10-23"", ""train_end"": ""2022-09-07"", ""train_label_end_max"": ""2022-09-14"", ""validation_start"": ""2022-09-15"", ""validation_end"": ""2023-08-15"", ""train_rows"": 158865, ""validation_rows"": 84930}, {""fold"": 4, ""train_start"": ""2019-10-23"", ""train_end"": ""2023-08-08"", ""train_label_end_max"": ""2023-08-15"", ""validation_start"": ""2023-08-16"", ""validation_end"": ""2024-07-18"", ""train_rows"": 243728, ""validation_rows"": 85783}, {""fold"": 5, ""train_start"": ""2019-10-23"", ""train_end"": ""2024-07-11"", ""train_label_end_max"": ""2024-07-18"", ""validation_start"": ""2024-07-19"", ""validation_end"": ""2025-06-23"", ""train_rows"": 329509, ""validation_rows"": 85402}]",0.5,1.16,66bdb23e8b5a,9cf8f4c431a9e89fea5b7379f196f9505b74cc80396a163d96d8d5191f2204d1,v2_date_purged_fixed_050,ok,legacy-seed retune v2 phase2
LR_20260719_183632_853599,2026-07-19T18:36:35,logistic_regression,Logistic Regression,"{""C"": 3.0642136000000004e-06, ""solver"": ""liblinear""}",0.4295187081002544,0.047030306520724034,"[0.43456016371950246, 0.4943382873319179, 0.46439440048691416, 0.3852450833582909, 0.3690556056046463]",0.4276051661759105,0.021476196537230575,0.44240988747262655,0.09724506845888614,"[0.4682977257064094, 0.4290634666432661, 0.413940323151315, 0.4080862913743875, 0.41863802400417466]","[0.4053570363300125, 0.5830377105380832, 0.5288551366663653, 0.3648252607695459, 0.32997429305912596]","[{""fold"": 1, ""train_start"": ""2019-10-23"", ""train_end"": ""2020-11-02"", ""train_label_end_max"": ""2020-11-09"", ""validation_start"": ""2020-11-10"", ""validation_end"": ""2021-10-12"", ""train_rows"": 1483, ""validation_rows"": 73577}, {""fold"": 2, ""train_start"": ""2019-10-23"", ""train_end"": ""2021-10-05"", ""train_label_end_max"": ""2021-10-12"", ""validation_start"": ""2021-10-13"", ""validation_end"": ""2022-09-14"", ""train_rows"": 73321, ""validation_rows"": 85527}, {""fold"": 3, ""train_start"": ""2019-10-23"", ""train_end"": ""2022-09-07"", ""train_label_end_max"": ""2022-09-14"", ""validation_start"": ""2022-09-15"", ""validation_end"": ""2023-08-15"", ""train_rows"": 158865, ""validation_rows"": 84930}, {""fold"": 4, ""train_start"": ""2019-10-23"", ""train_end"": ""2023-08-08"", ""train_label_end_max"": ""2023-08-15"", ""validation_start"": ""2023-08-16"", ""validation_end"": ""2024-07-18"", ""train_rows"": 243728, ""validation_rows"": 85783}, {""fold"": 5, ""train_start"": ""2019-10-23"", ""train_end"": ""2024-07-11"", ""train_label_end_max"": ""2024-07-18"", ""validation_start"": ""2024-07-19"", ""validation_end"": ""2025-06-23"", ""train_rows"": 329509, ""validation_rows"": 85402}]",0.5,2.186,66bdb23e8b5a,9cf8f4c431a9e89fea5b7379f196f9505b74cc80396a163d96d8d5191f2204d1,v2_date_purged_fixed_050,ok,legacy-seed retune v2 phase2
LR_20260719_183635_040997,2026-07-19T18:36:36,logistic_regression,Logistic Regression,"{""C"": 6.4424375e-07, ""solver"": ""liblinear""}",0.43133309106005324,0.045710414755530435,"[0.43470754671739376, 0.49256474943268974, 0.46845219394701015, 0.38867625709383663, 0.372264708109336]",0.4269095628704681,0.021786338000659943,0.4464355496824373,0.09540816850998189,"[0.4683614067720712, 0.4285115581436386, 0.4141035432433058, 0.4078523699061732, 0.41571893628715173]","[0.40556582950545844, 0.5791325085705769, 0.5392218907271796, 0.3712223867897772, 0.3370351328191945]","[{""fold"": 1, ""train_start"": ""2019-10-23"", ""train_end"": ""2020-11-02"", ""train_label_end_max"": ""2020-11-09"", ""validation_start"": ""2020-11-10"", ""validation_end"": ""2021-10-12"", ""train_rows"": 1483, ""validation_rows"": 73577}, {""fold"": 2, ""train_start"": ""2019-10-23"", ""train_end"": ""2021-10-05"", ""train_label_end_max"": ""2021-10-12"", ""validation_start"": ""2021-10-13"", ""validation_end"": ""2022-09-14"", ""train_rows"": 73321, ""validation_rows"": 85527}, {""fold"": 3, ""train_start"": ""2019-10-23"", ""train_end"": ""2022-09-07"", ""train_label_end_max"": ""2022-09-14"", ""validation_start"": ""2022-09-15"", ""validation_end"": ""2023-08-15"", ""train_rows"": 158865, ""validation_rows"": 84930}, {""fold"": 4, ""train_start"": ""2019-10-23"", ""train_end"": ""2023-08-08"", ""train_label_end_max"": ""2023-08-15"", ""validation_start"": ""2023-08-16"", ""validation_end"": ""2024-07-18"", ""train_rows"": 243728, ""validation_rows"": 85783}, {""fold"": 5, ""train_start"": ""2019-10-23"", ""train_end"": ""2024-07-11"", ""train_label_end_max"": ""2024-07-18"", ""validation_start"": ""2024-07-19"", ""validation_end"": ""2025-06-23"", ""train_rows"": 329509, ""validation_rows"": 85402}]",0.5,1.811,66bdb23e8b5a,9cf8f4c431a9e89fea5b7379f196f9505b74cc80396a163d96d8d5191f2204d1,v2_date_purged_fixed_050,ok,legacy-seed retune v2 phase2
LR_20260719_183636_853779,2026-07-19T18:36:38,logistic_regression,Logistic Regression,"{""C"": 6.4424375e-07, ""solver"": ""lbfgs""}",0.43087832309628765,0.046337263447694794,"[0.4345838461661418, 0.49256474943268974, 0.4685941651505831, 0.38877616667491466, 0.36987268805710904]",0.4272300196930404,0.021543085518433782,0.44550393440457514,0.09658854118521527,"[0.46819355949715863, 0.4285115581436386, 0.41418324849606664, 0.4079202436998062, 0.41734148862853204]","[0.40547634671598165, 0.5791325085705769, 0.5394629780309195, 0.3713484385340182, 0.3320994001713796]","[{""fold"": 1, ""train_start"": ""2019-10-23"", ""train_end"": ""2020-11-02"", ""train_label_end_max"": ""2020-11-09"", ""validation_start"": ""2020-11-10"", ""validation_end"": ""2021-10-12"", ""train_rows"": 1483, ""validation_rows"": 73577}, {""fold"": 2, ""train_start"": ""2019-10-23"", ""train_end"": ""2021-10-05"", ""train_label_end_max"": ""2021-10-12"", ""validation_start"": ""2021-10-13"", ""validation_end"": ""2022-09-14"", ""train_rows"": 73321, ""validation_rows"": 85527}, {""fold"": 3, ""train_start"": ""2019-10-23"", ""train_end"": ""2022-09-07"", ""train_label_end_max"": ""2022-09-14"", ""validation_start"": ""2022-09-15"", ""validation_end"": ""2023-08-15"", ""train_rows"": 158865, ""validation_rows"": 84930}, {""fold"": 4, ""train_start"": ""2019-10-23"", ""train_end"": ""2023-08-08"", ""train_label_end_max"": ""2023-08-15"", ""validation_start"": ""2023-08-16"", ""validation_end"": ""2024-07-18"", ""train_rows"": 243728, ""validation_rows"": 85783}, {""fold"": 5, ""train_start"": ""2019-10-23"", ""train_end"": ""2024-07-11"", ""train_label_end_max"": ""2024-07-18"", ""validation_start"": ""2024-07-19"", ""validation_end"": ""2025-06-23"", ""train_rows"": 329509, ""validation_rows"": 85402}]",0.5,1.208,66bdb23e8b5a,9cf8f4c431a9e89fea5b7379f196f9505b74cc80396a163d96d8d5191f2204d1,v2_date_purged_fixed_050,ok,legacy-seed retune v2 phase2
RF_20260719_183638_062920,2026-07-19T18:37:25,random_forest,Random Forest,"{""n_estimators"": 130, ""max_depth"": 6, ""min_samples_leaf"": 40, ""max_features"": 0.25}",0.46429599230257923,0.04209335967167365,"[0.4925815209938842, 0.5292851398022426, 0.45791896498503576, 0.41773854687807016, 0.4239557888536632]",0.42747153881208877,0.01912677386693177,0.5143488057619481,0.08831774591433275,"[0.45586294416243656, 0.43869968433229417, 0.41279519938056525, 0.40138840478680143, 0.42861146139834666]","[0.5357334605977451, 0.6670144581904904, 0.514118675225266, 0.4354772634166325, 0.41940017137960584]","[{""fold"": 1, ""train_start"": ""2019-10-23"", ""train_end"": ""2020-11-02"", ""train_label_end_max"": ""2020-11-09"", ""validation_start"": ""2020-11-10"", ""validation_end"": ""2021-10-12"", ""train_rows"": 1483, ""validation_rows"": 73577}, {""fold"": 2, ""train_start"": ""2019-10-23"", ""train_end"": ""2021-10-05"", ""train_label_end_max"": ""2021-10-12"", ""validation_start"": ""2021-10-13"", ""validation_end"": ""2022-09-14"", ""train_rows"": 73321, ""validation_rows"": 85527}, {""fold"": 3, ""train_start"": ""2019-10-23"", ""train_end"": ""2022-09-07"", ""train_label_end_max"": ""2022-09-14"", ""validation_start"": ""2022-09-15"", ""validation_end"": ""2023-08-15"", ""train_rows"": 158865, ""validation_rows"": 84930}, {""fold"": 4, ""train_start"": ""2019-10-23"", ""train_end"": ""2023-08-08"", ""train_label_end_max"": ""2023-08-15"", ""validation_start"": ""2023-08-16"", ""validation_end"": ""2024-07-18"", ""train_rows"": 243728, ""validation_rows"": 85783}, {""fold"": 5, ""train_start"": ""2019-10-23"", ""train_end"": ""2024-07-11"", ""train_label_end_max"": ""2024-07-18"", ""validation_start"": ""2024-07-19"", ""validation_end"": ""2025-06-23"", ""train_rows"": 329509, ""validation_rows"": 85402}]",0.5,47.615,66bdb23e8b5a,9cf8f4c431a9e89fea5b7379f196f9505b74cc80396a163d96d8d5191f2204d1,v2_date_purged_fixed_050,ok,legacy-seed retune v2 phase2
RF_20260719_183725_677997,2026-07-19T18:38:24,random_forest,Random Forest,"{""n_estimators"": 130, ""max_depth"": 5, ""min_samples_leaf"": 25, ""max_features"": 0.4}",0.45920753280347554,0.03922935244298792,"[0.4842534636753639, 0.5229663224934864, 0.4453796295043369, 0.422076948451135, 0.4213612998930555]",0.4256521784277217,0.021156988816394353,0.5035652081506214,0.07915124090296222,"[0.45819691767148446, 0.4391904211997812, 0.40417014588142836, 0.4025914590543749, 0.4241119483315393]","[0.5134522460180159, 0.6462363988671933, 0.4959467197058735, 0.4435445750480572, 0.41864610111396744]","[{""fold"": 1, ""train_start"": ""2019-10-23"", ""train_end"": ""2020-11-02"", ""train_label_end_max"": ""2020-11-09"", ""validation_start"": ""2020-11-10"", ""validation_end"": ""2021-10-12"", ""train_rows"": 1483, ""validation_rows"": 73577}, {""fold"": 2, ""train_start"": ""2019-10-23"", ""train_end"": ""2021-10-05"", ""train_label_end_max"": ""2021-10-12"", ""validation_start"": ""2021-10-13"", ""validation_end"": ""2022-09-14"", ""train_rows"": 73321, ""validation_rows"": 85527}, {""fold"": 3, ""train_start"": ""2019-10-23"", ""train_end"": ""2022-09-07"", ""train_label_end_max"": ""2022-09-14"", ""validation_start"": ""2022-09-15"", ""validation_end"": ""2023-08-15"", ""train_rows"": 158865, ""validation_rows"": 84930}, {""fold"": 4, ""train_start"": ""2019-10-23"", ""train_end"": ""2023-08-08"", ""train_label_end_max"": ""2023-08-15"", ""validation_start"": ""2023-08-16"", ""validation_end"": ""2024-07-18"", ""train_rows"": 243728, ""validation_rows"": 85783}, {""fold"": 5, ""train_start"": ""2019-10-23"", ""train_end"": ""2024-07-11"", ""train_label_end_max"": ""2024-07-18"", ""validation_start"": ""2024-07-19"", ""validation_end"": ""2025-06-23"", ""train_rows"": 329509, ""validation_rows"": 85402}]",0.5,58.823,66bdb23e8b5a,9cf8f4c431a9e89fea5b7379f196f9505b74cc80396a163d96d8d5191f2204d1,v2_date_purged_fixed_050,ok,legacy-seed retune v2 phase2
RF_20260719_183824_503383,2026-07-19T18:39:35,random_forest,Random Forest,"{""n_estimators"": 130, ""max_depth"": 5, ""min_samples_leaf"": 25, ""max_features"": 0.5}",0.46056064549844444,0.043462821370956244,"[0.48882033323605845, 0.5315581737849779, 0.442115319003753, 0.42055119766777865, 0.41975820379965456]",0.4252176539424658,0.02120147669675933,0.5085401220620869,0.0900907768227802,"[0.45760374658514374, 0.4394700954607442, 0.4040207522697795, 0.40194754832964696, 0.4230461270670148]","[0.5246077671061266, 0.6724698166641825, 0.4881415182472953, 0.4409605142911165, 0.4165209940017138]","[{""fold"": 1, ""train_start"": ""2019-10-23"", ""train_end"": ""2020-11-02"", ""train_label_end_max"": ""2020-11-09"", ""validation_start"": ""2020-11-10"", ""validation_end"": ""2021-10-12"", ""train_rows"": 1483, ""validation_rows"": 73577}, {""fold"": 2, ""train_start"": ""2019-10-23"", ""train_end"": ""2021-10-05"", ""train_label_end_max"": ""2021-10-12"", ""validation_start"": ""2021-10-13"", ""validation_end"": ""2022-09-14"", ""train_rows"": 73321, ""validation_rows"": 85527}, {""fold"": 3, ""train_start"": ""2019-10-23"", ""train_end"": ""2022-09-07"", ""train_label_end_max"": ""2022-09-14"", ""validation_start"": ""2022-09-15"", ""validation_end"": ""2023-08-15"", ""train_rows"": 158865, ""validation_rows"": 84930}, {""fold"": 4, ""train_start"": ""2019-10-23"", ""train_end"": ""2023-08-08"", ""train_label_end_max"": ""2023-08-15"", ""validation_start"": ""2023-08-16"", ""validation_end"": ""2024-07-18"", ""train_rows"": 243728, ""validation_rows"": 85783}, {""fold"": 5, ""train_start"": ""2019-10-23"", ""train_end"": ""2024-07-11"", ""train_label_end_max"": ""2024-07-18"", ""validation_start"": ""2024-07-19"", ""validation_end"": ""2025-06-23"", ""train_rows"": 329509, ""validation_rows"": 85402}]",0.5,70.59,66bdb23e8b5a,9cf8f4c431a9e89fea5b7379f196f9505b74cc80396a163d96d8d5191f2204d1,v2_date_purged_fixed_050,ok,legacy-seed retune v2 phase2
RF_20260719_183935_090822,2026-07-19T18:40:33,random_forest,Random Forest,"{""n_estimators"": 130, ""max_depth"": 8, ""min_samples_leaf"": 40, ""max_features"": 0.25}",0.46280969834200525,0.03934543458448532,"[0.49010318107103884, 0.5230144240650957, 0.4541888521938397, 0.41373683886460194, 0.4330051955154498]",0.42868928300424586,0.019031499749768182,0.5078713013273115,0.07967562461099686,"[0.4564070901185974, 0.4399357253274754, 0.4108823959806839, 0.4044115434383557, 0.4318096601561168]","[0.5291713893694446, 0.6447756744671337, 0.507699725763192, 0.4235023477137365, 0.43420736932305054]","[{""fold"": 1, ""train_start"": ""2019-10-23"", ""train_end"": ""2020-11-02"", ""train_label_end_max"": ""2020-11-09"", ""validation_start"": ""2020-11-10"", ""validation_end"": ""2021-10-12"", ""train_rows"": 1483, ""validation_rows"": 73577}, {""fold"": 2, ""train_start"": ""2019-10-23"", ""train_end"": ""2021-10-05"", ""train_label_end_max"": ""2021-10-12"", ""validation_start"": ""2021-10-13"", ""validation_end"": ""2022-09-14"", ""train_rows"": 73321, ""validation_rows"": 85527}, {""fold"": 3, ""train_start"": ""2019-10-23"", ""train_end"": ""2022-09-07"", ""train_label_end_max"": ""2022-09-14"", ""validation_start"": ""2022-09-15"", ""validation_end"": ""2023-08-15"", ""train_rows"": 158865, ""validation_rows"": 84930}, {""fold"": 4, ""train_start"": ""2019-10-23"", ""train_end"": ""2023-08-08"", ""train_label_end_max"": ""2023-08-15"", ""validation_start"": ""2023-08-16"", ""validation_end"": ""2024-07-18"", ""train_rows"": 243728, ""validation_rows"": 85783}, {""fold"": 5, ""train_start"": ""2019-10-23"", ""train_end"": ""2024-07-11"", ""train_label_end_max"": ""2024-07-18"", ""validation_start"": ""2024-07-19"", ""validation_end"": ""2025-06-23"", ""train_rows"": 329509, ""validation_rows"": 85402}]",0.5,58.429,66bdb23e8b5a,9cf8f4c431a9e89fea5b7379f196f9505b74cc80396a163d96d8d5191f2204d1,v2_date_purged_fixed_050,ok,legacy-seed retune v2 phase2
RF_20260719_184033_524905,2026-07-19T18:41:53,random_forest,Random Forest,"{""n_estimators"": 130, ""max_depth"": 7, ""min_samples_leaf"": 25, ""max_features"": 0.4}",0.45886142354101267,0.03931948211663096,"[0.4833979009649926, 0.5222800961221776, 0.442207774543674, 0.4112347479088328, 0.4351865981653865]",0.4268922929636313,0.0221866753271009,0.5003741368495509,0.0761682781630887,"[0.45802076937451613, 0.44200355122434654, 0.40298470462827535, 0.4008437556100772, 0.4306086839809409]","[0.5117520730179562, 0.6381875093158443, 0.4898894011994093, 0.42217880439920585, 0.4398628963153385]","[{""fold"": 1, ""train_start"": ""2019-10-23"", ""train_end"": ""2020-11-02"", ""train_label_end_max"": ""2020-11-09"", ""validation_start"": ""2020-11-10"", ""validation_end"": ""2021-10-12"", ""train_rows"": 1483, ""validation_rows"": 73577}, {""fold"": 2, ""train_start"": ""2019-10-23"", ""train_end"": ""2021-10-05"", ""train_label_end_max"": ""2021-10-12"", ""validation_start"": ""2021-10-13"", ""validation_end"": ""2022-09-14"", ""train_rows"": 73321, ""validation_rows"": 85527}, {""fold"": 3, ""train_start"": ""2019-10-23"", ""train_end"": ""2022-09-07"", ""train_label_end_max"": ""2022-09-14"", ""validation_start"": ""2022-09-15"", ""validation_end"": ""2023-08-15"", ""train_rows"": 158865, ""validation_rows"": 84930}, {""fold"": 4, ""train_start"": ""2019-10-23"", ""train_end"": ""2023-08-08"", ""train_label_end_max"": ""2023-08-15"", ""validation_start"": ""2023-08-16"", ""validation_end"": ""2024-07-18"", ""train_rows"": 243728, ""validation_rows"": 85783}, {""fold"": 5, ""train_start"": ""2019-10-23"", ""train_end"": ""2024-07-11"", ""train_label_end_max"": ""2024-07-18"", ""validation_start"": ""2024-07-19"", ""validation_end"": ""2025-06-23"", ""train_rows"": 329509, ""validation_rows"": 85402}]",0.5,80.111,66bdb23e8b5a,9cf8f4c431a9e89fea5b7379f196f9505b74cc80396a163d96d8d5191f2204d1,v2_date_purged_fixed_050,ok,legacy-seed retune v2 phase2
GB_20260719_184153_640912,2026-07-19T18:47:02,gradient_boosting,Gradient Boosting,"{""n_estimators"": 100, ""learning_rate"": 0.2, ""max_depth"": 2, ""subsample"": 0.9}",0.4688244084607258,0.033097950682630245,"[0.4817768502645897, 0.5221661637694084, 0.4720878896530604, 0.4381975250992295, 0.42989361351734134]",0.4359909100100178,0.025799900357259552,0.5135115896755277,0.07412031529736265,"[0.48153997437349144, 0.44235625284596597, 0.40937859608745686, 0.43294783464566927, 0.4137318920975053]","[0.4820139593151584, 0.6371143240423311, 0.5574842539854745, 0.44357608798411746, 0.447369323050557]","[{""fold"": 1, ""train_start"": ""2019-10-23"", ""train_end"": ""2020-11-02"", ""train_label_end_max"": ""2020-11-09"", ""validation_start"": ""2020-11-10"", ""validation_end"": ""2021-10-12"", ""train_rows"": 1483, ""validation_rows"": 73577}, {""fold"": 2, ""train_start"": ""2019-10-23"", ""train_end"": ""2021-10-05"", ""train_label_end_max"": ""2021-10-12"", ""validation_start"": ""2021-10-13"", ""validation_end"": ""2022-09-14"", ""train_rows"": 73321, ""validation_rows"": 85527}, {""fold"": 3, ""train_start"": ""2019-10-23"", ""train_end"": ""2022-09-07"", ""train_label_end_max"": ""2022-09-14"", ""validation_start"": ""2022-09-15"", ""validation_end"": ""2023-08-15"", ""train_rows"": 158865, ""validation_rows"": 84930}, {""fold"": 4, ""train_start"": ""2019-10-23"", ""train_end"": ""2023-08-08"", ""train_label_end_max"": ""2023-08-15"", ""validation_start"": ""2023-08-16"", ""validation_end"": ""2024-07-18"", ""train_rows"": 243728, ""validation_rows"": 85783}, {""fold"": 5, ""train_start"": ""2019-10-23"", ""train_end"": ""2024-07-11"", ""train_label_end_max"": ""2024-07-18"", ""validation_start"": ""2024-07-19"", ""validation_end"": ""2025-06-23"", ""train_rows"": 329509, ""validation_rows"": 85402}]",0.5,308.978,66bdb23e8b5a,9cf8f4c431a9e89fea5b7379f196f9505b74cc80396a163d96d8d5191f2204d1,v2_date_purged_fixed_050,ok,legacy-seed retune v2 phase2
GB_20260719_184702_620561,2026-07-19T18:52:11,gradient_boosting,Gradient Boosting,"{""n_estimators"": 120, ""learning_rate"": 0.05, ""max_depth"": 3, ""subsample"": 0.5}",0.4637812813042637,0.036079187893075536,"[0.47811081902691904, 0.5253865807732826, 0.4581253466444814, 0.4268475678379392, 0.43043609223869606]",0.43300626684273824,0.02195665921896359,0.5052169566419478,0.07807454533673767,"[0.47091156305146525, 0.44239161466617727, 0.40772865101191735, 0.42347176131253295, 0.4205277441715986]","[0.4855336157012468, 0.6467133700998658, 0.5227375463339662, 0.4302776289666908, 0.44082262210796913]","[{""fold"": 1, ""train_start"": ""2019-10-23"", ""train_end"": ""2020-11-02"", ""train_label_end_max"": ""2020-11-09"", ""validation_start"": ""2020-11-10"", ""validation_end"": ""2021-10-12"", ""train_rows"": 1483, ""validation_rows"": 73577}, {""fold"": 2, ""train_start"": ""2019-10-23"", ""train_end"": ""2021-10-05"", ""train_label_end_max"": ""2021-10-12"", ""validation_start"": ""2021-10-13"", ""validation_end"": ""2022-09-14"", ""train_rows"": 73321, ""validation_rows"": 85527}, {""fold"": 3, ""train_start"": ""2019-10-23"", ""train_end"": ""2022-09-07"", ""train_label_end_max"": ""2022-09-14"", ""validation_start"": ""2022-09-15"", ""validation_end"": ""2023-08-15"", ""train_rows"": 158865, ""validation_rows"": 84930}, {""fold"": 4, ""train_start"": ""2019-10-23"", ""train_end"": ""2023-08-08"", ""train_label_end_max"": ""2023-08-15"", ""validation_start"": ""2023-08-16"", ""validation_end"": ""2024-07-18"", ""train_rows"": 243728, ""validation_rows"": 85783}, {""fold"": 5, ""train_start"": ""2019-10-23"", ""train_end"": ""2024-07-11"", ""train_label_end_max"": ""2024-07-18"", ""validation_start"": ""2024-07-19"", ""validation_end"": ""2025-06-23"", ""train_rows"": 329509, ""validation_rows"": 85402}]",0.5,308.524,66bdb23e8b5a,9cf8f4c431a9e89fea5b7379f196f9505b74cc80396a163d96d8d5191f2204d1,v2_date_purged_fixed_050,ok,legacy-seed retune v2 phase2
GB_20260719_185211_145354,2026-07-19T18:55:49,gradient_boosting,Gradient Boosting,"{""n_estimators"": 80, ""learning_rate"": 0.15, ""max_depth"": 2, ""subsample"": 0.8}",0.46247016828052373,0.037497422824734075,"[0.46616541353383456, 0.5278422551389121, 0.4665376676986584, 0.43101267775070173, 0.42079282728051176]",0.4332812177840261,0.027403470047715192,0.5045322455542685,0.08688224327987339,"[0.4831813090094415, 0.44086902644254794, 0.40785348580192615, 0.4220812566077632, 0.4124210110584518]","[0.45030722424387043, 0.657564465643166, 0.5449477141910014, 0.44033025556991146, 0.4295115681233933]","[{""fold"": 1, ""train_start"": ""2019-10-23"", ""train_end"": ""2020-11-02"", ""train_label_end_max"": ""2020-11-09"", ""validation_start"": ""2020-11-10"", ""validation_end"": ""2021-10-12"", ""train_rows"": 1483, ""validation_rows"": 73577}, {""fold"": 2, ""train_start"": ""2019-10-23"", ""train_end"": ""2021-10-05"", ""train_label_end_max"": ""2021-10-12"", ""validation_start"": ""2021-10-13"", ""validation_end"": ""2022-09-14"", ""train_rows"": 73321, ""validation_rows"": 85527}, {""fold"": 3, ""train_start"": ""2019-10-23"", ""train_end"": ""2022-09-07"", ""train_label_end_max"": ""2022-09-14"", ""validation_start"": ""2022-09-15"", ""validation_end"": ""2023-08-15"", ""train_rows"": 158865, ""validation_rows"": 84930}, {""fold"": 4, ""train_start"": ""2019-10-23"", ""train_end"": ""2023-08-08"", ""train_label_end_max"": ""2023-08-15"", ""validation_start"": ""2023-08-16"", ""validation_end"": ""2024-07-18"", ""train_rows"": 243728, ""validation_rows"": 85783}, {""fold"": 5, ""train_start"": ""2019-10-23"", ""train_end"": ""2024-07-11"", ""train_label_end_max"": ""2024-07-18"", ""validation_start"": ""2024-07-19"", ""validation_end"": ""2025-06-23"", ""train_rows"": 329509, ""validation_rows"": 85402}]",0.5,218.753,66bdb23e8b5a,9cf8f4c431a9e89fea5b7379f196f9505b74cc80396a163d96d8d5191f2204d1,v2_date_purged_fixed_050,ok,legacy-seed retune v2 phase2
GB_20260719_185549_894506,2026-07-19T19:03:27,gradient_boosting,Gradient Boosting,"{""n_estimators"": 150, ""learning_rate"": 0.2, ""max_depth"": 2, ""subsample"": 0.9}",0.4713881518345417,0.030710330097648456,"[0.47907946652264577, 0.522778210875073, 0.47529238091602083, 0.4427842341511406, 0.4370064667078283]",0.43659228914568454,0.0252526298438713,0.5187030040077459,0.07200962640236097,"[0.4819353475596873, 0.44198883648122594, 0.41135782888360206, 0.4322458657222606, 0.41543356708164714]","[0.47625723319214935, 0.6397078551199881, 0.562758038754784, 0.45384930513975985, 0.460942587832048]","[{""fold"": 1, ""train_start"": ""2019-10-23"", ""train_end"": ""2020-11-02"", ""train_label_end_max"": ""2020-11-09"", ""validation_start"": ""2020-11-10"", ""validation_end"": ""2021-10-12"", ""train_rows"": 1483, ""validation_rows"": 73577}, {""fold"": 2, ""train_start"": ""2019-10-23"", ""train_end"": ""2021-10-05"", ""train_label_end_max"": ""2021-10-12"", ""validation_start"": ""2021-10-13"", ""validation_end"": ""2022-09-14"", ""train_rows"": 73321, ""validation_rows"": 85527}, {""fold"": 3, ""train_start"": ""2019-10-23"", ""train_end"": ""2022-09-07"", ""train_label_end_max"": ""2022-09-14"", ""validation_start"": ""2022-09-15"", ""validation_end"": ""2023-08-15"", ""train_rows"": 158865, ""validation_rows"": 84930}, {""fold"": 4, ""train_start"": ""2019-10-23"", ""train_end"": ""2023-08-08"", ""train_label_end_max"": ""2023-08-15"", ""validation_start"": ""2023-08-16"", ""validation_end"": ""2024-07-18"", ""train_rows"": 243728, ""validation_rows"": 85783}, {""fold"": 5, ""train_start"": ""2019-10-23"", ""train_end"": ""2024-07-11"", ""train_label_end_max"": ""2024-07-18"", ""validation_start"": ""2024-07-19"", ""validation_end"": ""2025-06-23"", ""train_rows"": 329509, ""validation_rows"": 85402}]",0.5,457.455,66bdb23e8b5a,9cf8f4c431a9e89fea5b7379f196f9505b74cc80396a163d96d8d5191f2204d1,v2_date_purged_fixed_050,ok,legacy-seed retune v2 phase2
GB_20260719_190327_351016,2026-07-19T19:11:34,gradient_boosting,Gradient Boosting,"{""n_estimators"": 190, ""learning_rate"": 0.05, ""max_depth"": 3, ""subsample"": 0.5}",0.46428040158898654,0.033048457645041676,"[0.47162997325435563, 0.521755045267088, 0.4641755587930333, 0.43408200087102594, 0.42975942975942977]",0.43472805358855726,0.02418209664053346,0.5043744542689367,0.07424170153129456,"[0.4779346461274615, 0.44163757668394854, 0.41115606398809523, 0.42857581621057156, 0.41433616493270975]","[0.4654894708584382, 0.6373826203607095, 0.5328933490040081, 0.43973150978476666, 0.44637532133676094]","[{""fold"": 1, ""train_start"": ""2019-10-23"", ""train_end"": ""2020-11-02"", ""train_label_end_max"": ""2020-11-09"", ""validation_start"": ""2020-11-10"", ""validation_end"": ""2021-10-12"", ""train_rows"": 1483, ""validation_rows"": 73577}, {""fold"": 2, ""train_start"": ""2019-10-23"", ""train_end"": ""2021-10-05"", ""train_label_end_max"": ""2021-10-12"", ""validation_start"": ""2021-10-13"", ""validation_end"": ""2022-09-14"", ""train_rows"": 73321, ""validation_rows"": 85527}, {""fold"": 3, ""train_start"": ""2019-10-23"", ""train_end"": ""2022-09-07"", ""train_label_end_max"": ""2022-09-14"", ""validation_start"": ""2022-09-15"", ""validation_end"": ""2023-08-15"", ""train_rows"": 158865, ""validation_rows"": 84930}, {""fold"": 4, ""train_start"": ""2019-10-23"", ""train_end"": ""2023-08-08"", ""train_label_end_max"": ""2023-08-15"", ""validation_start"": ""2023-08-16"", ""validation_end"": ""2024-07-18"", ""train_rows"": 243728, ""validation_rows"": 85783}, {""fold"": 5, ""train_start"": ""2019-10-23"", ""train_end"": ""2024-07-11"", ""train_label_end_max"": ""2024-07-18"", ""validation_start"": ""2024-07-19"", ""validation_end"": ""2025-06-23"", ""train_rows"": 329509, ""validation_rows"": 85402}]",0.5,487.289,66bdb23e8b5a,9cf8f4c431a9e89fea5b7379f196f9505b74cc80396a163d96d8d5191f2204d1,v2_date_purged_fixed_050,ok,legacy-seed retune v2 phase2
