index,C,solver,cv_f1_up_mean,cv_f1_up_std,cv_precision_up_mean,cv_recall_up_mean,cv_f1_up_folds_json,seconds,dataset_fingerprint,status,error
1,1.0,lbfgs,0.4169172395337803,0.0596765177008435,0.4186878259357183,0.42683010070513633,"[0.49136456908344733, 0.4701289834206581, 0.36879589652754713, 0.33268631000414384, 0.42161043863310527]",2.708,4c2259e97b3f,ok,
2,1.0,liblinear,0.4169365688215718,0.05981795057717268,0.41860145618365074,0.42689941123088737,"[0.4914964532945902, 0.4701864829552203, 0.368284180822221, 0.3326577312847336, 0.422057995751094]",7.652,4c2259e97b3f,ok,
3,0.944060876286,lbfgs,0.41692013864991884,0.05968013456274806,0.41868841105484406,0.4268364978392203,"[0.4913790646641398, 0.4701289834206581, 0.36879589652754713, 0.33268631000414384, 0.42161043863310527]",3.043,4c2259e97b3f,ok,
4,0.944060876286,liblinear,0.4169393792356987,0.05982653005572833,0.4186003082497141,0.4269058083649712,"[0.49153194216936114, 0.4701795020266358, 0.3682773884175581, 0.3326577312847336, 0.42205033228020483]",8.297,4c2259e97b3f,ok,
5,1.05925372518,lbfgs,0.4169114887648556,0.05967320254450465,0.4186806325586635,0.4268237035710524,"[0.4913430708941931, 0.4701289834206581, 0.36879589652754713, 0.3326790543487743, 0.42161043863310527]",2.6,4c2259e97b3f,ok,
6,1.05925372518,liblinear,0.4169540763385654,0.05981885887927105,0.4186159770753652,0.42692004798281824,"[0.49152494088824317, 0.470209196323846, 0.368284180822221, 0.33269406790742273, 0.422057995751094]",7.398,4c2259e97b3f,ok,
7,1.1220184543,lbfgs,0.4169224686546193,0.05966980521093964,0.41869317171065423,0.42683017190436817,"[0.49139306885544914, 0.4700975225994152, 0.36879589652754713, 0.33271541665757964, 0.42161043863310527]",2.598,4c2259e97b3f,ok,
8,1.1220184543,liblinear,0.41694433266482944,0.05980967727823045,0.41860238447857395,0.4269141088988834,"[0.49146796570093726, 0.4702319090180242, 0.3682773884175581, 0.33269406790742273, 0.42205033228020483]",7.481,4c2259e97b3f,ok,
9,0.891250938134,lbfgs,0.41692297907160425,0.059686474063675644,0.4186919161622319,0.4268364978392203,"[0.4914000712504453, 0.4701289834206581, 0.3687890920496688, 0.33268631000414384, 0.42161043863310527]",2.457,4c2259e97b3f,ok,
10,0.891250938134,liblinear,0.4169433839954288,0.059848795939533406,0.41860514622921186,0.4269054687704106,"[0.49158843891112664, 0.4701795020266358, 0.3682405016599041, 0.3326504816283834, 0.422057995751094]",7.932,4c2259e97b3f,ok,
11,0.841395141645,lbfgs,0.41691726797483397,0.059686002225767205,0.41868367369962056,0.42683010070513633,"[0.4913855756487538, 0.4701289834206581, 0.36878228782287825, 0.3326790543487743, 0.42161043863310527]",2.584,4c2259e97b3f,ok,
12,0.841395141645,liblinear,0.41693926571966167,0.059829441110868464,0.41859549406699104,0.42690645606994054,"[0.49155294720948123, 0.47017252130534193, 0.36823371018609025, 0.33268681761719004, 0.42205033228020483]",7.298,4c2259e97b3f,ok,
13,1.18850222744,lbfgs,0.4169067448757532,0.05965738040083613,0.41868107705739055,0.4268101183715638,"[0.4913500726764899, 0.47009054475285733, 0.36879589652754713, 0.33271541665757964, 0.42158179376429167]",2.463,4c2259e97b3f,ok,
14,1.18850222744,liblinear,0.41692879057750243,0.05980908337145756,0.4185890947885954,0.4268943882472508,"[0.49138950217220995, 0.47026858491826645, 0.3682773884175581, 0.3326504816283834, 0.422057995751094]",6.831,4c2259e97b3f,ok,
15,1.25892541179,lbfgs,0.4168911927321359,0.059641765768399024,0.4186631283054588,0.4267973241033959,"[0.4912930715079659, 0.47007658968117316, 0.3687890920496688, 0.33271541665757964, 0.42158179376429167]",2.537,4c2259e97b3f,ok,
16,1.25892541179,liblinear,0.41696030181741517,0.059835234521047435,0.4186243966842234,0.42692129696428827,"[0.49147448042050684, 0.47030526190759, 0.3682773884175581, 0.3326577312847336, 0.42208664705668736]",6.943,4c2259e97b3f,ok,
17,0.794328234724,lbfgs,0.41690709184358477,0.05968896401040682,0.4186710660588996,0.4268233639764918,"[0.49137857326075185, 0.47012200552141775, 0.36874538745387453, 0.3326790543487743, 0.42161043863310527]",2.477,4c2259e97b3f,ok,
18,0.794328234724,liblinear,0.4169305262364841,0.05982066482174031,0.41858570381627763,0.42689960088570744,"[0.4915389436499345, 0.4701428274490008, 0.36823371018609025, 0.33268681761719004, 0.42205033228020483]",6.972,4c2259e97b3f,ok,
19,1.33352143216,lbfgs,0.41689402366462297,0.059665133179911095,0.41866094310446966,0.4268091310720338,"[0.4913505657043518, 0.47006961245602835, 0.3687890920496688, 0.3326790543487743, 0.42158179376429167]",2.586,4c2259e97b3f,ok,
20,1.33352143216,liblinear,0.41695751836906486,0.059823286859608416,0.41862216030964017,0.4269147813746157,"[0.49145299145299143, 0.4702895322939866, 0.36830068975692526, 0.3326577312847336, 0.42208664705668736]",6.769,4c2259e97b3f,ok,
21,0.749894209332,lbfgs,0.4169099909625242,0.05969258129466052,0.41867165097398706,0.42682976111057574,"[0.49139306885544914, 0.47012200552141775, 0.36874538745387453, 0.3326790543487743, 0.42161043863310527]",2.556,4c2259e97b3f,ok,
22,0.749894209332,liblinear,0.416918889784172,0.059808276364300264,0.4185753292275587,0.4268863485673905,"[0.4915104552447154, 0.47011313359265966, 0.36823371018609025, 0.33268681761719004, 0.42205033228020483]",6.997,4c2259e97b3f,ok,
23,1.41253754462,lbfgs,0.4168969227779561,0.05966875117600075,0.41866152842758864,0.42681552820611773,"[0.49136506127101737, 0.47006961245602835, 0.3687890920496688, 0.3326790543487743, 0.42158179376429167]",2.522,4c2259e97b3f,ok,
24,1.41253754462,liblinear,0.4169557724304167,0.05982222616221004,0.41862354384962996,0.42690792619038265,"[0.49145999230758275, 0.4702738017461543, 0.36830068975692526, 0.3326577312847336, 0.42208664705668736]",6.96,4c2259e97b3f,ok,
25,0.707945784384,lbfgs,0.4169028583216578,0.0596841931719077,0.4186718011092461,0.42681056970832393,"[0.49134957959241843, 0.4701289834206581, 0.3687385841589639, 0.3326790543487743, 0.42161809008747414]",2.542,4c2259e97b3f,ok,
26,0.707945784384,liblinear,0.4169278281141147,0.05981238090276994,0.41858626312008607,0.4268936618017727,"[0.4914889677079327, 0.47017252130534193, 0.3682405016599041, 0.33268681761719004, 0.42205033228020483]",7.175,4c2259e97b3f,ok,
27,1.49623565609,lbfgs,0.416891223148432,0.05966163855648854,0.4186563891532541,0.4268091310720338,"[0.49133656312339696, 0.47006961245602835, 0.3687890920496688, 0.3326790543487743, 0.42158179376429167]",2.495,4c2259e97b3f,ok,
28,1.49623565609,liblinear,0.41694875088114414,0.0598145019585599,0.41861984875465746,0.42689513192221484,"[0.49142401276426007, 0.4702738017461543, 0.3682938974236025, 0.3326577312847336, 0.42209431118697]",6.918,4c2259e97b3f,ok,
29,0.668343917569,lbfgs,0.41690122056970996,0.0596793553255951,0.41867851324808186,0.42679777544015607,"[0.49133458753776865, 0.4701289834206581, 0.36874538745387453, 0.3326790543487743, 0.42161809008747414]",2.511,4c2259e97b3f,ok,
30,0.668343917569,liblinear,0.41694066950482034,0.05982404312018258,0.41860075050088785,0.42690645606994054,"[0.4915389436499345, 0.4701795020266358, 0.3682405016599041, 0.33269406790742273, 0.42205033228020483]",7.138,4c2259e97b3f,ok,
31,1.58489319246,lbfgs,0.4168968961633162,0.059671005999396634,0.41865688294953235,0.4268219253402016,"[0.4913795560115129, 0.4700626354380028, 0.3687890920496688, 0.3326790543487743, 0.4215741429686224]",2.513,4c2259e97b3f,ok,
32,1.58489319246,liblinear,0.4169501093478087,0.05981339699381161,0.4186231663517489,0.42689513192221484,"[0.49142401276426007, 0.4702738017461543, 0.36830068975692526, 0.3326577312847336, 0.42209431118697]",6.804,4c2259e97b3f,ok,
33,0.63095734448,lbfgs,0.4169124141737727,0.05968873999548929,0.4186877586231634,0.4268109737887274,"[0.49139159683028333, 0.47009929793834326, 0.36874538745387453, 0.3326790543487743, 0.42164673429758814]",2.515,4c2259e97b3f,ok,
34,0.63095734448,liblinear,0.41693479126983746,0.059811115647632404,0.41860166528672105,0.4268936618017727,"[0.49149596877581836, 0.4701795020266358, 0.3682540853591058, 0.33269406790742273, 0.42205033228020483]",7.116,4c2259e97b3f,ok,
35,1.67880401812,lbfgs,0.4168982915669213,0.059672249329961895,0.4186590534278173,0.4268219253402016,"[0.4913795560115129, 0.47006961245602835, 0.3687890920496688, 0.3326790543487743, 0.4215741429686224]",2.497,4c2259e97b3f,ok,
36,1.67880401812,liblinear,0.41694739246458534,0.05981560698554311,0.4186165314279928,0.42689513192221484,"[0.49142401276426007, 0.4702738017461543, 0.3682871053408085, 0.3326577312847336, 0.42209431118697]",6.881,4c2259e97b3f,ok,
37,0.595662143529,lbfgs,0.41689213145529935,0.059667170679531374,0.4186635109217054,0.42679726342026125,"[0.4913425774180217, 0.4700469037582378, 0.36874538745387453, 0.3326790543487743, 0.42164673429758814]",2.523,4c2259e97b3f,ok,
38,0.595662143529,liblinear,0.41693774507710374,0.05981423077230798,0.4186054222963457,0.4268941198519219,"[0.4914884827419194, 0.47020221516168303, 0.3682608775845215, 0.33268681761719004, 0.42205033228020483]",8.963,4c2259e97b3f,ok,
39,1.77827941004,lbfgs,0.4169082900578493,0.05968473121720603,0.4186670543540144,0.42683471960836944,"[0.4914295484661528, 0.47006961245602835, 0.3687890920496688, 0.3326790543487743, 0.4215741429686224]",3.162,4c2259e97b3f,ok,
40,1.77827941004,liblinear,0.4169459923363384,0.059813863721137,0.4186142555752671,0.42689513192221484,"[0.4914170121230252, 0.4702738017461543, 0.3682871053408085, 0.3326577312847336, 0.42209431118697]",9.94,4c2259e97b3f,ok,
41,0.56234132519,lbfgs,0.416883495538461,0.05965768649494421,0.41865292566225776,0.4267908662861773,"[0.49130007267752557, 0.47005388074987753, 0.36874538745387453, 0.3326790543487743, 0.4216390824622532]",2.915,4c2259e97b3f,ok,
42,0.56234132519,liblinear,0.41694628452489335,0.059816503619984494,0.4186177828889467,0.42690051698600573,"[0.49149596877581836, 0.47021617769331275, 0.36827446278705156, 0.33268681761719004, 0.422057995751094]",7.702,4c2259e97b3f,ok,
43,0.530884444231,lbfgs,0.41688960008374,0.05967261734309577,0.4186573599631457,0.4267973173900069,"[0.49132107738349723, 0.47009929793834326, 0.36874538745387453, 0.3326717990098794, 0.42161043863310527]",3.487,4c2259e97b3f,ok,
44,0.530884444231,liblinear,0.4169324255583272,0.05978882145178775,0.4186030690306472,0.42688806231239856,"[0.49142450142450145, 0.47018825345923154, 0.3683045595396193, 0.33268681761719004, 0.422057995751094]",6.641,4c2259e97b3f,ok,
45,1.88364908949,lbfgs,0.41691276175278863,0.059670971862465894,0.41866882601916766,0.42684210404198336,"[0.4914155446320439, 0.47006961245602835, 0.3687890920496688, 0.33271541665757964, 0.4215741429686224]",2.199,4c2259e97b3f,ok,
46,1.88364908949,liblinear,0.4169473427014547,0.059819393572428256,0.4186144893904613,0.42689513192221484,"[0.4914310136049576, 0.4702738017461543, 0.3682871053408085, 0.3326504816283834, 0.42209431118697]",6.462,4c2259e97b3f,ok,
47,0.501187233627,lbfgs,0.41687940037078386,0.05965989706080128,0.4186572962624252,0.4267717288536712,"[0.4912700788187169, 0.47009929793834326, 0.36874538745387453, 0.3326717990098794, 0.42161043863310527]",2.046,4c2259e97b3f,ok,
48,0.501187233627,liblinear,0.4169310771876977,0.059791487255596375,0.4185948890029859,0.4268944594464825,"[0.4914319900858938, 0.47018127291892453, 0.3683045595396193, 0.33267956764295675, 0.422057995751094]",6.065,4c2259e97b3f,ok,
49,1.99526231497,lbfgs,0.41690576053403045,0.059662231424221814,0.41865744347274275,0.42684210404198336,"[0.4913805385382533, 0.47006961245602835, 0.3687890920496688, 0.33271541665757964, 0.4215741429686224]",2.056,4c2259e97b3f,ok,
50,1.99526231497,liblinear,0.416933187506081,0.05980456807221612,0.4185986220400844,0.42688233765404693,"[0.4913670294603681, 0.4702738017461543, 0.3682803135085293, 0.3326504816283834, 0.42209431118697]",6.168,4c2259e97b3f,ok,
51,0.473151258961,lbfgs,0.41687666470937135,0.059656999238654466,0.41865633759975934,0.42676533171958725,"[0.491248574686431, 0.47010627560410856, 0.3687385841589639, 0.3326717990098794, 0.42161809008747414]",2.095,4c2259e97b3f,ok,
52,0.473151258961,liblinear,0.41693570854017487,0.05979689340389167,0.4185998767778488,0.4268953755467808,"[0.4914030114389094, 0.4702406579865493, 0.3683045595396193, 0.3326723179847022, 0.422057995751094]",6.034,4c2259e97b3f,ok,
53,2.11348903984,lbfgs,0.4169086543005,0.05966534521716761,0.4186579234984219,0.4268485011760673,"[0.4913880301454561, 0.47007658968117316, 0.3687890920496688, 0.33271541665757964, 0.4215741429686224]",2.062,4c2259e97b3f,ok,
54,2.11348903984,liblinear,0.41694167901677337,0.05981415191002879,0.41860810646270874,0.4268887347881309,"[0.4913955211123141, 0.4702877676476702, 0.3682803135085293, 0.3326504816283834, 0.42209431118697]",6.064,4c2259e97b3f,ok,
55,0.446683592151,lbfgs,0.41689109633801513,0.05968992135550875,0.41866557866686865,0.42679039100654215,"[0.4913275849782655, 0.4701289834206581, 0.36874538745387453, 0.3326354357498037, 0.42161809008747414]",2.108,4c2259e97b3f,ok,
56,0.446683592151,liblinear,0.4169302887499188,0.0598103981639224,0.4186018574442535,0.4268804634532014,"[0.49146699336163424, 0.470209196323846, 0.36828125576419374, 0.3326723179847022, 0.422021680315218]",6.835,4c2259e97b3f,ok,
57,2.23872113857,lbfgs,0.4169086543005,0.05966534521716761,0.4186579234984219,0.4268485011760673,"[0.4913880301454561, 0.47007658968117316, 0.3687890920496688, 0.33271541665757964, 0.4215741429686224]",2.424,4c2259e97b3f,ok,
58,2.23872113857,liblinear,0.41694167901677337,0.05981415191002879,0.41860810646270874,0.4268887347881309,"[0.4913955211123141, 0.4702877676476702, 0.3682803135085293, 0.3326504816283834, 0.42209431118697]",6.585,4c2259e97b3f,ok,
59,0.421696503429,lbfgs,0.41689669361476084,0.05969640601343342,0.41867458431853083,0.42679039100654215,"[0.4913485932556084, 0.4701359615270439, 0.36874538745387453, 0.3326354357498037, 0.42161809008747414]",3.294,4c2259e97b3f,ok,
60,0.421696503429,liblinear,0.41695220366287283,0.05983212815941022,0.41861218857790783,0.42691324676833087,"[0.49154546361059276, 0.4702319090180242, 0.3683045595396193, 0.33266506864240575, 0.42201401750372225]",6.666,4c2259e97b3f,ok,
61,2.37137370566,lbfgs,0.4169086543005,0.05966534521716761,0.4186579234984219,0.4268485011760673,"[0.4913880301454561, 0.47007658968117316, 0.3687890920496688, 0.33271541665757964, 0.4215741429686224]",2.529,4c2259e97b3f,ok,
62,2.37137370566,liblinear,0.4169445771305595,0.0598177595177608,0.4186086920363971,0.42689513192221484,"[0.4914100116812445, 0.4702877676476702, 0.3682803135085293, 0.3326504816283834, 0.42209431118697]",6.898,4c2259e97b3f,ok,
63,2.51188643151,lbfgs,0.4169186816052501,0.059671159846291996,0.41866498368211646,0.42686215757478774,"[0.491409522181383, 0.47007658968117316, 0.3687890920496688, 0.33271541665757964, 0.42160278745644597]",2.428,4c2259e97b3f,ok,
64,2.51188643151,liblinear,0.4169339514231892,0.059804945700226576,0.41860529152628834,0.42687502441966474,"[0.4913955211123141, 0.4702423378474697, 0.3682871053408085, 0.3326504816283834, 0.42209431118697]",7.023,4c2259e97b3f,ok,
65,0.398107170553,lbfgs,0.4168982812490998,0.05970575090654107,0.4186733608270726,0.4267963840602227,"[0.4913770987144038, 0.4701516905631252, 0.36874538745387453, 0.3326354357498037, 0.42158179376429167]",3.041,4c2259e97b3f,ok,
66,0.398107170553,liblinear,0.4169345550040838,0.05983516792786154,0.418601203317403,0.42688719346845705,"[0.49149499957261306, 0.4702319090180242, 0.36827446278705156, 0.33262873455512215, 0.4220426690876078]",6.87,4c2259e97b3f,ok,
67,2.6607250598,lbfgs,0.41691438319806473,0.05966579428263897,0.4186621221955332,0.42685576044070384,"[0.4913880301454561, 0.47007658968117316, 0.3687890920496688, 0.33271541665757964, 0.42160278745644597]",2.192,4c2259e97b3f,ok,
68,2.6607250598,liblinear,0.41693255490574066,0.05980370093752148,0.41860311788590343,0.42687502441966474,"[0.4913955211123141, 0.4702353552602272, 0.3682871053408085, 0.3326504816283834, 0.42209431118697]",6.164,4c2259e97b3f,ok,
69,0.375837404288,lbfgs,0.4169040051945584,0.05971060651655071,0.4186683653371147,0.42681597954287787,"[0.49140658401026077, 0.4701289834206581, 0.3687385841589639, 0.3326354357498037, 0.42161043863310527]",2.208,4c2259e97b3f,ok,
70,0.375837404288,liblinear,0.41693327970806066,0.0598325278289448,0.4186020532535391,0.4268867893880536,"[0.4914739946151545, 0.4702616028743653, 0.3682880489919392, 0.33262873455512215, 0.42201401750372225]",7.393,4c2259e97b3f,ok,
71,2.81838293126,lbfgs,0.4169176022952721,0.059657445395878424,0.4186624028802666,0.4268624971693484,"[0.4913740294892799, 0.47007658968117316, 0.3688191881918819, 0.33271541665757964, 0.42160278745644597]",2.591,4c2259e97b3f,ok,
72,2.81838293126,liblinear,0.4169311065580758,0.059798048972508594,0.41860685025922273,0.4268686272855808,"[0.4913810297176397, 0.4702353552602272, 0.3682871053408085, 0.3326577312847336, 0.42209431118697]",7.116,4c2259e97b3f,ok,
73,0.354813389234,lbfgs,0.41691298911159924,0.059723490803554165,0.41866938043893603,0.42683562899527877,"[0.4914425776295726, 0.4701447124304267, 0.36873178111508803, 0.3326354357498037, 0.42161043863310527]",2.49,4c2259e97b3f,ok,
74,0.354813389234,liblinear,0.4168983767745086,0.05981608165958506,0.4185773793468389,0.4268397019692344,"[0.4913950307727376, 0.4702319090180242, 0.36829484247030175, 0.3325923988842399, 0.4219777027272397]",6.901,4c2259e97b3f,ok,
75,0.334965439158,lbfgs,0.41691924986602097,0.059717319578661,0.41867441550689033,0.4268428237740725,"[0.491421079632902, 0.4701674186654001, 0.368761876648894, 0.3326354357498037, 0.42161043863310527]",2.518,4c2259e97b3f,ok,
76,0.334965439158,liblinear,0.416898796120459,0.05980421734963758,0.41857311112821227,0.426846438697879,"[0.4913670294603681, 0.4702319090180242, 0.3683249405124232, 0.3325923988842399, 0.4219777027272397]",6.712,4c2259e97b3f,ok,
77,2.98538261892,lbfgs,0.416921900619879,0.0596628103666839,0.4186652643367664,0.42686889430343233,"[0.4913955211123141, 0.47007658968117316, 0.3688191881918819, 0.33271541665757964, 0.42160278745644597]",2.466,4c2259e97b3f,ok,
78,2.98538261892,liblinear,0.4169340048370107,0.05980165756738364,0.418607435893078,0.42687502441966474,"[0.4913955211123141, 0.4702353552602272, 0.3682871053408085, 0.3326577312847336, 0.42209431118697]",6.925,4c2259e97b3f,ok,
79,0.316227766017,lbfgs,0.4169206320202222,0.05974314506792546,0.41867107400417514,0.42684847723319236,"[0.49147808242603885, 0.470190124226368, 0.3687249783222331, 0.33262818136217914, 0.42158179376429167]",2.5,4c2259e97b3f,ok,
80,0.316227766017,liblinear,0.41688425187192635,0.05979383837441188,0.418555410558176,0.4268387213830934,"[0.4913535226916612, 0.47020221516168303, 0.3683317346712905, 0.3325923988842399, 0.42194138795075714]",6.825,4c2259e97b3f,ok,
81,3.16227766017,lbfgs,0.41692050517484996,0.05966156719150712,0.4186630937448349,0.42686889430343233,"[0.4913955211123141, 0.47006961245602835, 0.3688191881918819, 0.33271541665757964, 0.42160278745644597]",2.477,4c2259e97b3f,ok,
82,3.16227766017,liblinear,0.4169227411732369,0.05978586012896411,0.41859795516222126,0.4268622301514968,"[0.49133153838483123, 0.4702353552602272, 0.3682871053408085, 0.3326577312847336, 0.422101975595584]",7.043,4c2259e97b3f,ok,
83,0.298538261892,lbfgs,0.4169277948076921,0.05974978731680919,0.418675674792557,0.4268612715013602,"[0.4915140719629498, 0.4701831458339517, 0.36873178111508803, 0.33262818136217914, 0.42158179376429167]",2.483,4c2259e97b3f,ok,
84,0.298538261892,liblinear,0.41690045668081466,0.05979078882418544,0.41857179993320165,0.4268589000848751,"[0.49142450142450145, 0.4701533528302727, 0.3683317346712905, 0.33263598326359833, 0.42195671121441025]",7.138,4c2259e97b3f,ok,
85,3.34965439158,lbfgs,0.4169162068502431,0.05965620200835701,0.41866023228833515,0.4268624971693484,"[0.4913740294892799, 0.47006961245602835, 0.3688191881918819, 0.33271541665757964, 0.42160278745644597]",2.479,4c2259e97b3f,ok,
86,3.34965439158,liblinear,0.4169255375754036,0.059788847744020886,0.4186024042594855,0.4268622301514968,"[0.4913385378084221, 0.4702423378474697, 0.3682871053408085, 0.3326577312847336, 0.422101975595584]",6.886,4c2259e97b3f,ok,
87,3.54813389234,lbfgs,0.4169148068444608,0.05965445467974283,0.4186579565826034,0.4268624971693484,"[0.4913670294603681, 0.47006961245602835, 0.3688191881918819, 0.33271541665757964, 0.42160278745644597]",2.481,4c2259e97b3f,ok,
88,3.54813389234,liblinear,0.41692400469368085,0.059788715107636795,0.4185993352089997,0.4268622301514968,"[0.4913385378084221, 0.4702423378474697, 0.3682871053408085, 0.3326577312847336, 0.42209431118697]",6.984,4c2259e97b3f,ok,
89,0.281838293126,lbfgs,0.4169363475403605,0.0597571700440121,0.4186823387803381,0.4268740657695281,"[0.4915430541899999, 0.470190124226368, 0.3687385841589639, 0.33262818136217914, 0.42158179376429167]",2.495,4c2259e97b3f,ok,
90,0.281838293126,liblinear,0.4168917726854066,0.05977763011699746,0.41856571651278285,0.4268451252305662,"[0.4914100116812445, 0.47013064133016624, 0.36836183203290723, 0.33263598326359833, 0.4219203951191168]",6.942,4c2259e97b3f,ok,
91,3.75837404288,lbfgs,0.4169105084386754,0.059649090398042115,0.41865509499414805,0.4268561000352644,"[0.491345537431441, 0.47006961245602835, 0.3688191881918819, 0.33271541665757964, 0.42160278745644597]",2.561,4c2259e97b3f,ok,
92,3.75837404288,liblinear,0.4169227793242296,0.05978821058001192,0.41859681174633545,0.4268622301514968,"[0.49133153838483123, 0.4702423378474697, 0.3682803135085293, 0.3326577312847336, 0.422101975595584]",7.047,4c2259e97b3f,ok,
93,0.26607250598,lbfgs,0.41692460908816653,0.05978368325756513,0.4186708834560733,0.426866460196942,"[0.49155754406463287, 0.47020585048754066, 0.3686783889001642, 0.33259181715083314, 0.42158944483766175]",2.494,4c2259e97b3f,ok,
94,0.26607250598,liblinear,0.4168992248641875,0.05977300650939161,0.4185679083536799,0.42686542238793657,"[0.49142499002905815, 0.4701254360572998, 0.3683453237410072, 0.3326723179847022, 0.4219280565088704]",6.622,4c2259e97b3f,ok,
95,3.98107170553,lbfgs,0.41691190840316644,0.059650837428726566,0.4186573706848303,0.4268561000352644,"[0.4913525372538963, 0.47006961245602835, 0.3688191881918819, 0.33271541665757964, 0.42160278745644597]",2.573,4c2259e97b3f,ok,
96,3.98107170553,liblinear,0.4169225344650333,0.05978950998889287,0.41859660706735224,0.42686177210134774,"[0.49135303000085473, 0.47021962193546474, 0.3682803135085293, 0.3326577312847336, 0.422101975595584]",7.049,4c2259e97b3f,ok,
97,0.251188643151,lbfgs,0.41686452273318786,0.05972333640172979,0.41861387082750845,0.42680260731169123,"[0.49128656720671426, 0.4702145973702176, 0.36865509161023674, 0.33258456371447886, 0.42158179376429167]",2.49,4c2259e97b3f,ok,
98,0.251188643151,liblinear,0.4169063030687511,0.05975864640044825,0.4185766705725493,0.42686727181801914,"[0.4914170121230252, 0.47011147891400834, 0.3683453237410072, 0.33270865112224884, 0.42194904944346595]",7.147,4c2259e97b3f,ok,
99,0.237137370566,lbfgs,0.4168541676073948,0.059720494054007055,0.4186073295912302,0.42678947344896273,"[0.4912650688249879, 0.47020761913242215, 0.36863179260079343, 0.33258456371447886, 0.42158179376429167]",2.486,4c2259e97b3f,ok,
100,0.237137370566,liblinear,0.41691691935953495,0.05975901994225806,0.41860163072969403,0.4268608207141894,"[0.49146602080068386, 0.47006605804200996, 0.36835891381345925, 0.3327159014142823, 0.4219777027272397]",7.117,4c2259e97b3f,ok,
101,4.21696503429,lbfgs,0.41691760689591517,0.059657949466999524,0.4186625081109797,0.4268624971693484,"[0.4913810297176397, 0.47006961245602835, 0.3688191881918819, 0.33271541665757964, 0.42160278745644597]",2.517,4c2259e97b3f,ok,
102,4.21696503429,liblinear,0.4169210015833105,0.05978937727698407,0.41859353801686644,0.42686177210134774,"[0.49135303000085473, 0.47021962193546474, 0.3682803135085293, 0.3326577312847336, 0.42209431118697]",7.097,4c2259e97b3f,ok,
103,0.223872113857,lbfgs,0.4168671582355562,0.05972251243742777,0.41862481232086657,0.4267962101776074,"[0.49130707404662827, 0.47019366327817763, 0.36866869637420424, 0.33258456371447886, 0.42158179376429167]",2.454,4c2259e97b3f,ok,
104,0.223872113857,liblinear,0.4169384707491869,0.059781712226021064,0.4186212545628683,0.4268868673006743,"[0.4915445000071234, 0.47009574704965484, 0.36835891381345925, 0.3327231520223152, 0.42197004085338174]",6.815,4c2259e97b3f,ok,
105,4.46683592151,lbfgs,0.41691760689591517,0.059657949466999524,0.4186625081109797,0.4268624971693484,"[0.4913810297176397, 0.47006961245602835, 0.3688191881918819, 0.33271541665757964, 0.42160278745644597]",2.452,4c2259e97b3f,ok,
106,4.46683592151,liblinear,0.41691848087855854,0.05978286137556357,0.4185939500409832,0.42685583301741303,"[0.49131004615647617, 0.4702423378474697, 0.3682803135085293, 0.3326577312847336, 0.422101975595584]",7.099,4c2259e97b3f,ok,
107,0.211348903984,lbfgs,0.4168699419521672,0.05972364373544832,0.418626481887585,0.42679707230815983,"[0.49130657849732073, 0.4701866856617101, 0.36866869637420424, 0.3325773105944956, 0.42161043863310527]",2.495,4c2259e97b3f,ok,
108,0.211348903984,liblinear,0.4169464684182927,0.05979487200989841,0.41863695391986944,0.426890827982841,"[0.49160148737017567, 0.47011147891400834, 0.36842590713719126, 0.33269406790742273, 0.4218994007626657]",6.913,4c2259e97b3f,ok,
109,4.73151258961,lbfgs,0.4169190069814784,0.05965969705567234,0.41866478405054597,0.4268624971693484,"[0.4913880301454561, 0.47006961245602835, 0.3688191881918819, 0.33271541665757964, 0.42160278745644597]",2.462,4c2259e97b3f,ok,
110,4.73151258961,liblinear,0.416914182310416,0.05977751277642322,0.41859108818861673,0.4268494358833291,"[0.4912885533157632, 0.4702423378474697, 0.3682803135085293, 0.3326577312847336, 0.422101975595584]",7.186,4c2259e97b3f,ok,
111,0.199526231497,lbfgs,0.41688299254329336,0.0597393657934746,0.41863427037959156,0.42681672176056085,"[0.49134957959241843, 0.47020938756733494, 0.36867549913274533, 0.3325700577908625, 0.42161043863310527]",2.461,4c2259e97b3f,ok,
112,0.199526231497,liblinear,0.41695916220589746,0.05980124066886396,0.4186535847281604,0.4268980872474775,"[0.4916295040392095, 0.47011147891400834, 0.3684327036599764, 0.33269406790742273, 0.4219280565088704]",6.843,4c2259e97b3f,ok,
113,5.01187233627,lbfgs,0.4169147084518173,0.059654331880209854,0.41866192241694844,0.4268561000352644,"[0.49136653749715065, 0.47006961245602835, 0.3688191881918819, 0.33271541665757964, 0.42160278745644597]",2.48,4c2259e97b3f,ok,
114,5.01187233627,liblinear,0.41691848087855854,0.05978286137556357,0.4185939500409832,0.42685583301741303,"[0.49131004615647617, 0.4702423378474697, 0.3682803135085293, 0.3326577312847336, 0.422101975595584]",7.245,4c2259e97b3f,ok,
115,0.188364908949,lbfgs,0.41690032306727653,0.059754778876262855,0.4186409160252741,0.426849569561533,"[0.49141456602590594, 0.47020240992461565, 0.36867549913274533, 0.3325700577908625, 0.4216390824622532]",2.514,4c2259e97b3f,ok,
116,0.188364908949,liblinear,0.416988391382906,0.059803305482377174,0.41867703015292734,0.4269337005788305,"[0.49165752390179956, 0.4701359615270439, 0.3684327036599764, 0.33273040294636824, 0.42198536487934196]",6.963,4c2259e97b3f,ok,
117,5.30884444231,lbfgs,0.41691610853598055,0.05965607930101256,0.4186641984584024,0.4268561000352644,"[0.4913735379179667, 0.47006961245602835, 0.3688191881918819, 0.33271541665757964, 0.42160278745644597]",2.575,4c2259e97b3f,ok,
118,5.30884444231,liblinear,0.4169170309472885,0.0597849050116365,0.4185896320338086,0.42685583301741303,"[0.49131004615647617, 0.4702423378474697, 0.3682803135085293, 0.3326504816283834, 0.422101975595584]",7.103,4c2259e97b3f,ok,
119,5.6234132519,lbfgs,0.41691750866003785,0.059657826851858574,0.4186664746167984,0.4268561000352644,"[0.4913805385382533, 0.47006961245602835, 0.3688191881918819, 0.33271541665757964, 0.42160278745644597]",2.488,4c2259e97b3f,ok,
120,5.6234132519,liblinear,0.41691843079071367,0.05978664693922119,0.4185919074756293,0.42685583301741303,"[0.4913170453736021, 0.4702423378474697, 0.3682803135085293, 0.3326504816283834, 0.422101975595584]",7.033,4c2259e97b3f,ok,
121,0.177827941004,lbfgs,0.4169055551836377,0.05975795873060534,0.41863676560953794,0.4268701351142322,"[0.49139355941863777, 0.47024957711368964, 0.36867549913274533, 0.3325700577908625, 0.4216390824622532]",2.519,4c2259e97b3f,ok,
122,0.177827941004,liblinear,0.41698862918160196,0.059801468566378954,0.418677127288044,0.4269341586289796,"[0.49162902697234373, 0.47016564744997924, 0.3684327036599764, 0.33273040294636824, 0.42198536487934196]",6.605,4c2259e97b3f,ok,
123,5.95662143529,lbfgs,0.41691750866003785,0.059657826851858574,0.4186664746167984,0.4268561000352644,"[0.4913805385382533, 0.47006961245602835, 0.3688191881918819, 0.33271541665757964, 0.42160278745644597]",2.583,4c2259e97b3f,ok,
124,5.95662143529,liblinear,0.4169169012748526,0.05978701073725167,0.4185889403434784,0.42685583301741303,"[0.491324044790153, 0.4702353552602272, 0.3682803135085293, 0.3326504816283834, 0.42209431118697]",7.035,4c2259e97b3f,ok,
125,0.167880401812,lbfgs,0.41693963391026595,0.05976382266899539,0.41866334121600185,0.42690999475256686,"[0.4914505557138786, 0.4702722753913495, 0.36876579884495453, 0.332562805303559, 0.42164673429758814]",2.463,4c2259e97b3f,ok,
126,0.167880401812,liblinear,0.4169848467547217,0.05978923826935363,0.41867172023715027,0.42693363609298773,"[0.49160100873381113, 0.47016564744997924, 0.36846280137984466, 0.33273040294636824, 0.42196437326360514]",6.671,4c2259e97b3f,ok,
127,6.3095734448,lbfgs,0.41692350152280727,0.059659825479139734,0.4186738708115242,0.42686295521949746,"[0.4913805385382533, 0.4700923204797103, 0.3688191881918819, 0.33272267294774494, 0.42160278745644597]",2.47,4c2259e97b3f,ok,
128,6.3095734448,liblinear,0.4169127356638267,0.059780052402412374,0.41858687196781463,0.4268494358833291,"[0.49129555232640965, 0.4702353552602272, 0.3682803135085293, 0.3326504816283834, 0.422101975595584]",7.015,4c2259e97b3f,ok,
129,0.158489319246,lbfgs,0.4169382116837251,0.05974150821971288,0.41866791494261335,0.42689840220951225,"[0.49137857326075185, 0.4702792533459952, 0.3688027012565271, 0.332562805303559, 0.421667725251792]",2.507,4c2259e97b3f,ok,
130,0.158489319246,liblinear,0.4169681880298247,0.05978450467183683,0.4186498140239377,0.42692163275614065,"[0.49149403014846266, 0.4702110606465402, 0.3684560044272274, 0.33268681761719004, 0.42199302730970367]",6.607,4c2259e97b3f,ok,
131,6.68343917569,lbfgs,0.4169278001350552,0.059665190638899274,0.4186767324752054,0.4268693523535815,"[0.4914020315994928, 0.4700923204797103, 0.3688191881918819, 0.33272267294774494, 0.42160278745644597]",2.609,4c2259e97b3f,ok,
132,6.68343917569,liblinear,0.4169112027821039,0.059779919418245966,0.41858380291732883,0.4268494358833291,"[0.49129555232640965, 0.4702353552602272, 0.3682803135085293, 0.3326504816283834, 0.42209431118697]",7.016,4c2259e97b3f,ok,
133,0.149623565609,lbfgs,0.4169414919502759,0.05974239383276918,0.4186728710229324,0.42689931830981054,"[0.49134957959241843, 0.47032464834708293, 0.3688027012565271, 0.332562805303559, 0.421667725251792]",2.527,4c2259e97b3f,ok,
134,0.149623565609,liblinear,0.4169463009721146,0.059787681371351056,0.41863323075797576,0.42689349311500735,"[0.4914865423250645, 0.4701516905631252, 0.3684861006068879, 0.33261414405579165, 0.42199302730970367]",6.599,4c2259e97b3f,ok,
135,7.07945784384,lbfgs,0.4169278001350552,0.059665190638899274,0.4186767324752054,0.4268693523535815,"[0.4914020315994928, 0.4700923204797103, 0.3688191881918819, 0.33272267294774494, 0.42160278745644597]",2.51,4c2259e97b3f,ok,
136,7.07945784384,liblinear,0.4169055042893552,0.0597728294310239,0.41857866549117945,0.4268430387492451,"[0.49126705986266633, 0.4702353552602272, 0.3682803135085293, 0.3326504816283834, 0.42209431118697]",7.315,4c2259e97b3f,ok,
137,0.141253754462,lbfgs,0.416938067131686,0.05976750726904146,0.4186748437772726,0.426891594281636,"[0.49139909074066157, 0.4703176699259611, 0.36877940769443673, 0.33252644204557846, 0.421667725251792]",2.517,4c2259e97b3f,ok,
138,0.141253754462,liblinear,0.4169460397775248,0.05977159920732948,0.41864298153775686,0.4268870420111776,"[0.4914865423250645, 0.4700923204797103, 0.3684861006068879, 0.33263589207096467, 0.4220293434049971]",6.626,4c2259e97b3f,ok,
139,7.49894209332,lbfgs,0.4169278001350552,0.059665190638899274,0.4186767324752054,0.4268693523535815,"[0.4914020315994928, 0.4700923204797103, 0.3688191881918819, 0.33272267294774494, 0.42160278745644597]",2.54,4c2259e97b3f,ok,
140,7.49894209332,liblinear,0.416907037171078,0.05977296257710249,0.4185817345416652,0.4268430387492451,"[0.49126705986266633, 0.4702353552602272, 0.3682803135085293, 0.3326504816283834, 0.422101975595584]",7.013,4c2259e97b3f,ok,
141,0.133352143216,lbfgs,0.4169112291431909,0.059748630509038274,0.41865395681362116,0.4268593229864014,"[0.491277578245254, 0.4703560830860534, 0.3687493080414806, 0.33252644204557846, 0.42164673429758814]",2.453,4c2259e97b3f,ok,
142,0.133352143216,liblinear,0.4169395543220126,0.059775872133497304,0.4186421817968446,0.4268729920481508,"[0.4915010329842559, 0.47006783535453994, 0.3684560044272274, 0.33263589207096467, 0.42203700677307476]",6.69,4c2259e97b3f,ok,
143,7.94328234724,lbfgs,0.4169278001350552,0.059665190638899274,0.4186767324752054,0.4268693523535815,"[0.4914020315994928, 0.4700923204797103, 0.3688191881918819, 0.33272267294774494, 0.42160278745644597]",2.466,4c2259e97b3f,ok,
144,7.94328234724,liblinear,0.4169041045684068,0.05977108812103866,0.4185763901963842,0.4268430387492451,"[0.4912600612579244, 0.4702353552602272, 0.3682803135085293, 0.3326504816283834, 0.42209431118697]",6.92,4c2259e97b3f,ok,
145,0.125892541179,lbfgs,0.41691998300069766,0.0597637896161261,0.4186549885588125,0.4268785143886532,"[0.4913490864521278, 0.4703351482871682, 0.3687425039210259, 0.33252644204557846, 0.42164673429758814]",2.516,4c2259e97b3f,ok,
146,0.125892541179,liblinear,0.4169104851964228,0.05977775027839582,0.41861309558893317,0.4268456185675754,"[0.49147953949618145, 0.4700172178353025, 0.36841911086515405, 0.33259955101240163, 0.42203700677307476]",6.756,4c2259e97b3f,ok,
147,0.118850222744,lbfgs,0.416920241568719,0.059764478630827886,0.4186556246487034,0.42687897243880235,"[0.49135559641396215, 0.4703299311654403, 0.3687425039210259, 0.33252644204557846, 0.42164673429758814]",2.487,4c2259e97b3f,ok,
148,0.118850222744,liblinear,0.4169052100215397,0.05975535573732208,0.41860524626249684,0.4268406667831705,"[0.4914220575662582, 0.4700120219065853, 0.36842590713719126, 0.3326213930781972, 0.42204467041946614]",6.807,4c2259e97b3f,ok,
149,8.41395141645,lbfgs,0.41692920034030256,0.05966693841850685,0.41867900876559083,0.4268693523535815,"[0.49140903262573016, 0.4700923204797103, 0.3688191881918819, 0.33272267294774494, 0.42160278745644597]",2.48,4c2259e97b3f,ok,
150,8.41395141645,liblinear,0.41690270488733877,0.05976934694105039,0.41857411501847464,0.4268430387492451,"[0.4912530628525842, 0.4702353552602272, 0.3682803135085293, 0.3326504816283834, 0.42209431118697]",7.06,4c2259e97b3f,ok,
151,8.91250938134,lbfgs,0.41693209862482156,0.05967055640203019,0.4186795939918633,0.42687574948766543,"[0.4914235240483246, 0.4700923204797103, 0.3688191881918819, 0.33272267294774494, 0.42160278745644597]",2.457,4c2259e97b3f,ok,
152,8.91250938134,liblinear,0.41690125501926445,0.05977139074327704,0.4185697974705894,0.4268430387492451,"[0.4912530628525842, 0.4702353552602272, 0.3682803135085293, 0.33264323228801185, 0.42209431118697]",6.97,4c2259e97b3f,ok,
153,0.11220184543,lbfgs,0.41692585017462225,0.05977404257530346,0.41865445718151284,0.42688623170343876,"[0.49135559641396215, 0.470357842264554, 0.3687288964333819, 0.3325191905094208, 0.421667725251792]",2.634,4c2259e97b3f,ok,
154,0.11220184543,liblinear,0.4169152286840244,0.05972590714341327,0.41862244526747394,0.426840798665537,"[0.49142905997520625, 0.4700032653545878, 0.36846280137984466, 0.3327013185136755, 0.42197969819680764]",6.577,4c2259e97b3f,ok,
155,0.105925372518,lbfgs,0.4169180307624082,0.05977461359700476,0.41866770870139625,0.42685833568687137,"[0.4913551035534587, 0.4703421263463992, 0.3687561124130423, 0.33249007720155277, 0.42164673429758814]",2.496,4c2259e97b3f,ok,
156,0.105925372518,liblinear,0.41692418755709476,0.05975018884161185,0.41862336692848456,0.4268658579524919,"[0.4914730228383365, 0.470025974025974, 0.36846959858323497, 0.3326649812570831, 0.4219873610808455]",6.516,4c2259e97b3f,ok,
157,9.44060876286,lbfgs,0.41693209862482156,0.05967055640203019,0.4186795939918633,0.42687574948766543,"[0.4914235240483246, 0.4700923204797103, 0.3688191881918819, 0.33272267294774494, 0.42160278745644597]",2.515,4c2259e97b3f,ok,
158,9.44060876286,liblinear,0.4169011720612823,0.05976921387720478,0.41857104619100605,0.4268430387492451,"[0.4912530628525842, 0.4702353552602272, 0.3682803135085293, 0.3326504816283834, 0.42208664705668736]",6.922,4c2259e97b3f,ok,
159,0.1,lbfgs,0.4169387566823189,0.05977758611342534,0.4186799266063401,0.42688506146247746,"[0.49136259977194985, 0.47038575667655785, 0.3688231169502159, 0.33247557571528263, 0.42164673429758814]",2.452,4c2259e97b3f,ok,
160,0.1,liblinear,0.41693147027216,0.059704688508813164,0.4186389113876244,0.4268625411725865,"[0.49138004730288093, 0.47006961245602835, 0.36843950043352336, 0.3327884929715593, 0.42197969819680764]",6.661,4c2259e97b3f,ok,
161,10.0,lbfgs,0.41693349887136033,0.059672304479480895,0.41868187029728265,0.42687574948766543,"[0.49143052528101894, 0.4700923204797103, 0.3688191881918819, 0.33272267294774494, 0.42160278745644597]",2.487,4c2259e97b3f,ok,
162,10.0,liblinear,0.41690267134421066,0.05977107900591687,0.41856935812490637,0.4268494358833291,"[0.491260559267226, 0.4702353552602272, 0.3682803135085293, 0.3326504816283834, 0.42208664705668736]",7.09,4c2259e97b3f,ok,
163,0.0944060876286,lbfgs,0.4169267413914753,0.059796349580330026,0.41865397512592645,0.4268895551967331,"[0.4914275941681987, 0.47032640949554894, 0.3688163114678476, 0.33243196092114446, 0.4216314309046366]",2.433,4c2259e97b3f,ok,
164,0.0944060876286,liblinear,0.4169210161894849,0.0597019832906442,0.4186406840244459,0.42684236247080476,"[0.49136506127101737, 0.4700486820232724, 0.3684598922588739, 0.33275940980319507, 0.42197203559106594]",6.438,4c2259e97b3f,ok,
165,10.5925372518,lbfgs,0.41693349887136033,0.059672304479480895,0.41868187029728265,0.42687574948766543,"[0.49143052528101894, 0.4700923204797103, 0.3688191881918819, 0.33272267294774494, 0.42160278745644597]",2.522,4c2259e97b3f,ok,
166,10.5925372518,liblinear,0.416899688705743,0.05977298985598824,0.4185619719725452,0.4268494358833291,"[0.491260559267226, 0.4702353552602272, 0.3682803135085293, 0.33264323228801185, 0.4220789832047208]",6.861,4c2259e97b3f,ok,
167,11.220184543,lbfgs,0.416934899157798,0.05967405268696381,0.4186841467196576,0.42687574948766543,"[0.491437526713207, 0.4700923204797103, 0.3688191881918819, 0.33272267294774494, 0.42160278745644597]",2.514,4c2259e97b3f,ok,
168,11.220184543,liblinear,0.4169070527051579,0.059778603385266554,0.418570971196581,0.42685583301741303,"[0.49128205128205127, 0.4702353552602272, 0.3682803135085293, 0.33264323228801185, 0.42209431118697]",7.103,4c2259e97b3f,ok,
169,0.0891250938134,lbfgs,0.41692957057594154,0.05979879207900529,0.41865604331939055,0.42689595233081706,"[0.4914560975957359, 0.4703124536363906, 0.3688163114678476, 0.33243921055501036, 0.42162377962472325]",2.522,4c2259e97b3f,ok,
170,0.0891250938134,liblinear,0.4169428499541694,0.059732915120366555,0.4186600941446768,0.4268677905513029,"[0.4914720508399709, 0.4701010730664767, 0.3684229946129437, 0.3327957457937407, 0.42192238545771515]",6.503,4c2259e97b3f,ok,
171,0.0841395141645,lbfgs,0.4169234576661638,0.059809288936765216,0.41866343522326216,0.4268746970728995,"[0.491470106178294, 0.4703403661829728, 0.36878621249584825, 0.33244646050508136, 0.4215741429686224]",3.197,4c2259e97b3f,ok,
172,0.0841395141645,liblinear,0.41693503167143947,0.05974540539645716,0.41862974838573874,0.4268870359233004,"[0.4915010329842559, 0.47010462269050973, 0.36840260482963455, 0.3327884929715593, 0.42187840488123773]",6.429,4c2259e97b3f,ok,
173,11.8850222744,lbfgs,0.416934899157798,0.05967405268696381,0.4186841467196576,0.42687574948766543,"[0.491437526713207, 0.4700923204797103, 0.3688191881918819, 0.33272267294774494, 0.42160278745644597]",1.965,4c2259e97b3f,ok,
174,11.8850222744,liblinear,0.4169070527051579,0.059778603385266554,0.418570971196581,0.42685583301741303,"[0.49128205128205127, 0.4702353552602272, 0.3682803135085293, 0.33264323228801185, 0.42209431118697]",5.81,4c2259e97b3f,ok,
175,12.5892541179,lbfgs,0.4169306005854482,0.05966868632815576,0.418681285172934,0.4268693523535815,"[0.4914160338514582, 0.4700923204797103, 0.3688191881918819, 0.33272267294774494, 0.42160278745644597]",1.995,4c2259e97b3f,ok,
176,12.5892541179,liblinear,0.4169055198791014,0.05977847045351109,0.4185679023691124,0.42685583301741303,"[0.49128205128205127, 0.4702353552602272, 0.3682803135085293, 0.33264323228801185, 0.42208664705668736]",7.081,4c2259e97b3f,ok,
177,0.0794328234724,lbfgs,0.4169139907233014,0.05978381777444666,0.41866127141280696,0.42686138026873977,"[0.4914201014765407, 0.4703194314624412, 0.3688163114678476, 0.33246096135392134, 0.4215531478557558]",2.357,4c2259e97b3f,ok,
178,0.0794328234724,liblinear,0.41695039033468645,0.059716810852017646,0.4186641782381037,0.42688247770320215,"[0.49141456602590594, 0.4701866856617101, 0.368446297457846, 0.3328393339726266, 0.42186506855534367]",6.809,4c2259e97b3f,ok,
179,13.3352143216,lbfgs,0.41692920034030256,0.05966693841850685,0.41867900876559083,0.4268693523535815,"[0.49140903262573016, 0.4700923204797103, 0.3688191881918819, 0.33272267294774494, 0.42160278745644597]",2.231,4c2259e97b3f,ok,
180,13.3352143216,liblinear,0.4169042041702672,0.05977121202716134,0.41857242695237495,0.4268494358833291,"[0.491260559267226, 0.4702353552602272, 0.3682803135085293, 0.3326504816283834, 0.42209431118697]",7.551,4c2259e97b3f,ok,
181,0.0749894209332,lbfgs,0.41693390992375257,0.05979298717978714,0.41867155980549625,0.42689410961412344,"[0.49150609964656256, 0.470282780926382, 0.3688532152412584, 0.33246096135392134, 0.4215664924506388]",2.016,4c2259e97b3f,ok,
182,0.0749894209332,liblinear,0.4169452052246241,0.05970841506411289,0.4186658341356389,0.4268742918221703,"[0.49140056142150784, 0.4702233434740669, 0.36846959858323497, 0.3328610971861991, 0.42177142545811164]",5.604,4c2259e97b3f,ok,
183,14.1253754462,lbfgs,0.4169278001350552,0.059665190638899274,0.4186767324752054,0.4268693523535815,"[0.4914020315994928, 0.4700923204797103, 0.3688191881918819, 0.33272267294774494, 0.42160278745644597]",2.726,4c2259e97b3f,ok,
184,14.1253754462,liblinear,0.4169012214761364,0.059773122748105985,0.41856504057702104,0.4268494358833291,"[0.491260559267226, 0.4702353552602272, 0.3682803135085293, 0.33264323228801185, 0.42208664705668736]",5.75,4c2259e97b3f,ok,
185,0.0707945784384,lbfgs,0.41694865630031713,0.059835957355242005,0.41868112216694386,0.426919745406816,"[0.4915635866157442, 0.470357842264554, 0.3688231169502159, 0.33242459270244923, 0.4215741429686224]",1.951,4c2259e97b3f,ok,
186,0.0707945784384,liblinear,0.41698645045450744,0.059733112148230884,0.4186978682422887,0.4269212855561639,"[0.49147856817145463, 0.47025302366995625, 0.3685394916442247, 0.33282476024411506, 0.4218364085427866]",5.259,4c2259e97b3f,ok,
187,14.9623565609,lbfgs,0.4169278001350552,0.059665190638899274,0.4186767324752054,0.4268693523535815,"[0.4914020315994928, 0.4700923204797103, 0.3688191881918819, 0.33272267294774494, 0.42160278745644597]",1.935,4c2259e97b3f,ok,
188,14.9623565609,liblinear,0.4169012214761364,0.059773122748105985,0.41856504057702104,0.4268494358833291,"[0.491260559267226, 0.4702353552602272, 0.3682803135085293, 0.33264323228801185, 0.42208664705668736]",5.658,4c2259e97b3f,ok,
189,0.0668343917569,lbfgs,0.4169820080466547,0.059830199363373686,0.4187113152404227,0.4269593366498216,"[0.4916635791033716, 0.4703211927898524, 0.36888331242158096, 0.33247546346782986, 0.4215664924506388]",1.938,4c2259e97b3f,ok,
190,0.0668343917569,liblinear,0.41699259179854514,0.05970354623299118,0.41870784455094884,0.4269233141249697,"[0.49143508621918197, 0.4702844677914793, 0.3685462896353273, 0.33290468821516533, 0.4217924271315718]",5.122,4c2259e97b3f,ok,
191,15.8489319246,lbfgs,0.4169278001350552,0.059665190638899274,0.4186767324752054,0.4268693523535815,"[0.4914020315994928, 0.4700923204797103, 0.3688191881918819, 0.33272267294774494, 0.42160278745644597]",1.955,4c2259e97b3f,ok,
192,15.8489319246,liblinear,0.4169012214761364,0.059773122748105985,0.41856504057702104,0.4268494358833291,"[0.491260559267226, 0.4702353552602272, 0.3682803135085293, 0.33264323228801185, 0.42208664705668736]",5.679,4c2259e97b3f,ok,
193,0.063095734448,lbfgs,0.4170248752060953,0.05982512128104843,0.4187486716333866,0.4270075613079113,"[0.4916780665754674, 0.470380535568578, 0.3689435034503118, 0.33251183180301414, 0.42161043863310527]",1.95,4c2259e97b3f,ok,
194,0.063095734448,liblinear,0.4169777939301917,0.059666657242030324,0.4186954457458948,0.42690439783143574,"[0.4913275849782655, 0.4702792533459952, 0.3686132733242336, 0.3328974325443529, 0.42177142545811164]",5.395,4c2259e97b3f,ok,
195,16.7880401812,lbfgs,0.4169264046847532,0.0596639472786823,0.41867456197349684,0.4268693523535815,"[0.4914020315994928, 0.4700853432282004, 0.3688191881918819, 0.33272267294774494, 0.42160278745644597]",1.944,4c2259e97b3f,ok,
196,16.7880401812,liblinear,0.4169012214761364,0.059773122748105985,0.41856504057702104,0.4268494358833291,"[0.491260559267226, 0.4702353552602272, 0.3682803135085293, 0.33264323228801185, 0.42208664705668736]",5.645,4c2259e97b3f,ok,
197,0.0595662143529,lbfgs,0.4169749641198141,0.05975485976787534,0.41871945995206056,0.426925718745522,"[0.49136259977194985, 0.4704241650965091, 0.368929889298893, 0.33251908396946567, 0.4216390824622532]",1.932,4c2259e97b3f,ok,
198,0.0595662143529,liblinear,0.417010761930608,0.059697518106373276,0.4187237545294775,0.42694385719207506,"[0.49142059058260174, 0.4702932098765432, 0.368650164164238, 0.3328610971861991, 0.42182874784345775]",5.305,4c2259e97b3f,ok,
199,17.7827941004,lbfgs,0.41692071066362607,0.059657338475529675,0.418669529921743,0.42686295521949746,"[0.4913805385382533, 0.47007836618380433, 0.3688191881918819, 0.33272267294774494, 0.42160278745644597]",1.968,4c2259e97b3f,ok,
200,17.7827941004,liblinear,0.4169026211187452,0.05977486398053294,0.41856731553626314,0.4268494358833291,"[0.49126755748027007, 0.4702353552602272, 0.3682803135085293, 0.33264323228801185, 0.42208664705668736]",5.71,4c2259e97b3f,ok,
201,0.056234132519,lbfgs,0.41697757427136145,0.059771004248243914,0.4187215939103016,0.42693226962205444,"[0.4913490864521278, 0.47041543026706234, 0.36893669624900827, 0.33244634444250565, 0.4217403139461029]",1.956,4c2259e97b3f,ok,
202,0.056234132519,liblinear,0.4169887587868598,0.05966965588431561,0.4186943548728892,0.42692981394243723,"[0.4914070738450138, 0.4702111557923165, 0.36864336438255096, 0.3328974325443529, 0.42178476737006504]",5.808,4c2259e97b3f,ok,
203,0.0530884444231,lbfgs,0.41699803271002817,0.059780809456767094,0.4187345775683283,0.4269674616435181,"[0.49127807547600044, 0.4705742727016482, 0.3689435034503118, 0.33244634444250565, 0.4217479674796748]",2.29,4c2259e97b3f,ok,
204,0.0530884444231,liblinear,0.41700017304360715,0.059714559049350746,0.418710366108615,0.42693970699514977,"[0.4915000641235733, 0.4702687461973378, 0.3686802545421009, 0.33283201464722423, 0.4217197857077999]",6.272,4c2259e97b3f,ok,
205,18.8364908949,lbfgs,0.41692071066362607,0.059657338475529675,0.418669529921743,0.42686295521949746,"[0.4913805385382533, 0.47007836618380433, 0.3688191881918819, 0.33272267294774494, 0.42160278745644597]",2.087,4c2259e97b3f,ok,
206,18.8364908949,liblinear,0.41689832255201864,0.05976951658261749,0.4185644535820877,0.4268430387492451,"[0.49124606464663734, 0.4702353552602272, 0.3682803135085293, 0.33264323228801185, 0.42208664705668736]",5.948,4c2259e97b3f,ok,
207,0.0501187233627,lbfgs,0.4170231491559379,0.059796909583986084,0.41876120526221905,0.4269874506904796,"[0.49132058261836214, 0.47061790668348047, 0.3689599822881497, 0.33244634444250565, 0.42177092974719155]",1.934,4c2259e97b3f,ok,
208,0.0501187233627,liblinear,0.4169782994185741,0.05973829141768462,0.4186924414577301,0.42691681673273274,"[0.49152155946307957, 0.4702687461973378, 0.3686870550042424, 0.3327593347428995, 0.42165480168531166]",5.69,4c2259e97b3f,ok,
209,19.9526231497,lbfgs,0.41692071066362607,0.059657338475529675,0.418669529921743,0.42686295521949746,"[0.4913805385382533, 0.47007836618380433, 0.3688191881918819, 0.33272267294774494, 0.42160278745644597]",2.11,4c2259e97b3f,ok,
210,19.9526231497,liblinear,0.4169026211187452,0.05977486398053294,0.41856731553626314,0.4268494358833291,"[0.49126755748027007, 0.4702353552602272, 0.3682803135085293, 0.33264323228801185, 0.42208664705668736]",6.316,4c2259e97b3f,ok,
211,0.0473151258961,lbfgs,0.4170096016865103,0.059783083395797305,0.4187592038496814,0.4269586452870028,"[0.491363092184026, 0.4705131819058499, 0.36900369003690037, 0.33243909354620604, 0.4217289507595695]",1.933,4c2259e97b3f,ok,
212,0.0473151258961,liblinear,0.41699573666563056,0.059784999587666754,0.41871503772771834,0.42692921072320533,"[0.4916145395477408, 0.47029489900414073, 0.36862687227920016, 0.3327302452316076, 0.42171212726546325]",5.223,4c2259e97b3f,ok,
213,21.1348903984,lbfgs,0.41692071066362607,0.059657338475529675,0.418669529921743,0.42686295521949746,"[0.4913805385382533, 0.47007836618380433, 0.3688191881918819, 0.33272267294774494, 0.42160278745644597]",1.933,4c2259e97b3f,ok,
214,21.1348903984,liblinear,0.41690402080123157,0.05977660534294091,0.4185695906123706,0.4268494358833291,"[0.49127455589270197, 0.4702353552602272, 0.3682803135085293, 0.33264323228801185, 0.42208664705668736]",5.762,4c2259e97b3f,ok,
215,0.0446683592151,lbfgs,0.41698975034190466,0.059801806635953414,0.41874841609978253,0.4269307177862836,"[0.49141260814412563, 0.47047652958281405, 0.36892021551406007, 0.33243909354620604, 0.4217003049223174]",1.922,4c2259e97b3f,ok,
216,0.0446683592151,liblinear,0.4170102869181065,0.05977008210417597,0.4187275919314696,0.42694403356017896,"[0.4916070563424435, 0.4703472840605521, 0.36863367213296194, 0.3328029295725527, 0.42166049248202225]",5.377,4c2259e97b3f,ok,
217,22.3872113857,lbfgs,0.41692500927587395,0.05966270406001004,0.4186723915854242,0.4268693523535815,"[0.4914020315994928, 0.47007836618380433, 0.3688191881918819, 0.33272267294774494, 0.42160278745644597]",2.033,4c2259e97b3f,ok,
218,22.3872113857,liblinear,0.4168982723883253,0.05977330139810565,0.41856241155445134,0.4268430387492451,"[0.4912530628525842, 0.4702353552602272, 0.3682803135085293, 0.33263598326359833, 0.42208664705668736]",5.637,4c2259e97b3f,ok,
219,0.0421696503429,lbfgs,0.41698141314103604,0.05982795239496656,0.41872424419514465,0.42694904034459374,"[0.49147059242685515, 0.47045734375695364, 0.3688765060796723, 0.33240997229916897, 0.42169265114253046]",1.938,4c2259e97b3f,ok,
220,0.0421696503429,liblinear,0.4170110342021888,0.05972410830218428,0.4187235056449056,0.42694533796867573,"[0.4915425721410759, 0.47028093973078466, 0.36874723328906595, 0.3328029295725527, 0.42168149627746504]",5.306,4c2259e97b3f,ok,
221,23.7137370566,lbfgs,0.4169236091105229,0.05966095627210461,0.4186701154119875,0.4268693523535815,"[0.4913950307727376, 0.47007836618380433, 0.3688191881918819, 0.33272267294774494, 0.42160278745644597]",1.935,4c2259e97b3f,ok,
222,23.7137370566,liblinear,0.41690402080123157,0.05977660534294091,0.4185695906123706,0.4268494358833291,"[0.49127455589270197, 0.4702353552602272, 0.3682803135085293, 0.33264323228801185, 0.42208664705668736]",5.663,4c2259e97b3f,ok,
223,25.1188643151,lbfgs,0.4169236091105229,0.05966095627210461,0.4186701154119875,0.4268693523535815,"[0.4913950307727376, 0.47007836618380433, 0.3688191881918819, 0.33272267294774494, 0.42160278745644597]",1.944,4c2259e97b3f,ok,
224,25.1188643151,liblinear,0.4169039707187145,0.05978039048247196,0.41856754871668295,0.4268494358833291,"[0.49128155450453015, 0.4702353552602272, 0.3682803135085293, 0.33263598326359833, 0.42208664705668736]",5.655,4c2259e97b3f,ok,
225,0.0398107170553,lbfgs,0.41698306115444056,0.05984941460276907,0.4187162579980857,0.42696216749393334,"[0.4914990950419701, 0.4704660752959326, 0.36886289414933854, 0.33237359856912274, 0.4217136427158388]",2.058,4c2259e97b3f,ok,
226,0.0398107170553,liblinear,0.41702912355846333,0.05975601300430147,0.41873371973139706,0.426978168540162,"[0.4915645483043602, 0.4703717444535134, 0.3687608366842513, 0.3327593347428995, 0.42168915360729264]",5.529,4c2259e97b3f,ok,
227,26.607250598,lbfgs,0.4169236091105229,0.05966095627210461,0.4186701154119875,0.4268693523535815,"[0.4913950307727376, 0.47007836618380433, 0.3688191881918819, 0.33272267294774494, 0.42160278745644597]",1.935,4c2259e97b3f,ok,
228,26.607250598,liblinear,0.41690542052359725,0.05977834683533181,0.41857186580535233,0.4268494358833291,"[0.49128155450453015, 0.4702353552602272, 0.3682803135085293, 0.33264323228801185, 0.42208664705668736]",6.605,4c2259e97b3f,ok,
229,0.0375837404288,lbfgs,0.41695532711271477,0.05983975489909455,0.4186961103158648,0.426928854929423,"[0.4913925782363336, 0.47049399198931907, 0.3688396036680997, 0.33234447255911354, 0.4217059891107078]",2.263,4c2259e97b3f,ok,
230,0.0375837404288,liblinear,0.41701973286202076,0.05977846891582677,0.41872731520586337,0.426978144597287,"[0.49152155946307957, 0.4704573107398285, 0.3687375488821663, 0.3327084059993024, 0.42167383922572677]",5.82,4c2259e97b3f,ok,
231,28.1838293126,lbfgs,0.4169236091105229,0.05966095627210461,0.4186701154119875,0.4268693523535815,"[0.4913950307727376, 0.47007836618380433, 0.3688191881918819, 0.33272267294774494, 0.42160278745644597]",2.092,4c2259e97b3f,ok,
232,28.1838293126,liblinear,0.41690542052359725,0.05977834683533181,0.41857186580535233,0.4268494358833291,"[0.49128155450453015, 0.4702353552602272, 0.3682803135085293, 0.33264323228801185, 0.42208664705668736]",5.867,4c2259e97b3f,ok,
233,0.0354813389234,lbfgs,0.41700328681893384,0.05980724507584634,0.4187530577434222,0.42696260977187767,"[0.49143508621918197, 0.47046954973666644, 0.36901730691169415, 0.332380848511288, 0.4217136427158388]",1.97,4c2259e97b3f,ok,
234,0.0354813389234,liblinear,0.4170479942764443,0.05979722581816788,0.41875603822712326,0.4270104946330303,"[0.49157155274369824, 0.4704730251053475, 0.3688346183642602, 0.3326429614772504, 0.42171781369166517]",5.287,4c2259e97b3f,ok,
235,0.0334965439158,lbfgs,0.4169884238988645,0.05976286979814219,0.41865743733394745,0.42701511422408983,"[0.4913155607483294, 0.47049749325106055, 0.36885896135042895, 0.33254115338493406, 0.4217289507595695]",1.919,4c2259e97b3f,ok,
236,0.0334965439158,liblinear,0.41705541854202705,0.05977982352622634,0.41875772142337986,0.4270198717230782,"[0.49146456154350365, 0.4705323758086533, 0.3688987271721085, 0.33261395592178405, 0.42176747226408584]",5.348,4c2259e97b3f,ok,
237,29.8538261892,lbfgs,0.4169236091105229,0.05966095627210461,0.4186701154119875,0.4268693523535815,"[0.4913950307727376, 0.47007836618380433, 0.3688191881918819, 0.33272267294774494, 0.42160278745644597]",1.936,4c2259e97b3f,ok,
238,29.8538261892,liblinear,0.4169039707187145,0.05978039048247196,0.41856754871668295,0.4268494358833291,"[0.49128155450453015, 0.4702353552602272, 0.3682803135085293, 0.33263598326359833, 0.42208664705668736]",5.618,4c2259e97b3f,ok,
239,0.0316227766017,lbfgs,0.41698404466974537,0.05975400527376903,0.41865088094984193,0.42700428784159306,"[0.49126457092370396, 0.47050622209697274, 0.3688356733022157, 0.3325485066492261, 0.4217652503766085]",1.916,4c2259e97b3f,ok,
240,0.0316227766017,liblinear,0.41706444555699546,0.05976102999370554,0.41878346624226276,0.4270212458735257,"[0.49138606666001683, 0.4706074364224458, 0.3689259491569199, 0.3326429614772504, 0.4217598140683444]",5.356,4c2259e97b3f,ok,
241,31.6227766017,lbfgs,0.41692790755899856,0.05966632216205764,0.41867297691360916,0.42687574948766543,"[0.49141652301511546, 0.47007836618380433, 0.3688191881918819, 0.33272267294774494, 0.42160278745644597]",2.024,4c2259e97b3f,ok,
242,31.6227766017,liblinear,0.41690542052359725,0.05977834683533181,0.41857186580535233,0.4268494358833291,"[0.49128155450453015, 0.4702353552602272, 0.3682803135085293, 0.33264323228801185, 0.42208664705668736]",5.791,4c2259e97b3f,ok,
243,0.0298538261892,lbfgs,0.41702718708727976,0.059729755970456294,0.41869126410471386,0.4270439712518854,"[0.49133508151864097, 0.47049226525073046, 0.3690230224321133, 0.3325776072549704, 0.42170795897994373]",1.922,4c2259e97b3f,ok,
244,0.0298538261892,liblinear,0.41709283037112355,0.059721913209321964,0.4188087248378539,0.4270488719772253,"[0.4913500726764899, 0.47062140186361207, 0.36911327959270257, 0.33265021365657976, 0.42172918406623333]",5.293,4c2259e97b3f,ok,
245,33.4965439158,lbfgs,0.41692790755899856,0.05966632216205764,0.41867297691360916,0.42687574948766543,"[0.49141652301511546, 0.47007836618380433, 0.3688191881918819, 0.33272267294774494, 0.42160278745644597]",1.933,4c2259e97b3f,ok,
246,33.4965439158,liblinear,0.41690681704104576,0.05977959275986282,0.41857403944573723,0.4268494358833291,"[0.49128155450453015, 0.4702423378474697, 0.3682803135085293, 0.33264323228801185, 0.42208664705668736]",5.593,4c2259e97b3f,ok,
247,35.4813389234,lbfgs,0.41692790755899856,0.05966632216205764,0.41867297691360916,0.42687574948766543,"[0.49141652301511546, 0.47007836618380433, 0.3688191881918819, 0.33272267294774494, 0.42160278745644597]",1.941,4c2259e97b3f,ok,
248,35.4813389234,liblinear,0.41690542052359725,0.05977834683533181,0.41857186580535233,0.4268494358833291,"[0.49128155450453015, 0.4702353552602272, 0.3682803135085293, 0.33264323228801185, 0.42208664705668736]",5.78,4c2259e97b3f,ok,
249,0.0281838293126,lbfgs,0.41700937761992074,0.059741387884142606,0.4186706016771386,0.4270235781245204,"[0.4913485932556084, 0.47049226525073046, 0.36897932077699275, 0.33257035729078105, 0.4216563515254914]",1.967,4c2259e97b3f,ok,
250,0.0281838293126,liblinear,0.4170697289713533,0.05970684583845043,0.4187841152741706,0.42702811676970587,"[0.4913215720922279, 0.47054110595112686, 0.3691501724742211, 0.3326066102729572, 0.42172918406623333]",5.257,4c2259e97b3f,ok,
251,37.5837404288,lbfgs,0.41692790755899856,0.05966632216205764,0.41867297691360916,0.42687574948766543,"[0.49141652301511546, 0.47007836618380433, 0.3688191881918819, 0.33272267294774494, 0.42160278745644597]",1.939,4c2259e97b3f,ok,
252,37.5837404288,liblinear,0.41690542052359725,0.05977834683533181,0.41857186580535233,0.4268494358833291,"[0.49128155450453015, 0.4702353552602272, 0.3682803135085293, 0.33264323228801185, 0.42208664705668736]",5.685,4c2259e97b3f,ok,
253,0.026607250598,lbfgs,0.41698701657130427,0.05972315452498712,0.4186557140454408,0.4269840647941353,"[0.49130509151034835, 0.4704608493154749, 0.3689492325855962, 0.3325922050745488, 0.4216277043705532]",2.137,4c2259e97b3f,ok,
254,0.026607250598,liblinear,0.41705248294908115,0.05967398573505378,0.41875778341474856,0.4270222780839855,"[0.4913005685623495, 0.4704992211260292, 0.3690900035049531, 0.3327084059993024, 0.42166421555277156]",5.804,4c2259e97b3f,ok,
255,39.8107170553,lbfgs,0.41692790755899856,0.05966632216205764,0.41867297691360916,0.42687574948766543,"[0.49141652301511546, 0.47007836618380433, 0.3688191881918819, 0.33272267294774494, 0.42160278745644597]",2.349,4c2259e97b3f,ok,
256,39.8107170553,liblinear,0.4169082200879731,0.05978183021007042,0.41857641654197486,0.4268494358833291,"[0.49129555232640965, 0.4702353552602272, 0.3682803135085293, 0.33264323228801185, 0.42208664705668736]",6.44,4c2259e97b3f,ok,
257,0.0251188643151,lbfgs,0.4169471049520926,0.0597535282828198,0.41866383749664704,0.4269301374778377,"[0.4913140756152827, 0.4704206966118792, 0.3689560388879665, 0.33246096135392134, 0.4215837522914133]",2.024,4c2259e97b3f,ok,
258,0.0251188643151,liblinear,0.41702144531663327,0.05963490604574787,0.4187313504040907,0.42697716526422635,"[0.4911925664120397, 0.4704835096360696, 0.3691036213035217, 0.3327302452316076, 0.42159728399992735]",5.081,4c2259e97b3f,ok,
259,0.0237137370566,lbfgs,0.4169622698145889,0.059721820752569446,0.4186953313528684,0.4269264811033717,"[0.49125657360297575, 0.4704782815096131, 0.36892308259995205, 0.3325773105944956, 0.421576100765908]",1.929,4c2259e97b3f,ok,
260,0.0237137370566,liblinear,0.4170245544823336,0.05962611133035062,0.4187217614903789,0.4269918629322225,"[0.4911500641299701, 0.4705358732419441, 0.3691104305796406, 0.3327520816077423, 0.4215743228523709]",5.11,4c2259e97b3f,ok,
261,42.1696503429,lbfgs,0.4169322058850007,0.05967168865512556,0.4186758382682233,0.4268821466217493,"[0.4914380146451264, 0.47007836618380433, 0.3688191881918819, 0.33272267294774494, 0.42160278745644597]",1.963,4c2259e97b3f,ok,
262,42.1696503429,liblinear,0.4169082168032923,0.05978133431324185,0.4185763147556024,0.4268494358833291,"[0.4912885533157632, 0.4702423378474697, 0.3682803135085293, 0.33264323228801185, 0.42208664705668736]",5.712,4c2259e97b3f,ok,
263,0.0223872113857,lbfgs,0.41696616766659067,0.05971902691562747,0.41869332381895286,0.42692820536447684,"[0.49117156660158756, 0.47054808748034066, 0.368929889298893, 0.3325555531325643, 0.4216257418195677]",1.96,4c2259e97b3f,ok,
264,0.0223872113857,liblinear,0.41701290284325376,0.05968559754938196,0.4186921375005551,0.4270016953018003,"[0.49125056999544003, 0.47052191199596477, 0.36909681227863045, 0.3326285502539399, 0.4215666696922937]",5.234,4c2259e97b3f,ok,
265,44.6683592151,lbfgs,0.4169322058850007,0.05967168865512556,0.4186758382682233,0.4268821466217493,"[0.4914380146451264, 0.47007836618380433, 0.3688191881918819, 0.33272267294774494, 0.42160278745644597]",1.942,4c2259e97b3f,ok,
266,44.6683592151,liblinear,0.41690677028309037,0.059783873806026754,0.4185720994533055,0.4268494358833291,"[0.49129555232640965, 0.4702353552602272, 0.3682803135085293, 0.33263598326359833, 0.42208664705668736]",5.71,4c2259e97b3f,ok,
267,0.0211348903984,lbfgs,0.416925412554246,0.05964673447516603,0.4186400271690645,0.42691561798061517,"[0.49117206982543643, 0.47026016790768044, 0.36892021551406007, 0.33263552706179944, 0.4216390824622532]",1.934,4c2259e97b3f,ok,
268,0.0211348903984,liblinear,0.4169788202343323,0.05967371007553911,0.41866153431839315,0.4269619211173633,"[0.4911430647988485, 0.47053762164728224, 0.36908319498247555, 0.3325922050745488, 0.42153801466850627]",5.332,4c2259e97b3f,ok,
269,47.3151258961,lbfgs,0.4169322058850007,0.05967168865512556,0.4186758382682233,0.4268821466217493,"[0.4914380146451264, 0.47007836618380433, 0.3688191881918819, 0.33272267294774494, 0.42160278745644597]",1.931,4c2259e97b3f,ok,
270,47.3151258961,liblinear,0.41690961660542164,0.05978307599660815,0.4185785901823599,0.4268494358833291,"[0.49129555232640965, 0.4702423378474697, 0.3682803135085293, 0.33264323228801185, 0.42208664705668736]",5.597,4c2259e97b3f,ok,
271,0.0199526231497,lbfgs,0.4169752111854904,0.05964765855174761,0.4186639778337466,0.42700726710973064,"[0.49131004615647617, 0.47030730897009965, 0.36899116089387535, 0.33273734246216913, 0.4215301974448316]",1.926,4c2259e97b3f,ok,
272,0.0199526231497,liblinear,0.41701859191077173,0.05959945724095139,0.4186734161619624,0.4270282199385396,"[0.4910725736352366, 0.47050272202690874, 0.36911327959270257, 0.33275940980319507, 0.42164497449581584]",5.351,4c2259e97b3f,ok,
273,50.1187233627,lbfgs,0.4169336061329304,0.05967343703865188,0.4186781144717278,0.4268821466217493,"[0.49144501588477485, 0.47007836618380433, 0.3688191881918819, 0.33272267294774494, 0.42160278745644597]",1.966,4c2259e97b3f,ok,
274,50.1187233627,liblinear,0.41690961660542164,0.05978307599660815,0.4185785901823599,0.4268494358833291,"[0.49129555232640965, 0.4702423378474697, 0.3682803135085293, 0.33264323228801185, 0.42208664705668736]",5.677,4c2259e97b3f,ok,
275,0.0188364908949,lbfgs,0.4169724792175612,0.05962124804569918,0.4186674154663015,0.42698948134207815,"[0.49112409175096167, 0.47041722905326233, 0.3690814481307894, 0.3326864792970368, 0.4215531478557558]",1.921,4c2259e97b3f,ok,
276,0.0188364908949,liblinear,0.41699670520358617,0.05954737370210582,0.41865686833235066,0.42700172201529457,"[0.4910085781868962, 0.4704067404396713, 0.3691637919902599, 0.3327957457937407, 0.42160866960736265]",5.152,4c2259e97b3f,ok,
277,53.0884444231,lbfgs,0.4169336061329304,0.05967343703865188,0.4186781144717278,0.4268821466217493,"[0.49144501588477485, 0.47007836618380433, 0.3688191881918819, 0.33272267294774494, 0.42160278745644597]",1.985,4c2259e97b3f,ok,
278,53.0884444231,liblinear,0.41690961660542164,0.05978307599660815,0.4185785901823599,0.4268494358833291,"[0.49129555232640965, 0.4702423378474697, 0.3682803135085293, 0.33264323228801185, 0.42208664705668736]",6.293,4c2259e97b3f,ok,
279,56.234132519,lbfgs,0.4169336061329304,0.05967343703865188,0.4186781144717278,0.4268821466217493,"[0.49144501588477485, 0.47007836618380433, 0.3688191881918819, 0.33272267294774494, 0.42160278745644597]",1.946,4c2259e97b3f,ok,
280,56.234132519,liblinear,0.4169139152148601,0.05978842498092052,0.4185814520497895,0.42685583301741303,"[0.4913170453736021, 0.4702423378474697, 0.3682803135085293, 0.33264323228801185, 0.42208664705668736]",6.51,4c2259e97b3f,ok,
281,0.0177827941004,lbfgs,0.4170139189117384,0.05965037138107485,0.418721784005837,0.4270191068758586,"[0.4910531114656941, 0.4706946937443444, 0.3690252094636991, 0.33273008743431526, 0.4215664924506388]",2.189,4c2259e97b3f,ok,
282,0.0177827941004,liblinear,0.4169566161284822,0.05956765244823637,0.41862306355532725,0.42695960886647394,"[0.4910085781868962, 0.4704067404396713, 0.36908034314177657, 0.3327666623076588, 0.4215207565664083]",5.566,4c2259e97b3f,ok,
283,59.5662143529,lbfgs,0.4169336061329304,0.05967343703865188,0.4186781144717278,0.4268821466217493,"[0.49144501588477485, 0.47007836618380433, 0.3688191881918819, 0.33272267294774494, 0.42160278745644597]",2.064,4c2259e97b3f,ok,
284,59.5662143529,liblinear,0.41691251869741164,0.0597871794062472,0.41857927840940456,0.42685583301741303,"[0.4913170453736021, 0.4702353552602272, 0.3682803135085293, 0.33264323228801185, 0.42208664705668736]",5.673,4c2259e97b3f,ok,
285,0.0167880401812,lbfgs,0.4170326339057203,0.059607925974855855,0.41873003186047725,0.42704006745014533,"[0.4910595979312408, 0.4706353562474967, 0.36920294535589715, 0.33274467482067716, 0.42152059517328977]",1.923,4c2259e97b3f,ok,
286,0.0167880401812,liblinear,0.4169892888767898,0.05954801977154239,0.418653589303283,0.42700127593464215,"[0.4910155749034584, 0.47046260178277444, 0.36914448072913786, 0.3328393339726266, 0.42148445299595216]",4.817,4c2259e97b3f,ok,
287,63.095734448,lbfgs,0.4169336061329304,0.05967343703865188,0.4186781144717278,0.4268821466217493,"[0.49144501588477485, 0.47007836618380433, 0.3688191881918819, 0.33272267294774494, 0.42160278745644597]",1.941,4c2259e97b3f,ok,
288,63.095734448,liblinear,0.4169139152148601,0.05978842498092052,0.4185814520497895,0.42685583301741303,"[0.4913170453736021, 0.4702423378474697, 0.3682803135085293, 0.33264323228801185, 0.42208664705668736]",5.78,4c2259e97b3f,ok,
289,0.0158489319246,lbfgs,0.4169526585484718,0.05965802659216372,0.4186490974443565,0.4269592979056422,"[0.49106010742117934, 0.47059696178495136, 0.3688485251227526, 0.332744751814793, 0.42151294659868266]",1.907,4c2259e97b3f,ok,
290,0.0158489319246,liblinear,0.4169841178153515,0.05958640277994802,0.41863905071326923,0.4270102423709593,"[0.49110857794243373, 0.470487038025746, 0.3692182801055331, 0.3327521576148548, 0.42135453538819]",4.971,4c2259e97b3f,ok,
291,66.8343917569,lbfgs,0.4169336061329304,0.05967343703865188,0.4186781144717278,0.4268821466217493,"[0.49144501588477485, 0.47007836618380433, 0.3688191881918819, 0.33272267294774494, 0.42160278745644597]",1.936,4c2259e97b3f,ok,
292,66.8343917569,liblinear,0.41691251869741164,0.0597871794062472,0.41857927840940456,0.42685583301741303,"[0.4913170453736021, 0.4702353552602272, 0.3682803135085293, 0.33264323228801185, 0.42208664705668736]",5.643,4c2259e97b3f,ok,
293,0.0149623565609,lbfgs,0.4169585846504476,0.05964797129901603,0.4186387061727143,0.42698648173139747,"[0.49107409993018847, 0.47055159218664255, 0.3689087418783225, 0.3327302452316076, 0.4215282440254768]",1.926,4c2259e97b3f,ok,
294,0.0149623565609,liblinear,0.4170377078091906,0.059575567948825216,0.4186860159996996,0.42706649916763234,"[0.4911860687158879, 0.4705114706449365, 0.3692688056975221, 0.3328466517030225, 0.4213755422845837]",4.889,4c2259e97b3f,ok,
295,70.7945784384,lbfgs,0.4169336061329304,0.05967343703865188,0.4186781144717278,0.4268821466217493,"[0.49144501588477485, 0.47007836618380433, 0.3688191881918819, 0.33272267294774494, 0.42160278745644597]",1.927,4c2259e97b3f,ok,
296,70.7945784384,liblinear,0.41691106889252894,0.05978922292360323,0.4185749613207352,0.42685583301741303,"[0.4913170453736021, 0.4702353552602272, 0.3682803135085293, 0.33263598326359833, 0.42208664705668736]",5.776,4c2259e97b3f,ok,
297,0.0141253754462,lbfgs,0.4169705710537944,0.05969097838970645,0.41865494121066427,0.42699774893455744,"[0.49113758121509177, 0.4706283646502247, 0.3689729011297349, 0.3326430517711172, 0.42147095650280364]",1.891,4c2259e97b3f,ok,
298,0.0141253754462,liblinear,0.4170025213647609,0.05958691277115259,0.4186461061371869,0.4270316227978543,"[0.49115756772547847, 0.4704661060936365, 0.3692688056975221, 0.33275223360209194, 0.42136789370507516]",4.902,4c2259e97b3f,ok,
299,74.9894209332,lbfgs,0.4169336061329304,0.05967343703865188,0.4186781144717278,0.4268821466217493,"[0.49144501588477485, 0.47007836618380433, 0.3688191881918819, 0.33272267294774494, 0.42160278745644597]",1.956,4c2259e97b3f,ok,
300,74.9894209332,liblinear,0.41691251869741164,0.0597871794062472,0.41857927840940456,0.42685583301741303,"[0.4913170453736021, 0.4702353552602272, 0.3682803135085293, 0.33264323228801185, 0.42208664705668736]",5.606,4c2259e97b3f,ok,
301,0.0133352143216,lbfgs,0.4169937193289878,0.05968771219447352,0.4186656566051026,0.4270360634505101,"[0.49117408214728386, 0.47069640526752876, 0.3690768463994979, 0.33266489384890363, 0.4213563689817251]",1.904,4c2259e97b3f,ok,
302,0.0133352143216,liblinear,0.4170204412185049,0.05960410796266416,0.4186770285862635,0.4270575561848585,"[0.4911725729919207, 0.4705742797408105, 0.36926313458450977, 0.33277398827554644, 0.42131823049973677]",4.958,4c2259e97b3f,ok,
303,79.4328234724,lbfgs,0.4169336061329304,0.05967343703865188,0.4186781144717278,0.4268821466217493,"[0.49144501588477485, 0.47007836618380433, 0.3688191881918819, 0.33272267294774494, 0.42160278745644597]",1.946,4c2259e97b3f,ok,
304,79.4328234724,liblinear,0.41691251869741164,0.0597871794062472,0.41857927840940456,0.42685583301741303,"[0.4913170453736021, 0.4702353552602272, 0.3682803135085293, 0.33264323228801185, 0.42208664705668736]",5.667,4c2259e97b3f,ok,
305,0.0125892541179,lbfgs,0.4170422466096374,0.05967507854383861,0.41868945993933293,0.4271078733323428,"[0.49114558846575773, 0.47080281147127734, 0.36908365945506905, 0.3327521576148548, 0.4214270160412281]",1.948,4c2259e97b3f,ok,
306,0.0125892541179,liblinear,0.41707139277254945,0.05966038261165958,0.41870298747579043,0.42714435413016005,"[0.49123756874590374, 0.47072603003750985, 0.3693165042810747, 0.3327013185136755, 0.4213755422845837]",6.705,4c2259e97b3f,ok,
307,0.0118850222744,lbfgs,0.41712062283380485,0.05966759692272628,0.41876382711872273,0.42719765040572044,"[0.49123806810086906, 0.4708429090369931, 0.36918475852902083, 0.33283208020050126, 0.4215052983016403]",3.702,4c2259e97b3f,ok,
308,0.0118850222744,liblinear,0.41705016472378764,0.05966402898855492,0.4186920519678945,0.42712328181367376,"[0.49124506689082337, 0.4707120724674208, 0.36924666888126084, 0.33272307222876074, 0.4213239431506725]",5.897,4c2259e97b3f,ok,
309,84.1395141645,lbfgs,0.4169336061329304,0.05967343703865188,0.4186781144717278,0.4268821466217493,"[0.49144501588477485, 0.47007836618380433, 0.3688191881918819, 0.33272267294774494, 0.42160278745644597]",2.284,4c2259e97b3f,ok,
310,84.1395141645,liblinear,0.4169139152148601,0.05978842498092052,0.4185814520497895,0.42685583301741303,"[0.4913170453736021, 0.4702423378474697, 0.3682803135085293, 0.33264323228801185, 0.42208664705668736]",6.079,4c2259e97b3f,ok,
311,89.1250938134,lbfgs,0.4169336061329304,0.05967343703865188,0.4186781144717278,0.4268821466217493,"[0.49144501588477485, 0.47007836618380433, 0.3688191881918819, 0.33272267294774494, 0.42160278745644597]",1.955,4c2259e97b3f,ok,
312,89.1250938134,liblinear,0.41691246540997734,0.05979046848956822,0.41857713496112015,0.42685583301741303,"[0.4913170453736021, 0.4702423378474697, 0.3682803135085293, 0.33263598326359833, 0.42208664705668736]",5.745,4c2259e97b3f,ok,
313,0.011220184543,lbfgs,0.41711557001521715,0.05972230401307114,0.41873331791869906,0.42722223067447124,"[0.49141750117519695, 0.4707609275843663, 0.3690575094618296, 0.33281757360472464, 0.42152433824996827]",1.909,4c2259e97b3f,ok,
314,0.011220184543,liblinear,0.41710863548596644,0.059666175053141764,0.4187447578393626,0.4271855564347902,"[0.49128006383221245, 0.4708306770841055, 0.36934376614748654, 0.3327666623076588, 0.4213220080583687]",5.124,4c2259e97b3f,ok,
315,0.0105925372518,lbfgs,0.4171276589954652,0.05971750747831307,0.4186989035473744,0.4272634839779085,"[0.49141652301511546, 0.4707312733527074, 0.36919613198494133, 0.3327376541864621, 0.4215567124380997]",1.898,4c2259e97b3f,ok,
316,0.0105925372518,liblinear,0.4170615357580475,0.05967117234049618,0.41869484621196806,0.42713803345141554,"[0.49121607181021587, 0.4708446381710626, 0.36926029824302375, 0.3327449057426174, 0.42124176482331804]",5.003,4c2259e97b3f,ok,
317,94.4060876286,lbfgs,0.4169336061329304,0.05967343703865188,0.4186781144717278,0.4268821466217493,"[0.49144501588477485, 0.47007836618380433, 0.3688191881918819, 0.33272267294774494, 0.42160278745644597]",1.937,4c2259e97b3f,ok,
318,94.4060876286,liblinear,0.41691251869741164,0.0597871794062472,0.41857927840940456,0.42685583301741303,"[0.4913170453736021, 0.4702353552602272, 0.3682803135085293, 0.33264323228801185, 0.42208664705668736]",5.626,4c2259e97b3f,ok,
319,0.01,lbfgs,0.41718014082728916,0.05973496777778395,0.41874568903449916,0.42732028136794736,"[0.4914300369014205, 0.4708219665520104, 0.36924666888126084, 0.3327231520223152, 0.42167887977943846]",1.889,4c2259e97b3f,ok,
320,0.01,liblinear,0.41704964741357153,0.059698356767860054,0.418670347611226,0.42713900732416776,"[0.49118757569281185, 0.47090394223783894, 0.3691796622681554, 0.332708569435969, 0.4212684874330823]",5.257,4c2259e97b3f,ok,
321,100.0,lbfgs,0.4169336061329304,0.05967343703865188,0.4186781144717278,0.4268821466217493,"[0.49144501588477485, 0.47007836618380433, 0.3688191881918819, 0.33272267294774494, 0.42160278745644597]",1.942,4c2259e97b3f,ok,
322,100.0,liblinear,0.4169139152148601,0.05978842498092052,0.4185814520497895,0.42685583301741303,"[0.4913170453736021, 0.4702423378474697, 0.3682803135085293, 0.33264323228801185, 0.42208664705668736]",5.731,4c2259e97b3f,ok,
323,0.00944060876286,lbfgs,0.41715250726526315,0.05974967833378585,0.4187279279820214,0.42728937079638235,"[0.4912440689075391, 0.47096668989133816, 0.3691631907275479, 0.3326504816283834, 0.42173810517150684]",1.971,4c2259e97b3f,ok,
324,0.00944060876286,liblinear,0.417035274828469,0.059721077558547705,0.4186581016326743,0.427126686878354,"[0.49113058345800387, 0.47099461847508634, 0.3690660760428202, 0.3327013185136755, 0.4212837776527594]",4.885,4c2259e97b3f,ok,
325,105.925372518,lbfgs,0.4169336061329304,0.05967343703865188,0.4186781144717278,0.4268821466217493,"[0.49144501588477485, 0.47007836618380433, 0.3688191881918819, 0.33272267294774494, 0.42160278745644597]",1.929,4c2259e97b3f,ok,
326,105.925372518,liblinear,0.4169139152148601,0.05978842498092052,0.4185814520497895,0.42685583301741303,"[0.4913170453736021, 0.4702423378474697, 0.3682803135085293, 0.33264323228801185, 0.42208664705668736]",5.656,4c2259e97b3f,ok,
327,112.20184543,lbfgs,0.4169336061329304,0.05967343703865188,0.4186781144717278,0.4268821466217493,"[0.49144501588477485, 0.47007836618380433, 0.3688191881918819, 0.33272267294774494, 0.42160278745644597]",1.944,4c2259e97b3f,ok,
328,112.20184543,liblinear,0.41691821370182414,0.05979377457041208,0.4185843137702004,0.4268622301514968,"[0.4913385378084221, 0.4702423378474697, 0.3682803135085293, 0.33264323228801185, 0.42208664705668736]",5.969,4c2259e97b3f,ok,
329,0.00891250938134,lbfgs,0.41714792703391856,0.05976335905621589,0.4187141315435722,0.4272896789067911,"[0.4912655666695164, 0.47098065376917947, 0.3690757419164329, 0.33267956764295675, 0.42173810517150684]",1.904,4c2259e97b3f,ok,
330,0.00891250938134,liblinear,0.4170215057106731,0.059733468681896947,0.4186300203475629,0.4271263180848105,"[0.49113758121509177, 0.4709440227703985, 0.36912342876128246, 0.33259964695883365, 0.42130284884775904]",4.86,4c2259e97b3f,ok,
331,0.00841395141645,lbfgs,0.4171340990268934,0.05979902560874065,0.4186847690247659,0.4272948570862759,"[0.4912660644572992, 0.47107131739278674, 0.3690388306511147, 0.33262873455512215, 0.421665548078144]",2.093,4c2259e97b3f,ok,
332,0.00841395141645,liblinear,0.4170277600970664,0.059768213555270934,0.418628741120788,0.42713976759922473,"[0.49111557588452387, 0.47107131739278674, 0.3691671588895452, 0.33251247630047726, 0.42127227201799905]",6.059,4c2259e97b3f,ok,
333,118.850222744,lbfgs,0.41693500642075776,0.059675185552198515,0.41868039079217656,0.4268821466217493,"[0.4914520173239116, 0.47007836618380433, 0.3688191881918819, 0.33272267294774494, 0.42160278745644597]",2.108,4c2259e97b3f,ok,
334,118.850222744,liblinear,0.41691821370182414,0.05979377457041208,0.4185843137702004,0.4268622301514968,"[0.4913385378084221, 0.4702423378474697, 0.3682803135085293, 0.33264323228801185, 0.42208664705668736]",6.18,4c2259e97b3f,ok,
335,125.892541179,lbfgs,0.41693500642075776,0.059675185552198515,0.41868039079217656,0.4268821466217493,"[0.4914520173239116, 0.47007836618380433, 0.3688191881918819, 0.33272267294774494, 0.42160278745644597]",1.978,4c2259e97b3f,ok,
336,125.892541179,liblinear,0.41691821370182414,0.05979377457041208,0.4185843137702004,0.4268622301514968,"[0.4913385378084221, 0.4702423378474697, 0.3682803135085293, 0.33264323228801185, 0.42208664705668736]",5.676,4c2259e97b3f,ok,
337,0.00794328234724,lbfgs,0.4171732574208956,0.05978137334241457,0.4187144278911806,0.4273326302432894,"[0.4911730761010501, 0.4711428698501179, 0.36914956444706926, 0.3325997428801778, 0.4218010338260633]",1.908,4c2259e97b3f,ok,
338,0.00794328234724,liblinear,0.417064296147075,0.05976687454648129,0.41865016270558747,0.427193462775003,"[0.4911725729919207, 0.47111137461832625, 0.36923020135466844, 0.33255606162965545, 0.42125127014080416]",4.76,4c2259e97b3f,ok,
339,133.352143216,lbfgs,0.41693500642075776,0.059675185552198515,0.41868039079217656,0.4268821466217493,"[0.4914520173239116, 0.47007836618380433, 0.3688191881918819, 0.33272267294774494, 0.42160278745644597]",1.943,4c2259e97b3f,ok,
340,133.352143216,liblinear,0.4169168171843756,0.05979252920757501,0.4185821401298154,0.4268622301514968,"[0.4913385378084221, 0.4702353552602272, 0.3682803135085293, 0.33264323228801185, 0.42208664705668736]",5.744,4c2259e97b3f,ok,
341,0.00749894209332,lbfgs,0.4171766414824158,0.05980937598934008,0.4187230093099542,0.42733842319019183,"[0.4913160556798267, 0.4710172858540635, 0.3690632210429165, 0.3325997428801778, 0.4218869019550945]",1.887,4c2259e97b3f,ok,
342,0.00749894209332,liblinear,0.4170377385031029,0.059814702932887306,0.41863699414979516,0.4271514201999024,"[0.4911725729919207, 0.47106261859582543, 0.3692205467062884, 0.33236710764335375, 0.42136584657812615]",4.783,4c2259e97b3f,ok,
343,141.253754462,lbfgs,0.41693500642075776,0.059675185552198515,0.41868039079217656,0.4268821466217493,"[0.4914520173239116, 0.47007836618380433, 0.3688191881918819, 0.33272267294774494, 0.42160278745644597]",1.932,4c2259e97b3f,ok,
344,141.253754462,liblinear,0.41691676389694143,0.05979581800045954,0.418579996681531,0.4268622301514968,"[0.4913385378084221, 0.4702423378474697, 0.3682803135085293, 0.33263598326359833, 0.42208664705668736]",5.801,4c2259e97b3f,ok,
345,0.00707945784384,lbfgs,0.41718334344259855,0.059754338854416354,0.41870948483289494,0.4273561983814894,"[0.49135904486457993, 0.4708533475656763, 0.36924553019539824, 0.33262148616256265, 0.42183730842477557]",1.887,4c2259e97b3f,ok,
346,0.00707945784384,liblinear,0.41709880001213684,0.059826340061083456,0.41867035980207773,0.42724635296717084,"[0.4912300699599618, 0.47113403589903213, 0.3693613879660391, 0.33234537767510786, 0.4214231285605428]",4.612,4c2259e97b3f,ok,
347,149.623565609,lbfgs,0.41693500642075776,0.059675185552198515,0.41868039079217656,0.4268821466217493,"[0.4914520173239116, 0.47007836618380433, 0.3688191881918819, 0.33272267294774494, 0.42160278745644597]",1.941,4c2259e97b3f,ok,
348,149.623565609,liblinear,0.41691676389694143,0.05979581800045954,0.418579996681531,0.4268622301514968,"[0.4913385378084221, 0.4702423378474697, 0.3682803135085293, 0.33263598326359833, 0.42208664705668736]",5.624,4c2259e97b3f,ok,
349,0.00668343917569,lbfgs,0.41715123228784323,0.0597343857128317,0.4186986408848677,0.4273061916898408,"[0.49134504423644054, 0.4708149861376744, 0.3692659704026276, 0.33263598326359833, 0.4216941773988754]",1.881,4c2259e97b3f,ok,
350,0.00668343917569,liblinear,0.4170835306801612,0.059828209164488486,0.41864013622712026,0.42725140072157036,"[0.49124506689082337, 0.47105380168963984, 0.3693874914647425, 0.3322871714397803, 0.42144412191582004]",4.636,4c2259e97b3f,ok,
351,158.489319246,lbfgs,0.41693500642075776,0.059675185552198515,0.41868039079217656,0.4268821466217493,"[0.4914520173239116, 0.47007836618380433, 0.3688191881918819, 0.33272267294774494, 0.42160278745644597]",1.935,4c2259e97b3f,ok,
352,158.489319246,liblinear,0.41691676389694143,0.05979581800045954,0.418579996681531,0.4268622301514968,"[0.4913385378084221, 0.4702423378474697, 0.3682803135085293, 0.33263598326359833, 0.42208664705668736]",5.78,4c2259e97b3f,ok,
353,0.0063095734448,lbfgs,0.41710334765348633,0.05978354966946449,0.41863511203607845,0.42727921031629046,"[0.49123806810086906, 0.4709614301384483, 0.3691455988189703, 0.33252707502560414, 0.42164456618353985]",1.881,4c2259e97b3f,ok,
354,0.0063095734448,liblinear,0.4171034466385136,0.05976583140176743,0.4186414064511915,0.4272925399976388,"[0.49123856739892297, 0.4709945160812213, 0.3694902119965313, 0.33240333057238763, 0.421390607143505]",4.631,4c2259e97b3f,ok,
355,167.880401812,lbfgs,0.41693500642075776,0.059675185552198515,0.41868039079217656,0.4268821466217493,"[0.4914520173239116, 0.47007836618380433, 0.3688191881918819, 0.33272267294774494, 0.42160278745644597]",1.931,4c2259e97b3f,ok,
356,167.880401812,liblinear,0.41691821370182414,0.05979377457041208,0.4185843137702004,0.4268622301514968,"[0.4913385378084221, 0.4702423378474697, 0.3682803135085293, 0.33264323228801185, 0.42208664705668736]",5.636,4c2259e97b3f,ok,
357,0.00595662143529,lbfgs,0.4170587535465523,0.059809071855320306,0.4185907558080051,0.4272460995161588,"[0.49130354268457715, 0.4709997776624917, 0.36909221769059, 0.33253432120287646, 0.4213639084922262]",1.91,4c2259e97b3f,ok,
358,0.00595662143529,liblinear,0.41709420257198915,0.05969636264181939,0.4186653280791572,0.4272510722083605,"[0.4912520658802074, 0.4708253671839106, 0.36961857134948606, 0.3324760244115083, 0.42129898403483307]",5.222,4c2259e97b3f,ok,
359,177.827941004,lbfgs,0.41693500642075776,0.059675185552198515,0.41868039079217656,0.4268821466217493,"[0.4914520173239116, 0.47007836618380433, 0.3688191881918819, 0.33272267294774494, 0.42160278745644597]",2.162,4c2259e97b3f,ok,
360,177.827941004,liblinear,0.41691821370182414,0.05979377457041208,0.4185843137702004,0.4268622301514968,"[0.4913385378084221, 0.4702423378474697, 0.3682803135085293, 0.33264323228801185, 0.42208664705668736]",6.37,4c2259e97b3f,ok,
361,0.0056234132519,lbfgs,0.4170101665771795,0.05979668169493526,0.41855742015543596,0.42717647865896924,"[0.4912885533157632, 0.4708585319577849, 0.36914956444706926, 0.3324399119653091, 0.42131427119997095]",2.038,4c2259e97b3f,ok,
362,0.0056234132519,liblinear,0.4171298591578963,0.059650429681450366,0.4186947129674164,0.427299790828971,"[0.4912315692000855, 0.47090033345683585, 0.36965547784687497, 0.3326431420413679, 0.42121877324431706]",4.467,4c2259e97b3f,ok,
363,0.00530884444231,lbfgs,0.4171068227195104,0.05980180096560689,0.4186563172170098,0.42728481811251484,"[0.4914170121230252, 0.4710241588854306, 0.36923020135466844, 0.3325923988842399, 0.4212703423501878]",1.874,4c2259e97b3f,ok,
364,0.00530884444231,liblinear,0.417158160040558,0.05965516223011043,0.41870682954784544,0.42735399131125523,"[0.4911965811965812, 0.4710240490761184, 0.36973611367410963, 0.3326286424165813, 0.42120541383939913]",4.442,4c2259e97b3f,ok,
365,188.364908949,lbfgs,0.41693500642075776,0.059675185552198515,0.41868039079217656,0.4268821466217493,"[0.4914520173239116, 0.47007836618380433, 0.3688191881918819, 0.33272267294774494, 0.42160278745644597]",1.954,4c2259e97b3f,ok,
366,188.364908949,liblinear,0.41691676389694143,0.05979581800045954,0.418579996681531,0.4268622301514968,"[0.4913385378084221, 0.4702423378474697, 0.3682803135085293, 0.33263598326359833, 0.42208664705668736]",5.728,4c2259e97b3f,ok,
367,0.00501187233627,lbfgs,0.4171664924093424,0.059825165886426196,0.4186984288608637,0.4273698407376464,"[0.49154546361059276, 0.4711252056134319, 0.36941476108742594, 0.33257790368271956, 0.4211691280525418]",1.853,4c2259e97b3f,ok,
368,0.00501187233627,liblinear,0.4171614256741667,0.05967888532094587,0.41871880082139795,0.42735852621399034,"[0.49124056402221905, 0.47112862836906755, 0.36963623276673496, 0.3327013185136755, 0.42110038469913624]",4.356,4c2259e97b3f,ok,
369,199.526231497,lbfgs,0.41693500642075776,0.059675185552198515,0.41868039079217656,0.4268821466217493,"[0.4914520173239116, 0.47007836618380433, 0.3688191881918819, 0.33272267294774494, 0.42160278745644597]",1.952,4c2259e97b3f,ok,
370,199.526231497,liblinear,0.4169168171843756,0.05979252920757501,0.4185821401298154,0.4268622301514968,"[0.4913385378084221, 0.4702353552602272, 0.3682803135085293, 0.33264323228801185, 0.42208664705668736]",5.763,4c2259e97b3f,ok,
371,0.00473151258961,lbfgs,0.41715426946710243,0.059752454736941664,0.41871651873456084,0.4273316543013519,"[0.4914380146451264, 0.4710449884417047, 0.3694079433042965, 0.33269406790742273, 0.4211863330369618]",1.873,4c2259e97b3f,ok,
372,0.00473151258961,liblinear,0.41713894070524155,0.05968246694298766,0.41869260975593176,0.4273467163346717,"[0.4912050818247853, 0.4710640945861854, 0.36954595791805095, 0.33267223154545256, 0.42120733765173374]",4.316,4c2259e97b3f,ok,
373,211.348903984,lbfgs,0.41693500642075776,0.059675185552198515,0.41868039079217656,0.4268821466217493,"[0.4914520173239116, 0.47007836618380433, 0.3688191881918819, 0.33272267294774494, 0.42160278745644597]",1.944,4c2259e97b3f,ok,
374,211.348903984,liblinear,0.41691821370182414,0.05979377457041208,0.4185843137702004,0.4268622301514968,"[0.4913385378084221, 0.4702423378474697, 0.3682803135085293, 0.33264323228801185, 0.42208664705668736]",5.702,4c2259e97b3f,ok,
375,0.00446683592151,lbfgs,0.41713822931433053,0.05974560635305403,0.41868167286918234,0.42733805143543585,"[0.4914035012748743, 0.47105196864395477, 0.36940112577281536, 0.33269406790742273, 0.4211404829725856]",1.861,4c2259e97b3f,ok,
376,0.00446683592151,liblinear,0.41713728600515987,0.059728598757789304,0.41870814632961634,0.4273427858194374,"[0.491262550737022, 0.47116168125990787, 0.36948858498052894, 0.3326503030038802, 0.4211233100444606]",4.335,4c2259e97b3f,ok,
377,223.872113857,lbfgs,0.41693500642075776,0.059675185552198515,0.41868039079217656,0.4268821466217493,"[0.4914520173239116, 0.47007836618380433, 0.3688191881918819, 0.33272267294774494, 0.42160278745644597]",1.971,4c2259e97b3f,ok,
378,223.872113857,liblinear,0.41691821370182414,0.05979377457041208,0.4185843137702004,0.4268622301514968,"[0.4913385378084221, 0.4702423378474697, 0.3682803135085293, 0.33264323228801185, 0.42208664705668736]",5.689,4c2259e97b3f,ok,
379,0.00421696503429,lbfgs,0.41715524905164447,0.059751490056860125,0.4186864652967074,0.4273804067515413,"[0.4913120264342278, 0.4712332014638989, 0.3693750230720957, 0.3327231520223152, 0.42113284226568454]",1.885,4c2259e97b3f,ok,
380,0.00421696503429,liblinear,0.41713493438546506,0.059739851887886414,0.418693008032123,0.4273595302536748,"[0.4912635461316093, 0.4712383153341333, 0.36958567869336534, 0.33259945504087196, 0.42098767672734533]",4.362,4c2259e97b3f,ok,
381,237.137370566,lbfgs,0.41693500642075776,0.059675185552198515,0.41868039079217656,0.4268821466217493,"[0.4914520173239116, 0.47007836618380433, 0.3688191881918819, 0.33272267294774494, 0.42160278745644597]",1.936,4c2259e97b3f,ok,
382,237.137370566,liblinear,0.41691821370182414,0.05979377457041208,0.4185843137702004,0.4268622301514968,"[0.4913385378084221, 0.4702423378474697, 0.3682803135085293, 0.33264323228801185, 0.42208664705668736]",5.635,4c2259e97b3f,ok,
383,251.188643151,lbfgs,0.41693500642075776,0.059675185552198515,0.41868039079217656,0.4268821466217493,"[0.4914520173239116, 0.47007836618380433, 0.3688191881918819, 0.33272267294774494, 0.42160278745644597]",1.934,4c2259e97b3f,ok,
384,251.188643151,liblinear,0.41691821370182414,0.05979377457041208,0.4185843137702004,0.4268622301514968,"[0.4913385378084221, 0.4702423378474697, 0.3682803135085293, 0.33264323228801185, 0.42208664705668736]",5.664,4c2259e97b3f,ok,
385,0.00398107170553,lbfgs,0.4171459202018249,0.05981551213376646,0.41868043373282526,0.4273829979138567,"[0.49132050752602424, 0.47128548568719253, 0.36941193842519104, 0.33251961639058414, 0.42119205298013246]",1.934,4c2259e97b3f,ok,
386,0.00398107170553,liblinear,0.41712330501868966,0.0597401133996166,0.41867109056864127,0.4273739355834671,"[0.49120009113174234, 0.47129569287280054, 0.3695118575251453, 0.3326212068364144, 0.42098767672734533]",4.844,4c2259e97b3f,ok,
387,266.07250598,lbfgs,0.41693930470686225,0.0596805532435433,0.41868325202984635,0.4268885437558333,"[0.4914735087544342, 0.47007836618380433, 0.3688191881918819, 0.33272267294774494, 0.42160278745644597]",2.061,4c2259e97b3f,ok,
388,266.07250598,liblinear,0.41691821370182414,0.05979377457041208,0.4185843137702004,0.4268622301514968,"[0.4913385378084221, 0.4702423378474697, 0.3682803135085293, 0.33264323228801185, 0.42208664705668736]",5.854,4c2259e97b3f,ok,
389,0.00375837404288,lbfgs,0.41719894199806484,0.05983121490825942,0.41878507516581165,0.42739639788674505,"[0.4914404534708178, 0.4713743851123096, 0.36934209554751535, 0.3326648064178584, 0.4211729694418233]",2.124,4c2259e97b3f,ok,
390,0.00375837404288,liblinear,0.4171766437726182,0.059792357379271514,0.4187238420362188,0.4274457817201095,"[0.4912505517349394, 0.47146813583922037, 0.3696663221615237, 0.3325047967905111, 0.42099341233689636]",4.859,4c2259e97b3f,ok,
391,281.838293126,lbfgs,0.41693930470686225,0.0596805532435433,0.41868325202984635,0.4268885437558333,"[0.4914735087544342, 0.47007836618380433, 0.3688191881918819, 0.33272267294774494, 0.42160278745644597]",2.192,4c2259e97b3f,ok,
392,281.838293126,liblinear,0.4169168171843756,0.05979252920757501,0.4185821401298154,0.4268622301514968,"[0.4913385378084221, 0.4702353552602272, 0.3682803135085293, 0.33264323228801185, 0.42208664705668736]",6.201,4c2259e97b3f,ok,
393,0.00354813389234,lbfgs,0.4172571997095285,0.05980661677427366,0.41883136749538147,0.42748353459871913,"[0.4914648557069434, 0.47144592952612396, 0.3694227538719979, 0.3327737687762977, 0.42117869066627955]",1.882,4c2259e97b3f,ok,
394,0.00354813389234,liblinear,0.41721337710755924,0.05985557667340079,0.4187359753441493,0.42750500898873833,"[0.49136544183596476, 0.4715622963445702, 0.3696867905723409, 0.3324321967384669, 0.4210201600464534]",4.386,4c2259e97b3f,ok,
395,0.00334965439158,lbfgs,0.4171981630907259,0.05990130200931976,0.4187656850684993,0.42742836341699775,"[0.49146388347026243, 0.47149821447093515, 0.36923815325543186, 0.33257750839401734, 0.4212130558629824]",1.877,4c2259e97b3f,ok,
396,0.00334965439158,liblinear,0.4172814318028973,0.05983268852939759,0.418786678482049,0.42759540899632215,"[0.49142385378560344, 0.471621541560519, 0.3696703458968585, 0.33261395592178405, 0.42107746184972145]",4.197,4c2259e97b3f,ok,
397,298.538261892,lbfgs,0.41693930470686225,0.0596805532435433,0.41868325202984635,0.4268885437558333,"[0.4914735087544342, 0.47007836618380433, 0.3688191881918819, 0.33272267294774494, 0.42160278745644597]",1.95,4c2259e97b3f,ok,
398,298.538261892,liblinear,0.4169168171843756,0.05979252920757501,0.4185821401298154,0.4268622301514968,"[0.4913385378084221, 0.4702353552602272, 0.3682803135085293, 0.33264323228801185, 0.42208664705668736]",5.665,4c2259e97b3f,ok,
399,0.00316227766017,lbfgs,0.41726176898260664,0.05987250880549389,0.4187738248092453,0.427539073319079,"[0.491357954383667, 0.47172830725462306, 0.36939713236515287, 0.3326429614772504, 0.42118248943233977]",1.822,4c2259e97b3f,ok,
400,0.00316227766017,liblinear,0.4172957693709248,0.05991461339086182,0.4188130045943706,0.4276136221578599,"[0.49153820971575785, 0.4717400319924166, 0.36954715796857984, 0.33257025748359387, 0.4210831896942756]",4.302,4c2259e97b3f,ok,
401,316.227766017,lbfgs,0.41693930470686225,0.0596805532435433,0.41868325202984635,0.4268885437558333,"[0.4914735087544342, 0.47007836618380433, 0.3688191881918819, 0.33272267294774494, 0.42160278745644597]",1.956,4c2259e97b3f,ok,
402,316.227766017,liblinear,0.41691821370182414,0.05979377457041208,0.4185843137702004,0.4268622301514968,"[0.4913385378084221, 0.4702423378474697, 0.3682803135085293, 0.33264323228801185, 0.42208664705668736]",5.597,4c2259e97b3f,ok,
403,0.00298538261892,lbfgs,0.417313869862508,0.05990419327078992,0.41879841219799757,0.42763327064231127,"[0.49150925939105805, 0.4717909209434633, 0.3693136730212043, 0.3327520055807464, 0.4212034903760681]",1.832,4c2259e97b3f,ok,
404,0.00298538261892,liblinear,0.4173285751631667,0.05988979825483973,0.418812865827533,0.42767658648419465,"[0.49153820971575785, 0.4717277331832588, 0.3696538994000923, 0.3325921081316765, 0.421130925385048]",4.322,4c2259e97b3f,ok,
405,334.965439158,lbfgs,0.41693930470686225,0.0596805532435433,0.41868325202984635,0.4268885437558333,"[0.4914735087544342, 0.47007836618380433, 0.3688191881918819, 0.33272267294774494, 0.42160278745644597]",1.948,4c2259e97b3f,ok,
406,334.965439158,liblinear,0.41691821370182414,0.05979377457041208,0.4185843137702004,0.4268622301514968,"[0.4913385378084221, 0.4702423378474697, 0.3682803135085293, 0.33264323228801185, 0.42208664705668736]",5.597,4c2259e97b3f,ok,
407,354.813389234,lbfgs,0.41693930470686225,0.0596805532435433,0.41868325202984635,0.4268885437558333,"[0.4914735087544342, 0.47007836618380433, 0.3688191881918819, 0.33272267294774494, 0.42160278745644597]",1.952,4c2259e97b3f,ok,
408,354.813389234,liblinear,0.41691676389694143,0.05979581800045954,0.418579996681531,0.4268622301514968,"[0.4913385378084221, 0.4702423378474697, 0.3682803135085293, 0.33263598326359833, 0.42208664705668736]",5.58,4c2259e97b3f,ok,
409,0.00281838293126,lbfgs,0.41731724784644564,0.05992035806415238,0.41874543137217274,0.4277305214020271,"[0.491487302129598, 0.47190479010006514, 0.3692534834363754, 0.3327810960456904, 0.4211595675204992]",1.815,4c2259e97b3f,ok,
410,0.00281838293126,liblinear,0.4173385114299023,0.059874816875188475,0.4188235452011167,0.42769062219255555,"[0.49158162902238733, 0.4716824644549763, 0.3696346484021637, 0.3326648064178584, 0.42112900885212595]",4.232,4c2259e97b3f,ok,
411,375.837404288,lbfgs,0.41693930470686225,0.0596805532435433,0.41868325202984635,0.4268885437558333,"[0.4914735087544342, 0.47007836618380433, 0.3688191881918819, 0.33272267294774494, 0.42160278745644597]",1.943,4c2259e97b3f,ok,
412,375.837404288,liblinear,0.41691821370182414,0.05979377457041208,0.4185843137702004,0.4268622301514968,"[0.4913385378084221, 0.4702423378474697, 0.3682803135085293, 0.33264323228801185, 0.42208664705668736]",5.823,4c2259e97b3f,ok,
413,0.0026607250598,lbfgs,0.4173663240777118,0.05984599078045346,0.4187673389678498,0.4277814529901557,"[0.491487302129598, 0.47184557996328974, 0.3694323950161514, 0.33290485631495237, 0.42116148696456757]",1.822,4c2259e97b3f,ok,
414,0.0026607250598,liblinear,0.4173957050484723,0.05984322175901766,0.41886863444834355,0.42776299052275196,"[0.4916236104587443, 0.4717467274773441, 0.3695608027027526, 0.3328973755340483, 0.42115000906947214]",4.163,4c2259e97b3f,ok,
415,398.107170553,lbfgs,0.41693930470686225,0.0596805532435433,0.41868325202984635,0.4268885437558333,"[0.4914735087544342, 0.47007836618380433, 0.3688191881918819, 0.33272267294774494, 0.42160278745644597]",1.938,4c2259e97b3f,ok,
416,398.107170553,liblinear,0.41691821370182414,0.05979377457041208,0.4185843137702004,0.4268622301514968,"[0.4913385378084221, 0.4702423378474697, 0.3682803135085293, 0.33264323228801185, 0.42208664705668736]",5.66,4c2259e97b3f,ok,
417,0.00251188643151,lbfgs,0.4172772046049905,0.05991871173464311,0.41889472475041173,0.4275206100801636,"[0.49153820971575785, 0.4718152323669279, 0.36927965710273986, 0.3327518534670737, 0.4210010703724533]",2.13,4c2259e97b3f,ok,
418,0.00251188643151,liblinear,0.4174080982338486,0.05987534053018812,0.41886132923366415,0.42780293041913425,"[0.49164650633271667, 0.47183557424628325, 0.36953471196454946, 0.3328756075764511, 0.4211480910492428]",5.064,4c2259e97b3f,ok,
419,0.00237137370566,lbfgs,0.4173420744239625,0.05991004906212,0.4189457608121899,0.4276178622971606,"[0.4915517216836771, 0.4719733432062199, 0.36935355737432335, 0.3328535915216538, 0.42097815833393804]",1.983,4c2259e97b3f,ok,
420,0.00237137370566,liblinear,0.41742914320607516,0.05982970165184889,0.41887811834631883,0.42782807661726785,"[0.4916054863126743, 0.47178697313468204, 0.3697658961671959, 0.3328392693665809, 0.4211480910492428]",4.515,4c2259e97b3f,ok,
421,421.696503429,lbfgs,0.41693930470686225,0.0596805532435433,0.41868325202984635,0.4268885437558333,"[0.4914735087544342, 0.47007836618380433, 0.3688191881918819, 0.33272267294774494, 0.42160278745644597]",2.125,4c2259e97b3f,ok,
422,421.696503429,liblinear,0.4169168171843756,0.05979252920757501,0.4185821401298154,0.4268622301514968,"[0.4913385378084221, 0.4702353552602272, 0.3682803135085293, 0.33264323228801185, 0.42208664705668736]",5.769,4c2259e97b3f,ok,
423,0.00223872113857,lbfgs,0.4173582691360842,0.059890423648663656,0.41893508561283604,0.42767220289273905,"[0.49155412616868976, 0.4720778355324537, 0.369269996119949, 0.33303534439526417, 0.42085404346406413]",1.791,4c2259e97b3f,ok,
424,0.00223872113857,liblinear,0.4174392601292888,0.05987298341818674,0.41888336386996416,0.427864973525243,"[0.49162185997553415, 0.472034237142561, 0.3697097274540217, 0.33288286324600025, 0.4209476128283268]",4.099,4c2259e97b3f,ok,
425,446.683592151,lbfgs,0.41693930470686225,0.0596805532435433,0.41868325202984635,0.4268885437558333,"[0.4914735087544342, 0.47007836618380433, 0.3688191881918819, 0.33272267294774494, 0.42160278745644597]",1.94,4c2259e97b3f,ok,
426,446.683592151,liblinear,0.41691821370182414,0.05979377457041208,0.4185843137702004,0.4268622301514968,"[0.4913385378084221, 0.4702423378474697, 0.3682803135085293, 0.33264323228801185, 0.42208664705668736]",5.61,4c2259e97b3f,ok,
427,0.00211348903984,lbfgs,0.4173938567388431,0.0599536875605082,0.4189349524564032,0.4277618415104228,"[0.49176922529700506, 0.4720688174590249, 0.36933707782129926, 0.33295538790283896, 0.42083877521404733]",1.787,4c2259e97b3f,ok,
428,0.00211348903984,liblinear,0.41747618724705343,0.05995356532154047,0.41893118411453356,0.4279133214095789,"[0.49175105245192857, 0.47214736280984393, 0.36981773189784123, 0.3327229125790277, 0.4209418764966258]",4.135,4c2259e97b3f,ok,
429,473.151258961,lbfgs,0.41693930470686225,0.0596805532435433,0.41868325202984635,0.4268885437558333,"[0.4914735087544342, 0.47007836618380433, 0.3688191881918819, 0.33272267294774494, 0.42160278745644597]",1.996,4c2259e97b3f,ok,
430,473.151258961,liblinear,0.41691821370182414,0.05979377457041208,0.4185843137702004,0.4268622301514968,"[0.4913385378084221, 0.4702423378474697, 0.3682803135085293, 0.33264323228801185, 0.42208664705668736]",6.036,4c2259e97b3f,ok,
431,0.00199526231497,lbfgs,0.4174172757407456,0.059942249970180515,0.41893957404255977,0.42781070716009284,"[0.4916997396833525, 0.4721506618104291, 0.36938485134061383, 0.3329626964920313, 0.4208884293773013]",1.781,4c2259e97b3f,ok,
432,0.00199526231497,liblinear,0.4174198473836883,0.06002024310745809,0.4188490568395604,0.42789542790275437,"[0.49182379205414783, 0.4721732822054099, 0.36968487938231925, 0.3326358008544773, 0.42078148242208757]",4.165,4c2259e97b3f,ok,
433,501.187233627,lbfgs,0.41693930470686225,0.0596805532435433,0.41868325202984635,0.4268885437558333,"[0.4914735087544342, 0.47007836618380433, 0.3688191881918819, 0.33272267294774494, 0.42160278745644597]",1.947,4c2259e97b3f,ok,
434,501.187233627,liblinear,0.41691821370182414,0.05979377457041208,0.4185843137702004,0.4268622301514968,"[0.4913385378084221, 0.4702423378474697, 0.3682803135085293, 0.33264323228801185, 0.42208664705668736]",5.684,4c2259e97b3f,ok,
435,0.00188364908949,lbfgs,0.4174497524941212,0.05993627563088601,0.4189694908354662,0.4278617118074301,"[0.4917739068610025, 0.47208978649056826, 0.36949691346615904, 0.3329481785083608, 0.4209399771445156]",1.789,4c2259e97b3f,ok,
436,0.00188364908949,liblinear,0.4174736201525738,0.06003809293637029,0.4188757229805353,0.4279712734686935,"[0.491874600127959, 0.47224648731881375, 0.3696917080739605, 0.3326649812570831, 0.42089032398505244]",4.089,4c2259e97b3f,ok,
437,530.884444231,lbfgs,0.41693930470686225,0.0596805532435433,0.41868325202984635,0.4268885437558333,"[0.4914735087544342, 0.47007836618380433, 0.3688191881918819, 0.33272267294774494, 0.42160278745644597]",1.962,4c2259e97b3f,ok,
438,530.884444231,liblinear,0.41691676389694143,0.05979581800045954,0.418579996681531,0.4268622301514968,"[0.4913385378084221, 0.4702423378474697, 0.3682803135085293, 0.33263598326359833, 0.42208664705668736]",5.827,4c2259e97b3f,ok,
439,562.34132519,lbfgs,0.41693930470686225,0.0596805532435433,0.41868325202984635,0.4268885437558333,"[0.4914735087544342, 0.47007836618380433, 0.3688191881918819, 0.33272267294774494, 0.42160278745644597]",1.947,4c2259e97b3f,ok,
440,562.34132519,liblinear,0.4169197465278806,0.059793907142735844,0.41858738259766903,0.4268622301514968,"[0.4913385378084221, 0.4702423378474697, 0.3682803135085293, 0.33264323228801185, 0.42209431118697]",5.619,4c2259e97b3f,ok,
441,0.00177827941004,lbfgs,0.4174623758428713,0.060092316598387825,0.41896655195282123,0.42791417023386924,"[0.4917962862911252, 0.47244304303415197, 0.3692859387419361, 0.33276643990929705, 0.42102017123784646]",1.785,4c2259e97b3f,ok,
442,0.00177827941004,liblinear,0.417494917510352,0.06001501833833143,0.4188964691418338,0.4280155824158043,"[0.49184709210582434, 0.4722966471763748, 0.36955879092454363, 0.33283208020050126, 0.4209399771445156]",4.177,4c2259e97b3f,ok,
443,595.662143529,lbfgs,0.41693930470686225,0.0596805532435433,0.41868325202984635,0.4268885437558333,"[0.4914735087544342, 0.47007836618380433, 0.3688191881918819, 0.33272267294774494, 0.42160278745644597]",1.929,4c2259e97b3f,ok,
444,595.662143529,liblinear,0.41691821370182414,0.05979377457041208,0.4185843137702004,0.4268622301514968,"[0.4913385378084221, 0.4702423378474697, 0.3682803135085293, 0.33264323228801185, 0.42208664705668736]",5.701,4c2259e97b3f,ok,
445,0.00167880401812,lbfgs,0.417405625117503,0.06006984830663079,0.4189103720938202,0.4278759270572098,"[0.4918899708579146, 0.47215191746962093, 0.3692489694818758, 0.3327591094441658, 0.42097815833393804]",2.071,4c2259e97b3f,ok,
446,0.00167880401812,liblinear,0.4174863649137068,0.060057259530087156,0.4188975149250632,0.42801948393237527,"[0.4920185924862475, 0.4721971434914527, 0.36938485134061383, 0.33286835222319094, 0.420962885027029]",5.446,4c2259e97b3f,ok,
447,630.95734448,lbfgs,0.41693930470686225,0.0596805532435433,0.41868325202984635,0.4268885437558333,"[0.4914735087544342, 0.47007836618380433, 0.3688191881918819, 0.33272267294774494, 0.42160278745644597]",2.079,4c2259e97b3f,ok,
448,630.95734448,liblinear,0.41691821370182414,0.05979377457041208,0.4185843137702004,0.4268622301514968,"[0.4913385378084221, 0.4702423378474697, 0.3682803135085293, 0.33264323228801185, 0.42208664705668736]",6.21,4c2259e97b3f,ok,
449,0.00158489319246,lbfgs,0.4174085456245444,0.06015075778225583,0.4188844483071481,0.42792621577128465,"[0.4920763512841285, 0.4722107132287659, 0.36908173263574345, 0.33276643990929705, 0.4209074910647871]",1.796,4c2259e97b3f,ok,
450,0.00158489319246,liblinear,0.4175210032035296,0.06006179398912792,0.41891412433829966,0.4280888296808468,"[0.4920343920983443, 0.4722526415485246, 0.369335403267539, 0.3329337663186801, 0.42104881278455986]",4.293,4c2259e97b3f,ok,
451,668.343917569,lbfgs,0.41693930470686225,0.0596805532435433,0.41868325202984635,0.4268885437558333,"[0.4914735087544342, 0.47007836618380433, 0.3688191881918819, 0.33272267294774494, 0.42160278745644597]",1.952,4c2259e97b3f,ok,
452,668.343917569,liblinear,0.41691821370182414,0.05979377457041208,0.4185843137702004,0.4268622301514968,"[0.4913385378084221, 0.4702423378474697, 0.3682803135085293, 0.33264323228801185, 0.42208664705668736]",5.658,4c2259e97b3f,ok,
453,0.00149623565609,lbfgs,0.41737046984714904,0.06011597888103373,0.4188417824199299,0.42789501591613954,"[0.4920842452320723, 0.4720331459011542, 0.3692051756007394, 0.33270824247710423, 0.42082154002467526]",1.755,4c2259e97b3f,ok,
454,0.00149623565609,liblinear,0.4175819438598591,0.060038092058512786,0.41898217085287354,0.4281683030477811,"[0.49215641696032736, 0.4722629141326704, 0.3694366405441372, 0.3330717586537623, 0.4209819890083979]",4.098,4c2259e97b3f,ok,
455,707.945784384,lbfgs,0.41693930470686225,0.0596805532435433,0.41868325202984635,0.4268885437558333,"[0.4914735087544342, 0.47007836618380433, 0.3688191881918819, 0.33272267294774494, 0.42160278745644597]",2.047,4c2259e97b3f,ok,
456,707.945784384,liblinear,0.4169168171843756,0.05979252920757501,0.4185821401298154,0.4268622301514968,"[0.4913385378084221, 0.4702353552602272, 0.3682803135085293, 0.33264323228801185, 0.42208664705668736]",5.585,4c2259e97b3f,ok,
457,0.00141253754462,lbfgs,0.4174244636500615,0.06014912226828216,0.4189074434507539,0.4279543015827338,"[0.4922486678507993, 0.4721375514190169, 0.36912553152153815, 0.33284633332606467, 0.4207642341328882]",1.748,4c2259e97b3f,ok,
458,0.00141253754462,liblinear,0.41758791210289015,0.06008808866357227,0.4189858293218071,0.42820152061024624,"[0.4922508700902053, 0.472354969003832, 0.3695310622724164, 0.33297726232260033, 0.4208253968253968]",4.052,4c2259e97b3f,ok,
459,749.894209332,lbfgs,0.41693930470686225,0.0596805532435433,0.41868325202984635,0.4268885437558333,"[0.4914735087544342, 0.47007836618380433, 0.3688191881918819, 0.33272267294774494, 0.42160278745644597]",2.211,4c2259e97b3f,ok,
460,749.894209332,liblinear,0.41691821370182414,0.05979377457041208,0.4185843137702004,0.4268622301514968,"[0.4913385378084221, 0.4702423378474697, 0.3682803135085293, 0.33264323228801185, 0.42208664705668736]",7.731,4c2259e97b3f,ok,
461,0.00133352143216,lbfgs,0.41753185140633703,0.06013285101892973,0.41900654832657747,0.4280792234212183,"[0.49229851085597365, 0.4722468785135215, 0.36928424828504336, 0.33293360950615936, 0.42089600987098763]",2.097,4c2259e97b3f,ok,
462,0.00133352143216,liblinear,0.417595590861644,0.06013852897378092,0.4190076646295526,0.428190712425185,"[0.49230769230769234, 0.47241950757575757, 0.3696186620824784, 0.3328392047436345, 0.42079288759865735]",5.037,4c2259e97b3f,ok,
463,794.328234724,lbfgs,0.41693930470686225,0.0596805532435433,0.41868325202984635,0.4268885437558333,"[0.4914735087544342, 0.47007836618380433, 0.3688191881918819, 0.33272267294774494, 0.42160278745644597]",2.967,4c2259e97b3f,ok,
464,794.328234724,liblinear,0.4169197465278806,0.059793907142735844,0.41858738259766903,0.4268622301514968,"[0.4913385378084221, 0.4702423378474697, 0.3682803135085293, 0.33264323228801185, 0.42209431118697]",7.041,4c2259e97b3f,ok,
465,0.00125892541179,lbfgs,0.41749670094328895,0.060117695659323164,0.4189955479868292,0.4280348552443726,"[0.49219926681633464, 0.47227810650887575, 0.3694663264173971, 0.3328099786296829, 0.4207298263441543]",2.223,4c2259e97b3f,ok,
466,0.00125892541179,liblinear,0.4175387393049985,0.060193538924655884,0.4189317621858886,0.4281839713285785,"[0.49225918245604067, 0.4724223106391161, 0.36942533836254715, 0.3327156591310414, 0.42087120593624705]",5.034,4c2259e97b3f,ok,
467,0.00118850222744,lbfgs,0.4174290464591694,0.06008498289346949,0.4189452456365398,0.4279755950343109,"[0.4920292120144355, 0.47226535350398535, 0.3693372056456834, 0.33283907544701263, 0.42067438568473015]",2.211,4c2259e97b3f,ok,
468,0.00118850222744,liblinear,0.4174677110529136,0.06006924049107153,0.4188502427528852,0.4281455599506039,"[0.4920188593501477, 0.4722772570009167, 0.3694390000369809, 0.3328392047436345, 0.4207642341328882]",4.906,4c2259e97b3f,ok,
469,841.395141645,lbfgs,0.41693930470686225,0.0596805532435433,0.41868325202984635,0.4268885437558333,"[0.4914735087544342, 0.47007836618380433, 0.3688191881918819, 0.33272267294774494, 0.42160278745644597]",2.48,4c2259e97b3f,ok,
470,841.395141645,liblinear,0.41691821370182414,0.05979377457041208,0.4185843137702004,0.4268622301514968,"[0.4913385378084221, 0.4702423378474697, 0.3682803135085293, 0.33264323228801185, 0.42208664705668736]",6.984,4c2259e97b3f,ok,
471,891.250938134,lbfgs,0.41693930470686225,0.0596805532435433,0.41868325202984635,0.4268885437558333,"[0.4914735087544342, 0.47007836618380433, 0.3688191881918819, 0.33272267294774494, 0.42160278745644597]",2.553,4c2259e97b3f,ok,
472,891.250938134,liblinear,0.41691821370182414,0.05979377457041208,0.4185843137702004,0.4268622301514968,"[0.4913385378084221, 0.4702423378474697, 0.3682803135085293, 0.33264323228801185, 0.42208664705668736]",7.48,4c2259e97b3f,ok,
473,0.0011220184543,lbfgs,0.41750848582230604,0.06006291827267362,0.41895410763049223,0.42813271759430976,"[0.4921092629156664, 0.472377854978195, 0.3693428766945939, 0.33305720265085453, 0.4206552318722207]",2.759,4c2259e97b3f,ok,
474,0.0011220184543,liblinear,0.41748081768836603,0.06010677878657291,0.41883577495444513,0.42821026970641796,"[0.49207047832692064, 0.47238112131021537, 0.3693746995525644, 0.3328537170263789, 0.42072407222575087]",4.693,4c2259e97b3f,ok,
475,0.00105925372518,lbfgs,0.4174284106186403,0.0600733990721945,0.4189229097815351,0.4280313211243218,"[0.4919103964544951, 0.4723794882407722, 0.36920572675816654, 0.33292624416626687, 0.4207201974735008]",1.754,4c2259e97b3f,ok,
476,0.00105925372518,liblinear,0.4175021532122979,0.060141469384057525,0.41882416096714514,0.4282838648749284,"[0.49202112556079275, 0.4724570010047875, 0.36961023592929515, 0.3326066102729572, 0.42081579329365654]",4.057,4c2259e97b3f,ok,
477,944.060876286,lbfgs,0.41693930470686225,0.0596805532435433,0.41868325202984635,0.4268885437558333,"[0.4914735087544342, 0.47007836618380433, 0.3688191881918819, 0.33272267294774494, 0.42160278745644597]",1.985,4c2259e97b3f,ok,
478,944.060876286,liblinear,0.41691821370182414,0.05979377457041208,0.4185843137702004,0.4268622301514968,"[0.4913385378084221, 0.4702423378474697, 0.3682803135085293, 0.33264323228801185, 0.42208664705668736]",5.81,4c2259e97b3f,ok,
479,0.001,lbfgs,0.417418216861868,0.06009423214917499,0.4188663004553672,0.42806337356575347,"[0.4919676718321662, 0.4722575305211505, 0.36936053717097356, 0.33273734246216913, 0.42076800232288036]",1.73,4c2259e97b3f,ok,
480,0.001,liblinear,0.4175295120029606,0.06011684921065451,0.4188445063604701,0.42832981934263553,"[0.4920290163678435, 0.4724602564860233, 0.36940319209927686, 0.33282469372629375, 0.4209304013353654]",4.016,4c2259e97b3f,ok,
481,1000.0,lbfgs,0.41693930470686225,0.0596805532435433,0.41868325202984635,0.4268885437558333,"[0.4914735087544342, 0.47007836618380433, 0.3688191881918819, 0.33272267294774494, 0.42160278745644597]",1.944,4c2259e97b3f,ok,
482,1000.0,liblinear,0.41691821370182414,0.05979377457041208,0.4185843137702004,0.4268622301514968,"[0.4913385378084221, 0.4702423378474697, 0.3682803135085293, 0.33264323228801185, 0.42208664705668736]",5.747,4c2259e97b3f,ok,
483,0.000944060876286,lbfgs,0.41743924679145844,0.06014253610920156,0.4188608965815727,0.42814843825139165,"[0.4920346443277013, 0.47240487624676764, 0.3693628675586151, 0.3327155783277009, 0.42067826749650705]",1.708,4c2259e97b3f,ok,
484,0.000944060876286,liblinear,0.4175442302886113,0.0601383119184592,0.4188462891876631,0.42839921248752544,"[0.4921387217618345, 0.4724823491181944, 0.3694317004587835, 0.3328392047436345, 0.42082917536060965]",4.124,4c2259e97b3f,ok,
485,1059.25372518,lbfgs,0.41693930470686225,0.0596805532435433,0.41868325202984635,0.4268885437558333,"[0.4914735087544342, 0.47007836618380433, 0.3688191881918819, 0.33272267294774494, 0.42160278745644597]",1.936,4c2259e97b3f,ok,
486,1059.25372518,liblinear,0.41691821370182414,0.05979377457041208,0.4185843137702004,0.4268622301514968,"[0.4913385378084221, 0.4702423378474697, 0.3682803135085293, 0.33264323228801185, 0.42208664705668736]",5.713,4c2259e97b3f,ok,
487,1122.0184543,lbfgs,0.41693930470686225,0.0596805532435433,0.41868325202984635,0.4268885437558333,"[0.4914735087544342, 0.47007836618380433, 0.3688191881918819, 0.33272267294774494, 0.42160278745644597]",1.935,4c2259e97b3f,ok,
488,1122.0184543,liblinear,0.41691821370182414,0.05979377457041208,0.4185843137702004,0.4268622301514968,"[0.4913385378084221, 0.4702423378474697, 0.3682803135085293, 0.33264323228801185, 0.42208664705668736]",5.571,4c2259e97b3f,ok,
489,0.000891250938134,lbfgs,0.41744801404292897,0.06020891491697852,0.41889208330627303,0.42818177578698424,"[0.4922290823930168, 0.47245490404644774, 0.3692979857819905, 0.3327154975032164, 0.42054260048997366]",1.713,4c2259e97b3f,ok,
490,0.000891250938134,liblinear,0.4176611964260631,0.06014862522838001,0.4189562697003331,0.4285578023973472,"[0.4923469749627633, 0.47264188560542286, 0.36959739490822974, 0.33299178094137655, 0.42072794571252314]",3.884,4c2259e97b3f,ok,
491,0.000841395141645,lbfgs,0.4174657442901119,0.06027324773927759,0.41890984704991946,0.42825229288442845,"[0.49246658910989416, 0.4724576896948932, 0.3694484572359892, 0.33260642009769714, 0.42034956531208595]",1.671,4c2259e97b3f,ok,
492,0.000841395141645,liblinear,0.4176858050540206,0.06023175061433188,0.4189662326118941,0.42864144421890016,"[0.4925057784206123, 0.47276968274355224, 0.36946824853319515, 0.33299178094137655, 0.42069353463136694]",3.863,4c2259e97b3f,ok,
493,1188.50222744,lbfgs,0.41693930470686225,0.0596805532435433,0.41868325202984635,0.4268885437558333,"[0.4914735087544342, 0.47007836618380433, 0.3688191881918819, 0.33272267294774494, 0.42160278745644597]",1.932,4c2259e97b3f,ok,
494,1188.50222744,liblinear,0.41691821370182414,0.05979377457041208,0.4185843137702004,0.4268622301514968,"[0.4913385378084221, 0.4702423378474697, 0.3682803135085293, 0.33264323228801185, 0.42208664705668736]",5.689,4c2259e97b3f,ok,
495,1258.92541179,lbfgs,0.41693930470686225,0.0596805532435433,0.41868325202984635,0.4268885437558333,"[0.4914735087544342, 0.47007836618380433, 0.3688191881918819, 0.33272267294774494, 0.42160278745644597]",1.959,4c2259e97b3f,ok,
496,1258.92541179,liblinear,0.41691821370182414,0.05979377457041208,0.4185843137702004,0.4268622301514968,"[0.4913385378084221, 0.4702423378474697, 0.3682803135085293, 0.33264323228801185, 0.42208664705668736]",5.828,4c2259e97b3f,ok,
497,0.000794328234724,lbfgs,0.4176087341180403,0.060343843075837934,0.41904987869026156,0.42844182559805144,"[0.49263193725445703, 0.4727890152074413, 0.3694194361083324, 0.3327371864776445, 0.4204660955423261]",1.655,4c2259e97b3f,ok,
498,0.000794328234724,liblinear,0.4176568591380132,0.060345660886580464,0.41896292482716424,0.42863849677529553,"[0.49269198599356384, 0.4728592933675728, 0.3693418494862538, 0.33287536800785084, 0.4205157988348246]",4.309,4c2259e97b3f,ok,
499,1333.52143216,lbfgs,0.41693930470686225,0.0596805532435433,0.41868325202984635,0.4268885437558333,"[0.4914735087544342, 0.47007836618380433, 0.3688191881918819, 0.33272267294774494, 0.42160278745644597]",2.364,4c2259e97b3f,ok,
500,1333.52143216,liblinear,0.41691821370182414,0.05979377457041208,0.4185843137702004,0.4268622301514968,"[0.4913385378084221, 0.4702423378474697, 0.3682803135085293, 0.33264323228801185, 0.42208664705668736]",6.356,4c2259e97b3f,ok,
501,0.000749894209332,lbfgs,0.4175784159940017,0.06040199171387126,0.41897211033026477,0.4284921743697493,"[0.492684171723473, 0.4727691354015999, 0.3693082879478345, 0.33262808907889285, 0.4205023958182082]",1.734,4c2259e97b3f,ok,
502,0.000749894209332,liblinear,0.4176194248986603,0.06046805202061264,0.4188914629553818,0.42868448555508093,"[0.4927318579807883, 0.4729681874520451, 0.36927578097513103, 0.3325844657229481, 0.4205368323623891]",4.177,4c2259e97b3f,ok,
503,1412.53754462,lbfgs,0.41693930470686225,0.0596805532435433,0.41868325202984635,0.4268885437558333,"[0.4914735087544342, 0.47007836618380433, 0.3688191881918819, 0.33272267294774494, 0.42160278745644597]",1.943,4c2259e97b3f,ok,
504,1412.53754462,liblinear,0.41691821370182414,0.05979377457041208,0.4185843137702004,0.4268622301514968,"[0.4913385378084221, 0.4702423378474697, 0.3682803135085293, 0.33264323228801185, 0.42208664705668736]",5.78,4c2259e97b3f,ok,
505,0.000707945784384,lbfgs,0.4175967497041061,0.060566697780301396,0.41894586183990395,0.4285923913774018,"[0.4929351908277944, 0.4728501446024907, 0.36926554509745796, 0.33234447255911354, 0.42058839543367393]",1.653,4c2259e97b3f,ok,
506,0.000707945784384,liblinear,0.41771745413572,0.060512046741691715,0.4189879936143823,0.42881155545004834,"[0.4929387934331487, 0.4730389625717363, 0.3693208127280473, 0.3326353444139074, 0.4206533575317604]",4.008,4c2259e97b3f,ok,
507,1496.23565609,lbfgs,0.41693930470686225,0.0596805532435433,0.41868325202984635,0.4268885437558333,"[0.4914735087544342, 0.47007836618380433, 0.3688191881918819, 0.33272267294774494, 0.42160278745644597]",1.945,4c2259e97b3f,ok,
508,1496.23565609,liblinear,0.41691821370182414,0.05979377457041208,0.4185843137702004,0.4268622301514968,"[0.4913385378084221, 0.4702423378474697, 0.3682803135085293, 0.33264323228801185, 0.42208664705668736]",5.655,4c2259e97b3f,ok,
509,0.000668343917569,lbfgs,0.4176924754364294,0.060619500407813824,0.41901678831344613,0.42875677125930595,"[0.4931149770499235, 0.47302280303253785, 0.3693738766283099, 0.3323662223773478, 0.420584498094028]",1.634,4c2259e97b3f,ok,
510,0.000668343917569,liblinear,0.4177356721579792,0.06053862278715767,0.4189514051778013,0.428909523800627,"[0.4930614556782781, 0.47304850531656023, 0.3693892295437283, 0.33261367353614657, 0.42056549671518273]",4.064,4c2259e97b3f,ok,
511,1584.89319246,lbfgs,0.41693930470686225,0.0596805532435433,0.41868325202984635,0.4268885437558333,"[0.4914735087544342, 0.47007836618380433, 0.3688191881918819, 0.33272267294774494, 0.42160278745644597]",1.956,4c2259e97b3f,ok,
512,1584.89319246,liblinear,0.41691821370182414,0.05979377457041208,0.4185843137702004,0.4268622301514968,"[0.4913385378084221, 0.4702423378474697, 0.3682803135085293, 0.33264323228801185, 0.42208664705668736]",5.745,4c2259e97b3f,ok,
513,0.00063095734448,lbfgs,0.41775492885829346,0.06059849079940123,0.41910383987099403,0.4288208826493004,"[0.49322946175637394, 0.47313699175601337, 0.36944516511619285, 0.3325697580557192, 0.42039326760716816]",1.604,4c2259e97b3f,ok,
514,0.00063095734448,liblinear,0.4178300207923856,0.060578091503899964,0.41904187316319125,0.42904975378248567,"[0.49315495151129046, 0.47329392165823886, 0.3695289626802061, 0.3326354357498037, 0.4205368323623891]",3.968,4c2259e97b3f,ok,
515,1678.80401812,lbfgs,0.41693930470686225,0.0596805532435433,0.41868325202984635,0.4268885437558333,"[0.4914735087544342, 0.47007836618380433, 0.3688191881918819, 0.33272267294774494, 0.42160278745644597]",1.925,4c2259e97b3f,ok,
516,1678.80401812,liblinear,0.41691676389694143,0.05979581800045954,0.418579996681531,0.4268622301514968,"[0.4913385378084221, 0.4702423378474697, 0.3682803135085293, 0.33263598326359833, 0.42208664705668736]",5.611,4c2259e97b3f,ok,
517,0.000595662143529,lbfgs,0.41775050227947885,0.060605300289310805,0.4190988523847604,0.4288562839004972,"[0.49311150442477875, 0.4732387720798561, 0.36931575922733256, 0.3325842696629214, 0.4205022060025056]",1.579,4c2259e97b3f,ok,
518,0.000595662143529,liblinear,0.41793248400223987,0.06065506246120928,0.41912974708686973,0.429211089222583,"[0.49344069739467616, 0.47347865175163223, 0.369609932363569, 0.33268622532446285, 0.4204469131768593]",3.937,4c2259e97b3f,ok,
519,1778.27941004,lbfgs,0.41693930470686225,0.0596805532435433,0.41868325202984635,0.4268885437558333,"[0.4914735087544342, 0.47007836618380433, 0.3688191881918819, 0.33272267294774494, 0.42160278745644597]",1.959,4c2259e97b3f,ok,
520,1778.27941004,liblinear,0.41691821370182414,0.05979377457041208,0.4185843137702004,0.4268622301514968,"[0.4913385378084221, 0.4702423378474697, 0.3682803135085293, 0.33264323228801185, 0.42208664705668736]",5.584,4c2259e97b3f,ok,
521,0.00056234132519,lbfgs,0.4177734840736118,0.06066599397101046,0.41911810005953837,0.42891972681984375,"[0.49318365209020515, 0.47329864540188377, 0.3694144695368413, 0.33241686305315526, 0.42055379028597367]",1.578,4c2259e97b3f,ok,
522,0.00056234132519,liblinear,0.41787361763776315,0.06072017179435174,0.41904982813794744,0.4292223625738781,"[0.4934212387878102, 0.4734895917735971, 0.3694668940461185, 0.33252612518271263, 0.42046423839857716]",3.78,4c2259e97b3f,ok,
523,0.000530884444231,lbfgs,0.417682341573648,0.06076976874449146,0.4190262028955275,0.4288887055984258,"[0.49325653472212394, 0.4732732201791608, 0.36901559978483056, 0.33232206386275837, 0.42054428931936605]",1.581,4c2259e97b3f,ok,
524,0.000530884444231,liblinear,0.41787810403235737,0.06074982443609225,0.4190488279230138,0.4292797208977691,"[0.4934873919868758, 0.4735423631463454, 0.3693910850700883, 0.33255514585560625, 0.4204145341028713]",3.692,4c2259e97b3f,ok,
525,1883.64908949,lbfgs,0.41693930470686225,0.0596805532435433,0.41868325202984635,0.4268885437558333,"[0.4914735087544342, 0.47007836618380433, 0.3688191881918819, 0.33272267294774494, 0.42160278745644597]",1.932,4c2259e97b3f,ok,
526,1883.64908949,liblinear,0.41691821370182414,0.05979377457041208,0.4185843137702004,0.4268622301514968,"[0.4913385378084221, 0.4702423378474697, 0.3682803135085293, 0.33264323228801185, 0.42208664705668736]",5.638,4c2259e97b3f,ok,
527,0.000501187233627,lbfgs,0.4178195277912259,0.060683997783637963,0.41911621300718166,0.4290893663143813,"[0.49346974006310934, 0.4733570944652273, 0.36902641733452063, 0.3328606026225645, 0.42038378447070784]",1.663,4c2259e97b3f,ok,
528,0.000501187233627,liblinear,0.4179738062912593,0.06079645778781382,0.4191146403940169,0.42942157391463043,"[0.49367840475180313, 0.4736330712834555, 0.36949265687583444, 0.33256250272699506, 0.4205023958182082]",4.618,4c2259e97b3f,ok,
529,1995.26231497,lbfgs,0.41693930470686225,0.0596805532435433,0.41868325202984635,0.4268885437558333,"[0.4914735087544342, 0.47007836618380433, 0.3688191881918819, 0.33272267294774494, 0.42160278745644597]",2.201,4c2259e97b3f,ok,
530,1995.26231497,liblinear,0.41691821370182414,0.05979377457041208,0.4185843137702004,0.4268622301514968,"[0.4913385378084221, 0.4702423378474697, 0.3682803135085293, 0.33264323228801185, 0.42208664705668736]",6.213,4c2259e97b3f,ok,
531,0.000473151258961,lbfgs,0.4177720561052752,0.06069844143151411,0.4190627966710537,0.42908233433685206,"[0.4933657736158656, 0.4732975042332327, 0.36896807720861174, 0.33271517399367295, 0.4205137514749932]",1.635,4c2259e97b3f,ok,
532,0.000473151258961,liblinear,0.4179704715402055,0.06071691095319393,0.4190863625761295,0.42949838283722475,"[0.49347638635624724, 0.4736090878323695, 0.36947612424663884, 0.33266419375954615, 0.42062656550622574]",3.553,4c2259e97b3f,ok,
533,2113.48903984,lbfgs,0.41693930470686225,0.0596805532435433,0.41868325202984635,0.4268885437558333,"[0.4914735087544342, 0.47007836618380433, 0.3688191881918819, 0.33272267294774494, 0.42160278745644597]",1.97,4c2259e97b3f,ok,
534,2113.48903984,liblinear,0.41691821370182414,0.05979377457041208,0.4185843137702004,0.4268622301514968,"[0.4913385378084221, 0.4702423378474697, 0.3682803135085293, 0.33264323228801185, 0.42208664705668736]",5.639,4c2259e97b3f,ok,
535,0.000446683592151,lbfgs,0.41793710193178946,0.06079126560937065,0.41919785167939416,0.4293174574350386,"[0.49363651790259633, 0.47349750504143545, 0.36909026785217086, 0.3326933147146099, 0.4207679041481347]",1.433,4c2259e97b3f,ok,
536,0.000446683592151,liblinear,0.41806575220790715,0.060756901979024155,0.41917513363828596,0.4296382425721402,"[0.49361954693837173, 0.4736377545015888, 0.36963537223190773, 0.3325840735002073, 0.42085201386746046]",3.538,4c2259e97b3f,ok,
537,2238.72113857,lbfgs,0.41693930470686225,0.0596805532435433,0.41868325202984635,0.4268885437558333,"[0.4914735087544342, 0.47007836618380433, 0.3688191881918819, 0.33272267294774494, 0.42160278745644597]",1.948,4c2259e97b3f,ok,
538,2238.72113857,liblinear,0.41691676389694143,0.05979581800045954,0.418579996681531,0.4268622301514968,"[0.4913385378084221, 0.4702423378474697, 0.3682803135085293, 0.33263598326359833, 0.42208664705668736]",5.584,4c2259e97b3f,ok,
539,0.000421696503429,lbfgs,0.417996463189197,0.06085491541742462,0.4192648888696377,0.42941632548431763,"[0.4935953626466846, 0.4738251478680517, 0.36925762246072713, 0.332547787378895, 0.42075639559162625]",1.439,4c2259e97b3f,ok,
540,0.000421696503429,liblinear,0.41812321741334324,0.060833514551267204,0.4192029986624622,0.42975781857258194,"[0.4936837643069097, 0.47390786513549676, 0.36975475828293697, 0.33247501418408765, 0.42079468515728524]",3.542,4c2259e97b3f,ok,
541,2371.37370566,lbfgs,0.41693930470686225,0.0596805532435433,0.41868325202984635,0.4268885437558333,"[0.4914735087544342, 0.47007836618380433, 0.3688191881918819, 0.33272267294774494, 0.42160278745644597]",1.993,4c2259e97b3f,ok,
542,2371.37370566,liblinear,0.41691821370182414,0.05979377457041208,0.4185843137702004,0.4268622301514968,"[0.4913385378084221, 0.4702423378474697, 0.3682803135085293, 0.33264323228801185, 0.42208664705668736]",5.757,4c2259e97b3f,ok,
543,2511.88643151,lbfgs,0.41693930470686225,0.0596805532435433,0.41868325202984635,0.4268885437558333,"[0.4914735087544342, 0.47007836618380433, 0.3688191881918819, 0.33272267294774494, 0.42160278745644597]",1.966,4c2259e97b3f,ok,
544,2511.88643151,liblinear,0.41691821370182414,0.05979377457041208,0.4185843137702004,0.4268622301514968,"[0.4913385378084221, 0.4702423378474697, 0.3682803135085293, 0.33264323228801185, 0.42208664705668736]",5.672,4c2259e97b3f,ok,
545,0.000398107170553,lbfgs,0.41808954050451186,0.0609511208691123,0.4192188839910638,0.42974320959205625,"[0.49356483901501774, 0.4741289365016385, 0.3694849187935035, 0.3322565154756188, 0.42101249273678093]",1.593,4c2259e97b3f,ok,
546,0.000398107170553,liblinear,0.41823525643931925,0.0609375417512339,0.41925687405806167,0.43000059546766095,"[0.4938989944639024, 0.47408169262415517, 0.37001855287569574, 0.3322639079857701, 0.4209131342470727]",3.57,4c2259e97b3f,ok,
547,2660.7250598,lbfgs,0.41693930470686225,0.0596805532435433,0.41868325202984635,0.4268885437558333,"[0.4914735087544342, 0.47007836618380433, 0.3688191881918819, 0.33272267294774494, 0.42160278745644597]",1.939,4c2259e97b3f,ok,
548,2660.7250598,liblinear,0.41691821370182414,0.05979377457041208,0.4185843137702004,0.4268622301514968,"[0.4913385378084221, 0.4702423378474697, 0.3682803135085293, 0.33264323228801185, 0.42208664705668736]",5.617,4c2259e97b3f,ok,
549,0.000375837404288,lbfgs,0.41811557917009184,0.061094367896866654,0.41920273656616497,0.4298640871505719,"[0.4936580129382186, 0.474403031104062, 0.369322191272052, 0.3321038042647925, 0.42109085627133414]",1.434,4c2259e97b3f,ok,
550,0.000375837404288,liblinear,0.4181716667225591,0.06107131790818547,0.41919198137235797,0.43001144376661626,"[0.4938585345192715, 0.4743627393398332, 0.3696786291146056, 0.33212555114157244, 0.42083287949751297]",3.819,4c2259e97b3f,ok,
551,2818.38293126,lbfgs,0.41693930470686225,0.0596805532435433,0.41868325202984635,0.4268885437558333,"[0.4914735087544342, 0.47007836618380433, 0.3688191881918819, 0.33272267294774494, 0.42160278745644597]",1.925,4c2259e97b3f,ok,
552,2818.38293126,liblinear,0.4169168171843756,0.05979252920757501,0.4185821401298154,0.4268622301514968,"[0.4913385378084221, 0.4702353552602272, 0.3682803135085293, 0.33264323228801185, 0.42208664705668736]",5.732,4c2259e97b3f,ok,
553,0.000354813389234,lbfgs,0.4181719317692966,0.06103714103395013,0.41926093896917555,0.42994793939468057,"[0.4935662933092275, 0.4744150544579162, 0.3695353415295472, 0.332118301866201, 0.4212246676835912]",1.344,4c2259e97b3f,ok,
554,0.000354813389234,liblinear,0.41821928817398424,0.061143977384939,0.4192029633181373,0.43014565003853056,"[0.4938320395201129, 0.47461407524798965, 0.36971013685402854, 0.3319945868075261, 0.42094560244026435]",3.532,4c2259e97b3f,ok,
555,0.000334965439158,lbfgs,0.4182426583020929,0.061066691434785304,0.419357281097294,0.43007648860896763,"[0.49375326453689455, 0.4744285672368769, 0.36970823267050734, 0.33208898203331366, 0.42123424503287205]",1.338,4c2259e97b3f,ok,
556,0.000334965439158,liblinear,0.41833761987186324,0.06103891657490237,0.4193306251210481,0.43032779423753287,"[0.49392746815623545, 0.47455340119093015, 0.36954582620976734, 0.3325112939481897, 0.42115010985419354]",3.485,4c2259e97b3f,ok,
557,2985.38261892,lbfgs,0.41693930470686225,0.0596805532435433,0.41868325202984635,0.4268885437558333,"[0.4914735087544342, 0.47007836618380433, 0.3688191881918819, 0.33272267294774494, 0.42160278745644597]",1.972,4c2259e97b3f,ok,
558,2985.38261892,liblinear,0.41691821370182414,0.05979377457041208,0.4185843137702004,0.4268622301514968,"[0.4913385378084221, 0.4702423378474697, 0.3682803135085293, 0.33264323228801185, 0.42208664705668736]",6.387,4c2259e97b3f,ok,
559,0.000316227766017,lbfgs,0.4182898191471849,0.061102592374250975,0.4194244608948641,0.43017906900544745,"[0.4937051882797945, 0.4747328143554559, 0.36949328971337225, 0.3322414395527603, 0.42127636383454137]",1.87,4c2259e97b3f,ok,
560,0.000316227766017,liblinear,0.4183465942906568,0.06120241433552752,0.4193264176728911,0.4304153009736341,"[0.49405626454205737, 0.4747650947683197, 0.36944521884583215, 0.33224172561348353, 0.4212246676835912]",3.995,4c2259e97b3f,ok,
561,3162.27766017,lbfgs,0.41693930470686225,0.0596805532435433,0.41868325202984635,0.4268885437558333,"[0.4914735087544342, 0.47007836618380433, 0.3688191881918819, 0.33272267294774494, 0.42160278745644597]",2.057,4c2259e97b3f,ok,
562,3162.27766017,liblinear,0.41691676389694143,0.05979581800045954,0.418579996681531,0.4268622301514968,"[0.4913385378084221, 0.4702423378474697, 0.3682803135085293, 0.33263598326359833, 0.42208664705668736]",5.89,4c2259e97b3f,ok,
563,0.000298538261892,lbfgs,0.4182866508411106,0.06118946223412974,0.4194097189694969,0.4302625280879456,"[0.49365856411269277, 0.4748648371452433, 0.36959068677589124, 0.33192809244009525, 0.42139107373163065]",1.327,4c2259e97b3f,ok,
564,0.000298538261892,liblinear,0.41844014965463056,0.06124504246118531,0.41940278656869256,0.43060449720575367,"[0.4940022271400984, 0.4750172118300204, 0.3696432223399706, 0.3321031598715961, 0.42143492709146707]",3.428,4c2259e97b3f,ok,
565,3349.65439158,lbfgs,0.41693930470686225,0.0596805532435433,0.41868325202984635,0.4268885437558333,"[0.4914735087544342, 0.47007836618380433, 0.3688191881918819, 0.33272267294774494, 0.42160278745644597]",1.951,4c2259e97b3f,ok,
566,3349.65439158,liblinear,0.41691821370182414,0.05979377457041208,0.4185843137702004,0.4268622301514968,"[0.4913385378084221, 0.4702423378474697, 0.3682803135085293, 0.33264323228801185, 0.42208664705668736]",5.709,4c2259e97b3f,ok,
567,3548.13389234,lbfgs,0.41693930470686225,0.0596805532435433,0.41868325202984635,0.4268885437558333,"[0.4914735087544342, 0.47007836618380433, 0.3688191881918819, 0.33272267294774494, 0.42160278745644597]",1.944,4c2259e97b3f,ok,
568,3548.13389234,liblinear,0.41691676389694143,0.05979581800045954,0.418579996681531,0.4268622301514968,"[0.4913385378084221, 0.4702423378474697, 0.3682803135085293, 0.33263598326359833, 0.42208664705668736]",5.781,4c2259e97b3f,ok,
569,0.000281838293126,lbfgs,0.4182203010945818,0.061327535129997446,0.41932712885428813,0.43028420948278656,"[0.49368927246830535, 0.4750790675881457, 0.369296613323409, 0.33176784114987223, 0.42126871094317686]",1.317,4c2259e97b3f,ok,
570,0.000281838293126,liblinear,0.4183641880812461,0.061282490214243576,0.41931888393409356,0.4305780391960834,"[0.493721018731237, 0.47519765739385067, 0.36950822720089244, 0.33192084225241364, 0.4214731948278367]",3.443,4c2259e97b3f,ok,
571,3758.37404288,lbfgs,0.41693930470686225,0.0596805532435433,0.41868325202984635,0.4268885437558333,"[0.4914735087544342, 0.47007836618380433, 0.3688191881918819, 0.33272267294774494, 0.42160278745644597]",1.957,4c2259e97b3f,ok,
572,3758.37404288,liblinear,0.41691821370182414,0.05979377457041208,0.4185843137702004,0.4268622301514968,"[0.4913385378084221, 0.4702423378474697, 0.3682803135085293, 0.33264323228801185, 0.42208664705668736]",5.663,4c2259e97b3f,ok,
573,0.00026607250598,lbfgs,0.41822864013667715,0.0615014178360934,0.41931404724286436,0.430388143404097,"[0.4937470920805899, 0.4754268658463429, 0.36916662012993057, 0.3315052330281644, 0.42129738959835783]",1.304,4c2259e97b3f,ok,
574,0.00026607250598,liblinear,0.4184274691616334,0.06143961784532425,0.4193403525845588,0.4307664904360194,"[0.49385081355215893, 0.47554125219426563, 0.3696016069635085, 0.3316512659195666, 0.4214924071786674]",3.464,4c2259e97b3f,ok,
575,3981.07170553,lbfgs,0.41693930470686225,0.0596805532435433,0.41868325202984635,0.4268885437558333,"[0.4914735087544342, 0.47007836618380433, 0.3688191881918819, 0.33272267294774494, 0.42160278745644597]",1.934,4c2259e97b3f,ok,
576,3981.07170553,liblinear,0.41691676389694143,0.05979581800045954,0.418579996681531,0.4268622301514968,"[0.4913385378084221, 0.4702423378474697, 0.3682803135085293, 0.33263598326359833, 0.42208664705668736]",5.595,4c2259e97b3f,ok,
577,0.000251188643151,lbfgs,0.41823877782472313,0.06157959714450569,0.41932886989056434,0.4304549127235372,"[0.4937137058127079, 0.47575598058138857, 0.36930696756414555, 0.3313301719805074, 0.42108706318486616]",1.319,4c2259e97b3f,ok,
578,0.000251188643151,liblinear,0.4184198597708681,0.061637328744089497,0.4193002414691038,0.4308742185599209,"[0.49413487671271455, 0.4757867656731908, 0.36920844032600203, 0.3315781424108021, 0.42139107373163065]",3.537,4c2259e97b3f,ok,
579,0.000237137370566,lbfgs,0.4182733518937246,0.06154758081063589,0.41932587129090065,0.43057574428060075,"[0.49384385653509144, 0.4757227630155807, 0.3690875232774674, 0.3316580718468665, 0.42105454479361676]",1.309,4c2259e97b3f,ok,
580,0.000237137370566,liblinear,0.41853205137106836,0.06144554377984464,0.4193175757659568,0.4311153161875789,"[0.493955046375139, 0.475901062135667, 0.3696028276439401, 0.3319498449036655, 0.42125147579693034]",3.442,4c2259e97b3f,ok,
581,4216.96503429,lbfgs,0.41693930470686225,0.0596805532435433,0.41868325202984635,0.4268885437558333,"[0.4914735087544342, 0.47007836618380433, 0.3688191881918819, 0.33272267294774494, 0.42160278745644597]",1.941,4c2259e97b3f,ok,
582,4216.96503429,liblinear,0.41691821370182414,0.05979377457041208,0.4185843137702004,0.4268622301514968,"[0.4913385378084221, 0.4702423378474697, 0.3682803135085293, 0.33264323228801185, 0.42208664705668736]",5.775,4c2259e97b3f,ok,
583,0.000223872113857,lbfgs,0.4182752280703118,0.061641889310485615,0.41931118328989686,0.43067656387809217,"[0.493816727231753, 0.47594566963633705, 0.3689287842669845, 0.33154051335869517, 0.42114444585778926]",1.272,4c2259e97b3f,ok,
584,0.000223872113857,liblinear,0.41850940533665587,0.06160033851765356,0.41925675643735366,0.43118683178459516,"[0.4939831951696669, 0.4762433036040113, 0.36935612896024406, 0.33178938169106403, 0.42117501725829304]",3.437,4c2259e97b3f,ok,
585,4466.83592151,lbfgs,0.41693930470686225,0.0596805532435433,0.41868325202984635,0.4268885437558333,"[0.4914735087544342, 0.47007836618380433, 0.3688191881918819, 0.33272267294774494, 0.42160278745644597]",1.949,4c2259e97b3f,ok,
586,4466.83592151,liblinear,0.41691676389694143,0.05979581800045954,0.418579996681531,0.4268622301514968,"[0.4913385378084221, 0.4702423378474697, 0.3682803135085293, 0.33263598326359833, 0.42208664705668736]",5.629,4c2259e97b3f,ok,
587,0.000211348903984,lbfgs,0.4183166986713854,0.061698118991957936,0.41939287669970354,0.4307592244879924,"[0.49397386798828563, 0.475934657888206, 0.36891720694537594, 0.3314813194505206, 0.42127644108453877]",1.29,4c2259e97b3f,ok,
588,0.000211348903984,liblinear,0.41860209862563347,0.06167141930240402,0.4193662259503756,0.43136435610558277,"[0.49426791014333743, 0.47634050994807164, 0.36918610061605467, 0.33194911920269266, 0.42126685321801066]",3.638,4c2259e97b3f,ok,
589,4731.51258961,lbfgs,0.41693930470686225,0.0596805532435433,0.41868325202984635,0.4268885437558333,"[0.4914735087544342, 0.47007836618380433, 0.3688191881918819, 0.33272267294774494, 0.42160278745644597]",2.142,4c2259e97b3f,ok,
590,4731.51258961,liblinear,0.41691821370182414,0.05979377457041208,0.4185843137702004,0.4268622301514968,"[0.4913385378084221, 0.4702423378474697, 0.3682803135085293, 0.33264323228801185, 0.42208664705668736]",6.715,4c2259e97b3f,ok,
591,0.000199526231497,lbfgs,0.41818295033156616,0.061742477878031984,0.41919768157901566,0.4307251901065432,"[0.49406235929761366, 0.4758527080870441, 0.3684818666368482, 0.33158378165595065, 0.4209340359803743]",1.39,4c2259e97b3f,ok,
592,0.000199526231497,liblinear,0.4184802191334163,0.061770427883180594,0.4191906193092902,0.43136263667539315,"[0.4943204183771017, 0.4763237695358059, 0.3689374616000447, 0.331766814575182, 0.42105263157894735]",3.56,4c2259e97b3f,ok,
593,5011.87233627,lbfgs,0.41693930470686225,0.0596805532435433,0.41868325202984635,0.4268885437558333,"[0.4914735087544342, 0.47007836618380433, 0.3688191881918819, 0.33272267294774494, 0.42160278745644597]",2.043,4c2259e97b3f,ok,
594,5011.87233627,liblinear,0.41691821370182414,0.05979377457041208,0.4185843137702004,0.4268622301514968,"[0.4913385378084221, 0.4702423378474697, 0.3682803135085293, 0.33264323228801185, 0.42208664705668736]",6.062,4c2259e97b3f,ok,
595,0.000188364908949,lbfgs,0.41832698930516105,0.061851023291681684,0.41927537389681363,0.43101596954890864,"[0.4941077204331318, 0.476376574895007, 0.36846912337601817, 0.3315982853643601, 0.42108324245728823]",1.314,4c2259e97b3f,ok,
596,0.000188364908949,liblinear,0.4186660082201252,0.06181742654712047,0.4192676200959883,0.43173953536327037,"[0.4944012813127836, 0.4766954089955721, 0.3689139622782029, 0.33194168178539424, 0.42137770672867314]",3.408,4c2259e97b3f,ok,
597,5308.84444231,lbfgs,0.41693930470686225,0.0596805532435433,0.41868325202984635,0.4268885437558333,"[0.4914735087544342, 0.47007836618380433, 0.3688191881918819, 0.33272267294774494, 0.42160278745644597]",2.039,4c2259e97b3f,ok,
598,5308.84444231,liblinear,0.41691821370182414,0.05979377457041208,0.4185843137702004,0.4268622301514968,"[0.4913385378084221, 0.4702423378474697, 0.3682803135085293, 0.33264323228801185, 0.42208664705668736]",6.078,4c2259e97b3f,ok,
599,5623.4132519,lbfgs,0.41693930470686225,0.0596805532435433,0.41868325202984635,0.4268885437558333,"[0.4914735087544342, 0.47007836618380433, 0.3688191881918819, 0.33272267294774494, 0.42160278745644597]",1.995,4c2259e97b3f,ok,
600,5623.4132519,liblinear,0.41691251869741164,0.0597871794062472,0.41857927840940456,0.42685583301741303,"[0.4913170453736021, 0.4702353552602272, 0.3682803135085293, 0.33264323228801185, 0.42208664705668736]",6.772,4c2259e97b3f,ok,
601,0.000177827941004,lbfgs,0.4183518962352311,0.06182258379390584,0.41927156395119647,0.4311540111298114,"[0.49363209536394054, 0.4768356643356643, 0.36873112345725045, 0.33144482117466917, 0.4211157768446311]",1.645,4c2259e97b3f,ok,
602,0.000177827941004,liblinear,0.4187358266195271,0.06180295518714249,0.4192868389482508,0.4319511862291123,"[0.4941368123920401, 0.47706902572459553, 0.369182635901447, 0.3318613090813694, 0.4214293499981833]",4.125,4c2259e97b3f,ok,
603,5956.62143529,lbfgs,0.41693930470686225,0.0596805532435433,0.41868325202984635,0.4268885437558333,"[0.4914735087544342, 0.47007836618380433, 0.3688191881918819, 0.33272267294774494, 0.42160278745644597]",2.824,4c2259e97b3f,ok,
604,5956.62143529,liblinear,0.41691821370182414,0.05979377457041208,0.4185843137702004,0.4268622301514968,"[0.4913385378084221, 0.4702423378474697, 0.3682803135085293, 0.33264323228801185, 0.42208664705668736]",9.154,4c2259e97b3f,ok,
605,0.000167880401812,lbfgs,0.4183253098906648,0.06191072267187451,0.4191714233861764,0.4313003903932876,"[0.4938254260385788, 0.4767683822994427, 0.3686879988065936, 0.331276800560077, 0.4210679417486319]",1.314,4c2259e97b3f,ok,
606,0.000167880401812,liblinear,0.41877687719417545,0.06180375451076178,0.4192369159327166,0.43216369016463396,"[0.49425206686972756, 0.47727008487385186, 0.3691150178784267, 0.3321238086910903, 0.42112340765778045]",3.32,4c2259e97b3f,ok,
607,6309.5734448,lbfgs,0.41693930470686225,0.0596805532435433,0.41868325202984635,0.4268885437558333,"[0.4914735087544342, 0.47007836618380433, 0.3688191881918819, 0.33272267294774494, 0.42160278745644597]",2.064,4c2259e97b3f,ok,
608,6309.5734448,liblinear,0.4169139152148601,0.05978842498092052,0.4185814520497895,0.42685583301741303,"[0.4913170453736021, 0.4702423378474697, 0.3682803135085293, 0.33264323228801185, 0.42208664705668736]",6.072,4c2259e97b3f,ok,
609,0.000158489319246,lbfgs,0.41842735428106304,0.06204505186513628,0.4191844747628998,0.43159783321995837,"[0.49411698632445034, 0.4771455562822469, 0.3686281824116385, 0.33133505447862427, 0.4209109919083553]",1.251,4c2259e97b3f,ok,
610,0.000158489319246,liblinear,0.4187914975340285,0.06196253391188842,0.4191461264596345,0.43239204158587247,"[0.49431204499866743, 0.4775950414422784, 0.3691975262648089, 0.3317811154106819, 0.42107175955370607]",3.169,4c2259e97b3f,ok,
611,6683.43917569,lbfgs,0.41693930470686225,0.0596805532435433,0.41868325202984635,0.4268885437558333,"[0.4914735087544342, 0.47007836618380433, 0.3688191881918819, 0.33272267294774494, 0.42160278745644597]",2.028,4c2259e97b3f,ok,
612,6683.43917569,liblinear,0.41691821370182414,0.05979377457041208,0.4185843137702004,0.4268622301514968,"[0.4913385378084221, 0.4702423378474697, 0.3682803135085293, 0.33264323228801185, 0.42208664705668736]",5.747,4c2259e97b3f,ok,
613,0.000149623565609,lbfgs,0.4186097577407583,0.06187811430551503,0.4192892636220379,0.4319370063721134,"[0.49399281383337074, 0.47729252569835645, 0.3690098825284356, 0.33170667658708447, 0.42104689005654444]",1.25,4c2259e97b3f,ok,
614,0.000149623565609,liblinear,0.4190607654286761,0.06187574683943469,0.4192896371757849,0.4328794649531119,"[0.4945048783223057, 0.4777275100052201, 0.3694020818203825, 0.33224000699728856, 0.4214293499981833]",3.304,4c2259e97b3f,ok,
615,7079.45784384,lbfgs,0.41693930470686225,0.0596805532435433,0.41868325202984635,0.4268885437558333,"[0.4914735087544342, 0.47007836618380433, 0.3688191881918819, 0.33272267294774494, 0.42160278745644597]",1.966,4c2259e97b3f,ok,
616,7079.45784384,liblinear,0.4169168171843756,0.05979252920757501,0.4185821401298154,0.4268622301514968,"[0.4913385378084221, 0.4702353552602272, 0.3682803135085293, 0.33264323228801185, 0.42208664705668736]",5.984,4c2259e97b3f,ok,
617,0.000141253754462,lbfgs,0.41873197899749404,0.061869541055650984,0.4193755619056775,0.43216561007791937,"[0.49412160835040264, 0.4773442827503156, 0.36925142665323935, 0.33175023527609376, 0.42119234195741895]",1.231,4c2259e97b3f,ok,
618,0.000141253754462,liblinear,0.4193352047931761,0.06189117296313304,0.41946563826390293,0.4333418892271996,"[0.49469687416810276, 0.4781783681214421, 0.3698061199783957, 0.33242959594192756, 0.4215650657560125]",3.951,4c2259e97b3f,ok,
619,7498.94209332,lbfgs,0.41693930470686225,0.0596805532435433,0.41868325202984635,0.4268885437558333,"[0.4914735087544342, 0.47007836618380433, 0.3688191881918819, 0.33272267294774494, 0.42160278745644597]",2.05,4c2259e97b3f,ok,
620,7498.94209332,liblinear,0.41691676389694143,0.05979581800045954,0.418579996681531,0.4268622301514968,"[0.4913385378084221, 0.4702423378474697, 0.3682803135085293, 0.33263598326359833, 0.42208664705668736]",6.251,4c2259e97b3f,ok,
621,0.000133352143216,lbfgs,0.418793581886005,0.061819303455923375,0.41935181572485003,0.43239676634192276,"[0.49401273170868504, 0.47754747064791997, 0.36935643287395337, 0.33191060914483334, 0.4211406650546334]",1.207,4c2259e97b3f,ok,
622,0.000133352143216,liblinear,0.4192022182614548,0.06179124291783024,0.4192981594201644,0.4333130517899814,"[0.4945588997352978, 0.4777990042838949, 0.3700558659217877, 0.33226166262056295, 0.4213356587457307]",3.206,4c2259e97b3f,ok,
623,7943.28234724,lbfgs,0.41693930470686225,0.0596805532435433,0.41868325202984635,0.4268885437558333,"[0.4914735087544342, 0.47007836618380433, 0.3688191881918819, 0.33272267294774494, 0.42160278745644597]",2.119,4c2259e97b3f,ok,
624,7943.28234724,liblinear,0.41691821370182414,0.05979377457041208,0.4185843137702004,0.4268622301514968,"[0.4913385378084221, 0.4702423378474697, 0.3682803135085293, 0.33264323228801185, 0.42208664705668736]",5.774,4c2259e97b3f,ok,
625,0.000125892541179,lbfgs,0.41876080895308404,0.06183846040830319,0.4193307245116372,0.4324685750427161,"[0.4941407345107934, 0.4776050262022641, 0.36926635453002293, 0.33203415809065034, 0.42075777143168963]",1.245,4c2259e97b3f,ok,
626,0.000125892541179,liblinear,0.4192466605289882,0.061751675959570616,0.41931569439990496,0.4334711587349481,"[0.49448395587164695, 0.4779874213836478, 0.3698737289082579, 0.3325677537896187, 0.4213204426917695]",3.201,4c2259e97b3f,ok,
627,0.000118850222744,lbfgs,0.4188110264980224,0.06185141407367616,0.41939421955841405,0.43259927196922393,"[0.4940095007216625, 0.477796742557931, 0.36919976864376736, 0.3320481927710843, 0.42100092779566667]",1.303,4c2259e97b3f,ok,
628,0.000118850222744,liblinear,0.4193862929035525,0.0618537078120798,0.4193570158547163,0.43385570609979024,"[0.4946426073576724, 0.4784535650868354, 0.36999236399530666, 0.3325893833967879, 0.4212535446811605]",3.22,4c2259e97b3f,ok,
629,8413.95141645,lbfgs,0.41693930470686225,0.0596805532435433,0.41868325202984635,0.4268885437558333,"[0.4914735087544342, 0.47007836618380433, 0.3688191881918819, 0.33272267294774494, 0.42160278745644597]",2.037,4c2259e97b3f,ok,
630,8413.95141645,liblinear,0.41691821370182414,0.05979377457041208,0.4185843137702004,0.4268622301514968,"[0.4913385378084221, 0.4702423378474697, 0.3682803135085293, 0.33264323228801185, 0.42208664705668736]",5.584,4c2259e97b3f,ok,
631,8912.50938134,lbfgs,0.41693930470686225,0.0596805532435433,0.41868325202984635,0.4268885437558333,"[0.4914735087544342, 0.47007836618380433, 0.3688191881918819, 0.33272267294774494, 0.42160278745644597]",1.931,4c2259e97b3f,ok,
632,8912.50938134,liblinear,0.41691821370182414,0.05979377457041208,0.4185843137702004,0.4268622301514968,"[0.4913385378084221, 0.4702423378474697, 0.3682803135085293, 0.33264323228801185, 0.42208664705668736]",5.622,4c2259e97b3f,ok,
633,0.00011220184543,lbfgs,0.419061976345922,0.061904216449374765,0.41947274282056013,0.43312692847097833,"[0.4941248967130233, 0.47842661583780977, 0.3697055640556779, 0.33209976569514094, 0.42095303942795803]",1.251,4c2259e97b3f,ok,
634,0.00011220184543,liblinear,0.4196220305305657,0.06192008843515531,0.41942633828819603,0.43435110417171563,"[0.49482028268254835, 0.47888136081879773, 0.370392445379873, 0.3325750284364336, 0.42144103533517524]",3.125,4c2259e97b3f,ok,
635,0.000105925372518,lbfgs,0.41901476599613685,0.06203139721249384,0.41933235428410126,0.43328284527645866,"[0.49402412741064183, 0.4787493329872078, 0.36957820082120196, 0.33185152742800833, 0.4208706413336245]",1.325,4c2259e97b3f,ok,
636,0.000105925372518,liblinear,0.41958323463513614,0.06193239385894551,0.41927723796290833,0.43453297042153577,"[0.4943481116125697, 0.4793861922036045, 0.37017994858611825, 0.33258957868486677, 0.4214123420885213]",3.122,4c2259e97b3f,ok,
637,9440.60876286,lbfgs,0.41693930470686225,0.0596805532435433,0.41868325202984635,0.4268885437558333,"[0.4914735087544342, 0.47007836618380433, 0.3688191881918819, 0.33272267294774494, 0.42160278745644597]",2.029,4c2259e97b3f,ok,
638,9440.60876286,liblinear,0.41691821370182414,0.05979377457041208,0.4185843137702004,0.4268622301514968,"[0.4913385378084221, 0.4702423378474697, 0.3682803135085293, 0.33264323228801185, 0.42208664705668736]",5.796,4c2259e97b3f,ok,
639,0.0001,lbfgs,0.41926058976091907,0.06218100852566142,0.4195479083722457,0.4337129365973955,"[0.49433550588827657, 0.47926838049974796, 0.36997909511721666, 0.33171907527117345, 0.4210008920281808]",1.232,4c2259e97b3f,ok,
640,0.0001,liblinear,0.41987962905065707,0.061970722915538554,0.419505137348247,0.43501193086807727,"[0.49460923970727894, 0.4799378944493164, 0.370965038091158, 0.33261131167268354, 0.42127466133284847]",3.072,4c2259e97b3f,ok,
641,10000.0,lbfgs,0.41693930470686225,0.0596805532435433,0.41868325202984635,0.4268885437558333,"[0.4914735087544342, 0.47007836618380433, 0.3688191881918819, 0.33272267294774494, 0.42160278745644597]",2.053,4c2259e97b3f,ok,
642,10000.0,liblinear,0.41691821370182414,0.05979377457041208,0.4185843137702004,0.4268622301514968,"[0.4913385378084221, 0.4702423378474697, 0.3682803135085293, 0.33264323228801185, 0.42208664705668736]",5.874,4c2259e97b3f,ok,
643,9.44060876286e-05,lbfgs,0.4194406289530129,0.062136817317671726,0.4196309312864206,0.4340708505749095,"[0.49402122987846664, 0.48004487207145013, 0.37047956708341107, 0.33185782530569313, 0.4207996504260433]",1.276,4c2259e97b3f,ok,
644,9.44060876286e-05,liblinear,0.42009056623832575,0.06192201505505022,0.41961703031040143,0.43542934957224644,"[0.49439488489620415, 0.48049729388288326, 0.3715360548271752, 0.3326695406700659, 0.42135505691529984]",3.072,4c2259e97b3f,ok,
645,10592.5372518,lbfgs,0.41693930470686225,0.0596805532435433,0.41868325202984635,0.4268885437558333,"[0.4914735087544342, 0.47007836618380433, 0.3688191881918819, 0.33272267294774494, 0.42160278745644597]",2.054,4c2259e97b3f,ok,
646,10592.5372518,liblinear,0.41691821370182414,0.05979377457041208,0.4185843137702004,0.4268622301514968,"[0.4913385378084221, 0.4702423378474697, 0.3682803135085293, 0.33264323228801185, 0.42208664705668736]",5.768,4c2259e97b3f,ok,
647,11220.184543,lbfgs,0.41693930470686225,0.0596805532435433,0.41868325202984635,0.4268885437558333,"[0.4914735087544342, 0.47007836618380433, 0.3688191881918819, 0.33272267294774494, 0.42160278745644597]",1.937,4c2259e97b3f,ok,
648,11220.184543,liblinear,0.41691676389694143,0.05979581800045954,0.418579996681531,0.4268622301514968,"[0.4913385378084221, 0.4702423378474697, 0.3682803135085293, 0.33263598326359833, 0.42208664705668736]",5.818,4c2259e97b3f,ok,
649,8.91250938134e-05,lbfgs,0.41956876711571106,0.0622124408178766,0.41958869053866954,0.4344301532900161,"[0.4940883808033094, 0.4804425923264837, 0.3704670944635129, 0.33193111607729725, 0.42091465190795224]",1.309,4c2259e97b3f,ok,
650,8.91250938134e-05,liblinear,0.42011708105366175,0.062150757262636656,0.419458850455774,0.43572860445934686,"[0.49451745208002007, 0.4810518618355964, 0.3711785514801713, 0.33254562163581464, 0.4212919182367062]",3.353,4c2259e97b3f,ok,
651,8.41395141645e-05,lbfgs,0.4195515385370793,0.06242867405658345,0.41946836180614017,0.4346398419308149,"[0.4945596759550248, 0.48052917037334636, 0.3700871122386167, 0.331835813372488, 0.42074592074592077]",1.61,4c2259e97b3f,ok,
652,8.41395141645e-05,liblinear,0.4201704330984267,0.062241262886985046,0.4193138759078864,0.4361119703033817,"[0.49487150900273147, 0.4810902115720462, 0.3710584118238338, 0.3326185891825661, 0.4212134439109559]",3.584,4c2259e97b3f,ok,
653,11885.0222744,lbfgs,0.41693930470686225,0.0596805532435433,0.41868325202984635,0.4268885437558333,"[0.4914735087544342, 0.47007836618380433, 0.3688191881918819, 0.33272267294774494, 0.42160278745644597]",2.242,4c2259e97b3f,ok,
654,11885.0222744,liblinear,0.41691821370182414,0.05979377457041208,0.4185843137702004,0.4268622301514968,"[0.4913385378084221, 0.4702423378474697, 0.3682803135085293, 0.33264323228801185, 0.42208664705668736]",6.005,4c2259e97b3f,ok,
655,12589.2541179,lbfgs,0.41693930470686225,0.0596805532435433,0.41868325202984635,0.4268885437558333,"[0.4914735087544342, 0.47007836618380433, 0.3688191881918819, 0.33272267294774494, 0.42160278745644597]",1.933,4c2259e97b3f,ok,
656,12589.2541179,liblinear,0.41691821370182414,0.05979377457041208,0.4185843137702004,0.4268622301514968,"[0.4913385378084221, 0.4702423378474697, 0.3682803135085293, 0.33264323228801185, 0.42208664705668736]",5.713,4c2259e97b3f,ok,
657,7.94328234724e-05,lbfgs,0.41957955431297594,0.06235496116537659,0.4193258232511826,0.43492764793028604,"[0.494298594537258, 0.4805777249215515, 0.37028609795218026, 0.3317996582095438, 0.4209356959443463]",1.209,4c2259e97b3f,ok,
658,7.94328234724e-05,liblinear,0.4202869712501719,0.06207769906371479,0.41926615944944334,0.4364839095411802,"[0.4945898146471891, 0.4811812970824935, 0.3714205972648619, 0.3328228911445572, 0.4214202561117579]",3.037,4c2259e97b3f,ok,
659,13335.2143216,lbfgs,0.41693930470686225,0.0596805532435433,0.41868325202984635,0.4268885437558333,"[0.4914735087544342, 0.47007836618380433, 0.3688191881918819, 0.33272267294774494, 0.42160278745644597]",2.065,4c2259e97b3f,ok,
660,13335.2143216,liblinear,0.41691821370182414,0.05979377457041208,0.4185843137702004,0.4268622301514968,"[0.4913385378084221, 0.4702423378474697, 0.3682803135085293, 0.33264323228801185, 0.42208664705668736]",5.791,4c2259e97b3f,ok,
661,7.49894209332e-05,lbfgs,0.41976197962078887,0.062435475026282515,0.41931815076107454,0.43542355276211697,"[0.49446762198440053, 0.4809847878302642, 0.3703979867648429, 0.33188002541463096, 0.4210794761098056]",1.201,4c2259e97b3f,ok,
662,7.49894209332e-05,liblinear,0.42046541891807276,0.06209618825988207,0.41926992395125806,0.4369192106726473,"[0.49488353961602183, 0.48128433820906175, 0.37160767098826286, 0.3329761410107814, 0.4215754047662361]",3.066,4c2259e97b3f,ok,
663,14125.3754462,lbfgs,0.41693930470686225,0.0596805532435433,0.41868325202984635,0.4268885437558333,"[0.4914735087544342, 0.47007836618380433, 0.3688191881918819, 0.33272267294774494, 0.42160278745644597]",2.055,4c2259e97b3f,ok,
664,14125.3754462,liblinear,0.4169139152148601,0.05978842498092052,0.4185814520497895,0.42685583301741303,"[0.4913170453736021, 0.4702423378474697, 0.3682803135085293, 0.33264323228801185, 0.42208664705668736]",5.798,4c2259e97b3f,ok,
665,7.07945784384e-05,lbfgs,0.4197914689597814,0.06253538306326602,0.41926903002068017,0.43567893565592264,"[0.4944064723113405, 0.4814656279428131, 0.3707211574315758, 0.3316241563677798, 0.4207399307453982]",1.199,4c2259e97b3f,ok,
666,7.07945784384e-05,liblinear,0.4207639576269691,0.06232646288711482,0.4193505995786991,0.43757082025322963,"[0.49529719501335706, 0.48206705979545905, 0.3723412167187268, 0.3326480622867641, 0.42146625432053847]",2.989,4c2259e97b3f,ok,
667,14962.3565609,lbfgs,0.41693930470686225,0.0596805532435433,0.41868325202984635,0.4268885437558333,"[0.4914735087544342, 0.47007836618380433, 0.3688191881918819, 0.33272267294774494, 0.42160278745644597]",2.072,4c2259e97b3f,ok,
668,14962.3565609,liblinear,0.41691821370182414,0.05979377457041208,0.4185843137702004,0.4268622301514968,"[0.4913385378084221, 0.4702423378474697, 0.3682803135085293, 0.33264323228801185, 0.42208664705668736]",5.869,4c2259e97b3f,ok,
669,6.68343917569e-05,lbfgs,0.4200493909204141,0.06258119713708815,0.4193878668855107,0.4361979010342788,"[0.49486893474623533, 0.48178697095317463, 0.3710636711102825, 0.3318871066701727, 0.4206402711222054]",1.175,4c2259e97b3f,ok,
670,6.68343917569e-05,liblinear,0.4207031172536856,0.06238070194855634,0.4191778881225526,0.43774713067152504,"[0.49521531100478466, 0.4822202948829141, 0.3720203785653193, 0.332669889110037, 0.4213897127053729]",2.692,4c2259e97b3f,ok,
671,15848.9319246,lbfgs,0.41693930470686225,0.0596805532435433,0.41868325202984635,0.4268885437558333,"[0.4914735087544342, 0.47007836618380433, 0.3688191881918819, 0.33272267294774494, 0.42160278745644597]",2.126,4c2259e97b3f,ok,
672,15848.9319246,liblinear,0.41691676389694143,0.05979581800045954,0.418579996681531,0.4268622301514968,"[0.4913385378084221, 0.4702423378474697, 0.3682803135085293, 0.33263598326359833, 0.42208664705668736]",6.006,4c2259e97b3f,ok,
673,6.3095734448e-05,lbfgs,0.42011994643438244,0.06271024707634461,0.4193445986926399,0.4365226889704303,"[0.49503929546848, 0.4820534698521047, 0.371112105616469, 0.3317336138320952, 0.4206612474027631]",1.169,4c2259e97b3f,ok,
674,6.3095734448e-05,liblinear,0.42097096020683045,0.06249515139307925,0.4192612332300051,0.43831448344509594,"[0.4955023843619225, 0.48281343135306976, 0.37242507622518034, 0.3326992456543129, 0.4214146634396666]",2.655,4c2259e97b3f,ok,
675,16788.0401812,lbfgs,0.41693930470686225,0.0596805532435433,0.41868325202984635,0.4268885437558333,"[0.4914735087544342, 0.47007836618380433, 0.3688191881918819, 0.33272267294774494, 0.42160278745644597]",2.151,4c2259e97b3f,ok,
676,16788.0401812,liblinear,0.4169168171843756,0.05979252920757501,0.4185821401298154,0.4268622301514968,"[0.4913385378084221, 0.4702353552602272, 0.3682803135085293, 0.33264323228801185, 0.42208664705668736]",5.745,4c2259e97b3f,ok,
677,5.95662143529e-05,lbfgs,0.4202375943757196,0.06282126737532798,0.41938839988240373,0.4368205492383187,"[0.4947887637944488, 0.482834019593923, 0.37134230439482613, 0.3315503332164153, 0.4206725508789846]",1.141,4c2259e97b3f,ok,
678,5.95662143529e-05,liblinear,0.4210250326273027,0.06270390260939782,0.4192294844193971,0.4385798907126081,"[0.4956780344089608, 0.48324240062353857, 0.37253480547965573, 0.33234901677712886, 0.4213209058472293]",2.693,4c2259e97b3f,ok,
679,17782.7941004,lbfgs,0.41693930470686225,0.0596805532435433,0.41868325202984635,0.4268885437558333,"[0.4914735087544342, 0.47007836618380433, 0.3688191881918819, 0.33272267294774494, 0.42160278745644597]",2.166,4c2259e97b3f,ok,
680,17782.7941004,liblinear,0.41691821370182414,0.05979377457041208,0.4185843137702004,0.4268622301514968,"[0.4913385378084221, 0.4702423378474697, 0.3682803135085293, 0.33264323228801185, 0.42208664705668736]",5.836,4c2259e97b3f,ok,
681,5.6234132519e-05,lbfgs,0.42049125043548835,0.06279159181227259,0.41947948812509306,0.43729831813546316,"[0.49481002605436586, 0.4832182408575926, 0.37200901253188834, 0.3315794089274752, 0.42083956380611987]",1.155,4c2259e97b3f,ok,
682,5.6234132519e-05,liblinear,0.42127604052315537,0.06268310888238555,0.419353137642696,0.4390720739342215,"[0.4955663655316192, 0.48386777373863105, 0.37330707637431026, 0.3323487583415381, 0.4212902286296782]",3.608,4c2259e97b3f,ok,
683,5.30884444231e-05,lbfgs,0.4207186077664242,0.06272450385839458,0.4196238671829063,0.43773922471590315,"[0.4947138220668329, 0.48364495902393456, 0.3727866837960118, 0.33161576073848315, 0.4208318132068588]",1.576,4c2259e97b3f,ok,
684,5.30884444231e-05,liblinear,0.4215201224528459,0.06264869373956088,0.4194107207070779,0.43961631116331434,"[0.495448797231757, 0.4843600022584834, 0.37384635382815545, 0.3324291214560728, 0.42151633748976064]",2.76,4c2259e97b3f,ok,
685,18836.4908949,lbfgs,0.41693930470686225,0.0596805532435433,0.41868325202984635,0.4268885437558333,"[0.4914735087544342, 0.47007836618380433, 0.3688191881918819, 0.33272267294774494, 0.42160278745644597]",2.25,4c2259e97b3f,ok,
686,18836.4908949,liblinear,0.41691821370182414,0.05979377457041208,0.4185843137702004,0.4268622301514968,"[0.4913385378084221, 0.4702423378474697, 0.3682803135085293, 0.33264323228801185, 0.42208664705668736]",6.147,4c2259e97b3f,ok,
687,5.01187233627e-05,lbfgs,0.42084592754737626,0.06285448618634723,0.4196055291394538,0.43813057004028944,"[0.49462425491616063, 0.4842602011981463, 0.3728264512045277, 0.3314987391733363, 0.42101999124471035]",1.131,4c2259e97b3f,ok,
688,5.01187233627e-05,liblinear,0.4216270651049599,0.06258330203108599,0.41935561391810827,0.4399999178780867,"[0.4952005223165294, 0.48478358881875566, 0.37411140189691333, 0.33261150119211674, 0.42142831130048436]",2.588,4c2259e97b3f,ok,
689,19952.6231497,lbfgs,0.41693930470686225,0.0596805532435433,0.41868325202984635,0.4268885437558333,"[0.4914735087544342, 0.47007836618380433, 0.3688191881918819, 0.33272267294774494, 0.42160278745644597]",2.13,4c2259e97b3f,ok,
690,19952.6231497,liblinear,0.41691676389694143,0.05979581800045954,0.418579996681531,0.4268622301514968,"[0.4913385378084221, 0.4702423378474697, 0.3682803135085293, 0.33263598326359833, 0.42208664705668736]",5.789,4c2259e97b3f,ok,
691,4.73151258961e-05,lbfgs,0.42086763083398904,0.06303739535229884,0.41949392782365613,0.438400662841985,"[0.4946197641883709, 0.4845877124920646, 0.37301070265239644, 0.3309866877206834, 0.4211332871164301]",1.121,4c2259e97b3f,ok,
692,4.73151258961e-05,liblinear,0.421782929257824,0.06274221221192976,0.419352695754282,0.4404173069580806,"[0.49528544250184, 0.4853464650017587, 0.3744665058452403, 0.33233434690350666, 0.42148188603677406]",2.65,4c2259e97b3f,ok,
693,21134.8903984,lbfgs,0.41693930470686225,0.0596805532435433,0.41868325202984635,0.4268885437558333,"[0.4914735087544342, 0.47007836618380433, 0.3688191881918819, 0.33272267294774494, 0.42160278745644597]",2.239,4c2259e97b3f,ok,
694,21134.8903984,liblinear,0.41691821370182414,0.05979377457041208,0.4185843137702004,0.4268622301514968,"[0.4913385378084221, 0.4702423378474697, 0.3682803135085293, 0.33264323228801185, 0.42208664705668736]",5.799,4c2259e97b3f,ok,
695,4.46683592151e-05,lbfgs,0.42101598573720356,0.06309671977452802,0.4195247771407006,0.43878077992632536,"[0.49460779538844746, 0.48518142889339644, 0.37309266840342387, 0.33114732524729673, 0.4210507107534534]",1.126,4c2259e97b3f,ok,
696,4.46683592151e-05,liblinear,0.4218754705952654,0.06280991790177272,0.4193296349170933,0.440750563365001,"[0.4951979126186643, 0.48571870126585837, 0.37477049757979264, 0.3321296478672882, 0.42156059364472365]",2.586,4c2259e97b3f,ok,
697,22387.2113857,lbfgs,0.41693930470686225,0.0596805532435433,0.41868325202984635,0.4268885437558333,"[0.4914735087544342, 0.47007836618380433, 0.3688191881918819, 0.33272267294774494, 0.42160278745644597]",2.15,4c2259e97b3f,ok,
698,22387.2113857,liblinear,0.41691821370182414,0.05979377457041208,0.4185843137702004,0.4268622301514968,"[0.4913385378084221, 0.4702423378474697, 0.3682803135085293, 0.33264323228801185, 0.42208664705668736]",5.798,4c2259e97b3f,ok,
699,4.21696503429e-05,lbfgs,0.42113546154246695,0.06304510213753854,0.41950769358529494,0.4391341592053049,"[0.4944914311150679, 0.48545628446044786, 0.37350047426860344, 0.33121298530379467, 0.4210161325644208]",1.114,4c2259e97b3f,ok,
700,4.21696503429e-05,liblinear,0.42210354999659583,0.06281811001729032,0.4194005069726042,0.44121088103326517,"[0.4952544818782261, 0.48608909154682567, 0.3753914574261095, 0.33208587748670476, 0.4216968416451131]",2.592,4c2259e97b3f,ok,
701,23713.7370566,lbfgs,0.41693930470686225,0.0596805532435433,0.41868325202984635,0.4268885437558333,"[0.4914735087544342, 0.47007836618380433, 0.3688191881918819, 0.33272267294774494, 0.42160278745644597]",2.123,4c2259e97b3f,ok,
702,23713.7370566,liblinear,0.41691821370182414,0.05979377457041208,0.4185843137702004,0.4268622301514968,"[0.4913385378084221, 0.4702423378474697, 0.3682803135085293, 0.33264323228801185, 0.42208664705668736]",5.887,4c2259e97b3f,ok,
703,25118.8643151,lbfgs,0.41693930470686225,0.0596805532435433,0.41868325202984635,0.4268885437558333,"[0.4914735087544342, 0.47007836618380433, 0.3688191881918819, 0.33272267294774494, 0.42160278745644597]",2.059,4c2259e97b3f,ok,
704,25118.8643151,liblinear,0.41691676389694143,0.05979581800045954,0.418579996681531,0.4268622301514968,"[0.4913385378084221, 0.4702423378474697, 0.3682803135085293, 0.33263598326359833, 0.42208664705668736]",5.772,4c2259e97b3f,ok,
705,3.98107170553e-05,lbfgs,0.42133995388209755,0.06300692002685342,0.4196248664372327,0.4395131068201956,"[0.4944782886867507, 0.4857006405214069, 0.37430271476385274, 0.33108863980346137, 0.42112948563501623]",1.11,4c2259e97b3f,ok,
706,3.98107170553e-05,liblinear,0.4220991646796362,0.06271192590319762,0.41929182646847013,0.44136876823445864,"[0.49478212600610605, 0.48617747201165773, 0.3757988922028121, 0.33192550933321663, 0.4218118238443886]",2.543,4c2259e97b3f,ok,
707,26607.250598,lbfgs,0.41693930470686225,0.0596805532435433,0.41868325202984635,0.4268885437558333,"[0.4914735087544342, 0.47007836618380433, 0.3688191881918819, 0.33272267294774494, 0.42160278745644597]",2.13,4c2259e97b3f,ok,
708,26607.250598,liblinear,0.41691821370182414,0.05979377457041208,0.4185843137702004,0.4268622301514968,"[0.4913385378084221, 0.4702423378474697, 0.3682803135085293, 0.33264323228801185, 0.42208664705668736]",5.754,4c2259e97b3f,ok,
709,3.75837404288e-05,lbfgs,0.4213808736430432,0.06304445069297941,0.41953518209463353,0.43978143461749886,"[0.4943335882639227, 0.48583370736086173, 0.3746864606752011, 0.3307366526957934, 0.4213139592194374]",1.101,4c2259e97b3f,ok,
710,3.75837404288e-05,liblinear,0.4221666581892124,0.06266143774863324,0.41921253829388017,0.441667818747295,"[0.4944559319446565, 0.4864040731830135, 0.37624312461803433, 0.3317726337898744, 0.42195752741048337]",2.56,4c2259e97b3f,ok,
711,28183.8293126,lbfgs,0.41693930470686225,0.0596805532435433,0.41868325202984635,0.4268885437558333,"[0.4914735087544342, 0.47007836618380433, 0.3688191881918819, 0.33272267294774494, 0.42160278745644597]",2.145,4c2259e97b3f,ok,
712,28183.8293126,liblinear,0.41691821370182414,0.05979377457041208,0.4185843137702004,0.4268622301514968,"[0.4913385378084221, 0.4702423378474697, 0.3682803135085293, 0.33264323228801185, 0.42208664705668736]",5.9,4c2259e97b3f,ok,
713,3.54813389234e-05,lbfgs,0.42132013343886693,0.06306102707809899,0.4193365827426766,0.4399381616044965,"[0.4939030324939865, 0.4860716236467276, 0.375074294205052, 0.33030502523590083, 0.4212466916126677]",1.145,4c2259e97b3f,ok,
714,3.54813389234e-05,liblinear,0.4223378912598103,0.0628876636934056,0.419151054259575,0.44218078401136846,"[0.49476298156292053, 0.4868608450389567, 0.37667215571632096, 0.3313420424954594, 0.42205143148539376]",2.796,4c2259e97b3f,ok,
715,3.34965439158e-05,lbfgs,0.42124112697165667,0.06307631023480004,0.41912482572540605,0.44006124010867725,"[0.49368707937037654, 0.4862620076345484, 0.3754641318877172, 0.33002040413348255, 0.4207720118321586]",1.432,4c2259e97b3f,ok,
716,3.34965439158e-05,liblinear,0.4224267323672183,0.06281770431112396,0.4190093047393285,0.44256709793835985,"[0.49444621635488745, 0.4872288215938877, 0.37736825566995064, 0.3312478123906195, 0.42184255582674585]",2.942,4c2259e97b3f,ok,
717,29853.8261892,lbfgs,0.41693930470686225,0.0596805532435433,0.41868325202984635,0.4268885437558333,"[0.4914735087544342, 0.47007836618380433, 0.3688191881918819, 0.33272267294774494, 0.42160278745644597]",2.644,4c2259e97b3f,ok,
718,29853.8261892,liblinear,0.41691821370182414,0.05979377457041208,0.4185843137702004,0.4268622301514968,"[0.4913385378084221, 0.4702423378474697, 0.3682803135085293, 0.33264323228801185, 0.42208664705668736]",6.193,4c2259e97b3f,ok,
719,3.16227766017e-05,lbfgs,0.42140289800398456,0.06307905599020533,0.41902830017542286,0.4405889510014885,"[0.4934462004642564, 0.48707179236726433, 0.3757420599584446, 0.33026315789473687, 0.4204912793352205]",1.128,4c2259e97b3f,ok,
720,3.16227766017e-05,liblinear,0.4225631911017551,0.06280314714016984,0.41890817052757756,0.44303087955471987,"[0.4943558452364443, 0.4877207140770012, 0.3774748817966903, 0.3315255423372988, 0.4217389720613412]",2.472,4c2259e97b3f,ok,
721,31622.7766017,lbfgs,0.41693930470686225,0.0596805532435433,0.41868325202984635,0.4268885437558333,"[0.4914735087544342, 0.47007836618380433, 0.3688191881918819, 0.33272267294774494, 0.42160278745644597]",2.158,4c2259e97b3f,ok,
722,31622.7766017,liblinear,0.41691821370182414,0.05979377457041208,0.4185843137702004,0.4268622301514968,"[0.4913385378084221, 0.4702423378474697, 0.3682803135085293, 0.33264323228801185, 0.42208664705668736]",5.84,4c2259e97b3f,ok,
723,2.98538261892e-05,lbfgs,0.42141845674129197,0.0632034188725097,0.4188030482085122,0.44096254391983986,"[0.49357505035771343, 0.4873055443365876, 0.3761029139171054, 0.3299271993684765, 0.42018157572657694]",1.109,4c2259e97b3f,ok,
724,2.98538261892e-05,liblinear,0.4226975370533241,0.06270865614125691,0.4187521136527471,0.44354032283467887,"[0.49425462610021487, 0.4879241142730164, 0.37816893612310415, 0.33157745185897575, 0.4215625569113094]",2.415,4c2259e97b3f,ok,
725,33496.5439158,lbfgs,0.41693930470686225,0.0596805532435433,0.41868325202984635,0.4268885437558333,"[0.4914735087544342, 0.47007836618380433, 0.3688191881918819, 0.33272267294774494, 0.42160278745644597]",2.13,4c2259e97b3f,ok,
726,33496.5439158,liblinear,0.41691676389694143,0.05979581800045954,0.418579996681531,0.4268622301514968,"[0.4913385378084221, 0.4702423378474697, 0.3682803135085293, 0.33263598326359833, 0.42208664705668736]",5.711,4c2259e97b3f,ok,
727,35481.3389234,lbfgs,0.41693930470686225,0.0596805532435433,0.41868325202984635,0.4268885437558333,"[0.4914735087544342, 0.47007836618380433, 0.3688191881918819, 0.33272267294774494, 0.42160278745644597]",1.933,4c2259e97b3f,ok,
728,35481.3389234,liblinear,0.41691821370182414,0.05979377457041208,0.4185843137702004,0.4268622301514968,"[0.4913385378084221, 0.4702423378474697, 0.3682803135085293, 0.33264323228801185, 0.42208664705668736]",5.527,4c2259e97b3f,ok,
729,2.81838293126e-05,lbfgs,0.42152340677030525,0.06312836534976606,0.4187311781101327,0.44133416238602496,"[0.4936338012524125, 0.487427681352915, 0.3763568332530656, 0.33019798723936067, 0.42000073075377253]",1.094,4c2259e97b3f,ok,
730,2.81838293126e-05,liblinear,0.42283555057837735,0.06255058265582687,0.4186800714186834,0.4439905073618572,"[0.49410428011251056, 0.4880983738372174, 0.378827823970797, 0.33181093070518564, 0.42133634426617617]",2.344,4c2259e97b3f,ok,
731,37583.7404288,lbfgs,0.41693930470686225,0.0596805532435433,0.41868325202984635,0.4268885437558333,"[0.4914735087544342, 0.47007836618380433, 0.3688191881918819, 0.33272267294774494, 0.42160278745644597]",2.133,4c2259e97b3f,ok,
732,37583.7404288,liblinear,0.41691821370182414,0.05979377457041208,0.4185843137702004,0.4268622301514968,"[0.4913385378084221, 0.4702423378474697, 0.3682803135085293, 0.33264323228801185, 0.42208664705668736]",5.847,4c2259e97b3f,ok,
733,2.6607250598e-05,lbfgs,0.42171896755380117,0.06308956454719952,0.41875218124483676,0.4418448719995126,"[0.4933100155451921, 0.48789628560324244, 0.37689316793186445, 0.33014647837908956, 0.4203488903096173]",1.107,4c2259e97b3f,ok,
734,2.6607250598e-05,liblinear,0.422974302404109,0.06257047867161201,0.41860392432289356,0.4444806903818783,"[0.4938640959583368, 0.4887401095556908, 0.3791979072637842, 0.3318403286066989, 0.42122907063603404]",2.344,4c2259e97b3f,ok,
735,39810.7170553,lbfgs,0.41693930470686225,0.0596805532435433,0.41868325202984635,0.4268885437558333,"[0.4914735087544342, 0.47007836618380433, 0.3688191881918819, 0.33272267294774494, 0.42160278745644597]",2.134,4c2259e97b3f,ok,
736,39810.7170553,liblinear,0.41691821370182414,0.05979377457041208,0.4185843137702004,0.4268622301514968,"[0.4913385378084221, 0.4702423378474697, 0.3682803135085293, 0.33264323228801185, 0.42208664705668736]",5.747,4c2259e97b3f,ok,
737,2.51188643151e-05,lbfgs,0.42190123079965536,0.06306475621848759,0.41873350943885673,0.4423283131145849,"[0.49330428387060965, 0.48821231681303157, 0.3776676406406036, 0.3300813364610966, 0.42024057621293553]",1.067,4c2259e97b3f,ok,
738,2.51188643151e-05,liblinear,0.4230523266341352,0.06251534280932973,0.4185069743983926,0.44480021636292005,"[0.4936770225909664, 0.4889238758148271, 0.3795020991382485, 0.33187009980563015, 0.4212885358210043]",2.344,4c2259e97b3f,ok,
739,2.37137370566e-05,lbfgs,0.42214116434443794,0.06292896662943474,0.4188367436839142,0.44278034125436544,"[0.49338901452613176, 0.4881247147026683, 0.3783404176677139, 0.33022052698496207, 0.4206311478407138]",1.253,4c2259e97b3f,ok,
740,2.37137370566e-05,liblinear,0.4233803288470418,0.06248614255550083,0.41853026471868277,0.4455046837060655,"[0.49391265807005635, 0.48924175384912266, 0.3802640773842363, 0.33201632795616776, 0.42146682697562576]",2.351,4c2259e97b3f,ok,
741,42169.6503429,lbfgs,0.41693930470686225,0.0596805532435433,0.41868325202984635,0.4268885437558333,"[0.4914735087544342, 0.47007836618380433, 0.3688191881918819, 0.33272267294774494, 0.42160278745644597]",2.135,4c2259e97b3f,ok,
742,42169.6503429,liblinear,0.41691821370182414,0.05979377457041208,0.4185843137702004,0.4268622301514968,"[0.4913385378084221, 0.4702423378474697, 0.3682803135085293, 0.33264323228801185, 0.42208664705668736]",5.794,4c2259e97b3f,ok,
743,2.23872113857e-05,lbfgs,0.4223876790489702,0.06280139617881719,0.4188413556138483,0.443337111089232,"[0.4933555278124567, 0.4882292026234035, 0.3794879367950824, 0.3301634602743328, 0.4207022677395757]",1.078,4c2259e97b3f,ok,
744,2.23872113857e-05,liblinear,0.42357453914504434,0.06247911917681037,0.41859428401102006,0.4459626325213123,"[0.4937898949059138, 0.48953589168512734, 0.3811676498153151, 0.3317320289981658, 0.42164723032069973]",2.366,4c2259e97b3f,ok,
745,44668.3592151,lbfgs,0.41693930470686225,0.0596805532435433,0.41868325202984635,0.4268885437558333,"[0.4914735087544342, 0.47007836618380433, 0.3688191881918819, 0.33272267294774494, 0.42160278745644597]",2.134,4c2259e97b3f,ok,
746,44668.3592151,liblinear,0.41691821370182414,0.05979377457041208,0.4185843137702004,0.4268622301514968,"[0.4913385378084221, 0.4702423378474697, 0.3682803135085293, 0.33264323228801185, 0.42208664705668736]",5.76,4c2259e97b3f,ok,
747,2.11348903984e-05,lbfgs,0.4226110526302859,0.06277839226739894,0.41884048848118577,0.4438884989556433,"[0.49354467418285697, 0.4884240119067306, 0.37993175320483263, 0.33031783234398615, 0.4208369915130231]",1.063,4c2259e97b3f,ok,
748,2.11348903984e-05,liblinear,0.42385145242481614,0.06241759900082417,0.4185408917806289,0.44663244920399003,"[0.4937287150095523, 0.489740983876727, 0.38232433523571835, 0.33150738744243907, 0.4219558405596444]",2.276,4c2259e97b3f,ok,
749,47315.1258961,lbfgs,0.41693930470686225,0.0596805532435433,0.41868325202984635,0.4268885437558333,"[0.4914735087544342, 0.47007836618380433, 0.3688191881918819, 0.33272267294774494, 0.42160278745644597]",2.429,4c2259e97b3f,ok,
750,47315.1258961,liblinear,0.41691821370182414,0.05979377457041208,0.4185843137702004,0.4268622301514968,"[0.4913385378084221, 0.4702423378474697, 0.3682803135085293, 0.33264323228801185, 0.42208664705668736]",6.734,4c2259e97b3f,ok,
751,1.99526231497e-05,lbfgs,0.42269267711613184,0.06276907676837222,0.4186619401542274,0.4443067460367082,"[0.4934006211180124, 0.4888222427052236, 0.38052249530196397, 0.33026036306304335, 0.4204576633924162]",1.131,4c2259e97b3f,ok,
752,1.99526231497e-05,liblinear,0.4240519024663378,0.06234020240471248,0.41843425781624666,0.44718295744772857,"[0.4938695303202236, 0.4899957487074699, 0.3827970387744631, 0.3318503009683329, 0.4217468935611996]",2.376,4c2259e97b3f,ok,
753,50118.7233627,lbfgs,0.41693930470686225,0.0596805532435433,0.41868325202984635,0.4268885437558333,"[0.4914735087544342, 0.47007836618380433, 0.3688191881918819, 0.33272267294774494, 0.42160278745644597]",2.254,4c2259e97b3f,ok,
754,50118.7233627,liblinear,0.41691821370182414,0.05979377457041208,0.4185843137702004,0.4268622301514968,"[0.4913385378084221, 0.4702423378474697, 0.3682803135085293, 0.33264323228801185, 0.42208664705668736]",6.052,4c2259e97b3f,ok,
755,1.88364908949e-05,lbfgs,0.4229096165449068,0.06276167530093071,0.4185295897522817,0.44492183810171043,"[0.4933560571420654, 0.48934562490554634, 0.3810540262034447, 0.3303864501728741, 0.4204059243006034]",1.054,4c2259e97b3f,ok,
756,1.88364908949e-05,liblinear,0.42432893064332794,0.062318102081252366,0.4183973140979793,0.4478477209738993,"[0.4938780592410177, 0.49054176134030497, 0.38334553440702784, 0.3320766230086953, 0.42180267521959397]",2.173,4c2259e97b3f,ok,
757,53088.4444231,lbfgs,0.41693930470686225,0.0596805532435433,0.41868325202984635,0.4268885437558333,"[0.4914735087544342, 0.47007836618380433, 0.3688191881918819, 0.33272267294774494, 0.42160278745644597]",2.134,4c2259e97b3f,ok,
758,53088.4444231,liblinear,0.41691821370182414,0.05979377457041208,0.4185843137702004,0.4268622301514968,"[0.4913385378084221, 0.4702423378474697, 0.3682803135085293, 0.33264323228801185, 0.42208664705668736]",5.687,4c2259e97b3f,ok,
759,56234.132519,lbfgs,0.41693930470686225,0.0596805532435433,0.41868325202984635,0.4268885437558333,"[0.4914735087544342, 0.47007836618380433, 0.3688191881918819, 0.33272267294774494, 0.42160278745644597]",1.926,4c2259e97b3f,ok,
760,56234.132519,liblinear,0.41691821370182414,0.05979377457041208,0.4185843137702004,0.4268622301514968,"[0.4913385378084221, 0.4702423378474697, 0.3682803135085293, 0.33264323228801185, 0.42208664705668736]",5.627,4c2259e97b3f,ok,
761,1.77827941004e-05,lbfgs,0.42315984653299743,0.06273206125638234,0.4185574515711415,0.445486931781914,"[0.49353203512368077, 0.4898020766181574, 0.38170689116409023, 0.3306645666535416, 0.4200936631055173]",1.054,4c2259e97b3f,ok,
762,1.77827941004e-05,liblinear,0.42456729408772764,0.06230405898148673,0.4183562823600312,0.4484435939552057,"[0.49401806337395054, 0.4908579081144606, 0.38375047991663164, 0.3322732421364468, 0.4219367768971486]",2.19,4c2259e97b3f,ok,
763,59566.2143529,lbfgs,0.41693930470686225,0.0596805532435433,0.41868325202984635,0.4268885437558333,"[0.4914735087544342, 0.47007836618380433, 0.3688191881918819, 0.33272267294774494, 0.42160278745644597]",2.152,4c2259e97b3f,ok,
764,59566.2143529,liblinear,0.41691821370182414,0.05979377457041208,0.4185843137702004,0.4268622301514968,"[0.4913385378084221, 0.4702423378474697, 0.3682803135085293, 0.33264323228801185, 0.42208664705668736]",6.008,4c2259e97b3f,ok,
765,1.67880401812e-05,lbfgs,0.4233429821030198,0.06289604009668809,0.4184515338112892,0.44607720478063345,"[0.4935956907653323, 0.4905639720272064, 0.38198780577389263, 0.330585740210333, 0.4199817017383349]",1.039,4c2259e97b3f,ok,
766,1.67880401812e-05,liblinear,0.42491585266399107,0.06222922973138685,0.41845431753610035,0.449117019267555,"[0.49405453238205854, 0.49154022486628096, 0.38440457485292506, 0.3327601593278628, 0.42181977189082825]",2.283,4c2259e97b3f,ok,
767,63095.734448,lbfgs,0.41693930470686225,0.0596805532435433,0.41868325202984635,0.4268885437558333,"[0.4914735087544342, 0.47007836618380433, 0.3688191881918819, 0.33272267294774494, 0.42160278745644597]",2.152,4c2259e97b3f,ok,
768,63095.734448,liblinear,0.41691821370182414,0.05979377457041208,0.4185843137702004,0.4268622301514968,"[0.4913385378084221, 0.4702423378474697, 0.3682803135085293, 0.33264323228801185, 0.42208664705668736]",5.841,4c2259e97b3f,ok,
769,1.58489319246e-05,lbfgs,0.4234639304265418,0.0628388769771468,0.4183128042910015,0.44652931456772216,"[0.4933831672203765, 0.4908527004686368, 0.3824986241056687, 0.330601630280382, 0.41998353005764477]",1.041,4c2259e97b3f,ok,
770,1.58489319246e-05,liblinear,0.42496892960435434,0.06224501950078646,0.418271597482582,0.4494598848447849,"[0.4938951036380481, 0.4917233204812055, 0.3848231558199803, 0.3325354687092001, 0.42186759937333773]",2.174,4c2259e97b3f,ok,
771,66834.3917569,lbfgs,0.41693930470686225,0.0596805532435433,0.41868325202984635,0.4268885437558333,"[0.4914735087544342, 0.47007836618380433, 0.3688191881918819, 0.33272267294774494, 0.42160278745644597]",2.136,4c2259e97b3f,ok,
772,66834.3917569,liblinear,0.41691676389694143,0.05979581800045954,0.418579996681531,0.4268622301514968,"[0.4913385378084221, 0.4702423378474697, 0.3682803135085293, 0.33263598326359833, 0.42208664705668736]",5.744,4c2259e97b3f,ok,
773,1.49623565609e-05,lbfgs,0.42371713172894976,0.06272204796195543,0.4183226171280122,0.44706930840827697,"[0.49342487749508596, 0.49087857659403183, 0.38312687825258374, 0.33075545069253287, 0.42039987561051456]",1.046,4c2259e97b3f,ok,
774,1.49623565609e-05,liblinear,0.4250956859233286,0.062286116944685305,0.41805158207668197,0.44997464518216396,"[0.49388313681038415, 0.49198122832075086, 0.38584728624264397, 0.3321445657373983, 0.42162221250546567]",2.147,4c2259e97b3f,ok,
775,70794.5784384,lbfgs,0.41693930470686225,0.0596805532435433,0.41868325202984635,0.4268885437558333,"[0.4914735087544342, 0.47007836618380433, 0.3688191881918819, 0.33272267294774494, 0.42160278745644597]",2.327,4c2259e97b3f,ok,
776,70794.5784384,liblinear,0.41691676389694143,0.05979581800045954,0.418579996681531,0.4268622301514968,"[0.4913385378084221, 0.4702423378474697, 0.3682803135085293, 0.33263598326359833, 0.42208664705668736]",5.743,4c2259e97b3f,ok,
777,1.41253754462e-05,lbfgs,0.42404661384477665,0.06275093327344028,0.4183266069425352,0.44778746585326756,"[0.493716784765279, 0.4914804069791198, 0.3838905052057602, 0.3309902200488998, 0.42015515222482436]",1.035,4c2259e97b3f,ok,
778,1.41253754462e-05,liblinear,0.4254788892423561,0.0621821724033513,0.4180914107613815,0.45071805573657214,"[0.49393977085838275, 0.4924949400274393, 0.3870498363041106, 0.33240648216535607, 0.421503416856492]",2.09,4c2259e97b3f,ok,
779,74989.4209332,lbfgs,0.41693930470686225,0.0596805532435433,0.41868325202984635,0.4268885437558333,"[0.4914735087544342, 0.47007836618380433, 0.3688191881918819, 0.33272267294774494, 0.42160278745644597]",2.135,4c2259e97b3f,ok,
780,74989.4209332,liblinear,0.41691821370182414,0.05979377457041208,0.4185843137702004,0.4268622301514968,"[0.4913385378084221, 0.4702423378474697, 0.3682803135085293, 0.33264323228801185, 0.42208664705668736]",5.724,4c2259e97b3f,ok,
781,1.33352143216e-05,lbfgs,0.42409690694876,0.06272093463269793,0.4180560811180712,0.4481943416100537,"[0.49357262450013145, 0.49169760515686833, 0.38493723849372385, 0.3307227470058247, 0.41955431958725165]",1.036,4c2259e97b3f,ok,
782,1.33352143216e-05,liblinear,0.42570296565187044,0.06195082184646271,0.4179919515843248,0.4512959811996657,"[0.49369782740892254, 0.49283224607706183, 0.3877024769376044, 0.3329860658939966, 0.42129621194176703]",2.266,4c2259e97b3f,ok,
783,79432.8234724,lbfgs,0.41693930470686225,0.0596805532435433,0.41868325202984635,0.4268885437558333,"[0.4914735087544342, 0.47007836618380433, 0.3688191881918819, 0.33272267294774494, 0.42160278745644597]",2.461,4c2259e97b3f,ok,
784,79432.8234724,liblinear,0.41691821370182414,0.05979377457041208,0.4185843137702004,0.4268622301514968,"[0.4913385378084221, 0.4702423378474697, 0.3682803135085293, 0.33264323228801185, 0.42208664705668736]",6.539,4c2259e97b3f,ok,
785,1.25892541179e-05,lbfgs,0.4242779639755809,0.06256690542458462,0.41792280957057476,0.44870197699334413,"[0.49328979772544895, 0.4920085278581225, 0.3859092235843549, 0.3308634441877697, 0.4193188265222086]",1.08,4c2259e97b3f,ok,
786,1.25892541179e-05,liblinear,0.42597006574030194,0.06188068353211842,0.4179853298644224,0.4518955927077424,"[0.4936558396682792, 0.4933183498287277, 0.38871461986183387, 0.33314533622559656, 0.42101618311707245]",2.083,4c2259e97b3f,ok,
787,1.18850222744e-05,lbfgs,0.4245294780521124,0.06242554979782791,0.41795636779246725,0.44919023512227063,"[0.4930403741317763, 0.4924182829241828, 0.38693339163387264, 0.3310392891366844, 0.4192160524340455]",1.313,4c2259e97b3f,ok,
788,1.18850222744e-05,liblinear,0.42597020724146406,0.06182378261020632,0.41770434776719234,0.4522059530690451,"[0.49339304472825785, 0.4933881392141486, 0.389649427785021, 0.33284912082908746, 0.4205713036508052]",2.12,4c2259e97b3f,ok,
789,84139.5141645,lbfgs,0.41693930470686225,0.0596805532435433,0.41868325202984635,0.4268885437558333,"[0.4914735087544342, 0.47007836618380433, 0.3688191881918819, 0.33272267294774494, 0.42160278745644597]",2.129,4c2259e97b3f,ok,
790,84139.5141645,liblinear,0.41691821370182414,0.05979377457041208,0.4185843137702004,0.4268622301514968,"[0.4913385378084221, 0.4702423378474697, 0.3682803135085293, 0.33264323228801185, 0.42208664705668736]",5.863,4c2259e97b3f,ok,
791,89125.0938134,lbfgs,0.41693930470686225,0.0596805532435433,0.41868325202984635,0.4268885437558333,"[0.4914735087544342, 0.47007836618380433, 0.3688191881918819, 0.33272267294774494, 0.42160278745644597]",1.942,4c2259e97b3f,ok,
792,89125.0938134,liblinear,0.4169168171843756,0.05979252920757501,0.4185821401298154,0.4268622301514968,"[0.4913385378084221, 0.4702353552602272, 0.3682803135085293, 0.33264323228801185, 0.42208664705668736]",5.558,4c2259e97b3f,ok,
793,1.1220184543e-05,lbfgs,0.42466733073656676,0.06249500650357487,0.41783076661609025,0.4496458934202563,"[0.49308927904370564, 0.492782276629743, 0.38772836450978965, 0.3308084106046755, 0.41892832289492]",1.025,4c2259e97b3f,ok,
794,1.1220184543e-05,liblinear,0.42616209636615626,0.06176508863513931,0.41756622521805653,0.4527531423898278,"[0.49336650082918737, 0.49362046850739216, 0.3903947344628682, 0.3329073620827828, 0.4205214159485507]",1.986,4c2259e97b3f,ok,
795,1.05925372518e-05,lbfgs,0.4250090990917202,0.062387639323869176,0.4177467607924884,0.4504448488352578,"[0.49317075868170757, 0.4929057389798872, 0.388523458225824, 0.3309702953072674, 0.4194752442639148]",1.119,4c2259e97b3f,ok,
796,1.05925372518e-05,liblinear,0.42634941107860974,0.06178072775287043,0.41749766701919333,0.4532506325641165,"[0.49345050572044435, 0.49393269334483875, 0.390874771959612, 0.33295813671587515, 0.4205309476522785]",2.08,4c2259e97b3f,ok,
797,94406.0876286,lbfgs,0.41693930470686225,0.0596805532435433,0.41868325202984635,0.4268885437558333,"[0.4914735087544342, 0.47007836618380433, 0.3688191881918819, 0.33272267294774494, 0.42160278745644597]",2.371,4c2259e97b3f,ok,
798,94406.0876286,liblinear,0.41691821370182414,0.05979377457041208,0.4185843137702004,0.4268622301514968,"[0.4913385378084221, 0.4702423378474697, 0.3682803135085293, 0.33264323228801185, 0.42208664705668736]",6.074,4c2259e97b3f,ok,
799,1e-05,lbfgs,0.42510092487814244,0.062384603898472564,0.41753539142304524,0.45086759470819127,"[0.49337258641898524, 0.4929771487223813, 0.3890592954244333, 0.33099463475030955, 0.4191009590746028]",1.015,4c2259e97b3f,ok,
800,1e-05,liblinear,0.4264084484673332,0.061710736262178746,0.41724596941924197,0.45363185210974477,"[0.493368700265252, 0.49404064482243143, 0.3915137738810413, 0.33299452866503754, 0.4201245947029036]",2.06,4c2259e97b3f,ok,
801,100000.0,lbfgs,0.41693930470686225,0.0596805532435433,0.41868325202984635,0.4268885437558333,"[0.4914735087544342, 0.47007836618380433, 0.3688191881918819, 0.33272267294774494, 0.42160278745644597]",2.234,4c2259e97b3f,ok,
802,100000.0,liblinear,0.41691821370182414,0.05979377457041208,0.4185843137702004,0.4268622301514968,"[0.4913385378084221, 0.4702423378474697, 0.3682803135085293, 0.33264323228801185, 0.42208664705668736]",5.979,4c2259e97b3f,ok,
803,9.44060876286e-06,lbfgs,0.42535983383035203,0.06224386170783893,0.417410540611884,0.45151038320364323,"[0.49333314910256587, 0.49318801089918257, 0.39033928377448673, 0.33111950340756174, 0.4188192219679634]",0.992,4c2259e97b3f,ok,
804,9.44060876286e-06,liblinear,0.4264985478288609,0.0616564109614484,0.41702803531934657,0.4540464983113911,"[0.49347384704631153, 0.49395305038003634, 0.39198025687676763, 0.3330163806889398, 0.42006920415224913]",2.06,4c2259e97b3f,ok,
805,105925.372518,lbfgs,0.41693930470686225,0.0596805532435433,0.41868325202984635,0.4268885437558333,"[0.4914735087544342, 0.47007836618380433, 0.3688191881918819, 0.33272267294774494, 0.42160278745644597]",2.418,4c2259e97b3f,ok,
806,105925.372518,liblinear,0.41691821370182414,0.05979377457041208,0.4185843137702004,0.4268622301514968,"[0.4913385378084221, 0.4702423378474697, 0.3682803135085293, 0.33264323228801185, 0.42208664705668736]",6.91,4c2259e97b3f,ok,
807,112201.84543,lbfgs,0.41693930470686225,0.0596805532435433,0.41868325202984635,0.4268885437558333,"[0.4914735087544342, 0.47007836618380433, 0.3688191881918819, 0.33272267294774494, 0.42160278745644597]",2.516,4c2259e97b3f,ok,
808,112201.84543,liblinear,0.41691821370182414,0.05979377457041208,0.4185843137702004,0.4268622301514968,"[0.4913385378084221, 0.4702423378474697, 0.3682803135085293, 0.33264323228801185, 0.42208664705668736]",6.849,4c2259e97b3f,ok,
809,8.91250938134e-06,lbfgs,0.42525886941208013,0.06221913775957905,0.41706435165373434,0.45166270690558097,"[0.49327862284301127, 0.4931816956826389, 0.3903876753941849, 0.3311789711113039, 0.4182673820292615]",1.266,4c2259e97b3f,ok,
810,8.91250938134e-06,liblinear,0.4267437076774197,0.06137659873348054,0.4170399108427315,0.4545242064855827,"[0.4934322297269299, 0.4939459503043823, 0.39279739526182295, 0.3336140078157048, 0.4199289552782585]",2.458,4c2259e97b3f,ok,
811,8.41395141645e-06,lbfgs,0.42548211204637454,0.062102517058902816,0.41708018852104123,0.4521281498381695,"[0.4933066243006148, 0.4933299231359457, 0.3911645715937003, 0.33141097909981787, 0.41819846210179423]",1.28,4c2259e97b3f,ok,
812,8.41395141645e-06,liblinear,0.4269423205861537,0.06124693434830295,0.41691955496744193,0.45503631021073543,"[0.4933917054509799, 0.4939319084953281, 0.39390782714896366, 0.3336065573770492, 0.4198736044584479]",2.357,4c2259e97b3f,ok,
813,118850.222744,lbfgs,0.41693930470686225,0.0596805532435433,0.41868325202984635,0.4268885437558333,"[0.4914735087544342, 0.47007836618380433, 0.3688191881918819, 0.33272267294774494, 0.42160278745644597]",2.612,4c2259e97b3f,ok,
814,118850.222744,liblinear,0.41691676389694143,0.05979581800045954,0.418579996681531,0.4268622301514968,"[0.4913385378084221, 0.4702423378474697, 0.3682803135085293, 0.33263598326359833, 0.42208664705668736]",6.636,4c2259e97b3f,ok,
815,125892.541179,lbfgs,0.41693930470686225,0.0596805532435433,0.41868325202984635,0.4268885437558333,"[0.4914735087544342, 0.47007836618380433, 0.3688191881918819, 0.33272267294774494, 0.42160278745644597]",2.622,4c2259e97b3f,ok,
816,125892.541179,liblinear,0.41691821370182414,0.05979377457041208,0.4185843137702004,0.4268622301514968,"[0.4913385378084221, 0.4702423378474697, 0.3682803135085293, 0.33264323228801185, 0.42208664705668736]",7.188,4c2259e97b3f,ok,
817,7.94328234724e-06,lbfgs,0.4258522078706675,0.06162742058752433,0.4171558183533247,0.45277224579969283,"[0.49309958970533385, 0.49330249072031845, 0.39281013936214326, 0.3322503790340048, 0.41779844053153714]",1.272,4c2259e97b3f,ok,
818,7.94328234724e-06,liblinear,0.4271711063743099,0.06098695862581955,0.4168253104092157,0.4556023674004262,"[0.4931094479273109, 0.49393277108110645, 0.3946788102622945, 0.3339655172413793, 0.42016898535945807]",2.503,4c2259e97b3f,ok,
819,133352.143216,lbfgs,0.41693930470686225,0.0596805532435433,0.41868325202984635,0.4268885437558333,"[0.4914735087544342, 0.47007836618380433, 0.3688191881918819, 0.33272267294774494, 0.42160278745644597]",2.494,4c2259e97b3f,ok,
820,133352.143216,liblinear,0.41691821370182414,0.05979377457041208,0.4185843137702004,0.4268622301514968,"[0.4913385378084221, 0.4702423378474697, 0.3682803135085293, 0.33264323228801185, 0.42208664705668736]",6.681,4c2259e97b3f,ok,
821,7.49894209332e-06,lbfgs,0.4259891600233721,0.06156100361042346,0.4170288782300666,0.45319270951480384,"[0.4928937445615392, 0.49343077460436874, 0.3934526596319372, 0.3321718428741478, 0.4179967784448675]",1.253,4c2259e97b3f,ok,
822,7.49894209332e-06,liblinear,0.42741338211376734,0.06061337648768014,0.4168073597619631,0.45608909784748963,"[0.4929441329982602, 0.4938377451505734, 0.39537965616045845, 0.33476117700238933, 0.42014419925715535]",2.305,4c2259e97b3f,ok,
823,141253.754462,lbfgs,0.41693930470686225,0.0596805532435433,0.41868325202984635,0.4268885437558333,"[0.4914735087544342, 0.47007836618380433, 0.3688191881918819, 0.33272267294774494, 0.42160278745644597]",2.452,4c2259e97b3f,ok,
824,141253.754462,liblinear,0.41691821370182414,0.05979377457041208,0.4185843137702004,0.4268622301514968,"[0.4913385378084221, 0.4702423378474697, 0.3682803135085293, 0.33264323228801185, 0.42208664705668736]",6.78,4c2259e97b3f,ok,
825,7.07945784384e-06,lbfgs,0.42610381399838326,0.061418886699859905,0.41684590006209515,0.4535956572525578,"[0.49281206413213097, 0.49341028049926183, 0.3942390678941312, 0.33231713908888455, 0.4177405183775077]",1.282,4c2259e97b3f,ok,
826,7.07945784384e-06,liblinear,0.4276093912062427,0.06047550455864041,0.41669680430709233,0.45657985843559656,"[0.49283485655907444, 0.4938770593824864, 0.39619401917298613, 0.3348741212134242, 0.4202668997032425]",2.314,4c2259e97b3f,ok,
827,149623.565609,lbfgs,0.41693930470686225,0.0596805532435433,0.41868325202984635,0.4268885437558333,"[0.4914735087544342, 0.47007836618380433, 0.3688191881918819, 0.33272267294774494, 0.42160278745644597]",2.452,4c2259e97b3f,ok,
828,149623.565609,liblinear,0.41691821370182414,0.05979377457041208,0.4185843137702004,0.4268622301514968,"[0.4913385378084221, 0.4702423378474697, 0.3682803135085293, 0.33264323228801185, 0.42208664705668736]",6.75,4c2259e97b3f,ok,
829,6.68343917569e-06,lbfgs,0.42627234869717895,0.06120612735705735,0.41671748793289876,0.4540420830750378,"[0.49257070260715863, 0.49340305711987126, 0.394719353390211, 0.33264949143757966, 0.41801913893107423]",1.275,4c2259e97b3f,ok,
830,6.68343917569e-06,liblinear,0.4277613605814346,0.06034862185044997,0.4166025573180899,0.45697552587651985,"[0.49267679905026157, 0.49406290115532736, 0.39708508966207046, 0.335037374344875, 0.4199446386946387]",2.302,4c2259e97b3f,ok,
831,158489.319246,lbfgs,0.41693930470686225,0.0596805532435433,0.41868325202984635,0.4268885437558333,"[0.4914735087544342, 0.47007836618380433, 0.3688191881918819, 0.33272267294774494, 0.42160278745644597]",2.46,4c2259e97b3f,ok,
832,158489.319246,liblinear,0.41691821370182414,0.05979377457041208,0.4185843137702004,0.4268622301514968,"[0.4913385378084221, 0.4702423378474697, 0.3682803135085293, 0.33264323228801185, 0.42208664705668736]",6.743,4c2259e97b3f,ok,
833,6.3095734448e-06,lbfgs,0.42627924472960466,0.06126796078539981,0.41651098029997835,0.4542664681709705,"[0.4926055316974827, 0.4934751735041132, 0.39511398898674466, 0.3324123640131238, 0.4177891654465593]",1.27,4c2259e97b3f,ok,
834,6.3095734448e-06,liblinear,0.42785243464995376,0.06030552885507712,0.4163723109501996,0.4573784645359119,"[0.49261518924440273, 0.49431567697548595, 0.39730964104759864, 0.3352568915585112, 0.41976477442377014]",2.356,4c2259e97b3f,ok,
835,167880.401812,lbfgs,0.41693930470686225,0.0596805532435433,0.41868325202984635,0.4268885437558333,"[0.4914735087544342, 0.47007836618380433, 0.3688191881918819, 0.33272267294774494, 0.42160278745644597]",2.55,4c2259e97b3f,ok,
836,167880.401812,liblinear,0.41691676389694143,0.05979581800045954,0.418579996681531,0.4268622301514968,"[0.4913385378084221, 0.4702423378474697, 0.3682803135085293, 0.33263598326359833, 0.42208664705668736]",6.661,4c2259e97b3f,ok,
837,5.95662143529e-06,lbfgs,0.42638321100080046,0.06106123601306413,0.4164087998903578,0.4545050771193774,"[0.4923688899324595, 0.49345013260467735, 0.3954925742130816, 0.3327726743433821, 0.4178317839104019]",1.305,4c2259e97b3f,ok,
838,5.95662143529e-06,liblinear,0.4281178410257767,0.06009766562350628,0.41631278771629676,0.45794754353969724,"[0.4926067567754138, 0.49440871120125973, 0.3978193867916125, 0.3358111437201431, 0.41994320664045437]",2.32,4c2259e97b3f,ok,
839,177827.941004,lbfgs,0.41693930470686225,0.0596805532435433,0.41868325202984635,0.4268885437558333,"[0.4914735087544342, 0.47007836618380433, 0.3688191881918819, 0.33272267294774494, 0.42160278745644597]",2.588,4c2259e97b3f,ok,
840,177827.941004,liblinear,0.41691821370182414,0.05979377457041208,0.4185843137702004,0.4268622301514968,"[0.4913385378084221, 0.4702423378474697, 0.3682803135085293, 0.33264323228801185, 0.42208664705668736]",6.755,4c2259e97b3f,ok,
841,5.6234132519e-06,lbfgs,0.42656011073736233,0.06113440297727368,0.41619896586264105,0.4551746505771973,"[0.4924449600839756, 0.49400761573919433, 0.39566774078052275, 0.3329385672143149, 0.41774166986880384]",1.266,4c2259e97b3f,ok,
842,5.6234132519e-06,liblinear,0.4282775529293138,0.05985913416183225,0.4161644457252526,0.4584063024029995,"[0.49244788071241197, 0.49442785539084994, 0.3981497954100694, 0.3363786131496181, 0.41998361998362]",2.278,4c2259e97b3f,ok,
843,5.30884444231e-06,lbfgs,0.42675967829722083,0.060994843331749926,0.416139218864792,0.4556452719566801,"[0.49247424673423734, 0.49422725270618384, 0.3957200114514744, 0.3335483593514815, 0.41782852124272696]",1.267,4c2259e97b3f,ok,
844,5.30884444231e-06,liblinear,0.4284966869862778,0.059862379173711976,0.41604120123501503,0.4589658249708621,"[0.49251711950519106, 0.4946992701507645, 0.3990905538385023, 0.336318748263258, 0.4198577431736734]",2.311,4c2259e97b3f,ok,
845,188364.908949,lbfgs,0.41693930470686225,0.0596805532435433,0.41868325202984635,0.4268885437558333,"[0.4914735087544342, 0.47007836618380433, 0.3688191881918819, 0.33272267294774494, 0.42160278745644597]",2.516,4c2259e97b3f,ok,
846,188364.908949,liblinear,0.41691821370182414,0.05979377457041208,0.4185843137702004,0.4268622301514968,"[0.4913385378084221, 0.4702423378474697, 0.3682803135085293, 0.33264323228801185, 0.42208664705668736]",7.486,4c2259e97b3f,ok,
847,5.01187233627e-06,lbfgs,0.4268939154250882,0.0608352326129404,0.4161432639294418,0.4559177155162577,"[0.49232851362362073, 0.49429779514745703, 0.3963728716554586, 0.3338204323720291, 0.41764996432687557]",1.252,4c2259e97b3f,ok,
848,5.01187233627e-06,liblinear,0.42867129895934,0.0597414656057292,0.4159507443461502,0.4593945034235499,"[0.4923582443981168, 0.4949164271265836, 0.3994818836722382, 0.33662140234008026, 0.419978537259681]",2.3,4c2259e97b3f,ok,
849,199526.231497,lbfgs,0.41693930470686225,0.0596805532435433,0.41868325202984635,0.4268885437558333,"[0.4914735087544342, 0.47007836618380433, 0.3688191881918819, 0.33272267294774494, 0.42160278745644597]",2.643,4c2259e97b3f,ok,
850,199526.231497,liblinear,0.41691821370182414,0.05979377457041208,0.4185843137702004,0.4268622301514968,"[0.4913385378084221, 0.4702423378474697, 0.3682803135085293, 0.33264323228801185, 0.42208664705668736]",6.807,4c2259e97b3f,ok,
851,4.73151258961e-06,lbfgs,0.4270126916196036,0.06067085537314425,0.41608080761903954,0.4562365438481085,"[0.4920794950764429, 0.4945095948827292, 0.3967536066071971, 0.3342279861722457, 0.417492775359403]",1.263,4c2259e97b3f,ok,
852,4.73151258961e-06,liblinear,0.42879354551088544,0.05961999013078846,0.415755669099079,0.45982131438878115,"[0.49225544603661064, 0.49504713531625205, 0.3997094053441066, 0.33696556136048617, 0.41999017949697204]",2.266,4c2259e97b3f,ok,
853,211348.903984,lbfgs,0.41693930470686225,0.0596805532435433,0.41868325202984635,0.4268885437558333,"[0.4914735087544342, 0.47007836618380433, 0.3688191881918819, 0.33272267294774494, 0.42160278745644597]",2.596,4c2259e97b3f,ok,
854,211348.903984,liblinear,0.41691821370182414,0.05979377457041208,0.4185843137702004,0.4268622301514968,"[0.4913385378084221, 0.4702423378474697, 0.3682803135085293, 0.33264323228801185, 0.42208664705668736]",6.71,4c2259e97b3f,ok,
855,4.46683592151e-06,lbfgs,0.42706362407045895,0.06072583457905285,0.4159726624247523,0.45649777615476445,"[0.4921572959240031, 0.49476080791404264, 0.39661828841066704, 0.33433476394849787, 0.41744696415508414]",1.281,4c2259e97b3f,ok,
856,4.46683592151e-06,liblinear,0.4290080381603113,0.0594449217260771,0.41572815507840566,0.46028380988459716,"[0.4922142462727775, 0.4951907747900946, 0.40015579908999166, 0.3374659168370825, 0.42001345381161026]",2.133,4c2259e97b3f,ok,
857,223872.113857,lbfgs,0.41693930470686225,0.0596805532435433,0.41868325202984635,0.4268885437558333,"[0.4914735087544342, 0.47007836618380433, 0.3688191881918819, 0.33272267294774494, 0.42160278745644597]",2.499,4c2259e97b3f,ok,
858,223872.113857,liblinear,0.41691676389694143,0.05979581800045954,0.418579996681531,0.4268622301514968,"[0.4913385378084221, 0.4702423378474697, 0.3682803135085293, 0.33263598326359833, 0.42208664705668736]",6.801,4c2259e97b3f,ok,
859,4.21696503429e-06,lbfgs,0.42705092817175777,0.06065251675126707,0.4158048415030654,0.4566609755647411,"[0.4919227901582305, 0.49479132019743755, 0.396734664713658, 0.33439866154737136, 0.41740720424209177]",1.28,4c2259e97b3f,ok,
860,4.21696503429e-06,liblinear,0.42910900069066954,0.05942515481552472,0.4155180242297282,0.4606909011661453,"[0.4921458741683461, 0.495473491385032, 0.40050921178259485, 0.33759601676702766, 0.4198204093503472]",2.155,4c2259e97b3f,ok,
861,237137.370566,lbfgs,0.41693930470686225,0.0596805532435433,0.41868325202984635,0.4268885437558333,"[0.4914735087544342, 0.47007836618380433, 0.3688191881918819, 0.33272267294774494, 0.42160278745644597]",2.496,4c2259e97b3f,ok,
862,237137.370566,liblinear,0.41691821370182414,0.05979377457041208,0.4185843137702004,0.4268622301514968,"[0.4913385378084221, 0.4702423378474697, 0.3682803135085293, 0.33264323228801185, 0.42208664705668736]",6.853,4c2259e97b3f,ok,
863,251188.643151,lbfgs,0.41693930470686225,0.0596805532435433,0.41868325202984635,0.4268885437558333,"[0.4914735087544342, 0.47007836618380433, 0.3688191881918819, 0.33272267294774494, 0.42160278745644597]",2.481,4c2259e97b3f,ok,
864,251188.643151,liblinear,0.41691821370182414,0.05979377457041208,0.4185843137702004,0.4268622301514968,"[0.4913385378084221, 0.4702423378474697, 0.3682803135085293, 0.33264323228801185, 0.42208664705668736]",6.843,4c2259e97b3f,ok,
865,3.98107170553e-06,lbfgs,0.4270976177023947,0.06068669857192706,0.41567661448039833,0.4568793006959198,"[0.4918390455411638, 0.49502054275419166, 0.39703074534715654, 0.3343123593096795, 0.417285395559782]",1.29,4c2259e97b3f,ok,
866,3.98107170553e-06,liblinear,0.42918818172136464,0.05920186118104733,0.41535355585047357,0.46099704228117383,"[0.49183405812107406, 0.4955827341946781, 0.4008970035138523, 0.3380952380952381, 0.4195318746819801]",2.171,4c2259e97b3f,ok,
867,266072.50598,lbfgs,0.41693930470686225,0.0596805532435433,0.41868325202984635,0.4268885437558333,"[0.4914735087544342, 0.47007836618380433, 0.3688191881918819, 0.33272267294774494, 0.42160278745644597]",2.494,4c2259e97b3f,ok,
868,266072.50598,liblinear,0.41691821370182414,0.05979377457041208,0.4185843137702004,0.4268622301514968,"[0.4913385378084221, 0.4702423378474697, 0.3682803135085293, 0.33264323228801185, 0.42208664705668736]",6.783,4c2259e97b3f,ok,
869,3.75837404288e-06,lbfgs,0.4275716962578242,0.060524130745544656,0.4155743769587096,0.4578734669245284,"[0.4919512935914073, 0.49503713841533903, 0.39936839117166983, 0.334197835173079, 0.41730382293762575]",1.265,4c2259e97b3f,ok,
870,3.75837404288e-06,liblinear,0.42933585486809384,0.05915323245207861,0.4151910768308655,0.46145943171313963,"[0.4919245741420723, 0.4956265903307888, 0.40169975667383717, 0.33812567690968165, 0.41930267628408946]",2.186,4c2259e97b3f,ok,
871,281838.293126,lbfgs,0.41693930470686225,0.0596805532435433,0.41868325202984635,0.4268885437558333,"[0.4914735087544342, 0.47007836618380433, 0.3688191881918819, 0.33272267294774494, 0.42160278745644597]",2.494,4c2259e97b3f,ok,
872,281838.293126,liblinear,0.41691676389694143,0.05979581800045954,0.418579996681531,0.4268622301514968,"[0.4913385378084221, 0.4702423378474697, 0.3682803135085293, 0.33263598326359833, 0.42208664705668736]",6.882,4c2259e97b3f,ok,
873,3.54813389234e-06,lbfgs,0.42767066121081293,0.06048889614487393,0.4154397606097356,0.4583194979336421,"[0.49175801419223014, 0.4955707617228941, 0.39972347289679866, 0.33451850582590814, 0.4167825514162336]",1.261,4c2259e97b3f,ok,
874,3.54813389234e-06,liblinear,0.4295670213970039,0.05888909186309722,0.4151114269457062,0.4619740882677806,"[0.4918707041709222, 0.49564249953643613, 0.40209925680673453, 0.3388256250397608, 0.41939702143116603]",2.23,4c2259e97b3f,ok,
875,3.34965439158e-06,lbfgs,0.4280359821772118,0.059934159942628434,0.4152255371734356,0.4590655571726865,"[0.49169646185066057, 0.4957194730843648, 0.3998016224450034, 0.3363948260063503, 0.4165675274996797]",1.229,4c2259e97b3f,ok,
876,3.34965439158e-06,liblinear,0.4297014514940364,0.0588316302694804,0.41500265910718187,0.46236230463053196,"[0.4916706921537506, 0.49584436209634725, 0.40276556067696423, 0.33882143538236603, 0.41940520716075386]",2.112,4c2259e97b3f,ok,
877,298538.261892,lbfgs,0.41693930470686225,0.0596805532435433,0.41868325202984635,0.4268885437558333,"[0.4914735087544342, 0.47007836618380433, 0.3688191881918819, 0.33272267294774494, 0.42160278745644597]",2.53,4c2259e97b3f,ok,
878,298538.261892,liblinear,0.41691821370182414,0.05979377457041208,0.4185843137702004,0.4268622301514968,"[0.4913385378084221, 0.4702423378474697, 0.3682803135085293, 0.33264323228801185, 0.42208664705668736]",6.905,4c2259e97b3f,ok,
879,3.16227766017e-06,lbfgs,0.42800086088949446,0.05992876679207544,0.41502458495938654,0.4592142868272858,"[0.49157245206443867, 0.49578897187351023, 0.3996318062734546, 0.3364282976276673, 0.4165827766084012]",1.234,4c2259e97b3f,ok,
880,3.16227766017e-06,liblinear,0.4299778216512247,0.05864590921571374,0.4149923629055339,0.4629172332730761,"[0.4915462437718245, 0.4961117282970957, 0.40335248537241053, 0.33934467868935736, 0.41953397212543553]",2.096,4c2259e97b3f,ok,
881,316227.766017,lbfgs,0.41693930470686225,0.0596805532435433,0.41868325202984635,0.4268885437558333,"[0.4914735087544342, 0.47007836618380433, 0.3688191881918819, 0.33272267294774494, 0.42160278745644597]",2.524,4c2259e97b3f,ok,
882,316227.766017,liblinear,0.41691821370182414,0.05979377457041208,0.4185843137702004,0.4268622301514968,"[0.4913385378084221, 0.4702423378474697, 0.3682803135085293, 0.33264323228801185, 0.42208664705668736]",6.71,4c2259e97b3f,ok,
883,2.98538261892e-06,lbfgs,0.42800459561115745,0.05988507971137401,0.4148651204048651,0.45938542927496606,"[0.49149641082274986, 0.4958052137091438, 0.4002617245525925, 0.3364048434806665, 0.41605478549063407]",1.287,4c2259e97b3f,ok,
884,2.98538261892e-06,liblinear,0.43006520773789336,0.05856508488163503,0.41482185861403265,0.4632655927660553,"[0.4915046031110682, 0.4963002114164905, 0.40357406172102656, 0.3396824725704501, 0.41926468987043153]",2.116,4c2259e97b3f,ok,
885,334965.439158,lbfgs,0.41693930470686225,0.0596805532435433,0.41868325202984635,0.4268885437558333,"[0.4914735087544342, 0.47007836618380433, 0.3688191881918819, 0.33272267294774494, 0.42160278745644597]",2.653,4c2259e97b3f,ok,
886,334965.439158,liblinear,0.41691676389694143,0.05979581800045954,0.418579996681531,0.4268622301514968,"[0.4913385378084221, 0.4702423378474697, 0.3682803135085293, 0.33263598326359833, 0.42208664705668736]",6.935,4c2259e97b3f,ok,
887,354813.389234,lbfgs,0.41693930470686225,0.0596805532435433,0.41868325202984635,0.4268885437558333,"[0.4914735087544342, 0.47007836618380433, 0.3688191881918819, 0.33272267294774494, 0.42160278745644597]",2.568,4c2259e97b3f,ok,
888,354813.389234,liblinear,0.41691821370182414,0.05979377457041208,0.4185843137702004,0.4268622301514968,"[0.4913385378084221, 0.4702423378474697, 0.3682803135085293, 0.33264323228801185, 0.42208664705668736]",6.871,4c2259e97b3f,ok,
889,2.81838293126e-06,lbfgs,0.4282005518189374,0.059774447580232766,0.41487581019955827,0.45984044733423063,"[0.4914344086912108, 0.4962801453584407, 0.4003535442814212, 0.33707530722456097, 0.4158593535390532]",1.217,4c2259e97b3f,ok,
890,2.81838293126e-06,liblinear,0.43020471773395597,0.058544238719430354,0.4146351675524622,0.4636898070297894,"[0.4914697438162544, 0.4963879607496137, 0.4040878573807562, 0.33961786128998206, 0.4194601654331737]",2.073,4c2259e97b3f,ok,
891,375837.404288,lbfgs,0.41693930470686225,0.0596805532435433,0.41868325202984635,0.4268885437558333,"[0.4914735087544342, 0.47007836618380433, 0.3688191881918819, 0.33272267294774494, 0.42160278745644597]",2.508,4c2259e97b3f,ok,
892,375837.404288,liblinear,0.4169168171843756,0.05979252920757501,0.4185821401298154,0.4268622301514968,"[0.4913385378084221, 0.4702353552602272, 0.3682803135085293, 0.33264323228801185, 0.42208664705668736]",6.814,4c2259e97b3f,ok,
893,2.6607250598e-06,lbfgs,0.4283498779301359,0.059704484534404814,0.4147923879008458,0.4602326570986596,"[0.4914000165649761, 0.49656702228794763, 0.4005087170791161, 0.33745380400152925, 0.4158198297171107]",1.235,4c2259e97b3f,ok,
894,2.6607250598e-06,liblinear,0.4303335757804926,0.05848172712859093,0.41447325945610175,0.4641283987356145,"[0.4914774687737216, 0.49668786783141117, 0.4042519657461079, 0.3400261526131522, 0.41922442393806997]",1.918,4c2259e97b3f,ok,
895,398107.170553,lbfgs,0.41693930470686225,0.0596805532435433,0.41868325202984635,0.4268885437558333,"[0.4914735087544342, 0.47007836618380433, 0.3688191881918819, 0.33272267294774494, 0.42160278745644597]",2.482,4c2259e97b3f,ok,
896,398107.170553,liblinear,0.41691821370182414,0.05979377457041208,0.4185843137702004,0.4268622301514968,"[0.4913385378084221, 0.4702423378474697, 0.3682803135085293, 0.33264323228801185, 0.42208664705668736]",6.883,4c2259e97b3f,ok,
897,2.51188643151e-06,lbfgs,0.4287268899729936,0.05952665822928399,0.4146229355747482,0.4611321711782844,"[0.49123436680378785, 0.4966876929979677, 0.4008260815843821, 0.33773949205406206, 0.4171468164247684]",1.219,4c2259e97b3f,ok,
898,2.51188643151e-06,liblinear,0.43034256392736187,0.058437085694186076,0.41423434372146656,0.46437225504020285,"[0.4912493788991332, 0.4968152866242038, 0.4042836144746973, 0.3400956413659441, 0.4192688982728311]",1.986,4c2259e97b3f,ok,
899,2.37137370566e-06,lbfgs,0.4286999320967144,0.05956798150312503,0.41448891077544303,0.46123779520434754,"[0.4911791502167251, 0.4968873648113954, 0.4010446075663467, 0.33770971641886016, 0.41667882147024504]",1.189,4c2259e97b3f,ok,
900,2.37137370566e-06,liblinear,0.4305341382414313,0.058283231048949655,0.4141281190977672,0.46481323353590354,"[0.49118012422360247, 0.4969679392533221, 0.4049075465762522, 0.3404998317064961, 0.4191152494474838]",2.002,4c2259e97b3f,ok,
901,421696.503429,lbfgs,0.41693930470686225,0.0596805532435433,0.41868325202984635,0.4268885437558333,"[0.4914735087544342, 0.47007836618380433, 0.3688191881918819, 0.33272267294774494, 0.42160278745644597]",2.465,4c2259e97b3f,ok,
902,421696.503429,liblinear,0.41691821370182414,0.05979377457041208,0.4185843137702004,0.4268622301514968,"[0.4913385378084221, 0.4702423378474697, 0.3682803135085293, 0.33264323228801185, 0.42208664705668736]",6.791,4c2259e97b3f,ok,
903,2.23872113857e-06,lbfgs,0.4287275543840109,0.059545459170707395,0.41439907776312407,0.4613905724522923,"[0.491102613305355, 0.49700085689802914, 0.40127703107912654, 0.33777137042062416, 0.4164859002169197]",1.211,4c2259e97b3f,ok,
904,2.23872113857e-06,liblinear,0.43067119518023284,0.058186874686733274,0.414011573743601,0.46519304122287497,"[0.49122177441616516, 0.4970680862839147, 0.4053903086161151, 0.3408092485549133, 0.4188665580300561]",1.991,4c2259e97b3f,ok,
905,446683.592151,lbfgs,0.41693930470686225,0.0596805532435433,0.41868325202984635,0.4268885437558333,"[0.4914735087544342, 0.47007836618380433, 0.3688191881918819, 0.33272267294774494, 0.42160278745644597]",2.48,4c2259e97b3f,ok,
906,446683.592151,liblinear,0.41691821370182414,0.05979377457041208,0.4185843137702004,0.4268622301514968,"[0.4913385378084221, 0.4702423378474697, 0.3682803135085293, 0.33264323228801185, 0.42208664705668736]",6.637,4c2259e97b3f,ok,
907,2.11348903984e-06,lbfgs,0.42877081471524736,0.05948064795914347,0.41427945113275,0.4616045154531778,"[0.49114525101108397, 0.49700914385095785, 0.40140336030746987, 0.33800788035419227, 0.41628843805253274]",1.197,4c2259e97b3f,ok,
908,2.11348903984e-06,liblinear,0.43082305376653496,0.057988987230283874,0.41394407047467796,0.4655576502235026,"[0.49118787694770694, 0.49702349594352546, 0.40584613774700457, 0.3412780076016883, 0.41877975059274947]",1.954,4c2259e97b3f,ok,
