already-tested LR combos: 5
remaining untested combos to try: 1600
[1] LR_20260709_075841 f1_up=0.5483 | C=5.444e-08 solver=lbfgs | elapsed=2s
[2] LR_20260709_075843 f1_up=0.5484 | C=5.767e-04 solver=lbfgs | elapsed=5s
[3] LR_20260709_075846 f1_up=0.5475 | C=3.104e+01 solver=lbfgs | elapsed=8s
[4] LR_20260709_075849 f1_up=0.5481 | C=5.124e-05 solver=lbfgs | elapsed=10s
[5] LR_20260709_075851 f1_up=0.5475 | C=3.585e-01 solver=lbfgs | elapsed=13s
[6] LR_20260709_075854 f1_up=0.5482 | C=1.081e-05 solver=lbfgs | elapsed=15s
[7] LR_20260709_075856 f1_up=0.5475 | C=6.288e+02 solver=lbfgs | elapsed=18s
[8] LR_20260709_075859 f1_up=0.5481 | C=2.159e-05 solver=lbfgs | elapsed=20s
[9] LR_20260709_075901 f1_up=0.5482 | C=3.908e-07 solver=lbfgs | elapsed=22s
[10] LR_20260709_075903 f1_up=0.5477 | C=1.172e+03 solver=liblinear | elapsed=31s
[11] LR_20260709_075912 f1_up=0.5483 | C=1.514e-08 solver=lbfgs | elapsed=33s
[12] LR_20260709_075914 f1_up=0.5483 | C=3.965e-06 solver=lbfgs | elapsed=35s
[13] LR_20260709_075916 f1_up=0.5483 | C=3.222e-06 solver=liblinear | elapsed=38s
[14] LR_20260709_075919 f1_up=0.5490 | C=6.528e-05 solver=liblinear | elapsed=42s
[15] LR_20260709_075923 f1_up=0.5477 | C=9.522e+02 solver=liblinear | elapsed=50s
[16] LR_20260709_075931 f1_up=0.5477 | C=8.633e+00 solver=liblinear | elapsed=57s
[17] LR_20260709_075938 f1_up=0.5475 | C=1.847e+01 solver=lbfgs | elapsed=61s
[18] LR_20260709_075941 f1_up=0.5475 | C=1.409e-01 solver=lbfgs | elapsed=64s
[19] LR_20260709_075945 f1_up=0.5483 | C=1.148e-08 solver=lbfgs | elapsed=66s
[20] LR_20260709_075946 f1_up=0.5483 | C=2.055e-06 solver=lbfgs | elapsed=68s
[21] LR_20260709_075949 f1_up=0.5482 | C=4.336e-07 solver=lbfgs | elapsed=70s
[22] LR_20260709_075951 f1_up=0.5475 | C=5.110e+02 solver=lbfgs | elapsed=73s
[23] LR_20260709_075954 f1_up=0.5480 | C=1.467e-03 solver=lbfgs | elapsed=76s
[24] LR_20260709_075957 f1_up=0.5478 | C=2.073e-03 solver=liblinear | elapsed=81s
[25] LR_20260709_080002 f1_up=0.5481 | C=2.774e-02 solver=liblinear | elapsed=89s
[26] LR_20260709_080010 f1_up=0.5484 | C=7.097e-04 solver=lbfgs | elapsed=91s
[27] LR_20260709_080012 f1_up=0.5477 | C=8.173e+01 solver=liblinear | elapsed=99s
[28] LR_20260709_080020 f1_up=0.5477 | C=1.924e-01 solver=liblinear | elapsed=107s
[29] LR_20260709_080028 f1_up=0.5481 | C=2.333e-02 solver=lbfgs | elapsed=110s
[30] LR_20260709_080031 f1_up=0.5483 | C=2.347e-04 solver=lbfgs | elapsed=112s
[31] LR_20260709_080033 f1_up=0.5481 | C=3.864e-03 solver=liblinear | elapsed=118s
[32] LR_20260709_080039 f1_up=0.5481 | C=1.017e-02 solver=liblinear | elapsed=125s
[33] LR_20260709_080046 f1_up=0.5482 | C=6.004e-06 solver=liblinear | elapsed=128s
[34] LR_20260709_080049 f1_up=0.5475 | C=2.718e-01 solver=lbfgs | elapsed=131s
[35] LR_20260709_080052 f1_up=0.5482 | C=1.224e-06 solver=liblinear | elapsed=134s
[36] LR_20260709_080055 f1_up=0.5480 | C=1.369e-03 solver=liblinear | elapsed=139s
[37] LR_20260709_080100 f1_up=0.5477 | C=2.896e+01 solver=liblinear | elapsed=147s
[38] LR_20260709_080108 f1_up=0.5481 | C=6.490e-03 solver=liblinear | elapsed=154s
[39] LR_20260709_080115 f1_up=0.5483 | C=2.634e-08 solver=lbfgs | elapsed=156s
[40] LR_20260709_080117 f1_up=0.5489 | C=4.782e-05 solver=liblinear | elapsed=160s
[41] LR_20260709_080121 f1_up=0.5488 | C=4.311e-05 solver=lbfgs | elapsed=162s
[42] LR_20260709_080123 f1_up=0.5477 | C=7.475e+02 solver=liblinear | elapsed=170s
[43] LR_20260709_080131 f1_up=0.5482 | C=4.979e-07 solver=lbfgs | elapsed=172s
[44] LR_20260709_080133 f1_up=0.5483 | C=6.252e-08 solver=lbfgs | elapsed=174s
[45] LR_20260709_080135 f1_up=0.5483 | C=1.780e-04 solver=lbfgs | elapsed=176s
[46] LR_20260709_080137 f1_up=0.5483 | C=2.443e-06 solver=lbfgs | elapsed=178s
[47] LR_20260709_080139 f1_up=0.5482 | C=8.316e-05 solver=liblinear | elapsed=182s
[48] LR_20260709_080143 f1_up=0.5475 | C=1.632e+02 solver=lbfgs | elapsed=185s
[49] LR_20260709_080146 f1_up=0.5483 | C=1.059e-04 solver=liblinear | elapsed=190s
[50] LR_20260709_080151 f1_up=0.5483 | C=6.472e-08 solver=lbfgs | elapsed=192s
[51] LR_20260709_080153 f1_up=0.5475 | C=8.340e+00 solver=lbfgs | elapsed=195s
[52] LR_20260709_080156 f1_up=0.5480 | C=1.805e-03 solver=lbfgs | elapsed=197s
[53] LR_20260709_080158 f1_up=0.5482 | C=5.051e-06 solver=liblinear | elapsed=201s
[54] LR_20260709_080202 f1_up=0.5479 | C=3.658e-02 solver=liblinear | elapsed=208s
[55] LR_20260709_080209 f1_up=0.5477 | C=2.401e+00 solver=liblinear | elapsed=216s
[56] LR_20260709_080217 f1_up=0.5482 | C=1.764e-07 solver=liblinear | elapsed=219s
[57] LR_20260709_080220 f1_up=0.5477 | C=4.673e+03 solver=liblinear | elapsed=227s
[58] LR_20260709_080228 f1_up=0.5477 | C=2.486e+00 solver=liblinear | elapsed=235s
[59] LR_20260709_080236 f1_up=0.5477 | C=2.241e+00 solver=liblinear | elapsed=243s
[60] LR_20260709_080244 f1_up=0.5482 | C=4.188e-07 solver=lbfgs | elapsed=245s
[61] LR_20260709_080246 f1_up=0.5481 | C=6.057e-03 solver=liblinear | elapsed=251s
[62] LR_20260709_080252 f1_up=0.5480 | C=1.541e-02 solver=liblinear | elapsed=259s
[63] LR_20260709_080300 f1_up=0.5475 | C=2.508e+03 solver=lbfgs | elapsed=262s
[64] LR_20260709_080303 f1_up=0.5482 | C=8.033e-05 solver=lbfgs | elapsed=264s
[65] LR_20260709_080305 f1_up=0.5477 | C=2.209e-01 solver=liblinear | elapsed=272s
[66] LR_20260709_080313 f1_up=0.5482 | C=1.029e-06 solver=liblinear | elapsed=275s
[67] LR_20260709_080316 f1_up=0.5475 | C=1.263e+01 solver=lbfgs | elapsed=278s
[68] LR_20260709_080319 f1_up=0.5481 | C=8.559e-03 solver=lbfgs | elapsed=281s
[69] LR_20260709_080322 f1_up=0.5488 | C=4.164e-05 solver=liblinear | elapsed=285s
[70] LR_20260709_080326 f1_up=0.5483 | C=1.075e-03 solver=lbfgs | elapsed=288s
[71] LR_20260709_080329 f1_up=0.5489 | C=5.491e-05 solver=liblinear | elapsed=292s
[72] LR_20260709_080333 f1_up=0.5477 | C=9.119e-01 solver=liblinear | elapsed=300s
[73] LR_20260709_080341 f1_up=0.5483 | C=1.918e-06 solver=lbfgs | elapsed=302s
[74] LR_20260709_080343 f1_up=0.5481 | C=2.032e-02 solver=liblinear | elapsed=310s
[75] LR_20260709_080351 f1_up=0.5481 | C=1.129e-02 solver=lbfgs | elapsed=313s
[76] LR_20260709_080354 f1_up=0.5477 | C=2.165e+00 solver=liblinear | elapsed=321s
[77] LR_20260709_080402 f1_up=0.5479 | C=1.278e-03 solver=lbfgs | elapsed=324s
[78] LR_20260709_080405 f1_up=0.5475 | C=5.817e-01 solver=lbfgs | elapsed=327s
[79] LR_20260709_080408 f1_up=0.5483 | C=1.907e-04 solver=lbfgs | elapsed=329s
[80] LR_20260709_080410 f1_up=0.5484 | C=5.970e-04 solver=liblinear | elapsed=335s
[81] LR_20260709_080416 f1_up=0.5482 | C=1.224e-06 solver=lbfgs | elapsed=337s
[82] LR_20260709_080418 f1_up=0.5490 | C=6.758e-05 solver=liblinear | elapsed=341s
[83] LR_20260709_080422 f1_up=0.5479 | C=1.869e-03 solver=lbfgs | elapsed=344s
[84] LR_20260709_080425 f1_up=0.5482 | C=4.686e-04 solver=liblinear | elapsed=349s
[85] LR_20260709_080430 f1_up=0.5477 | C=4.540e+01 solver=liblinear | elapsed=357s
[86] LR_20260709_080438 f1_up=0.5477 | C=2.486e+00 solver=lbfgs | elapsed=360s
[87] LR_20260709_080441 f1_up=0.5477 | C=5.184e+03 solver=liblinear | elapsed=368s
[88] LR_20260709_080449 f1_up=0.5477 | C=8.292e+02 solver=liblinear | elapsed=376s
[89] LR_20260709_080457 f1_up=0.5477 | C=4.361e+03 solver=liblinear | elapsed=384s
[90] LR_20260709_080505 f1_up=0.5477 | C=5.587e+01 solver=liblinear | elapsed=392s
[91] LR_20260709_080513 f1_up=0.5483 | C=1.497e-04 solver=lbfgs | elapsed=394s
[92] LR_20260709_080515 f1_up=0.5482 | C=2.097e-07 solver=liblinear | elapsed=397s
[93] LR_20260709_080518 f1_up=0.5476 | C=1.315e-01 solver=liblinear | elapsed=404s
[94] LR_20260709_080525 f1_up=0.5475 | C=4.475e+00 solver=lbfgs | elapsed=408s
[95] LR_20260709_080529 f1_up=0.5483 | C=6.935e-08 solver=lbfgs | elapsed=410s
[96] LR_20260709_080531 f1_up=0.5483 | C=1.790e-06 solver=liblinear | elapsed=412s
[97] LR_20260709_080533 f1_up=0.5481 | C=2.566e-05 solver=lbfgs | elapsed=415s
[98] LR_20260709_080535 f1_up=0.5484 | C=1.842e-04 solver=liblinear | elapsed=419s
[99] LR_20260709_080540 f1_up=0.5482 | C=9.885e-05 solver=lbfgs | elapsed=421s
[100] LR_20260709_080542 f1_up=0.5484 | C=6.856e-04 solver=liblinear | elapsed=426s
[101] LR_20260709_080547 f1_up=0.5478 | C=3.185e-02 solver=lbfgs | elapsed=430s
[102] LR_20260709_080551 f1_up=0.5477 | C=5.701e+00 solver=liblinear | elapsed=438s
[103] LR_20260709_080559 f1_up=0.5482 | C=5.413e-06 solver=liblinear | elapsed=441s
[104] LR_20260709_080602 f1_up=0.5481 | C=1.946e-05 solver=liblinear | elapsed=445s
[105] LR_20260709_080606 f1_up=0.5482 | C=7.036e-07 solver=lbfgs | elapsed=447s
[106] LR_20260709_080608 f1_up=0.5475 | C=3.345e-01 solver=lbfgs | elapsed=450s
[107] LR_20260709_080611 f1_up=0.5483 | C=3.024e-08 solver=liblinear | elapsed=453s
[108] LR_20260709_080614 f1_up=0.5477 | C=2.880e+03 solver=liblinear | elapsed=461s
[109] LR_20260709_080622 f1_up=0.5477 | C=1.532e+00 solver=liblinear | elapsed=469s
[110] LR_20260709_080630 f1_up=0.5483 | C=1.739e-08 solver=lbfgs | elapsed=471s
[111] LR_20260709_080632 f1_up=0.5477 | C=1.138e+01 solver=liblinear | elapsed=479s
[112] LR_20260709_080640 f1_up=0.5484 | C=5.022e-04 solver=liblinear | elapsed=484s
[113] LR_20260709_080645 f1_up=0.5482 | C=4.046e-07 solver=liblinear | elapsed=487s
[114] LR_20260709_080648 f1_up=0.5482 | C=3.176e-07 solver=lbfgs | elapsed=489s
[115] LR_20260709_080650 f1_up=0.5482 | C=1.646e-07 solver=liblinear | elapsed=491s
[116] LR_20260709_080652 f1_up=0.5477 | C=6.379e+03 solver=liblinear | elapsed=499s
[117] LR_20260709_080700 f1_up=0.5479 | C=1.935e-03 solver=lbfgs | elapsed=502s
[118] LR_20260709_080703 f1_up=0.5475 | C=3.463e-01 solver=lbfgs | elapsed=505s
[119] LR_20260709_080706 f1_up=0.5477 | C=9.716e+01 solver=liblinear | elapsed=513s
[120] LR_20260709_080714 f1_up=0.5477 | C=6.547e+00 solver=liblinear | elapsed=521s
[121] LR_20260709_080722 f1_up=0.5475 | C=1.256e+03 solver=lbfgs | elapsed=524s
[122] LR_20260709_080725 f1_up=0.5482 | C=5.229e-06 solver=liblinear | elapsed=527s
[123] LR_20260709_080728 f1_up=0.5477 | C=6.738e+02 solver=liblinear | elapsed=535s
[124] LR_20260709_080736 f1_up=0.5477 | C=3.443e+01 solver=liblinear | elapsed=543s
[125] LR_20260709_080744 f1_up=0.5482 | C=4.686e-04 solver=lbfgs | elapsed=546s
[126] LR_20260709_080747 f1_up=0.5483 | C=1.997e-08 solver=lbfgs | elapsed=548s
[127] LR_20260709_080749 f1_up=0.5475 | C=9.440e-01 solver=lbfgs | elapsed=551s
[128] LR_20260709_080752 f1_up=0.5490 | C=6.528e-05 solver=lbfgs | elapsed=553s
[129] LR_20260709_080754 f1_up=0.5477 | C=6.234e-01 solver=liblinear | elapsed=561s
[130] LR_20260709_080802 f1_up=0.5475 | C=7.782e+00 solver=lbfgs | elapsed=565s
[131] LR_20260709_080805 f1_up=0.5483 | C=9.467e-08 solver=lbfgs | elapsed=566s
[132] LR_20260709_080807 f1_up=0.5477 | C=3.841e-01 solver=liblinear | elapsed=574s
[133] LR_20260709_080815 f1_up=0.5483 | C=3.852e-08 solver=liblinear | elapsed=577s
[134] LR_20260709_080818 f1_up=0.5481 | C=1.377e-05 solver=lbfgs | elapsed=579s
[135] LR_20260709_080820 f1_up=0.5483 | C=2.067e-08 solver=liblinear | elapsed=581s
[136] LR_20260709_080822 f1_up=0.5481 | C=2.679e-02 solver=liblinear | elapsed=589s
[137] LR_20260709_080830 f1_up=0.5479 | C=1.438e-02 solver=liblinear | elapsed=597s
[138] LR_20260709_080838 f1_up=0.5475 | C=1.759e+00 solver=lbfgs | elapsed=600s
[139] LR_20260709_080841 f1_up=0.5475 | C=6.453e-01 solver=lbfgs | elapsed=603s
[140] LR_20260709_080844 f1_up=0.5482 | C=4.851e-04 solver=liblinear | elapsed=608s
[141] LR_20260709_080849 f1_up=0.5475 | C=1.062e+01 solver=lbfgs | elapsed=611s
[142] LR_20260709_080852 f1_up=0.5476 | C=8.809e-01 solver=lbfgs | elapsed=614s
[143] LR_20260709_080855 f1_up=0.5481 | C=1.832e-02 solver=lbfgs | elapsed=618s
[144] LR_20260709_080859 f1_up=0.5475 | C=1.227e-01 solver=lbfgs | elapsed=621s
[145] LR_20260709_080902 f1_up=0.5475 | C=1.012e+00 solver=lbfgs | elapsed=624s
[146] LR_20260709_080905 f1_up=0.5477 | C=1.471e+02 solver=liblinear | elapsed=632s
[147] LR_20260709_080913 f1_up=0.5475 | C=1.480e+00 solver=lbfgs | elapsed=635s
[148] LR_20260709_080916 f1_up=0.5483 | C=2.190e-04 solver=liblinear | elapsed=640s
[149] LR_20260709_080921 f1_up=0.5482 | C=1.248e-07 solver=liblinear | elapsed=643s
[150] LR_20260709_080924 f1_up=0.5483 | C=2.465e-03 solver=lbfgs | elapsed=646s
[151] LR_20260709_080927 f1_up=0.5482 | C=8.197e-06 solver=lbfgs | elapsed=648s
[152] LR_20260709_080929 f1_up=0.5482 | C=5.603e-06 solver=lbfgs | elapsed=650s
[153] LR_20260709_080931 f1_up=0.5475 | C=2.422e+03 solver=lbfgs | elapsed=653s
[154] LR_20260709_080934 f1_up=0.5478 | C=2.003e-03 solver=liblinear | elapsed=660s
[155] LR_20260709_080941 f1_up=0.5483 | C=2.515e-04 solver=liblinear | elapsed=665s
[156] LR_20260709_080946 f1_up=0.5475 | C=1.000e+04 solver=lbfgs | elapsed=669s
[157] LR_20260709_080950 f1_up=0.5477 | C=2.955e+00 solver=liblinear | elapsed=678s
[158] LR_20260709_081000 f1_up=0.5475 | C=1.289e+00 solver=lbfgs | elapsed=683s
[159] LR_20260709_081004 f1_up=0.5477 | C=4.298e+02 solver=liblinear | elapsed=694s
[160] LR_20260709_081015 f1_up=0.5477 | C=1.203e+00 solver=liblinear | elapsed=704s
[161] LR_20260709_081025 f1_up=0.5484 | C=6.397e-04 solver=lbfgs | elapsed=708s
[162] LR_20260709_081029 f1_up=0.5477 | C=9.577e+00 solver=liblinear | elapsed=718s
[163] LR_20260709_081039 f1_up=0.5483 | C=3.830e-06 solver=liblinear | elapsed=722s
[164] LR_20260709_081043 f1_up=0.5475 | C=3.689e+01 solver=lbfgs | elapsed=726s
[165] LR_20260709_081047 f1_up=0.5481 | C=1.694e-05 solver=liblinear | elapsed=730s
[166] LR_20260709_081051 f1_up=0.5477 | C=2.855e+00 solver=liblinear | elapsed=738s
[167] LR_20260709_081100 f1_up=0.5475 | C=8.056e+00 solver=lbfgs | elapsed=742s
[168] LR_20260709_081103 f1_up=0.5477 | C=6.585e-02 solver=liblinear | elapsed=750s
[169] LR_20260709_081111 f1_up=0.5483 | C=1.259e-04 solver=liblinear | elapsed=755s
[170] LR_20260709_081116 f1_up=0.5483 | C=4.373e-04 solver=liblinear | elapsed=760s
[171] LR_20260709_081121 f1_up=0.5482 | C=1.267e-06 solver=liblinear | elapsed=763s
[172] LR_20260709_081124 f1_up=0.5477 | C=3.564e+01 solver=liblinear | elapsed=771s
[173] LR_20260709_081132 f1_up=0.5482 | C=2.327e-07 solver=liblinear | elapsed=774s
[174] LR_20260709_081135 f1_up=0.5484 | C=9.359e-04 solver=lbfgs | elapsed=776s
[175] LR_20260709_081137 f1_up=0.5480 | C=1.252e-02 solver=liblinear | elapsed=784s
[176] LR_20260709_081145 f1_up=0.5475 | C=3.231e-01 solver=lbfgs | elapsed=787s
[177] LR_20260709_081148 f1_up=0.5483 | C=2.429e-04 solver=lbfgs | elapsed=789s
[178] LR_20260709_081150 f1_up=0.5482 | C=3.523e-07 solver=liblinear | elapsed=792s
[179] LR_20260709_081153 f1_up=0.5477 | C=4.386e+01 solver=liblinear | elapsed=801s
[180] LR_20260709_081202 f1_up=0.5475 | C=3.307e+03 solver=lbfgs | elapsed=804s
[181] LR_20260709_081205 f1_up=0.5481 | C=2.235e-05 solver=liblinear | elapsed=808s
[182] LR_20260709_081209 f1_up=0.5481 | C=5.851e-03 solver=lbfgs | elapsed=812s
[183] LR_20260709_081213 f1_up=0.5481 | C=7.453e-03 solver=lbfgs | elapsed=815s
[184] LR_20260709_081216 f1_up=0.5475 | C=5.475e+02 solver=lbfgs | elapsed=819s
[185] LR_20260709_081220 f1_up=0.5478 | C=8.683e-02 solver=liblinear | elapsed=828s
[186] LR_20260709_081229 f1_up=0.5488 | C=2.947e-05 solver=liblinear | elapsed=833s
[187] LR_20260709_081234 f1_up=0.5475 | C=1.430e+00 solver=lbfgs | elapsed=836s
[188] LR_20260709_081238 f1_up=0.5478 | C=2.381e-03 solver=liblinear | elapsed=843s
[189] LR_20260709_081244 f1_up=0.5478 | C=2.734e-03 solver=lbfgs | elapsed=846s
[190] LR_20260709_081247 f1_up=0.5482 | C=4.398e-06 solver=lbfgs | elapsed=849s
[191] LR_20260709_081250 f1_up=0.5483 | C=3.131e-08 solver=lbfgs | elapsed=851s
[192] LR_20260709_081252 f1_up=0.5483 | C=3.131e-08 solver=liblinear | elapsed=854s
[193] LR_20260709_081255 f1_up=0.5475 | C=1.361e-01 solver=lbfgs | elapsed=857s
[194] LR_20260709_081258 f1_up=0.5477 | C=4.011e+02 solver=liblinear | elapsed=866s
[195] LR_20260709_081307 f1_up=0.5482 | C=1.125e-07 solver=lbfgs | elapsed=869s
[196] LR_20260709_081310 f1_up=0.5483 | C=3.942e-04 solver=lbfgs | elapsed=871s
[197] LR_20260709_081312 f1_up=0.5476 | C=4.659e-02 solver=lbfgs | elapsed=875s
[198] LR_20260709_081316 f1_up=0.5477 | C=3.875e+02 solver=liblinear | elapsed=885s
[199] LR_20260709_081326 f1_up=0.5475 | C=1.020e+03 solver=lbfgs | elapsed=889s
[200] LR_20260709_081330 f1_up=0.5481 | C=1.090e-02 solver=liblinear | elapsed=896s
[201] LR_20260709_081338 f1_up=0.5481 | C=2.500e-02 solver=lbfgs | elapsed=901s
[202] LR_20260709_081343 f1_up=0.5483 | C=2.921e-08 solver=lbfgs | elapsed=904s
[203] LR_20260709_081346 f1_up=0.5477 | C=1.493e+03 solver=liblinear | elapsed=916s
[204] LR_20260709_081357 f1_up=0.5483 | C=2.140e-08 solver=lbfgs | elapsed=919s
[205] LR_20260709_081400 f1_up=0.5475 | C=2.049e+01 solver=lbfgs | elapsed=922s
[206] LR_20260709_081403 f1_up=0.5483 | C=1.397e-04 solver=lbfgs | elapsed=925s
[207] LR_20260709_081406 f1_up=0.5475 | C=1.554e+01 solver=lbfgs | elapsed=929s
[208] LR_20260709_081410 f1_up=0.5483 | C=2.806e-06 solver=lbfgs | elapsed=931s
[209] LR_20260709_081413 f1_up=0.5483 | C=9.800e-08 solver=lbfgs | elapsed=934s
[210] LR_20260709_081415 f1_up=0.5477 | C=1.785e+01 solver=liblinear | elapsed=943s
[211] LR_20260709_081424 f1_up=0.5482 | C=1.292e-07 solver=lbfgs | elapsed=945s
[212] LR_20260709_081427 f1_up=0.5475 | C=1.774e+03 solver=lbfgs | elapsed=949s
[213] LR_20260709_081430 f1_up=0.5475 | C=7.262e+00 solver=lbfgs | elapsed=953s
[214] LR_20260709_081434 f1_up=0.5475 | C=1.203e+00 solver=lbfgs | elapsed=956s
[215] LR_20260709_081437 f1_up=0.5475 | C=2.287e-01 solver=lbfgs | elapsed=961s
[216] LR_20260709_081443 f1_up=0.5483 | C=2.347e-04 solver=liblinear | elapsed=968s
[217] LR_20260709_081450 f1_up=0.5475 | C=1.885e+00 solver=lbfgs | elapsed=973s
[218] LR_20260709_081454 f1_up=0.5482 | C=2.863e-07 solver=liblinear | elapsed=977s
[219] LR_20260709_081458 f1_up=0.5477 | C=6.816e-02 solver=lbfgs | elapsed=981s
[220] LR_20260709_081502 f1_up=0.5481 | C=6.719e-03 solver=lbfgs | elapsed=985s
[221] LR_20260709_081507 f1_up=0.5481 | C=1.438e-02 solver=lbfgs | elapsed=990s
[222] LR_20260709_081511 f1_up=0.5483 | C=2.710e-06 solver=lbfgs | elapsed=993s
[223] LR_20260709_081514 f1_up=0.5481 | C=9.829e-03 solver=liblinear | elapsed=1003s
[224] LR_20260709_081525 f1_up=0.5477 | C=2.436e+01 solver=liblinear | elapsed=1014s
[225] LR_20260709_081535 f1_up=0.5481 | C=6.955e-03 solver=liblinear | elapsed=1021s
[226] LR_20260709_081542 f1_up=0.5481 | C=1.595e-02 solver=lbfgs | elapsed=1025s
[227] LR_20260709_081546 f1_up=0.5477 | C=2.241e+00 solver=lbfgs | elapsed=1029s
[228] LR_20260709_081550 f1_up=0.5481 | C=2.500e-02 solver=liblinear | elapsed=1038s
[229] LR_20260709_081559 f1_up=0.5483 | C=1.918e-06 solver=liblinear | elapsed=1041s
[230] LR_20260709_081602 f1_up=0.5482 | C=3.403e-07 solver=liblinear | elapsed=1044s
[231] LR_20260709_081605 f1_up=0.5481 | C=1.129e-02 solver=liblinear | elapsed=1052s
[232] LR_20260709_081613 f1_up=0.5475 | C=9.198e+02 solver=lbfgs | elapsed=1056s
[233] LR_20260709_081617 f1_up=0.5475 | C=9.716e+01 solver=lbfgs | elapsed=1060s
[234] LR_20260709_081621 f1_up=0.5475 | C=1.245e+00 solver=lbfgs | elapsed=1064s
[235] LR_20260709_081625 f1_up=0.5475 | C=1.326e+02 solver=lbfgs | elapsed=1067s
[236] LR_20260709_081629 f1_up=0.5477 | C=2.596e+03 solver=liblinear | elapsed=1077s
[237] LR_20260709_081638 f1_up=0.5477 | C=9.067e+01 solver=liblinear | elapsed=1086s
[238] LR_20260709_081647 f1_up=0.5477 | C=1.245e+00 solver=liblinear | elapsed=1095s
[239] LR_20260709_081656 f1_up=0.5481 | C=1.637e-05 solver=lbfgs | elapsed=1098s
[240] LR_20260709_081659 f1_up=0.5488 | C=5.305e-05 solver=liblinear | elapsed=1103s
[241] LR_20260709_081704 f1_up=0.5483 | C=6.039e-08 solver=liblinear | elapsed=1106s
[242] LR_20260709_081707 f1_up=0.5482 | C=8.608e-05 solver=liblinear | elapsed=1110s
[243] LR_20260709_081711 f1_up=0.5482 | C=4.488e-07 solver=liblinear | elapsed=1113s
[244] LR_20260709_081715 f1_up=0.5475 | C=1.220e+01 solver=lbfgs | elapsed=1117s
[245] LR_20260709_081718 f1_up=0.5481 | C=1.017e-02 solver=lbfgs | elapsed=1121s
[246] LR_20260709_081722 f1_up=0.5482 | C=2.766e-07 solver=lbfgs | elapsed=1123s
[247] LR_20260709_081724 f1_up=0.5483 | C=3.852e-08 solver=lbfgs | elapsed=1125s
[248] LR_20260709_081726 f1_up=0.5477 | C=7.561e-02 solver=liblinear | elapsed=1134s
[249] LR_20260709_081735 f1_up=0.5485 | C=9.885e-05 solver=liblinear | elapsed=1139s
[250] LR_20260709_081740 f1_up=0.5477 | C=3.278e+00 solver=liblinear | elapsed=1148s
[251] LR_20260709_081749 f1_up=0.5483 | C=1.997e-08 solver=liblinear | elapsed=1151s
[252] LR_20260709_081752 f1_up=0.5477 | C=1.227e-01 solver=liblinear | elapsed=1160s
[253] LR_20260709_081801 f1_up=0.5477 | C=2.196e+01 solver=liblinear | elapsed=1169s
[254] LR_20260709_081811 f1_up=0.5480 | C=1.168e-02 solver=liblinear | elapsed=1180s
[255] LR_20260709_081823 f1_up=0.5483 | C=3.113e-06 solver=liblinear | elapsed=1186s
[256] LR_20260709_081828 f1_up=0.5477 | C=1.000e+04 solver=liblinear | elapsed=1200s
[257] LR_20260709_081841 f1_up=0.5483 | C=1.729e-06 solver=liblinear | elapsed=1204s
[258] LR_20260709_081845 f1_up=0.5484 | C=1.023e-04 solver=lbfgs | elapsed=1207s
[259] LR_20260709_081848 f1_up=0.5475 | C=7.475e+02 solver=lbfgs | elapsed=1211s
[260] LR_20260709_081852 f1_up=0.5482 | C=1.349e-04 solver=liblinear | elapsed=1216s
[261] LR_20260709_081857 f1_up=0.5482 | C=1.009e-05 solver=lbfgs | elapsed=1219s
[262] LR_20260709_081900 f1_up=0.5477 | C=8.886e+02 solver=liblinear | elapsed=1229s
[263] LR_20260709_081910 f1_up=0.5481 | C=1.476e-05 solver=lbfgs | elapsed=1231s
[264] LR_20260709_081912 f1_up=0.5477 | C=4.411e-01 solver=liblinear | elapsed=1240s
[265] LR_20260709_081921 f1_up=0.5477 | C=9.332e+03 solver=liblinear | elapsed=1249s
[266] LR_20260709_081930 f1_up=0.5481 | C=3.077e-02 solver=liblinear | elapsed=1258s
[267] LR_20260709_081939 f1_up=0.5477 | C=2.152e+02 solver=liblinear | elapsed=1270s
[268] LR_20260709_081952 f1_up=0.5483 | C=2.293e-08 solver=lbfgs | elapsed=1273s
[269] LR_20260709_081955 f1_up=0.5477 | C=4.566e-01 solver=liblinear | elapsed=1286s
[270] LR_20260709_082008 f1_up=0.5477 | C=3.819e+01 solver=liblinear | elapsed=1299s
[271] LR_20260709_082021 f1_up=0.5480 | C=2.032e-02 solver=lbfgs | elapsed=1306s
[272] LR_20260709_082028 f1_up=0.5483 | C=1.506e-06 solver=lbfgs | elapsed=1310s
[273] LR_20260709_082032 f1_up=0.5483 | C=5.080e-08 solver=liblinear | elapsed=1315s
[274] LR_20260709_082037 f1_up=0.5478 | C=2.300e-03 solver=liblinear | elapsed=1325s
[275] LR_20260709_082046 f1_up=0.5477 | C=9.386e+01 solver=liblinear | elapsed=1338s
[276] LR_20260709_082059 f1_up=0.5480 | C=1.488e-02 solver=liblinear | elapsed=1348s
[277] LR_20260709_082110 f1_up=0.5477 | C=2.913e-01 solver=liblinear | elapsed=1359s
[278] LR_20260709_082120 f1_up=0.5475 | C=1.991e-01 solver=lbfgs | elapsed=1364s
[279] LR_20260709_082125 f1_up=0.5483 | C=9.688e-04 solver=lbfgs | elapsed=1368s
[280] LR_20260709_082129 f1_up=0.5483 | C=4.580e-08 solver=lbfgs | elapsed=1370s
[281] LR_20260709_082131 f1_up=0.5475 | C=8.126e+03 solver=lbfgs | elapsed=1375s
[282] LR_20260709_082137 f1_up=0.5483 | C=1.853e-06 solver=liblinear | elapsed=1379s
[283] LR_20260709_082141 f1_up=0.5475 | C=1.373e+02 solver=lbfgs | elapsed=1384s
[284] LR_20260709_082145 f1_up=0.5481 | C=2.085e-05 solver=liblinear | elapsed=1389s
[285] LR_20260709_082151 f1_up=0.5475 | C=2.611e+01 solver=lbfgs | elapsed=1394s
[286] LR_20260709_082156 f1_up=0.5483 | C=3.574e-06 solver=liblinear | elapsed=1399s
[287] LR_20260709_082200 f1_up=0.5482 | C=4.851e-04 solver=lbfgs | elapsed=1403s
[288] LR_20260709_082204 f1_up=0.5475 | C=1.609e+01 solver=lbfgs | elapsed=1407s
[289] LR_20260709_082209 f1_up=0.5483 | C=1.319e-08 solver=lbfgs | elapsed=1411s
[290] LR_20260709_082212 f1_up=0.5488 | C=2.947e-05 solver=lbfgs | elapsed=1414s
[291] LR_20260709_082215 f1_up=0.5475 | C=3.042e+02 solver=lbfgs | elapsed=1419s
[292] LR_20260709_082220 f1_up=0.5475 | C=6.975e+02 solver=lbfgs | elapsed=1424s
[293] LR_20260709_082225 f1_up=0.5482 | C=5.022e-04 solver=lbfgs | elapsed=1427s
[294] LR_20260709_082229 f1_up=0.5480 | C=1.209e-02 solver=lbfgs | elapsed=1432s
[295] LR_20260709_082233 f1_up=0.5481 | C=7.453e-03 solver=liblinear | elapsed=1440s
[296] LR_20260709_082241 f1_up=0.5481 | C=1.330e-05 solver=liblinear | elapsed=1443s
[297] LR_20260709_082245 f1_up=0.5483 | C=6.472e-08 solver=liblinear | elapsed=1447s
[298] LR_20260709_082248 f1_up=0.5482 | C=1.267e-06 solver=lbfgs | elapsed=1449s
[299] LR_20260709_082250 f1_up=0.5479 | C=3.786e-02 solver=liblinear | elapsed=1459s
[300] LR_20260709_082301 f1_up=0.5477 | C=1.734e-01 solver=liblinear | elapsed=1475s
[301] LR_20260709_082317 f1_up=0.5476 | C=6.361e-02 solver=lbfgs | elapsed=1481s
[302] LR_20260709_082322 f1_up=0.5475 | C=1.138e+01 solver=lbfgs | elapsed=1486s
[303] LR_20260709_082328 f1_up=0.5477 | C=1.213e+03 solver=liblinear | elapsed=1498s
[304] LR_20260709_082339 f1_up=0.5483 | C=1.446e-04 solver=liblinear | elapsed=1504s
[305] LR_20260709_082346 f1_up=0.5475 | C=3.954e+01 solver=lbfgs | elapsed=1509s
[306] LR_20260709_082350 f1_up=0.5477 | C=2.307e+02 solver=liblinear | elapsed=1520s
[307] LR_20260709_082402 f1_up=0.5477 | C=1.056e+03 solver=liblinear | elapsed=1532s
[308] LR_20260709_082413 f1_up=0.5480 | C=1.572e-03 solver=lbfgs | elapsed=1536s
[309] LR_20260709_082417 f1_up=0.5483 | C=4.081e-04 solver=liblinear | elapsed=1543s
[310] LR_20260709_082425 f1_up=0.5479 | C=2.588e-02 solver=lbfgs | elapsed=1548s
[311] LR_20260709_082429 f1_up=0.5477 | C=2.009e+02 solver=liblinear | elapsed=1559s
[312] LR_20260709_082440 f1_up=0.5488 | C=3.503e-05 solver=liblinear | elapsed=1564s
[313] LR_20260709_082445 f1_up=0.5475 | C=2.880e+03 solver=lbfgs | elapsed=1568s
[314] LR_20260709_082449 f1_up=0.5477 | C=2.109e+03 solver=liblinear | elapsed=1577s
[315] LR_20260709_082459 f1_up=0.5480 | C=4.286e-03 solver=lbfgs | elapsed=1581s
[316] LR_20260709_082502 f1_up=0.5482 | C=3.288e-07 solver=lbfgs | elapsed=1583s
[317] LR_20260709_082504 f1_up=0.5475 | C=3.819e+01 solver=lbfgs | elapsed=1587s
[318] LR_20260709_082508 f1_up=0.5475 | C=3.086e+03 solver=lbfgs | elapsed=1591s
[319] LR_20260709_082512 f1_up=0.5475 | C=1.084e+00 solver=lbfgs | elapsed=1594s
[320] LR_20260709_082516 f1_up=0.5483 | C=3.864e-03 solver=lbfgs | elapsed=1598s
[321] LR_20260709_082519 f1_up=0.5482 | C=9.413e-06 solver=lbfgs | elapsed=1601s
[322] LR_20260709_082522 f1_up=0.5475 | C=2.165e+00 solver=lbfgs | elapsed=1604s
[323] LR_20260709_082526 f1_up=0.5482 | C=7.918e-06 solver=liblinear | elapsed=1608s
[324] LR_20260709_082529 f1_up=0.5482 | C=8.784e-06 solver=lbfgs | elapsed=1611s
[325] LR_20260709_082532 f1_up=0.5482 | C=9.093e-06 solver=liblinear | elapsed=1615s
[326] LR_20260709_082536 f1_up=0.5483 | C=5.636e-08 solver=lbfgs | elapsed=1617s
[327] LR_20260709_082539 f1_up=0.5477 | C=2.981e+03 solver=liblinear | elapsed=1628s
[328] LR_20260709_082549 f1_up=0.5483 | C=6.180e-04 solver=lbfgs | elapsed=1633s
[329] LR_20260709_082555 f1_up=0.5477 | C=1.062e+01 solver=liblinear | elapsed=1648s
[330] LR_20260709_082609 f1_up=0.5480 | C=4.437e-03 solver=liblinear | elapsed=1656s
[331] LR_20260709_082618 f1_up=0.5475 | C=1.334e+00 solver=lbfgs | elapsed=1660s
[332] LR_20260709_082621 f1_up=0.5482 | C=1.957e-07 solver=liblinear | elapsed=1663s
[333] LR_20260709_082625 f1_up=0.5480 | C=1.296e-02 solver=liblinear | elapsed=1671s
[334] LR_20260709_082633 f1_up=0.5475 | C=1.381e+00 solver=lbfgs | elapsed=1675s
[335] LR_20260709_082636 f1_up=0.5477 | C=6.509e+02 solver=liblinear | elapsed=1684s
[336] LR_20260709_082645 f1_up=0.5477 | C=7.410e-01 solver=liblinear | elapsed=1693s
[337] LR_20260709_082654 f1_up=0.5475 | C=1.026e+01 solver=lbfgs | elapsed=1697s
[338] LR_20260709_082658 f1_up=0.5475 | C=1.471e+02 solver=lbfgs | elapsed=1700s
[339] LR_20260709_082701 f1_up=0.5477 | C=3.059e+00 solver=liblinear | elapsed=1709s
[340] LR_20260709_082710 f1_up=0.5477 | C=8.708e+03 solver=liblinear | elapsed=1718s
[341] LR_20260709_082719 f1_up=0.5477 | C=8.103e-02 solver=liblinear | elapsed=1727s
[342] LR_20260709_082728 f1_up=0.5475 | C=5.507e+00 solver=lbfgs | elapsed=1731s
[343] LR_20260709_082732 f1_up=0.5475 | C=1.642e+00 solver=lbfgs | elapsed=1735s
[344] LR_20260709_082736 f1_up=0.5483 | C=1.497e-04 solver=liblinear | elapsed=1740s
[345] LR_20260709_082741 f1_up=0.5482 | C=7.097e-04 solver=liblinear | elapsed=1747s
[346] LR_20260709_082748 f1_up=0.5483 | C=3.721e-08 solver=lbfgs | elapsed=1750s
[347] LR_20260709_082751 f1_up=0.5475 | C=2.228e+02 solver=lbfgs | elapsed=1754s
[348] LR_20260709_082756 f1_up=0.5483 | C=1.661e-04 solver=liblinear | elapsed=1761s
[349] LR_20260709_082802 f1_up=0.5477 | C=9.772e-01 solver=liblinear | elapsed=1772s
[350] LR_20260709_082814 f1_up=0.5487 | C=3.384e-05 solver=lbfgs | elapsed=1776s
[351] LR_20260709_082818 f1_up=0.5480 | C=1.488e-02 solver=lbfgs | elapsed=1782s
[352] LR_20260709_082823 f1_up=0.5481 | C=2.333e-02 solver=liblinear | elapsed=1795s
[353] LR_20260709_082837 f1_up=0.5475 | C=2.559e+02 solver=lbfgs | elapsed=1801s
[354] LR_20260709_082842 f1_up=0.5477 | C=1.968e+03 solver=liblinear | elapsed=1812s
[355] LR_20260709_082853 f1_up=0.5477 | C=5.902e+00 solver=liblinear | elapsed=1827s
[356] LR_20260709_082908 f1_up=0.5484 | C=1.907e-04 solver=liblinear | elapsed=1835s
[357] LR_20260709_082917 f1_up=0.5482 | C=1.142e-06 solver=liblinear | elapsed=1840s
[358] LR_20260709_082921 f1_up=0.5475 | C=4.700e+01 solver=lbfgs | elapsed=1844s
[359] LR_20260709_082925 f1_up=0.5482 | C=6.895e-06 solver=liblinear | elapsed=1848s
[360] LR_20260709_082929 f1_up=0.5481 | C=1.090e-02 solver=lbfgs | elapsed=1852s
[361] LR_20260709_082933 f1_up=0.5479 | C=4.058e-02 solver=liblinear | elapsed=1861s
[362] LR_20260709_082943 f1_up=0.5482 | C=1.590e-07 solver=liblinear | elapsed=1864s
[363] LR_20260709_082946 f1_up=0.5475 | C=1.795e-01 solver=lbfgs | elapsed=1869s
[364] LR_20260709_082950 f1_up=0.5483 | C=7.693e-08 solver=lbfgs | elapsed=1871s
[365] LR_20260709_082952 f1_up=0.5475 | C=5.289e+02 solver=lbfgs | elapsed=1875s
[366] LR_20260709_082956 f1_up=0.5475 | C=2.091e+00 solver=lbfgs | elapsed=1879s
[367] LR_20260709_083001 f1_up=0.5477 | C=5.066e-01 solver=liblinear | elapsed=1889s
[368] LR_20260709_083011 f1_up=0.5475 | C=2.109e+03 solver=lbfgs | elapsed=1894s
[369] LR_20260709_083015 f1_up=0.5482 | C=3.288e-07 solver=liblinear | elapsed=1897s
[370] LR_20260709_083018 f1_up=0.5477 | C=1.326e+02 solver=liblinear | elapsed=1907s
[371] LR_20260709_083028 f1_up=0.5482 | C=4.979e-07 solver=liblinear | elapsed=1910s
[372] LR_20260709_083031 f1_up=0.5483 | C=1.216e-04 solver=lbfgs | elapsed=1913s
[373] LR_20260709_083034 f1_up=0.5475 | C=4.093e+01 solver=lbfgs | elapsed=1916s
[374] LR_20260709_083038 f1_up=0.5475 | C=4.837e+03 solver=lbfgs | elapsed=1921s
[375] LR_20260709_083042 f1_up=0.5477 | C=5.214e+01 solver=liblinear | elapsed=1930s
[376] LR_20260709_083051 f1_up=0.5481 | C=1.425e-05 solver=lbfgs | elapsed=1932s
[377] LR_20260709_083053 f1_up=0.5483 | C=1.015e-07 solver=lbfgs | elapsed=1934s
[378] LR_20260709_083056 f1_up=0.5476 | C=6.144e-02 solver=lbfgs | elapsed=1938s
[379] LR_20260709_083059 f1_up=0.5478 | C=5.734e-02 solver=liblinear | elapsed=1947s
[380] LR_20260709_083108 f1_up=0.5482 | C=4.879e-06 solver=lbfgs | elapsed=1950s
[381] LR_20260709_083111 f1_up=0.5483 | C=1.623e-08 solver=lbfgs | elapsed=1952s
[382] LR_20260709_083113 f1_up=0.5475 | C=3.743e+02 solver=lbfgs | elapsed=1956s
[383] LR_20260709_083117 f1_up=0.5477 | C=3.059e+00 solver=lbfgs | elapsed=1960s
[384] LR_20260709_083121 f1_up=0.5477 | C=9.914e+00 solver=liblinear | elapsed=1969s
[385] LR_20260709_083130 f1_up=0.5477 | C=3.167e+00 solver=liblinear | elapsed=1978s
[386] LR_20260709_083139 f1_up=0.5477 | C=2.049e+01 solver=liblinear | elapsed=1987s
[387] LR_20260709_083148 f1_up=0.5489 | C=4.619e-05 solver=lbfgs | elapsed=1989s
[388] LR_20260709_083151 f1_up=0.5477 | C=1.632e+02 solver=liblinear | elapsed=2000s
[389] LR_20260709_083201 f1_up=0.5480 | C=1.342e-02 solver=lbfgs | elapsed=2005s
[390] LR_20260709_083206 f1_up=0.5483 | C=3.988e-08 solver=lbfgs | elapsed=2008s
[391] LR_20260709_083209 f1_up=0.5475 | C=8.292e+02 solver=lbfgs | elapsed=2012s
[392] LR_20260709_083214 f1_up=0.5475 | C=1.785e+01 solver=lbfgs | elapsed=2017s
[393] LR_20260709_083218 f1_up=0.5475 | C=9.067e+01 solver=lbfgs | elapsed=2021s
[394] LR_20260709_083222 f1_up=0.5475 | C=2.020e+00 solver=lbfgs | elapsed=2025s
[395] LR_20260709_083226 f1_up=0.5475 | C=4.386e+01 solver=lbfgs | elapsed=2028s
[396] LR_20260709_083229 f1_up=0.5476 | C=8.510e-01 solver=lbfgs | elapsed=2032s
[397] LR_20260709_083233 f1_up=0.5475 | C=3.423e+03 solver=lbfgs | elapsed=2036s
[398] LR_20260709_083237 f1_up=0.5481 | C=5.652e-03 solver=liblinear | elapsed=2044s
[399] LR_20260709_083245 f1_up=0.5477 | C=1.020e+03 solver=liblinear | elapsed=2055s
[400] LR_20260709_083256 f1_up=0.5484 | C=3.554e-04 solver=lbfgs | elapsed=2058s
[401] LR_20260709_083259 f1_up=0.5477 | C=2.134e-01 solver=liblinear | elapsed=2067s
[402] LR_20260709_083308 f1_up=0.5482 | C=1.206e-07 solver=lbfgs | elapsed=2070s
[403] LR_20260709_083311 f1_up=0.5477 | C=7.941e-01 solver=liblinear | elapsed=2081s
[404] LR_20260709_083322 f1_up=0.5475 | C=1.656e+03 solver=lbfgs | elapsed=2085s
[405] LR_20260709_083326 f1_up=0.5475 | C=4.034e+00 solver=lbfgs | elapsed=2089s
[406] LR_20260709_083330 f1_up=0.5482 | C=1.081e-05 solver=liblinear | elapsed=2092s
[407] LR_20260709_083333 f1_up=0.5483 | C=1.357e-06 solver=liblinear | elapsed=2096s
[408] LR_20260709_083337 f1_up=0.5475 | C=1.270e-01 solver=lbfgs | elapsed=2099s
[409] LR_20260709_083341 f1_up=0.5489 | C=4.462e-05 solver=liblinear | elapsed=2104s
[410] LR_20260709_083345 f1_up=0.5475 | C=6.109e+00 solver=lbfgs | elapsed=2108s
[411] LR_20260709_083350 f1_up=0.5481 | C=1.769e-02 solver=liblinear | elapsed=2118s
[412] LR_20260709_083359 f1_up=0.5477 | C=2.649e+02 solver=liblinear | elapsed=2127s
[413] LR_20260709_083409 f1_up=0.5481 | C=1.963e-02 solver=liblinear | elapsed=2137s
[414] LR_20260709_083419 f1_up=0.5477 | C=2.855e+00 solver=lbfgs | elapsed=2142s
[415] LR_20260709_083423 f1_up=0.5477 | C=2.938e+02 solver=liblinear | elapsed=2152s
[416] LR_20260709_083433 f1_up=0.5477 | C=7.583e+03 solver=liblinear | elapsed=2161s
[417] LR_20260709_083442 f1_up=0.5483 | C=2.190e-04 solver=lbfgs | elapsed=2163s
[418] LR_20260709_083444 f1_up=0.5477 | C=6.198e+01 solver=liblinear | elapsed=2173s
[419] LR_20260709_083454 f1_up=0.5475 | C=1.545e+03 solver=lbfgs | elapsed=2176s
[420] LR_20260709_083457 f1_up=0.5477 | C=1.041e+02 solver=liblinear | elapsed=2186s
[421] LR_20260709_083507 f1_up=0.5483 | C=3.700e-06 solver=liblinear | elapsed=2190s
[422] LR_20260709_083511 f1_up=0.5482 | C=1.206e-07 solver=liblinear | elapsed=2193s
[423] LR_20260709_083514 f1_up=0.5475 | C=2.038e+03 solver=lbfgs | elapsed=2197s
[424] LR_20260709_083518 f1_up=0.5483 | C=3.113e-06 solver=lbfgs | elapsed=2200s
[425] LR_20260709_083521 f1_up=0.5475 | C=5.008e+03 solver=lbfgs | elapsed=2204s
[426] LR_20260709_083525 f1_up=0.5477 | C=3.423e+03 solver=liblinear | elapsed=2214s
[427] LR_20260709_083535 f1_up=0.5477 | C=8.461e+01 solver=liblinear | elapsed=2223s
[428] LR_20260709_083545 f1_up=0.5477 | C=2.450e-01 solver=liblinear | elapsed=2233s
[429] LR_20260709_083554 f1_up=0.5475 | C=1.185e-01 solver=lbfgs | elapsed=2236s
[430] LR_20260709_083558 f1_up=0.5483 | C=2.203e-06 solver=liblinear | elapsed=2240s
[431] LR_20260709_083601 f1_up=0.5477 | C=4.768e+02 solver=liblinear | elapsed=2249s
[432] LR_20260709_083610 f1_up=0.5481 | C=1.377e-05 solver=liblinear | elapsed=2253s
[433] LR_20260709_083614 f1_up=0.5477 | C=2.798e+01 solver=liblinear | elapsed=2262s
[434] LR_20260709_083623 f1_up=0.5475 | C=4.865e+01 solver=lbfgs | elapsed=2266s
[435] LR_20260709_083627 f1_up=0.5478 | C=3.533e-02 solver=lbfgs | elapsed=2269s
[436] LR_20260709_083630 f1_up=0.5477 | C=6.875e+01 solver=liblinear | elapsed=2278s
[437] LR_20260709_083639 f1_up=0.5477 | C=1.450e+01 solver=liblinear | elapsed=2287s
[438] LR_20260709_083648 f1_up=0.5481 | C=2.566e-05 solver=liblinear | elapsed=2291s
[439] LR_20260709_083652 f1_up=0.5483 | C=1.035e-08 solver=lbfgs | elapsed=2293s
[440] LR_20260709_083655 f1_up=0.5483 | C=4.553e-06 solver=lbfgs | elapsed=2296s
[441] LR_20260709_083658 f1_up=0.5475 | C=1.586e+00 solver=lbfgs | elapsed=2301s
[442] LR_20260709_083702 f1_up=0.5483 | C=3.335e-06 solver=lbfgs | elapsed=2303s
[443] LR_20260709_083704 f1_up=0.5477 | C=7.738e+02 solver=liblinear | elapsed=2314s
[444] LR_20260709_083715 f1_up=0.5478 | C=2.774e-02 solver=lbfgs | elapsed=2318s
[445] LR_20260709_083720 f1_up=0.5481 | C=1.694e-05 solver=lbfgs | elapsed=2322s
[446] LR_20260709_083723 f1_up=0.5483 | C=5.834e-08 solver=lbfgs | elapsed=2325s
[447] LR_20260709_083726 f1_up=0.5477 | C=9.660e+03 solver=liblinear | elapsed=2338s
[448] LR_20260709_083740 f1_up=0.5475 | C=1.056e+03 solver=lbfgs | elapsed=2343s
[449] LR_20260709_083745 f1_up=0.5475 | C=1.951e+00 solver=lbfgs | elapsed=2349s
[450] LR_20260709_083751 f1_up=0.5483 | C=1.035e-08 solver=liblinear | elapsed=2353s
[451] LR_20260709_083754 f1_up=0.5477 | C=1.714e+03 solver=liblinear | elapsed=2371s
[452] LR_20260709_083813 f1_up=0.5475 | C=4.212e+03 solver=lbfgs | elapsed=2378s
[453] LR_20260709_083820 f1_up=0.5482 | C=9.744e-06 solver=liblinear | elapsed=2384s
[454] LR_20260709_083826 f1_up=0.5483 | C=4.105e-06 solver=liblinear | elapsed=2389s
[455] LR_20260709_083830 f1_up=0.5481 | C=7.200e-03 solver=lbfgs | elapsed=2393s
[456] LR_20260709_083835 f1_up=0.5483 | C=8.835e-08 solver=lbfgs | elapsed=2396s
[457] LR_20260709_083837 f1_up=0.5478 | C=5.351e-02 solver=liblinear | elapsed=2406s
[458] LR_20260709_083847 f1_up=0.5480 | C=1.963e-02 solver=lbfgs | elapsed=2410s
[459] LR_20260709_083852 f1_up=0.5484 | C=6.397e-04 solver=liblinear | elapsed=2417s
[460] LR_20260709_083859 f1_up=0.5475 | C=2.079e+02 solver=lbfgs | elapsed=2422s
[461] LR_20260709_083903 f1_up=0.5481 | C=6.270e-03 solver=liblinear | elapsed=2430s
[462] LR_20260709_083912 f1_up=0.5479 | C=3.920e-02 solver=liblinear | elapsed=2443s
[463] LR_20260709_083925 f1_up=0.5484 | C=9.041e-04 solver=liblinear | elapsed=2451s
[464] LR_20260709_083932 f1_up=0.5479 | C=3.297e-02 solver=lbfgs | elapsed=2456s
[465] LR_20260709_083938 f1_up=0.5477 | C=3.042e+02 solver=liblinear | elapsed=2468s
[466] LR_20260709_083950 f1_up=0.5475 | C=4.298e+02 solver=lbfgs | elapsed=2473s
[467] LR_20260709_083954 f1_up=0.5477 | C=5.320e+00 solver=liblinear | elapsed=2483s
[468] LR_20260709_084004 f1_up=0.5482 | C=5.413e-06 solver=lbfgs | elapsed=2485s
[469] LR_20260709_084007 f1_up=0.5483 | C=2.067e-08 solver=lbfgs | elapsed=2488s
[470] LR_20260709_084009 f1_up=0.5475 | C=1.924e-01 solver=lbfgs | elapsed=2492s
[471] LR_20260709_084014 f1_up=0.5475 | C=8.173e+01 solver=lbfgs | elapsed=2497s
[472] LR_20260709_084018 f1_up=0.5481 | C=4.593e-03 solver=lbfgs | elapsed=2500s
[473] LR_20260709_084021 f1_up=0.5482 | C=1.142e-06 solver=lbfgs | elapsed=2503s
[474] LR_20260709_084024 f1_up=0.5483 | C=7.179e-08 solver=lbfgs | elapsed=2505s
[475] LR_20260709_084026 f1_up=0.5480 | C=1.627e-03 solver=lbfgs | elapsed=2508s
[476] LR_20260709_084029 f1_up=0.5481 | C=8.860e-03 solver=lbfgs | elapsed=2512s
[477] LR_20260709_084033 f1_up=0.5483 | C=1.189e-08 solver=liblinear | elapsed=2515s
[478] LR_20260709_084036 f1_up=0.5477 | C=7.627e+01 solver=liblinear | elapsed=2524s
[479] LR_20260709_084045 f1_up=0.5477 | C=1.600e+03 solver=liblinear | elapsed=2534s
[480] LR_20260709_084055 f1_up=0.5476 | C=7.561e-02 solver=lbfgs | elapsed=2538s
[481] LR_20260709_084059 f1_up=0.5482 | C=8.033e-05 solver=liblinear | elapsed=2543s
[482] LR_20260709_084104 f1_up=0.5487 | C=3.503e-05 solver=lbfgs | elapsed=2546s
[483] LR_20260709_084107 f1_up=0.5483 | C=1.015e-07 solver=liblinear | elapsed=2549s
[484] LR_20260709_084110 f1_up=0.5482 | C=1.385e-07 solver=liblinear | elapsed=2552s
[485] LR_20260709_084114 f1_up=0.5484 | C=8.733e-04 solver=liblinear | elapsed=2559s
[486] LR_20260709_084120 f1_up=0.5477 | C=5.110e+02 solver=liblinear | elapsed=2568s
[487] LR_20260709_084129 f1_up=0.5477 | C=4.176e+00 solver=liblinear | elapsed=2577s
[488] LR_20260709_084138 f1_up=0.5482 | C=2.171e-07 solver=liblinear | elapsed=2580s
[489] LR_20260709_084141 f1_up=0.5483 | C=1.135e-04 solver=lbfgs | elapsed=2583s
[490] LR_20260709_084144 f1_up=0.5483 | C=1.463e-08 solver=lbfgs | elapsed=2585s
[491] LR_20260709_084146 f1_up=0.5478 | C=2.465e-03 solver=liblinear | elapsed=2591s
[492] LR_20260709_084152 f1_up=0.5475 | C=4.727e-01 solver=lbfgs | elapsed=2595s
[493] LR_20260709_084156 f1_up=0.5475 | C=2.061e-01 solver=lbfgs | elapsed=2599s
[494] LR_20260709_084200 f1_up=0.5481 | C=4.922e-03 solver=lbfgs | elapsed=2602s
[495] LR_20260709_084203 f1_up=0.5475 | C=1.401e+01 solver=lbfgs | elapsed=2606s
[496] LR_20260709_084207 f1_up=0.5482 | C=1.704e-07 solver=liblinear | elapsed=2609s
[497] LR_20260709_084210 f1_up=0.5482 | C=9.605e-07 solver=lbfgs | elapsed=2612s
[498] LR_20260709_084213 f1_up=0.5482 | C=1.891e-07 solver=liblinear | elapsed=2615s
[499] LR_20260709_084216 f1_up=0.5475 | C=2.782e+03 solver=lbfgs | elapsed=2619s
[500] LR_20260709_084220 f1_up=0.5480 | C=1.003e-03 solver=liblinear | elapsed=2625s
[501] LR_20260709_084226 f1_up=0.5482 | C=1.446e-04 solver=lbfgs | elapsed=2627s
[502] LR_20260709_084229 f1_up=0.5475 | C=5.036e+01 solver=lbfgs | elapsed=2631s
[503] LR_20260709_084233 f1_up=0.5475 | C=9.305e-02 solver=lbfgs | elapsed=2636s
[504] LR_20260709_084237 f1_up=0.5475 | C=5.184e+03 solver=lbfgs | elapsed=2641s
[505] LR_20260709_084242 f1_up=0.5477 | C=8.510e-01 solver=liblinear | elapsed=2652s
[506] LR_20260709_084253 f1_up=0.5482 | C=5.800e-06 solver=lbfgs | elapsed=2654s
[507] LR_20260709_084255 f1_up=0.5482 | C=5.603e-06 solver=liblinear | elapsed=2658s
[508] LR_20260709_084259 f1_up=0.5482 | C=2.672e-07 solver=lbfgs | elapsed=2660s
[509] LR_20260709_084302 f1_up=0.5484 | C=7.873e-04 solver=lbfgs | elapsed=2664s
[510] LR_20260709_084305 f1_up=0.5482 | C=1.065e-06 solver=liblinear | elapsed=2667s
[511] LR_20260709_084308 f1_up=0.5477 | C=1.858e-01 solver=liblinear | elapsed=2676s
[512] LR_20260709_084317 f1_up=0.5482 | C=7.036e-07 solver=liblinear | elapsed=2679s
[513] LR_20260709_084320 f1_up=0.5479 | C=1.627e-03 solver=liblinear | elapsed=2686s
[514] LR_20260709_084327 f1_up=0.5483 | C=1.397e-04 solver=liblinear | elapsed=2691s
[515] LR_20260709_084332 f1_up=0.5477 | C=4.514e+03 solver=liblinear | elapsed=2700s
[516] LR_20260709_084341 f1_up=0.5475 | C=3.797e+03 solver=lbfgs | elapsed=2704s
[517] LR_20260709_084345 f1_up=0.5475 | C=1.162e+00 solver=lbfgs | elapsed=2708s
[518] LR_20260709_084350 f1_up=0.5483 | C=3.007e-06 solver=liblinear | elapsed=2712s
[519] LR_20260709_084353 f1_up=0.5477 | C=9.015e+03 solver=liblinear | elapsed=2721s
[520] LR_20260709_084402 f1_up=0.5482 | C=2.247e-07 solver=liblinear | elapsed=2724s
[521] LR_20260709_084405 f1_up=0.5482 | C=7.805e-07 solver=lbfgs | elapsed=2726s
[522] LR_20260709_084408 f1_up=0.5475 | C=7.015e+00 solver=lbfgs | elapsed=2731s
[523] LR_20260709_084412 f1_up=0.5482 | C=8.436e-04 solver=liblinear | elapsed=2737s
[524] LR_20260709_084418 f1_up=0.5477 | C=3.345e-01 solver=liblinear | elapsed=2745s
[525] LR_20260709_084426 f1_up=0.5481 | C=6.270e-03 solver=lbfgs | elapsed=2749s
[526] LR_20260709_084430 f1_up=0.5482 | C=1.087e-07 solver=lbfgs | elapsed=2751s
[527] LR_20260709_084432 f1_up=0.5476 | C=4.501e-02 solver=lbfgs | elapsed=2755s
[528] LR_20260709_084436 f1_up=0.5483 | C=2.267e-04 solver=lbfgs | elapsed=2758s
[529] LR_20260709_084439 f1_up=0.5475 | C=7.158e-01 solver=lbfgs | elapsed=2762s
[530] LR_20260709_084443 f1_up=0.5482 | C=7.540e-07 solver=lbfgs | elapsed=2764s
[531] LR_20260709_084445 f1_up=0.5483 | C=1.559e-06 solver=lbfgs | elapsed=2767s
[532] LR_20260709_084448 f1_up=0.5477 | C=1.699e+00 solver=liblinear | elapsed=2776s
[533] LR_20260709_084457 f1_up=0.5482 | C=8.860e-03 solver=liblinear | elapsed=2783s
[534] LR_20260709_084504 f1_up=0.5475 | C=7.410e-01 solver=lbfgs | elapsed=2787s
[535] LR_20260709_084508 f1_up=0.5477 | C=3.976e-01 solver=liblinear | elapsed=2796s
[536] LR_20260709_084517 f1_up=0.5476 | C=5.351e-02 solver=lbfgs | elapsed=2800s
[537] LR_20260709_084521 f1_up=0.5475 | C=3.213e+01 solver=lbfgs | elapsed=2804s
[538] LR_20260709_084525 f1_up=0.5478 | C=2.222e-03 solver=liblinear | elapsed=2810s
[539] LR_20260709_084531 f1_up=0.5483 | C=3.335e-06 solver=liblinear | elapsed=2814s
[540] LR_20260709_084535 f1_up=0.5478 | C=1.744e-03 solver=liblinear | elapsed=2821s
[541] LR_20260709_084542 f1_up=0.5483 | C=2.429e-04 solver=liblinear | elapsed=2827s
[542] LR_20260709_084548 f1_up=0.5477 | C=1.047e+00 solver=liblinear | elapsed=2836s
[543] LR_20260709_084557 f1_up=0.5475 | C=2.307e+02 solver=lbfgs | elapsed=2840s
[544] LR_20260709_084602 f1_up=0.5475 | C=1.501e+01 solver=lbfgs | elapsed=2844s
[545] LR_20260709_084606 f1_up=0.5482 | C=1.165e-07 solver=lbfgs | elapsed=2847s
[546] LR_20260709_084608 f1_up=0.5477 | C=1.162e+00 solver=liblinear | elapsed=2856s
[547] LR_20260709_084617 f1_up=0.5482 | C=1.646e-07 solver=lbfgs | elapsed=2859s
[548] LR_20260709_084620 f1_up=0.5477 | C=1.421e+02 solver=liblinear | elapsed=2869s
[549] LR_20260709_084630 f1_up=0.5475 | C=6.074e+02 solver=lbfgs | elapsed=2873s
[550] LR_20260709_084634 f1_up=0.5478 | C=5.539e-02 solver=liblinear | elapsed=2882s
[551] LR_20260709_084643 f1_up=0.5477 | C=2.184e+03 solver=liblinear | elapsed=2891s
[552] LR_20260709_084652 f1_up=0.5475 | C=3.668e+03 solver=lbfgs | elapsed=2895s
[553] LR_20260709_084656 f1_up=0.5475 | C=3.443e+01 solver=lbfgs | elapsed=2899s
[554] LR_20260709_084700 f1_up=0.5482 | C=1.009e-05 solver=liblinear | elapsed=2903s
[555] LR_20260709_084704 f1_up=0.5483 | C=1.113e-03 solver=lbfgs | elapsed=2907s
[556] LR_20260709_084708 f1_up=0.5482 | C=3.523e-07 solver=lbfgs | elapsed=2909s
[557] LR_20260709_084710 f1_up=0.5477 | C=8.220e-01 solver=liblinear | elapsed=2919s
[558] LR_20260709_084720 f1_up=0.5475 | C=2.626e-01 solver=lbfgs | elapsed=2923s
[559] LR_20260709_084724 f1_up=0.5475 | C=5.397e+01 solver=lbfgs | elapsed=2926s
[560] LR_20260709_084727 f1_up=0.5483 | C=3.965e-06 solver=liblinear | elapsed=2930s
[561] LR_20260709_084732 f1_up=0.5477 | C=1.554e+01 solver=liblinear | elapsed=2939s
[562] LR_20260709_084740 f1_up=0.5483 | C=1.097e-04 solver=lbfgs | elapsed=2942s
[563] LR_20260709_084743 f1_up=0.5482 | C=1.484e-07 solver=lbfgs | elapsed=2944s
[564] LR_20260709_084745 f1_up=0.5479 | C=2.300e-03 solver=lbfgs | elapsed=2948s
[565] LR_20260709_084749 f1_up=0.5475 | C=1.172e+03 solver=lbfgs | elapsed=2952s
[566] LR_20260709_084753 f1_up=0.5483 | C=2.374e-08 solver=lbfgs | elapsed=2954s
[567] LR_20260709_084755 f1_up=0.5483 | C=2.529e-06 solver=lbfgs | elapsed=2956s
[568] LR_20260709_084757 f1_up=0.5475 | C=7.368e+01 solver=lbfgs | elapsed=2960s
[569] LR_20260709_084801 f1_up=0.5483 | C=8.835e-08 solver=liblinear | elapsed=2963s
[570] LR_20260709_084804 f1_up=0.5482 | C=6.342e-07 solver=liblinear | elapsed=2966s
[571] LR_20260709_084807 f1_up=0.5475 | C=5.428e-01 solver=lbfgs | elapsed=2970s
[572] LR_20260709_084811 f1_up=0.5489 | C=4.950e-05 solver=lbfgs | elapsed=2973s
[573] LR_20260709_084814 f1_up=0.5477 | C=1.032e-01 solver=liblinear | elapsed=2986s
[574] LR_20260709_084828 f1_up=0.5477 | C=4.152e+02 solver=liblinear | elapsed=3001s
[575] LR_20260709_084842 f1_up=0.5477 | C=1.430e+00 solver=liblinear | elapsed=3011s
[576] LR_20260709_084852 f1_up=0.5483 | C=1.135e-04 solver=liblinear | elapsed=3016s
[577] LR_20260709_084857 f1_up=0.5483 | C=4.249e-06 solver=lbfgs | elapsed=3018s
[578] LR_20260709_084859 f1_up=0.5482 | C=7.649e-06 solver=lbfgs | elapsed=3020s
[579] LR_20260709_084902 f1_up=0.5481 | C=1.709e-02 solver=lbfgs | elapsed=3024s
[580] LR_20260709_084905 f1_up=0.5483 | C=3.241e-08 solver=lbfgs | elapsed=3027s
[581] LR_20260709_084908 f1_up=0.5475 | C=2.703e+01 solver=lbfgs | elapsed=3030s
[582] LR_20260709_084911 f1_up=0.5483 | C=1.613e-06 solver=liblinear | elapsed=3033s
[583] LR_20260709_084914 f1_up=0.5475 | C=8.758e+01 solver=lbfgs | elapsed=3038s
[584] LR_20260709_084919 f1_up=0.5479 | C=1.252e-02 solver=lbfgs | elapsed=3042s
[585] LR_20260709_084923 f1_up=0.5482 | C=7.873e-04 solver=liblinear | elapsed=3049s
[586] LR_20260709_084930 f1_up=0.5477 | C=4.606e+02 solver=liblinear | elapsed=3058s
[587] LR_20260709_084939 f1_up=0.5482 | C=1.044e-05 solver=liblinear | elapsed=3062s
[588] LR_20260709_084943 f1_up=0.5481 | C=1.199e-05 solver=lbfgs | elapsed=3064s
[589] LR_20260709_084945 f1_up=0.5475 | C=8.633e+00 solver=lbfgs | elapsed=3068s
[590] LR_20260709_084949 f1_up=0.5475 | C=6.642e+01 solver=lbfgs | elapsed=3072s
[591] LR_20260709_084953 f1_up=0.5479 | C=1.113e-03 solver=liblinear | elapsed=3078s
[592] LR_20260709_084959 f1_up=0.5477 | C=1.523e+02 solver=liblinear | elapsed=3087s
[593] LR_20260709_085008 f1_up=0.5483 | C=2.128e-06 solver=liblinear | elapsed=3090s
[594] LR_20260709_085011 f1_up=0.5475 | C=1.442e+03 solver=lbfgs | elapsed=3094s
[595] LR_20260709_085015 f1_up=0.5475 | C=7.583e+03 solver=lbfgs | elapsed=3098s
[596] LR_20260709_085019 f1_up=0.5484 | C=6.856e-04 solver=lbfgs | elapsed=3101s
[597] LR_20260709_085022 f1_up=0.5481 | C=2.656e-05 solver=lbfgs | elapsed=3104s
[598] LR_20260709_085025 f1_up=0.5483 | C=4.273e-08 solver=liblinear | elapsed=3107s
[599] LR_20260709_085028 f1_up=0.5475 | C=7.518e+00 solver=lbfgs | elapsed=3111s
[600] LR_20260709_085032 f1_up=0.5475 | C=5.214e+01 solver=lbfgs | elapsed=3116s
[601] LR_20260709_085037 f1_up=0.5484 | C=3.204e-04 solver=lbfgs | elapsed=3119s
[602] LR_20260709_085040 f1_up=0.5483 | C=6.935e-08 solver=liblinear | elapsed=3122s
[603] LR_20260709_085043 f1_up=0.5484 | C=1.216e-04 solver=liblinear | elapsed=3127s
[604] LR_20260709_085048 f1_up=0.5483 | C=3.605e-03 solver=lbfgs | elapsed=3131s
[605] LR_20260709_085052 f1_up=0.5477 | C=6.288e+02 solver=liblinear | elapsed=3140s
[606] LR_20260709_085101 f1_up=0.5479 | C=2.551e-03 solver=lbfgs | elapsed=3144s
[607] LR_20260709_085105 f1_up=0.5482 | C=2.327e-07 solver=lbfgs | elapsed=3146s
[608] LR_20260709_085107 f1_up=0.5477 | C=1.361e-01 solver=liblinear | elapsed=3155s
[609] LR_20260709_085116 f1_up=0.5477 | C=2.611e+01 solver=liblinear | elapsed=3164s
[610] LR_20260709_085125 f1_up=0.5483 | C=5.523e-07 solver=liblinear | elapsed=3167s
[611] LR_20260709_085129 f1_up=0.5475 | C=1.213e+03 solver=lbfgs | elapsed=3172s
[612] LR_20260709_085133 f1_up=0.5477 | C=2.573e+00 solver=liblinear | elapsed=3181s
[613] LR_20260709_085142 f1_up=0.5483 | C=1.072e-08 solver=liblinear | elapsed=3184s
[614] LR_20260709_085145 f1_up=0.5477 | C=5.619e-01 solver=liblinear | elapsed=3193s
[615] LR_20260709_085154 f1_up=0.5483 | C=5.080e-08 solver=lbfgs | elapsed=3196s
[616] LR_20260709_085157 f1_up=0.5475 | C=1.450e+01 solver=lbfgs | elapsed=3200s
[617] LR_20260709_085201 f1_up=0.5477 | C=1.069e-01 solver=liblinear | elapsed=3209s
[618] LR_20260709_085210 f1_up=0.5477 | C=1.078e+02 solver=liblinear | elapsed=3218s
[619] LR_20260709_085219 f1_up=0.5478 | C=3.077e-02 solver=lbfgs | elapsed=3222s
[620] LR_20260709_085223 f1_up=0.5483 | C=1.192e-03 solver=liblinear | elapsed=3228s
[621] LR_20260709_085229 f1_up=0.5475 | C=1.281e+02 solver=lbfgs | elapsed=3232s
[622] LR_20260709_085233 f1_up=0.5477 | C=1.393e+03 solver=liblinear | elapsed=3242s
[623] LR_20260709_085243 f1_up=0.5477 | C=7.368e+01 solver=liblinear | elapsed=3253s
[624] LR_20260709_085254 f1_up=0.5477 | C=1.381e+00 solver=liblinear | elapsed=3263s
[625] LR_20260709_085304 f1_up=0.5477 | C=5.784e+01 solver=liblinear | elapsed=3274s
[626] LR_20260709_085315 f1_up=0.5482 | C=4.140e-03 solver=lbfgs | elapsed=3278s
[627] LR_20260709_085320 f1_up=0.5477 | C=1.609e+01 solver=liblinear | elapsed=3293s
[628] LR_20260709_085334 f1_up=0.5482 | C=9.278e-07 solver=liblinear | elapsed=3296s
[629] LR_20260709_085338 f1_up=0.5475 | C=2.354e+01 solver=lbfgs | elapsed=3301s
[630] LR_20260709_085342 f1_up=0.5475 | C=5.066e-01 solver=lbfgs | elapsed=3305s
[631] LR_20260709_085346 f1_up=0.5482 | C=7.138e-06 solver=lbfgs | elapsed=3307s
[632] LR_20260709_085348 f1_up=0.5482 | C=8.268e-03 solver=liblinear | elapsed=3315s
[633] LR_20260709_085356 f1_up=0.5483 | C=3.355e-08 solver=lbfgs | elapsed=3317s
[634] LR_20260709_085358 f1_up=0.5475 | C=8.388e-02 solver=lbfgs | elapsed=3321s
[635] LR_20260709_085402 f1_up=0.5483 | C=3.024e-08 solver=lbfgs | elapsed=3324s
[636] LR_20260709_085405 f1_up=0.5483 | C=2.921e-08 solver=liblinear | elapsed=3327s
[637] LR_20260709_085408 f1_up=0.5483 | C=2.806e-06 solver=liblinear | elapsed=3330s
[638] LR_20260709_085411 f1_up=0.5483 | C=4.128e-08 solver=liblinear | elapsed=3333s
[639] LR_20260709_085414 f1_up=0.5477 | C=8.584e+02 solver=liblinear | elapsed=3342s
[640] LR_20260709_085423 f1_up=0.5481 | C=1.880e-05 solver=liblinear | elapsed=3347s
[641] LR_20260709_085428 f1_up=0.5475 | C=7.895e+01 solver=lbfgs | elapsed=3351s
[642] LR_20260709_085431 f1_up=0.5483 | C=3.830e-06 solver=lbfgs | elapsed=3353s
[643] LR_20260709_085434 f1_up=0.5477 | C=5.428e-01 solver=liblinear | elapsed=3363s
[644] LR_20260709_085444 f1_up=0.5475 | C=1.690e+02 solver=lbfgs | elapsed=3368s
[645] LR_20260709_085449 f1_up=0.5475 | C=1.006e+02 solver=lbfgs | elapsed=3372s
[646] LR_20260709_085454 f1_up=0.5483 | C=4.373e-04 solver=lbfgs | elapsed=3376s
[647] LR_20260709_085457 f1_up=0.5482 | C=5.919e-07 solver=liblinear | elapsed=3380s
[648] LR_20260709_085501 f1_up=0.5475 | C=9.857e+02 solver=lbfgs | elapsed=3384s
[649] LR_20260709_085505 f1_up=0.5483 | C=1.739e-08 solver=liblinear | elapsed=3386s
[650] LR_20260709_085507 f1_up=0.5483 | C=2.280e-06 solver=liblinear | elapsed=3390s
[651] LR_20260709_085511 f1_up=0.5483 | C=7.432e-08 solver=liblinear | elapsed=3393s
[652] LR_20260709_085514 f1_up=0.5482 | C=9.093e-06 solver=lbfgs | elapsed=3395s
[653] LR_20260709_085516 f1_up=0.5483 | C=5.834e-08 solver=liblinear | elapsed=3398s
[654] LR_20260709_085519 f1_up=0.5476 | C=4.823e-02 solver=lbfgs | elapsed=3402s
[655] LR_20260709_085523 f1_up=0.5477 | C=5.169e-02 solver=lbfgs | elapsed=3406s
[656] LR_20260709_085527 f1_up=0.5477 | C=2.091e+00 solver=liblinear | elapsed=3415s
[657] LR_20260709_085536 f1_up=0.5482 | C=8.784e-06 solver=liblinear | elapsed=3418s
[658] LR_20260709_085539 f1_up=0.5482 | C=3.483e-03 solver=liblinear | elapsed=3426s
[659] LR_20260709_085547 f1_up=0.5477 | C=5.868e+02 solver=liblinear | elapsed=3435s
[660] LR_20260709_085556 f1_up=0.5476 | C=4.200e-02 solver=lbfgs | elapsed=3439s
[661] LR_20260709_085600 f1_up=0.5482 | C=2.073e-03 solver=lbfgs | elapsed=3443s
[662] LR_20260709_085604 f1_up=0.5475 | C=6.416e+01 solver=lbfgs | elapsed=3447s
[663] LR_20260709_085608 f1_up=0.5490 | C=6.092e-05 solver=liblinear | elapsed=3452s
[664] LR_20260709_085613 f1_up=0.5483 | C=5.154e-07 solver=liblinear | elapsed=3455s
[665] LR_20260709_085616 f1_up=0.5483 | C=1.405e-06 solver=liblinear | elapsed=3458s
[666] LR_20260709_085619 f1_up=0.5482 | C=1.158e-05 solver=liblinear | elapsed=3462s
[667] LR_20260709_085623 f1_up=0.5483 | C=2.044e-04 solver=lbfgs | elapsed=3465s
[668] LR_20260709_085626 f1_up=0.5482 | C=6.127e-07 solver=lbfgs | elapsed=3467s
[669] LR_20260709_085628 f1_up=0.5475 | C=1.618e-01 solver=lbfgs | elapsed=3471s
[670] LR_20260709_085632 f1_up=0.5481 | C=6.719e-03 solver=liblinear | elapsed=3478s
[671] LR_20260709_085639 f1_up=0.5483 | C=3.732e-03 solver=lbfgs | elapsed=3481s
[672] LR_20260709_085642 f1_up=0.5475 | C=3.616e+02 solver=lbfgs | elapsed=3485s
[673] LR_20260709_085646 f1_up=0.5482 | C=7.715e-03 solver=liblinear | elapsed=3493s
[674] LR_20260709_085654 f1_up=0.5482 | C=4.188e-07 solver=liblinear | elapsed=3497s
[675] LR_20260709_085658 f1_up=0.5483 | C=1.405e-06 solver=lbfgs | elapsed=3499s
[676] LR_20260709_085700 f1_up=0.5477 | C=6.836e+03 solver=liblinear | elapsed=3509s
[677] LR_20260709_085710 f1_up=0.5482 | C=7.389e-06 solver=lbfgs | elapsed=3511s
[678] LR_20260709_085712 f1_up=0.5483 | C=2.822e-08 solver=liblinear | elapsed=3514s
[679] LR_20260709_085715 f1_up=0.5477 | C=1.256e+03 solver=liblinear | elapsed=3524s
[680] LR_20260709_085725 f1_up=0.5481 | C=9.494e-03 solver=lbfgs | elapsed=3528s
[681] LR_20260709_085729 f1_up=0.5483 | C=9.549e-05 solver=liblinear | elapsed=3533s
[682] LR_20260709_085734 f1_up=0.5482 | C=3.068e-07 solver=lbfgs | elapsed=3536s
[683] LR_20260709_085737 f1_up=0.5481 | C=5.460e-03 solver=lbfgs | elapsed=3539s
[684] LR_20260709_085740 f1_up=0.5477 | C=4.212e+03 solver=liblinear | elapsed=3549s
[685] LR_20260709_085750 f1_up=0.5483 | C=1.175e-04 solver=lbfgs | elapsed=3551s
[686] LR_20260709_085752 f1_up=0.5475 | C=7.827e-02 solver=lbfgs | elapsed=3555s
[687] LR_20260709_085756 f1_up=0.5483 | C=2.443e-06 solver=liblinear | elapsed=3559s
[688] LR_20260709_085800 f1_up=0.5477 | C=1.913e+01 solver=liblinear | elapsed=3569s
[689] LR_20260709_085810 f1_up=0.5483 | C=1.003e-03 solver=lbfgs | elapsed=3572s
[690] LR_20260709_085813 f1_up=0.5483 | C=1.417e-03 solver=liblinear | elapsed=3579s
[691] LR_20260709_085820 f1_up=0.5477 | C=1.656e+03 solver=liblinear | elapsed=3589s
[692] LR_20260709_085830 f1_up=0.5475 | C=9.632e-02 solver=lbfgs | elapsed=3593s
[693] LR_20260709_085835 f1_up=0.5482 | C=3.732e-03 solver=liblinear | elapsed=3603s
[694] LR_20260709_085844 f1_up=0.5476 | C=9.119e-01 solver=lbfgs | elapsed=3606s
[695] LR_20260709_085847 f1_up=0.5477 | C=1.012e+00 solver=liblinear | elapsed=3616s
[696] LR_20260709_085857 f1_up=0.5475 | C=3.711e-01 solver=lbfgs | elapsed=3620s
[697] LR_20260709_085902 f1_up=0.5475 | C=2.260e+03 solver=lbfgs | elapsed=3624s
[698] LR_20260709_085905 f1_up=0.5482 | C=2.766e-07 solver=liblinear | elapsed=3628s
[699] LR_20260709_085909 f1_up=0.5478 | C=3.033e-03 solver=liblinear | elapsed=3635s
[700] LR_20260709_085916 f1_up=0.5475 | C=2.134e-01 solver=lbfgs | elapsed=3639s
[701] LR_20260709_085920 f1_up=0.5475 | C=2.687e+03 solver=lbfgs | elapsed=3643s
[702] LR_20260709_085924 f1_up=0.5481 | C=4.922e-03 solver=liblinear | elapsed=3650s
[703] LR_20260709_085931 f1_up=0.5483 | C=2.293e-08 solver=liblinear | elapsed=3652s
[704] LR_20260709_085933 f1_up=0.5475 | C=5.953e+03 solver=lbfgs | elapsed=3656s
[705] LR_20260709_085937 f1_up=0.5483 | C=2.360e-06 solver=lbfgs | elapsed=3659s
[706] LR_20260709_085940 f1_up=0.5482 | C=5.051e-06 solver=lbfgs | elapsed=3661s
[707] LR_20260709_085942 f1_up=0.5477 | C=9.440e-01 solver=liblinear | elapsed=3670s
[708] LR_20260709_085951 f1_up=0.5487 | C=3.626e-05 solver=liblinear | elapsed=3675s
[709] LR_20260709_085956 f1_up=0.5475 | C=3.637e+00 solver=lbfgs | elapsed=3678s
[710] LR_20260709_085959 f1_up=0.5481 | C=1.425e-05 solver=liblinear | elapsed=3682s
[711] LR_20260709_090003 f1_up=0.5477 | C=2.758e+00 solver=liblinear | elapsed=3692s
[712] LR_20260709_090013 f1_up=0.5482 | C=3.433e-04 solver=liblinear | elapsed=3698s
[713] LR_20260709_090019 f1_up=0.5477 | C=7.056e-02 solver=liblinear | elapsed=3707s
[714] LR_20260709_090028 f1_up=0.5475 | C=5.587e+01 solver=lbfgs | elapsed=3711s
[715] LR_20260709_090032 f1_up=0.5477 | C=2.340e+03 solver=liblinear | elapsed=3723s
[716] LR_20260709_090044 f1_up=0.5483 | C=1.231e-08 solver=liblinear | elapsed=3728s
[717] LR_20260709_090049 f1_up=0.5477 | C=2.522e+01 solver=liblinear | elapsed=3742s
[718] LR_20260709_090104 f1_up=0.5483 | C=1.800e-08 solver=liblinear | elapsed=3746s
[719] LR_20260709_090107 f1_up=0.5487 | C=2.750e-05 solver=lbfgs | elapsed=3749s
[720] LR_20260709_090110 f1_up=0.5475 | C=9.772e-01 solver=lbfgs | elapsed=3753s
[721] LR_20260709_090114 f1_up=0.5482 | C=8.658e-07 solver=lbfgs | elapsed=3755s
[722] LR_20260709_090116 f1_up=0.5475 | C=9.251e+00 solver=lbfgs | elapsed=3759s
[723] LR_20260709_090120 f1_up=0.5482 | C=1.590e-07 solver=lbfgs | elapsed=3762s
[724] LR_20260709_090123 f1_up=0.5483 | C=1.550e-04 solver=liblinear | elapsed=3768s
[725] LR_20260709_090129 f1_up=0.5477 | C=3.213e+01 solver=liblinear | elapsed=3778s
[726] LR_20260709_090139 f1_up=0.5479 | C=3.533e-02 solver=liblinear | elapsed=3788s
[727] LR_20260709_090149 f1_up=0.5482 | C=4.646e-07 solver=lbfgs | elapsed=3790s
[728] LR_20260709_090151 f1_up=0.5475 | C=8.683e-02 solver=lbfgs | elapsed=3794s
[729] LR_20260709_090155 f1_up=0.5483 | C=1.072e-08 solver=lbfgs | elapsed=3796s
[730] LR_20260709_090157 f1_up=0.5477 | C=7.015e+00 solver=liblinear | elapsed=3806s
[731] LR_20260709_090207 f1_up=0.5483 | C=3.007e-06 solver=lbfgs | elapsed=3808s
[732] LR_20260709_090209 f1_up=0.5483 | C=2.458e-08 solver=liblinear | elapsed=3811s
[733] LR_20260709_090212 f1_up=0.5477 | C=4.633e+00 solver=liblinear | elapsed=3820s
[734] LR_20260709_090221 f1_up=0.5483 | C=1.986e-06 solver=liblinear | elapsed=3823s
[735] LR_20260709_090224 f1_up=0.5475 | C=2.122e+01 solver=lbfgs | elapsed=3827s
[736] LR_20260709_090228 f1_up=0.5482 | C=7.283e-07 solver=lbfgs | elapsed=3829s
[737] LR_20260709_090230 f1_up=0.5475 | C=4.566e-01 solver=lbfgs | elapsed=3833s
[738] LR_20260709_090234 f1_up=0.5482 | C=2.408e-07 solver=liblinear | elapsed=3836s
[739] LR_20260709_090237 f1_up=0.5478 | C=3.786e-02 solver=lbfgs | elapsed=3840s
[740] LR_20260709_090240 f1_up=0.5475 | C=2.472e+02 solver=lbfgs | elapsed=3843s
[741] LR_20260709_090244 f1_up=0.5477 | C=2.955e+00 solver=lbfgs | elapsed=3847s
[742] LR_20260709_090247 f1_up=0.5483 | C=9.467e-08 solver=liblinear | elapsed=3849s
[743] LR_20260709_090250 f1_up=0.5479 | C=1.563e-01 solver=liblinear | elapsed=3857s
[744] LR_20260709_090258 f1_up=0.5477 | C=5.397e+01 solver=liblinear | elapsed=3866s
[745] LR_20260709_090307 f1_up=0.5475 | C=4.361e+03 solver=lbfgs | elapsed=3870s
[746] LR_20260709_090311 f1_up=0.5482 | C=8.911e-05 solver=liblinear | elapsed=3874s
[747] LR_20260709_090315 f1_up=0.5483 | C=2.115e-04 solver=liblinear | elapsed=3880s
[748] LR_20260709_090321 f1_up=0.5475 | C=3.765e+00 solver=lbfgs | elapsed=3883s
[749] LR_20260709_090324 f1_up=0.5481 | C=1.880e-05 solver=lbfgs | elapsed=3886s
[750] LR_20260709_090326 f1_up=0.5475 | C=3.931e+03 solver=lbfgs | elapsed=3889s
[751] LR_20260709_090330 f1_up=0.5477 | C=3.167e+00 solver=lbfgs | elapsed=3893s
[752] LR_20260709_090334 f1_up=0.5483 | C=4.273e-08 solver=lbfgs | elapsed=3895s
[753] LR_20260709_090336 f1_up=0.5477 | C=1.811e+02 solver=liblinear | elapsed=3903s
[754] LR_20260709_090344 f1_up=0.5477 | C=1.346e+03 solver=liblinear | elapsed=3912s
[755] LR_20260709_090353 f1_up=0.5475 | C=1.734e-01 solver=lbfgs | elapsed=3916s
[756] LR_20260709_090356 f1_up=0.5475 | C=2.436e+01 solver=lbfgs | elapsed=3919s
[757] LR_20260709_090400 f1_up=0.5481 | C=1.285e-05 solver=liblinear | elapsed=3923s
[758] LR_20260709_090404 f1_up=0.5483 | C=1.661e-04 solver=lbfgs | elapsed=3925s
[759] LR_20260709_090406 f1_up=0.5482 | C=7.760e-05 solver=liblinear | elapsed=3930s
[760] LR_20260709_090410 f1_up=0.5475 | C=5.902e+00 solver=lbfgs | elapsed=3933s
[761] LR_20260709_090414 f1_up=0.5482 | C=9.278e-07 solver=lbfgs | elapsed=3935s
[762] LR_20260709_090416 f1_up=0.5477 | C=4.501e-02 solver=liblinear | elapsed=3944s
[763] LR_20260709_090425 f1_up=0.5484 | C=1.974e-04 solver=liblinear | elapsed=3949s
[764] LR_20260709_090429 f1_up=0.5483 | C=9.225e-05 solver=liblinear | elapsed=3953s
[765] LR_20260709_090434 f1_up=0.5483 | C=1.790e-06 solver=lbfgs | elapsed=3956s
[766] LR_20260709_090436 f1_up=0.5477 | C=6.162e+03 solver=liblinear | elapsed=3965s
[767] LR_20260709_090446 f1_up=0.5477 | C=3.711e-01 solver=liblinear | elapsed=3975s
[768] LR_20260709_090456 f1_up=0.5475 | C=5.987e+01 solver=lbfgs | elapsed=3980s
[769] LR_20260709_090502 f1_up=0.5477 | C=9.251e+00 solver=liblinear | elapsed=3993s
[770] LR_20260709_090514 f1_up=0.5475 | C=1.196e+02 solver=lbfgs | elapsed=3998s
[771] LR_20260709_090519 f1_up=0.5482 | C=8.911e-05 solver=lbfgs | elapsed=4001s
[772] LR_20260709_090522 f1_up=0.5475 | C=2.981e+03 solver=lbfgs | elapsed=4005s
[773] LR_20260709_090526 f1_up=0.5482 | C=7.540e-07 solver=liblinear | elapsed=4009s
[774] LR_20260709_090530 f1_up=0.5475 | C=6.379e+03 solver=lbfgs | elapsed=4013s
[775] LR_20260709_090534 f1_up=0.5483 | C=3.595e-08 solver=lbfgs | elapsed=4016s
[776] LR_20260709_090538 f1_up=0.5482 | C=1.957e-07 solver=lbfgs | elapsed=4019s
[777] LR_20260709_090540 f1_up=0.5483 | C=2.544e-08 solver=liblinear | elapsed=4022s
[778] LR_20260709_090543 f1_up=0.5488 | C=4.023e-05 solver=liblinear | elapsed=4027s
[779] LR_20260709_090548 f1_up=0.5478 | C=1.869e-03 solver=liblinear | elapsed=4035s
[780] LR_20260709_090556 f1_up=0.5477 | C=7.262e+00 solver=liblinear | elapsed=4044s
[781] LR_20260709_090605 f1_up=0.5483 | C=2.140e-08 solver=liblinear | elapsed=4047s
[782] LR_20260709_090608 f1_up=0.5477 | C=2.422e+03 solver=liblinear | elapsed=4057s
[783] LR_20260709_090618 f1_up=0.5477 | C=1.353e+01 solver=liblinear | elapsed=4066s
[784] LR_20260709_090627 f1_up=0.5482 | C=8.658e-07 solver=liblinear | elapsed=4069s
[785] LR_20260709_090630 f1_up=0.5475 | C=1.093e+03 solver=lbfgs | elapsed=4073s
[786] LR_20260709_090634 f1_up=0.5481 | C=7.987e-03 solver=lbfgs | elapsed=4077s
[787] LR_20260709_090638 f1_up=0.5475 | C=2.274e+01 solver=lbfgs | elapsed=4081s
[788] LR_20260709_090642 f1_up=0.5489 | C=4.950e-05 solver=liblinear | elapsed=4085s
[789] LR_20260709_090646 f1_up=0.5482 | C=1.103e-06 solver=lbfgs | elapsed=4088s
[790] LR_20260709_090648 f1_up=0.5483 | C=1.670e-06 solver=liblinear | elapsed=4091s
[791] LR_20260709_090652 f1_up=0.5477 | C=4.837e+03 solver=liblinear | elapsed=4100s
[792] LR_20260709_090701 f1_up=0.5475 | C=1.041e+02 solver=lbfgs | elapsed=4104s
[793] LR_20260709_090704 f1_up=0.5483 | C=4.424e-08 solver=lbfgs | elapsed=4106s
[794] LR_20260709_090707 f1_up=0.5482 | C=6.797e-07 solver=liblinear | elapsed=4109s
[795] LR_20260709_090710 f1_up=0.5477 | C=1.100e+01 solver=liblinear | elapsed=4118s
[796] LR_20260709_090719 f1_up=0.5481 | C=2.395e-05 solver=lbfgs | elapsed=4120s
[797] LR_20260709_090721 f1_up=0.5475 | C=3.259e+02 solver=lbfgs | elapsed=4124s
[798] LR_20260709_090725 f1_up=0.5483 | C=9.145e-08 solver=lbfgs | elapsed=4126s
[799] LR_20260709_090727 f1_up=0.5475 | C=9.914e+00 solver=lbfgs | elapsed=4130s
[800] LR_20260709_090731 f1_up=0.5477 | C=2.998e+01 solver=liblinear | elapsed=4139s
[801] LR_20260709_090740 f1_up=0.5478 | C=1.053e-02 solver=lbfgs | elapsed=4142s
[802] LR_20260709_090743 f1_up=0.5481 | C=5.095e-03 solver=lbfgs | elapsed=4146s
[803] LR_20260709_090747 f1_up=0.5475 | C=6.547e+00 solver=lbfgs | elapsed=4149s
[804] LR_20260709_090750 f1_up=0.5477 | C=7.782e+00 solver=liblinear | elapsed=4158s
[805] LR_20260709_090759 f1_up=0.5481 | C=3.297e-02 solver=liblinear | elapsed=4167s
[806] LR_20260709_090808 f1_up=0.5483 | C=8.244e-08 solver=liblinear | elapsed=4170s
[807] LR_20260709_090811 f1_up=0.5482 | C=1.536e-07 solver=lbfgs | elapsed=4172s
[808] LR_20260709_090813 f1_up=0.5476 | C=4.348e-02 solver=lbfgs | elapsed=4176s
[809] LR_20260709_090817 f1_up=0.5478 | C=7.304e-02 solver=liblinear | elapsed=4185s
[810] LR_20260709_090827 f1_up=0.5477 | C=3.122e-01 solver=liblinear | elapsed=4197s
[811] LR_20260709_090838 f1_up=0.5479 | C=1.805e-03 solver=liblinear | elapsed=4204s
[812] LR_20260709_090845 f1_up=0.5475 | C=3.493e+02 solver=lbfgs | elapsed=4208s
[813] LR_20260709_090849 f1_up=0.5483 | C=3.222e-06 solver=lbfgs | elapsed=4210s
[814] LR_20260709_090851 f1_up=0.5475 | C=6.738e+02 solver=lbfgs | elapsed=4214s
[815] LR_20260709_090854 f1_up=0.5482 | C=3.679e-04 solver=lbfgs | elapsed=4217s
[816] LR_20260709_090858 f1_up=0.5482 | C=5.885e-05 solver=liblinear | elapsed=4221s
[817] LR_20260709_090903 f1_up=0.5482 | C=3.775e-07 solver=lbfgs | elapsed=4224s
[818] LR_20260709_090906 f1_up=0.5483 | C=1.719e-04 solver=liblinear | elapsed=4230s
[819] LR_20260709_090911 f1_up=0.5477 | C=1.106e-01 solver=liblinear | elapsed=4239s
[820] LR_20260709_090920 f1_up=0.5481 | C=1.651e-02 solver=lbfgs | elapsed=4243s
[821] LR_20260709_090924 f1_up=0.5478 | C=2.734e-03 solver=liblinear | elapsed=4250s
[822] LR_20260709_090931 f1_up=0.5477 | C=3.493e+02 solver=liblinear | elapsed=4259s
[823] LR_20260709_090940 f1_up=0.5475 | C=6.777e+00 solver=lbfgs | elapsed=4263s
[824] LR_20260709_090944 f1_up=0.5489 | C=7.241e-05 solver=lbfgs | elapsed=4266s
[825] LR_20260709_090947 f1_up=0.5475 | C=6.324e+00 solver=lbfgs | elapsed=4270s
[826] LR_20260709_090951 f1_up=0.5475 | C=3.015e-01 solver=lbfgs | elapsed=4274s
[827] LR_20260709_090955 f1_up=0.5483 | C=2.128e-06 solver=lbfgs | elapsed=4276s
[828] LR_20260709_090957 f1_up=0.5482 | C=2.581e-07 solver=liblinear | elapsed=4280s
[829] LR_20260709_091001 f1_up=0.5477 | C=9.198e+02 solver=liblinear | elapsed=4289s
[830] LR_20260709_091010 f1_up=0.5477 | C=4.093e+01 solver=liblinear | elapsed=4300s
[831] LR_20260709_091021 f1_up=0.5482 | C=1.050e-07 solver=lbfgs | elapsed=4302s
[832] LR_20260709_091023 f1_up=0.5475 | C=2.798e+01 solver=lbfgs | elapsed=4306s
[833] LR_20260709_091027 f1_up=0.5477 | C=6.915e-01 solver=liblinear | elapsed=4315s
[834] LR_20260709_091037 f1_up=0.5483 | C=1.604e-04 solver=liblinear | elapsed=4321s
[835] LR_20260709_091042 f1_up=0.5483 | C=1.550e-04 solver=lbfgs | elapsed=4324s
[836] LR_20260709_091045 f1_up=0.5477 | C=2.718e-01 solver=liblinear | elapsed=4334s
[837] LR_20260709_091055 f1_up=0.5481 | C=6.955e-03 solver=lbfgs | elapsed=4338s
[838] LR_20260709_091059 f1_up=0.5475 | C=1.132e+03 solver=lbfgs | elapsed=4342s
[839] LR_20260709_091103 f1_up=0.5489 | C=7.241e-05 solver=liblinear | elapsed=4347s
[840] LR_20260709_091108 f1_up=0.5483 | C=4.105e-06 solver=lbfgs | elapsed=4349s
[841] LR_20260709_091110 f1_up=0.5477 | C=9.857e+02 solver=liblinear | elapsed=4361s
[842] LR_20260709_091122 f1_up=0.5483 | C=1.304e-04 solver=lbfgs | elapsed=4365s
[843] LR_20260709_091127 f1_up=0.5482 | C=3.647e-07 solver=lbfgs | elapsed=4369s
[844] LR_20260709_091130 f1_up=0.5478 | C=9.632e-02 solver=liblinear | elapsed=4383s
[845] LR_20260709_091144 f1_up=0.5476 | C=8.989e-02 solver=lbfgs | elapsed=4387s
[846] LR_20260709_091148 f1_up=0.5477 | C=3.544e+03 solver=liblinear | elapsed=4399s
[847] LR_20260709_091200 f1_up=0.5477 | C=5.507e+00 solver=liblinear | elapsed=4409s
[848] LR_20260709_091210 f1_up=0.5477 | C=1.442e+03 solver=liblinear | elapsed=4419s
[849] LR_20260709_091220 f1_up=0.5476 | C=7.304e-02 solver=lbfgs | elapsed=4423s
[850] LR_20260709_091224 f1_up=0.5482 | C=3.176e-07 solver=liblinear | elapsed=4426s
[851] LR_20260709_091227 f1_up=0.5481 | C=9.829e-03 solver=lbfgs | elapsed=4429s
[852] LR_20260709_091230 f1_up=0.5475 | C=1.714e+03 solver=lbfgs | elapsed=4433s
[853] LR_20260709_091234 f1_up=0.5477 | C=3.637e+00 solver=liblinear | elapsed=4442s
[854] LR_20260709_091243 f1_up=0.5481 | C=1.241e-05 solver=liblinear | elapsed=4446s
[855] LR_20260709_091247 f1_up=0.5481 | C=1.754e-05 solver=lbfgs | elapsed=4449s
[856] LR_20260709_091250 f1_up=0.5484 | C=5.767e-04 solver=liblinear | elapsed=4455s
[857] LR_20260709_091256 f1_up=0.5475 | C=7.221e+02 solver=lbfgs | elapsed=4459s
[858] LR_20260709_091300 f1_up=0.5484 | C=7.605e-04 solver=liblinear | elapsed=4465s
[859] LR_20260709_091306 f1_up=0.5477 | C=4.700e+01 solver=liblinear | elapsed=4480s
[860] LR_20260709_091321 f1_up=0.5475 | C=3.544e+03 solver=lbfgs | elapsed=4485s
[861] LR_20260709_091325 f1_up=0.5483 | C=3.988e-08 solver=liblinear | elapsed=4487s
[862] LR_20260709_091328 f1_up=0.5482 | C=3.775e-07 solver=liblinear | elapsed=4491s
[863] LR_20260709_091332 f1_up=0.5482 | C=6.342e-07 solver=lbfgs | elapsed=4493s
[864] LR_20260709_091334 f1_up=0.5477 | C=2.122e+01 solver=liblinear | elapsed=4502s
[865] LR_20260709_091343 f1_up=0.5483 | C=2.374e-08 solver=liblinear | elapsed=4504s
[866] LR_20260709_091345 f1_up=0.5482 | C=8.963e-07 solver=lbfgs | elapsed=4507s
[867] LR_20260709_091348 f1_up=0.5483 | C=1.304e-04 solver=liblinear | elapsed=4511s
[868] LR_20260709_091352 f1_up=0.5475 | C=1.749e+02 solver=lbfgs | elapsed=4515s
[869] LR_20260709_091356 f1_up=0.5475 | C=4.323e+00 solver=lbfgs | elapsed=4519s
[870] LR_20260709_091400 f1_up=0.5483 | C=1.189e-08 solver=lbfgs | elapsed=4521s
[871] LR_20260709_091402 f1_up=0.5483 | C=2.822e-08 solver=lbfgs | elapsed=4523s
[872] LR_20260709_091404 f1_up=0.5481 | C=2.415e-02 solver=liblinear | elapsed=4532s
[873] LR_20260709_091413 f1_up=0.5478 | C=7.827e-02 solver=liblinear | elapsed=4540s
[874] LR_20260709_091421 f1_up=0.5475 | C=5.668e+02 solver=lbfgs | elapsed=4544s
[875] LR_20260709_091425 f1_up=0.5482 | C=1.891e-07 solver=lbfgs | elapsed=4546s
[876] LR_20260709_091427 f1_up=0.5483 | C=3.574e-06 solver=lbfgs | elapsed=4549s
[877] LR_20260709_091429 f1_up=0.5483 | C=3.473e-08 solver=lbfgs | elapsed=4551s
[878] LR_20260709_091432 f1_up=0.5475 | C=4.116e-01 solver=lbfgs | elapsed=4555s
[879] LR_20260709_091436 f1_up=0.5483 | C=1.365e-08 solver=lbfgs | elapsed=4557s
[880] LR_20260709_091438 f1_up=0.5475 | C=9.386e+01 solver=lbfgs | elapsed=4561s
[881] LR_20260709_091442 f1_up=0.5482 | C=7.805e-07 solver=liblinear | elapsed=4564s
[882] LR_20260709_091445 f1_up=0.5487 | C=3.269e-05 solver=lbfgs | elapsed=4566s
[883] LR_20260709_091447 f1_up=0.5482 | C=7.496e-05 solver=lbfgs | elapsed=4569s
[884] LR_20260709_091450 f1_up=0.5479 | C=1.519e-03 solver=liblinear | elapsed=4575s
[885] LR_20260709_091456 f1_up=0.5477 | C=2.320e+00 solver=liblinear | elapsed=4584s
[886] LR_20260709_091505 f1_up=0.5478 | C=3.033e-03 solver=lbfgs | elapsed=4587s
[887] LR_20260709_091508 f1_up=0.5482 | C=1.338e-07 solver=liblinear | elapsed=4590s
[888] LR_20260709_091511 f1_up=0.5475 | C=3.326e+01 solver=lbfgs | elapsed=4594s
[889] LR_20260709_091514 f1_up=0.5475 | C=9.015e+03 solver=lbfgs | elapsed=4597s
[890] LR_20260709_091518 f1_up=0.5477 | C=3.897e+00 solver=liblinear | elapsed=4606s
[891] LR_20260709_091527 f1_up=0.5484 | C=2.790e-04 solver=lbfgs | elapsed=4609s
[892] LR_20260709_091529 f1_up=0.5475 | C=6.875e+01 solver=lbfgs | elapsed=4612s
[893] LR_20260709_091533 f1_up=0.5483 | C=2.905e-06 solver=liblinear | elapsed=4616s
[894] LR_20260709_091537 f1_up=0.5483 | C=4.580e-08 solver=liblinear | elapsed=4619s
[895] LR_20260709_091540 f1_up=0.5475 | C=4.673e+03 solver=lbfgs | elapsed=4623s
[896] LR_20260709_091544 f1_up=0.5475 | C=6.836e+03 solver=lbfgs | elapsed=4628s
[897] LR_20260709_091549 f1_up=0.5478 | C=3.250e-03 solver=liblinear | elapsed=4638s
[898] LR_20260709_091558 f1_up=0.5483 | C=5.259e-08 solver=lbfgs | elapsed=4640s
[899] LR_20260709_091601 f1_up=0.5477 | C=4.727e-01 solver=liblinear | elapsed=4649s
[900] LR_20260709_091610 f1_up=0.5483 | C=3.473e-08 solver=liblinear | elapsed=4652s
[901] LR_20260709_091614 f1_up=0.5475 | C=2.340e+03 solver=lbfgs | elapsed=4657s
[902] LR_20260709_091618 f1_up=0.5482 | C=1.434e-07 solver=liblinear | elapsed=4660s
[903] LR_20260709_091621 f1_up=0.5482 | C=6.216e-06 solver=lbfgs | elapsed=4663s
[904] LR_20260709_091624 f1_up=0.5478 | C=4.993e-02 solver=liblinear | elapsed=4672s
[905] LR_20260709_091633 f1_up=0.5479 | C=1.296e-02 solver=lbfgs | elapsed=4676s
[906] LR_20260709_091637 f1_up=0.5475 | C=5.139e+00 solver=lbfgs | elapsed=4680s
[907] LR_20260709_091641 f1_up=0.5475 | C=9.577e+00 solver=lbfgs | elapsed=4684s
[908] LR_20260709_091645 f1_up=0.5481 | C=1.816e-05 solver=lbfgs | elapsed=4686s
[909] LR_20260709_091647 f1_up=0.5483 | C=2.888e-04 solver=lbfgs | elapsed=4689s
[910] LR_20260709_091650 f1_up=0.5475 | C=2.152e+02 solver=lbfgs | elapsed=4693s
[911] LR_20260709_091654 f1_up=0.5483 | C=3.095e-04 solver=liblinear | elapsed=4699s
[912] LR_20260709_091700 f1_up=0.5482 | C=8.197e-06 solver=liblinear | elapsed=4703s
[913] LR_20260709_091704 f1_up=0.5478 | C=2.972e-02 solver=lbfgs | elapsed=4707s
[914] LR_20260709_091708 f1_up=0.5475 | C=5.701e+00 solver=lbfgs | elapsed=4711s
[915] LR_20260709_091712 f1_up=0.5477 | C=2.814e-01 solver=liblinear | elapsed=4720s
[916] LR_20260709_091721 f1_up=0.5477 | C=1.480e+00 solver=liblinear | elapsed=4729s
[917] LR_20260709_091731 f1_up=0.5475 | C=2.814e-01 solver=lbfgs | elapsed=4734s
[918] LR_20260709_091735 f1_up=0.5477 | C=7.076e+03 solver=liblinear | elapsed=4746s
[919] LR_20260709_091747 f1_up=0.5477 | C=1.006e+02 solver=liblinear | elapsed=4755s
[920] LR_20260709_091756 f1_up=0.5482 | C=1.119e-05 solver=liblinear | elapsed=4759s
[921] LR_20260709_091800 f1_up=0.5477 | C=6.816e-02 solver=liblinear | elapsed=4768s
[922] LR_20260709_091808 f1_up=0.5477 | C=3.954e+01 solver=liblinear | elapsed=4776s
[923] LR_20260709_091817 f1_up=0.5481 | C=2.656e-05 solver=liblinear | elapsed=4780s
[924] LR_20260709_091821 f1_up=0.5482 | C=9.413e-06 solver=liblinear | elapsed=4784s
[925] LR_20260709_091825 f1_up=0.5477 | C=8.056e+00 solver=liblinear | elapsed=4792s
[926] LR_20260709_091833 f1_up=0.5483 | C=2.603e-04 solver=liblinear | elapsed=4798s
[927] LR_20260709_091839 f1_up=0.5477 | C=1.334e+00 solver=liblinear | elapsed=4807s
[928] LR_20260709_091848 f1_up=0.5482 | C=2.097e-07 solver=lbfgs | elapsed=4809s
[929] LR_20260709_091850 f1_up=0.5477 | C=1.289e+00 solver=liblinear | elapsed=4818s
[930] LR_20260709_091859 f1_up=0.5477 | C=9.971e-02 solver=liblinear | elapsed=4827s
[931] LR_20260709_091908 f1_up=0.5482 | C=2.964e-07 solver=lbfgs | elapsed=4829s
[932] LR_20260709_091910 f1_up=0.5477 | C=1.026e+01 solver=liblinear | elapsed=4839s
[933] LR_20260709_091920 f1_up=0.5477 | C=2.388e+02 solver=liblinear | elapsed=4848s
[934] LR_20260709_091929 f1_up=0.5477 | C=1.837e+03 solver=liblinear | elapsed=4858s
[935] LR_20260709_091938 f1_up=0.5477 | C=1.132e+03 solver=liblinear | elapsed=4867s
[936] LR_20260709_091948 f1_up=0.5484 | C=6.180e-04 solver=liblinear | elapsed=4873s
[937] LR_20260709_091953 f1_up=0.5475 | C=1.353e+01 solver=lbfgs | elapsed=4876s
[938] LR_20260709_091957 f1_up=0.5482 | C=2.026e-07 solver=liblinear | elapsed=4879s
[939] LR_20260709_092000 f1_up=0.5477 | C=2.758e+00 solver=lbfgs | elapsed=4883s
[940] LR_20260709_092004 f1_up=0.5482 | C=2.964e-07 solver=liblinear | elapsed=4886s
[941] LR_20260709_092007 f1_up=0.5481 | C=2.254e-02 solver=lbfgs | elapsed=4890s
[942] LR_20260709_092012 f1_up=0.5475 | C=1.078e+02 solver=lbfgs | elapsed=4896s
[943] LR_20260709_092018 f1_up=0.5477 | C=4.449e+02 solver=liblinear | elapsed=4908s
[944] LR_20260709_092029 f1_up=0.5477 | C=1.084e+00 solver=liblinear | elapsed=4917s
[945] LR_20260709_092038 f1_up=0.5477 | C=2.537e-01 solver=liblinear | elapsed=4926s
[946] LR_20260709_092047 f1_up=0.5475 | C=1.563e-01 solver=lbfgs | elapsed=4931s
[947] LR_20260709_092052 f1_up=0.5482 | C=3.364e-03 solver=lbfgs | elapsed=4934s
[948] LR_20260709_092055 f1_up=0.5482 | C=1.826e-07 solver=lbfgs | elapsed=4937s
[949] LR_20260709_092058 f1_up=0.5477 | C=1.847e+01 solver=liblinear | elapsed=4947s
[950] LR_20260709_092108 f1_up=0.5477 | C=7.158e-01 solver=liblinear | elapsed=4956s
[951] LR_20260709_092117 f1_up=0.5483 | C=2.790e-04 solver=liblinear | elapsed=4961s
[952] LR_20260709_092122 f1_up=0.5483 | C=1.231e-08 solver=lbfgs | elapsed=4964s
[953] LR_20260709_092125 f1_up=0.5483 | C=3.204e-04 solver=liblinear | elapsed=4969s
[954] LR_20260709_092130 f1_up=0.5482 | C=4.225e-04 solver=lbfgs | elapsed=4972s
[955] LR_20260709_092133 f1_up=0.5477 | C=4.823e-02 solver=liblinear | elapsed=4981s
[956] LR_20260709_092142 f1_up=0.5477 | C=2.079e+02 solver=liblinear | elapsed=4990s
[957] LR_20260709_092151 f1_up=0.5475 | C=1.968e+03 solver=lbfgs | elapsed=4994s
[958] LR_20260709_092154 f1_up=0.5477 | C=4.323e+00 solver=liblinear | elapsed=5002s
[959] LR_20260709_092203 f1_up=0.5482 | C=3.068e-07 solver=liblinear | elapsed=5005s
[960] LR_20260709_092206 f1_up=0.5488 | C=3.886e-05 solver=liblinear | elapsed=5010s
[961] LR_20260709_092211 f1_up=0.5477 | C=5.289e+02 solver=liblinear | elapsed=5019s
[962] LR_20260709_092220 f1_up=0.5480 | C=1.369e-03 solver=lbfgs | elapsed=5022s
[963] LR_20260709_092223 f1_up=0.5475 | C=4.964e+00 solver=lbfgs | elapsed=5026s
[964] LR_20260709_092226 f1_up=0.5482 | C=2.830e-03 solver=lbfgs | elapsed=5029s
[965] LR_20260709_092230 f1_up=0.5477 | C=2.274e+01 solver=liblinear | elapsed=5038s
[966] LR_20260709_092238 f1_up=0.5477 | C=1.155e+02 solver=liblinear | elapsed=5046s
[967] LR_20260709_092247 f1_up=0.5482 | C=4.336e-07 solver=liblinear | elapsed=5049s
[968] LR_20260709_092250 f1_up=0.5487 | C=2.847e-05 solver=liblinear | elapsed=5053s
[969] LR_20260709_092254 f1_up=0.5483 | C=1.568e-08 solver=lbfgs | elapsed=5055s
[970] LR_20260709_092256 f1_up=0.5477 | C=2.020e+00 solver=liblinear | elapsed=5064s
[971] LR_20260709_092305 f1_up=0.5477 | C=3.394e+00 solver=liblinear | elapsed=5073s
[972] LR_20260709_092313 f1_up=0.5477 | C=3.086e+03 solver=liblinear | elapsed=5081s
[973] LR_20260709_092322 f1_up=0.5482 | C=7.649e-06 solver=liblinear | elapsed=5085s
[974] LR_20260709_092326 f1_up=0.5477 | C=3.797e+03 solver=liblinear | elapsed=5094s
[975] LR_20260709_092335 f1_up=0.5481 | C=2.588e-02 solver=liblinear | elapsed=5102s
[976] LR_20260709_092343 f1_up=0.5483 | C=9.800e-08 solver=liblinear | elapsed=5105s
[977] LR_20260709_092346 f1_up=0.5481 | C=2.395e-05 solver=liblinear | elapsed=5109s
[978] LR_20260709_092350 f1_up=0.5476 | C=5.734e-02 solver=lbfgs | elapsed=5112s
[979] LR_20260709_092353 f1_up=0.5477 | C=6.022e-01 solver=liblinear | elapsed=5121s
[980] LR_20260709_092403 f1_up=0.5475 | C=8.010e+02 solver=lbfgs | elapsed=5127s
[981] LR_20260709_092409 f1_up=0.5481 | C=1.476e-05 solver=liblinear | elapsed=5133s
[982] LR_20260709_092413 f1_up=0.5475 | C=1.179e+01 solver=lbfgs | elapsed=5136s
[983] LR_20260709_092417 f1_up=0.5483 | C=1.059e-04 solver=lbfgs | elapsed=5139s
[984] LR_20260709_092420 f1_up=0.5483 | C=2.989e-04 solver=lbfgs | elapsed=5142s
[985] LR_20260709_092423 f1_up=0.5481 | C=1.330e-05 solver=lbfgs | elapsed=5145s
[986] LR_20260709_092426 f1_up=0.5481 | C=1.754e-05 solver=liblinear | elapsed=5150s
[987] LR_20260709_092431 f1_up=0.5475 | C=1.858e-01 solver=lbfgs | elapsed=5153s
[988] LR_20260709_092434 f1_up=0.5477 | C=2.472e+02 solver=liblinear | elapsed=5162s
[989] LR_20260709_092443 f1_up=0.5477 | C=1.586e+00 solver=liblinear | elapsed=5172s
[990] LR_20260709_092452 f1_up=0.5477 | C=2.320e+00 solver=lbfgs | elapsed=5176s
[991] LR_20260709_092457 f1_up=0.5483 | C=1.365e-08 solver=liblinear | elapsed=5180s
[992] LR_20260709_092501 f1_up=0.5483 | C=2.280e-06 solver=lbfgs | elapsed=5184s
[993] LR_20260709_092505 f1_up=0.5475 | C=1.532e+00 solver=lbfgs | elapsed=5190s
[994] LR_20260709_092511 f1_up=0.5477 | C=7.895e+01 solver=liblinear | elapsed=5199s
[995] LR_20260709_092520 f1_up=0.5479 | C=1.675e-01 solver=liblinear | elapsed=5208s
[996] LR_20260709_092529 f1_up=0.5475 | C=2.184e+03 solver=lbfgs | elapsed=5212s
[997] LR_20260709_092533 f1_up=0.5475 | C=1.145e-01 solver=lbfgs | elapsed=5216s
[998] LR_20260709_092537 f1_up=0.5483 | C=3.721e-08 solver=liblinear | elapsed=5219s
[999] LR_20260709_092540 f1_up=0.5475 | C=4.936e+02 solver=lbfgs | elapsed=5223s
[1000] LR_20260709_092544 f1_up=0.5483 | C=1.929e-08 solver=lbfgs | elapsed=5225s
[1001] LR_20260709_092546 f1_up=0.5478 | C=8.388e-02 solver=liblinear | elapsed=5235s
[1002] LR_20260709_092555 f1_up=0.5484 | C=3.433e-04 solver=lbfgs | elapsed=5237s
[1003] LR_20260709_092558 f1_up=0.5477 | C=2.664e+00 solver=liblinear | elapsed=5247s
[1004] LR_20260709_092608 f1_up=0.5482 | C=4.398e-06 solver=liblinear | elapsed=5250s
[1005] LR_20260709_092611 f1_up=0.5475 | C=1.577e+02 solver=lbfgs | elapsed=5254s
[1006] LR_20260709_092615 f1_up=0.5478 | C=1.935e-03 solver=liblinear | elapsed=5262s
[1007] LR_20260709_092623 f1_up=0.5483 | C=1.259e-04 solver=lbfgs | elapsed=5264s
[1008] LR_20260709_092625 f1_up=0.5482 | C=5.154e-07 solver=lbfgs | elapsed=5267s
[1009] LR_20260709_092628 f1_up=0.5477 | C=3.743e+02 solver=liblinear | elapsed=5277s
[1010] LR_20260709_092637 f1_up=0.5475 | C=1.821e+00 solver=lbfgs | elapsed=5281s
[1011] LR_20260709_092642 f1_up=0.5488 | C=4.164e-05 solver=lbfgs | elapsed=5283s
[1012] LR_20260709_092644 f1_up=0.5482 | C=8.485e-06 solver=liblinear | elapsed=5287s
[1013] LR_20260709_092648 f1_up=0.5477 | C=1.940e+02 solver=liblinear | elapsed=5296s
[1014] LR_20260709_092657 f1_up=0.5482 | C=6.216e-06 solver=liblinear | elapsed=5300s
[1015] LR_20260709_092701 f1_up=0.5475 | C=1.510e-01 solver=lbfgs | elapsed=5304s
[1016] LR_20260709_092705 f1_up=0.5475 | C=4.768e+02 solver=lbfgs | elapsed=5308s
[1017] LR_20260709_092709 f1_up=0.5483 | C=1.623e-08 solver=liblinear | elapsed=5311s
[1018] LR_20260709_092712 f1_up=0.5484 | C=1.038e-03 solver=liblinear | elapsed=5317s
[1019] LR_20260709_092718 f1_up=0.5475 | C=4.411e-01 solver=lbfgs | elapsed=5321s
[1020] LR_20260709_092722 f1_up=0.5483 | C=1.800e-08 solver=lbfgs | elapsed=5323s
[1021] LR_20260709_092724 f1_up=0.5475 | C=4.606e+02 solver=lbfgs | elapsed=5327s
[1022] LR_20260709_092728 f1_up=0.5484 | C=7.347e-04 solver=liblinear | elapsed=5333s
[1023] LR_20260709_092734 f1_up=0.5477 | C=2.228e+02 solver=liblinear | elapsed=5342s
[1024] LR_20260709_092743 f1_up=0.5481 | C=4.754e-03 solver=lbfgs | elapsed=5346s
[1025] LR_20260709_092747 f1_up=0.5475 | C=9.660e+03 solver=lbfgs | elapsed=5350s
[1026] LR_20260709_092751 f1_up=0.5484 | C=3.316e-04 solver=lbfgs | elapsed=5353s
[1027] LR_20260709_092754 f1_up=0.5477 | C=1.238e+02 solver=liblinear | elapsed=5362s
[1028] LR_20260709_092803 f1_up=0.5488 | C=3.754e-05 solver=liblinear | elapsed=5366s
[1029] LR_20260709_092807 f1_up=0.5482 | C=7.918e-06 solver=lbfgs | elapsed=5369s
[1030] LR_20260709_092810 f1_up=0.5477 | C=6.109e+00 solver=liblinear | elapsed=5378s
[1031] LR_20260709_092819 f1_up=0.5475 | C=1.493e+03 solver=lbfgs | elapsed=5382s
[1032] LR_20260709_092823 f1_up=0.5481 | C=5.095e-03 solver=liblinear | elapsed=5388s
[1033] LR_20260709_092829 f1_up=0.5475 | C=7.671e-01 solver=lbfgs | elapsed=5392s
[1034] LR_20260709_092833 f1_up=0.5475 | C=5.784e+01 solver=lbfgs | elapsed=5396s
[1035] LR_20260709_092837 f1_up=0.5475 | C=1.106e-01 solver=lbfgs | elapsed=5400s
[1036] LR_20260709_092841 f1_up=0.5480 | C=4.286e-03 solver=liblinear | elapsed=5407s
[1037] LR_20260709_092848 f1_up=0.5477 | C=3.931e+03 solver=liblinear | elapsed=5416s
[1038] LR_20260709_092857 f1_up=0.5475 | C=4.540e+01 solver=lbfgs | elapsed=5420s
[1039] LR_20260709_092901 f1_up=0.5475 | C=3.841e-01 solver=lbfgs | elapsed=5424s
[1040] LR_20260709_092905 f1_up=0.5477 | C=7.056e-02 solver=lbfgs | elapsed=5428s
[1041] LR_20260709_092909 f1_up=0.5477 | C=8.126e+03 solver=liblinear | elapsed=5437s
[1042] LR_20260709_092917 f1_up=0.5483 | C=1.234e-03 solver=liblinear | elapsed=5442s
[1043] LR_20260709_092923 f1_up=0.5477 | C=4.936e+02 solver=liblinear | elapsed=5451s
[1044] LR_20260709_092932 f1_up=0.5483 | C=2.203e-06 solver=lbfgs | elapsed=5453s
[1045] LR_20260709_092934 f1_up=0.5477 | C=1.749e+02 solver=liblinear | elapsed=5462s
[1046] LR_20260709_092943 f1_up=0.5477 | C=5.953e+03 solver=liblinear | elapsed=5471s
[1047] LR_20260709_092951 f1_up=0.5482 | C=1.338e-07 solver=lbfgs | elapsed=5473s
[1048] LR_20260709_092954 f1_up=0.5477 | C=2.664e+00 solver=lbfgs | elapsed=5477s
[1049] LR_20260709_092958 f1_up=0.5481 | C=2.177e-02 solver=liblinear | elapsed=5485s
[1050] LR_20260709_093006 f1_up=0.5483 | C=4.249e-06 solver=liblinear | elapsed=5488s
[1051] LR_20260709_093009 f1_up=0.5480 | C=1.744e-03 solver=lbfgs | elapsed=5492s
[1052] LR_20260709_093012 f1_up=0.5483 | C=7.432e-08 solver=lbfgs | elapsed=5494s
[1053] LR_20260709_093015 f1_up=0.5483 | C=1.454e-06 solver=liblinear | elapsed=5497s
[1054] LR_20260709_093018 f1_up=0.5482 | C=1.349e-04 solver=lbfgs | elapsed=5500s
[1055] LR_20260709_093021 f1_up=0.5477 | C=2.061e-01 solver=liblinear | elapsed=5508s
[1056] LR_20260709_093029 f1_up=0.5478 | C=2.930e-03 solver=liblinear | elapsed=5515s
[1057] LR_20260709_093035 f1_up=0.5483 | C=2.634e-08 solver=liblinear | elapsed=5517s
[1058] LR_20260709_093038 f1_up=0.5481 | C=5.652e-03 solver=lbfgs | elapsed=5521s
[1059] LR_20260709_093042 f1_up=0.5481 | C=2.014e-05 solver=liblinear | elapsed=5525s
[1060] LR_20260709_093045 f1_up=0.5482 | C=9.225e-05 solver=lbfgs | elapsed=5527s
[1061] LR_20260709_093048 f1_up=0.5483 | C=1.514e-08 solver=liblinear | elapsed=5530s
[1062] LR_20260709_093051 f1_up=0.5482 | C=3.908e-07 solver=liblinear | elapsed=5533s
[1063] LR_20260709_093054 f1_up=0.5475 | C=2.537e-01 solver=lbfgs | elapsed=5536s
[1064] LR_20260709_093057 f1_up=0.5482 | C=1.764e-07 solver=lbfgs | elapsed=5538s
[1065] LR_20260709_093059 f1_up=0.5481 | C=1.581e-05 solver=liblinear | elapsed=5542s
[1066] LR_20260709_093103 f1_up=0.5481 | C=3.185e-02 solver=liblinear | elapsed=5551s
[1067] LR_20260709_093112 f1_up=0.5478 | C=2.641e-03 solver=liblinear | elapsed=5558s
[1068] LR_20260709_093119 f1_up=0.5477 | C=1.263e+01 solver=liblinear | elapsed=5573s
[1069] LR_20260709_093135 f1_up=0.5483 | C=1.680e-08 solver=lbfgs | elapsed=5577s
[1070] LR_20260709_093139 f1_up=0.5483 | C=2.458e-08 solver=lbfgs | elapsed=5581s
[1071] LR_20260709_093141 f1_up=0.5475 | C=1.393e+03 solver=lbfgs | elapsed=5584s
[1072] LR_20260709_093145 f1_up=0.5479 | C=3.413e-02 solver=liblinear | elapsed=5593s
[1073] LR_20260709_093154 f1_up=0.5482 | C=1.044e-05 solver=lbfgs | elapsed=5595s
[1074] LR_20260709_093156 f1_up=0.5475 | C=5.619e-01 solver=lbfgs | elapsed=5599s
[1075] LR_20260709_093200 f1_up=0.5483 | C=8.534e-08 solver=lbfgs | elapsed=5601s
[1076] LR_20260709_093202 f1_up=0.5489 | C=5.491e-05 solver=lbfgs | elapsed=5604s
[1077] LR_20260709_093204 f1_up=0.5483 | C=1.311e-06 solver=lbfgs | elapsed=5606s
[1078] LR_20260709_093207 f1_up=0.5484 | C=5.199e-04 solver=liblinear | elapsed=5612s
[1079] LR_20260709_093213 f1_up=0.5477 | C=3.259e+02 solver=liblinear | elapsed=5621s
[1080] LR_20260709_093222 f1_up=0.5483 | C=6.039e-08 solver=lbfgs | elapsed=5623s
[1081] LR_20260709_093224 f1_up=0.5478 | C=9.305e-02 solver=liblinear | elapsed=5631s
[1082] LR_20260709_093232 f1_up=0.5482 | C=2.247e-07 solver=lbfgs | elapsed=5633s
[1083] LR_20260709_093234 f1_up=0.5475 | C=8.584e+02 solver=lbfgs | elapsed=5637s
[1084] LR_20260709_093238 f1_up=0.5477 | C=2.508e+03 solver=liblinear | elapsed=5645s
[1085] LR_20260709_093246 f1_up=0.5475 | C=1.122e+00 solver=lbfgs | elapsed=5649s
[1086] LR_20260709_093250 f1_up=0.5482 | C=3.647e-07 solver=liblinear | elapsed=5652s
[1087] LR_20260709_093253 f1_up=0.5481 | C=1.637e-05 solver=liblinear | elapsed=5656s
[1088] LR_20260709_093257 f1_up=0.5475 | C=7.738e+02 solver=lbfgs | elapsed=5659s
[1089] LR_20260709_093300 f1_up=0.5480 | C=1.209e-02 solver=liblinear | elapsed=5667s
[1090] LR_20260709_093308 f1_up=0.5481 | C=1.285e-05 solver=lbfgs | elapsed=5670s
[1091] LR_20260709_093310 f1_up=0.5475 | C=3.374e+02 solver=lbfgs | elapsed=5673s
[1092] LR_20260709_093314 f1_up=0.5482 | C=6.004e-06 solver=lbfgs | elapsed=5676s
[1093] LR_20260709_093317 f1_up=0.5483 | C=3.355e-08 solver=liblinear | elapsed=5679s
[1094] LR_20260709_093320 f1_up=0.5477 | C=1.759e+00 solver=liblinear | elapsed=5688s
[1095] LR_20260709_093328 f1_up=0.5476 | C=2.679e-02 solver=lbfgs | elapsed=5691s
[1096] LR_20260709_093332 f1_up=0.5477 | C=2.782e+03 solver=liblinear | elapsed=5701s
[1097] LR_20260709_093342 f1_up=0.5482 | C=1.050e-07 solver=liblinear | elapsed=5705s
[1098] LR_20260709_093346 f1_up=0.5482 | C=3.554e-04 solver=liblinear | elapsed=5711s
[1099] LR_20260709_093352 f1_up=0.5477 | C=4.261e-01 solver=liblinear | elapsed=5720s
[1100] LR_20260709_093401 f1_up=0.5483 | C=1.357e-06 solver=lbfgs | elapsed=5723s
[1101] LR_20260709_093404 f1_up=0.5475 | C=1.811e+02 solver=lbfgs | elapsed=5726s
[1102] LR_20260709_093407 f1_up=0.5475 | C=2.938e+02 solver=lbfgs | elapsed=5730s
[1103] LR_20260709_093411 f1_up=0.5477 | C=2.838e+02 solver=liblinear | elapsed=5739s
[1104] LR_20260709_093420 f1_up=0.5475 | C=9.332e+03 solver=lbfgs | elapsed=5743s
[1105] LR_20260709_093424 f1_up=0.5483 | C=1.152e-03 solver=lbfgs | elapsed=5746s
[1106] LR_20260709_093427 f1_up=0.5477 | C=1.874e+02 solver=liblinear | elapsed=5756s
[1107] LR_20260709_093437 f1_up=0.5482 | C=5.335e-07 solver=lbfgs | elapsed=5759s
[1108] LR_20260709_093440 f1_up=0.5482 | C=8.485e-06 solver=lbfgs | elapsed=5763s
[1109] LR_20260709_093444 f1_up=0.5484 | C=7.605e-04 solver=lbfgs | elapsed=5768s
[1110] LR_20260709_093449 f1_up=0.5475 | C=7.325e+03 solver=lbfgs | elapsed=5772s
[1111] LR_20260709_093452 f1_up=0.5483 | C=2.618e-06 solver=liblinear | elapsed=5775s
[1112] LR_20260709_093456 f1_up=0.5483 | C=2.544e-08 solver=lbfgs | elapsed=5777s
[1113] LR_20260709_093458 f1_up=0.5475 | C=2.450e-01 solver=lbfgs | elapsed=5781s
[1114] LR_20260709_093501 f1_up=0.5480 | C=9.688e-04 solver=liblinear | elapsed=5786s
[1115] LR_20260709_093507 f1_up=0.5483 | C=1.192e-03 solver=lbfgs | elapsed=5789s
[1116] LR_20260709_093510 f1_up=0.5481 | C=1.896e-02 solver=liblinear | elapsed=5797s
[1117] LR_20260709_093518 f1_up=0.5475 | C=4.261e-01 solver=lbfgs | elapsed=5801s
[1118] LR_20260709_093522 f1_up=0.5477 | C=1.885e+00 solver=liblinear | elapsed=5810s
[1119] LR_20260709_093531 f1_up=0.5484 | C=6.623e-04 solver=lbfgs | elapsed=5813s
[1120] LR_20260709_093534 f1_up=0.5481 | C=2.235e-05 solver=lbfgs | elapsed=5815s
[1121] LR_20260709_093536 f1_up=0.5475 | C=5.320e+00 solver=lbfgs | elapsed=5819s
[1122] LR_20260709_093540 f1_up=0.5481 | C=7.715e-03 solver=lbfgs | elapsed=5824s
[1123] LR_20260709_093546 f1_up=0.5482 | C=3.605e-03 solver=liblinear | elapsed=5836s
[1124] LR_20260709_093558 f1_up=0.5475 | C=6.022e-01 solver=lbfgs | elapsed=5840s
[1125] LR_20260709_093601 f1_up=0.5475 | C=1.155e+02 solver=lbfgs | elapsed=5844s
[1126] LR_20260709_093605 f1_up=0.5477 | C=2.038e+03 solver=liblinear | elapsed=5854s
[1127] LR_20260709_093614 f1_up=0.5482 | C=5.717e-07 solver=liblinear | elapsed=5857s
[1128] LR_20260709_093617 f1_up=0.5481 | C=1.816e-05 solver=liblinear | elapsed=5860s
[1129] LR_20260709_093621 f1_up=0.5475 | C=4.514e+03 solver=lbfgs | elapsed=5864s
[1130] LR_20260709_093625 f1_up=0.5482 | C=8.080e-07 solver=lbfgs | elapsed=5866s
[1131] LR_20260709_093627 f1_up=0.5477 | C=3.278e+00 solver=lbfgs | elapsed=5870s
[1132] LR_20260709_093631 f1_up=0.5482 | C=6.895e-06 solver=lbfgs | elapsed=5872s
[1133] LR_20260709_093633 f1_up=0.5479 | C=1.323e-03 solver=liblinear | elapsed=5879s
[1134] LR_20260709_093639 f1_up=0.5482 | C=4.713e-06 solver=liblinear | elapsed=5882s
[1135] LR_20260709_093643 f1_up=0.5479 | C=1.572e-03 solver=liblinear | elapsed=5888s
[1136] LR_20260709_093649 f1_up=0.5475 | C=3.897e+00 solver=lbfgs | elapsed=5892s
[1137] LR_20260709_093653 f1_up=0.5477 | C=2.354e+01 solver=liblinear | elapsed=5901s
[1138] LR_20260709_093702 f1_up=0.5479 | C=2.003e-03 solver=lbfgs | elapsed=5904s
[1139] LR_20260709_093705 f1_up=0.5481 | C=2.103e-02 solver=lbfgs | elapsed=5908s
[1140] LR_20260709_093709 f1_up=0.5483 | C=2.529e-06 solver=liblinear | elapsed=5911s
[1141] LR_20260709_093713 f1_up=0.5477 | C=1.577e+02 solver=liblinear | elapsed=5924s
[1142] LR_20260709_093725 f1_up=0.5477 | C=7.325e+03 solver=liblinear | elapsed=5935s
[1143] LR_20260709_093736 f1_up=0.5475 | C=8.708e+03 solver=lbfgs | elapsed=5941s
[1144] LR_20260709_093742 f1_up=0.5475 | C=4.449e+02 solver=lbfgs | elapsed=5946s
[1145] LR_20260709_093747 f1_up=0.5488 | C=3.754e-05 solver=lbfgs | elapsed=5949s
[1146] LR_20260709_093750 f1_up=0.5484 | C=2.267e-04 solver=liblinear | elapsed=5955s
[1147] LR_20260709_093756 f1_up=0.5478 | C=4.200e-02 solver=liblinear | elapsed=5964s
[1148] LR_20260709_093805 f1_up=0.5476 | C=4.993e-02 solver=lbfgs | elapsed=5968s
[1149] LR_20260709_093808 f1_up=0.5482 | C=7.496e-05 solver=liblinear | elapsed=5972s
[1150] LR_20260709_093813 f1_up=0.5481 | C=2.972e-02 solver=liblinear | elapsed=5980s
[1151] LR_20260709_093821 f1_up=0.5475 | C=1.459e-01 solver=lbfgs | elapsed=5984s
[1152] LR_20260709_093825 f1_up=0.5481 | C=2.014e-05 solver=lbfgs | elapsed=5986s
[1153] LR_20260709_093827 f1_up=0.5483 | C=2.726e-08 solver=lbfgs | elapsed=5989s
[1154] LR_20260709_093830 f1_up=0.5482 | C=6.661e-06 solver=lbfgs | elapsed=5992s
[1155] LR_20260709_093833 f1_up=0.5482 | C=4.646e-07 solver=liblinear | elapsed=5996s
[1156] LR_20260709_093837 f1_up=0.5475 | C=6.162e+03 solver=lbfgs | elapsed=6001s
[1157] LR_20260709_093842 f1_up=0.5483 | C=3.595e-08 solver=liblinear | elapsed=6004s
[1158] LR_20260709_093846 f1_up=0.5483 | C=2.360e-06 solver=liblinear | elapsed=6009s
[1159] LR_20260709_093850 f1_up=0.5476 | C=1.270e-01 solver=liblinear | elapsed=6019s
[1160] LR_20260709_093900 f1_up=0.5475 | C=8.412e+03 solver=lbfgs | elapsed=6024s
[1161] LR_20260709_093905 f1_up=0.5477 | C=7.117e+01 solver=liblinear | elapsed=6034s
[1162] LR_20260709_093914 f1_up=0.5483 | C=3.700e-06 solver=lbfgs | elapsed=6036s
[1163] LR_20260709_093917 f1_up=0.5475 | C=1.421e+02 solver=lbfgs | elapsed=6040s
[1164] LR_20260709_093921 f1_up=0.5475 | C=3.564e+01 solver=lbfgs | elapsed=6044s
[1165] LR_20260709_093925 f1_up=0.5477 | C=2.287e-01 solver=liblinear | elapsed=6055s
[1166] LR_20260709_093936 f1_up=0.5482 | C=3.999e-03 solver=lbfgs | elapsed=6060s
[1167] LR_20260709_093941 f1_up=0.5475 | C=1.100e+01 solver=lbfgs | elapsed=6064s
[1168] LR_20260709_093945 f1_up=0.5483 | C=1.604e-04 solver=lbfgs | elapsed=6067s
[1169] LR_20260709_093948 f1_up=0.5482 | C=7.283e-07 solver=liblinear | elapsed=6071s
[1170] LR_20260709_093952 f1_up=0.5482 | C=5.919e-07 solver=lbfgs | elapsed=6074s
[1171] LR_20260709_093954 f1_up=0.5481 | C=2.313e-05 solver=lbfgs | elapsed=6076s
[1172] LR_20260709_093957 f1_up=0.5484 | C=5.571e-04 solver=lbfgs | elapsed=6080s
[1173] LR_20260709_094001 f1_up=0.5482 | C=2.493e-07 solver=lbfgs | elapsed=6082s
[1174] LR_20260709_094003 f1_up=0.5483 | C=1.568e-08 solver=liblinear | elapsed=6085s
[1175] LR_20260709_094006 f1_up=0.5475 | C=7.627e+01 solver=lbfgs | elapsed=6089s
[1176] LR_20260709_094010 f1_up=0.5475 | C=3.875e+02 solver=lbfgs | elapsed=6093s
[1177] LR_20260709_094013 f1_up=0.5477 | C=1.545e+03 solver=liblinear | elapsed=6102s
[1178] LR_20260709_094023 f1_up=0.5477 | C=1.373e+02 solver=liblinear | elapsed=6113s
[1179] LR_20260709_094034 f1_up=0.5477 | C=6.453e-01 solver=liblinear | elapsed=6124s
[1180] LR_20260709_094045 f1_up=0.5475 | C=2.838e+02 solver=lbfgs | elapsed=6129s
[1181] LR_20260709_094050 f1_up=0.5481 | C=5.460e-03 solver=liblinear | elapsed=6137s
[1182] LR_20260709_094058 f1_up=0.5483 | C=2.710e-06 solver=liblinear | elapsed=6141s
[1183] LR_20260709_094102 f1_up=0.5483 | C=1.274e-08 solver=lbfgs | elapsed=6143s
[1184] LR_20260709_094104 f1_up=0.5483 | C=1.559e-06 solver=liblinear | elapsed=6147s
[1185] LR_20260709_094108 f1_up=0.5475 | C=1.238e+02 solver=lbfgs | elapsed=6150s
[1186] LR_20260709_094111 f1_up=0.5483 | C=2.888e-04 solver=liblinear | elapsed=6156s
[1187] LR_20260709_094117 f1_up=0.5475 | C=1.874e+02 solver=lbfgs | elapsed=6160s
[1188] LR_20260709_094121 f1_up=0.5482 | C=4.225e-04 solver=liblinear | elapsed=6165s
[1189] LR_20260709_094126 f1_up=0.5487 | C=3.384e-05 solver=liblinear | elapsed=6169s
[1190] LR_20260709_094130 f1_up=0.5475 | C=8.220e-01 solver=lbfgs | elapsed=6173s
[1191] LR_20260709_094134 f1_up=0.5477 | C=2.626e-01 solver=liblinear | elapsed=6182s
[1192] LR_20260709_094143 f1_up=0.5477 | C=4.116e-01 solver=liblinear | elapsed=6191s
[1193] LR_20260709_094152 f1_up=0.5475 | C=1.346e+03 solver=lbfgs | elapsed=6195s
[1194] LR_20260709_094156 f1_up=0.5483 | C=1.986e-06 solver=lbfgs | elapsed=6197s
[1195] LR_20260709_094158 f1_up=0.5479 | C=3.140e-03 solver=lbfgs | elapsed=6201s
[1196] LR_20260709_094202 f1_up=0.5477 | C=3.394e+00 solver=lbfgs | elapsed=6205s
[1197] LR_20260709_094206 f1_up=0.5490 | C=6.758e-05 solver=lbfgs | elapsed=6208s
[1198] LR_20260709_094209 f1_up=0.5482 | C=6.566e-07 solver=liblinear | elapsed=6212s
[1199] LR_20260709_094213 f1_up=0.5481 | C=5.274e-03 solver=liblinear | elapsed=6220s
[1200] LR_20260709_094221 f1_up=0.5475 | C=2.896e+01 solver=lbfgs | elapsed=6225s
[1201] LR_20260709_094226 f1_up=0.5477 | C=3.765e+00 solver=liblinear | elapsed=6234s
[1202] LR_20260709_094235 f1_up=0.5484 | C=8.436e-04 solver=lbfgs | elapsed=6237s
[1203] LR_20260709_094238 f1_up=0.5475 | C=2.522e+01 solver=lbfgs | elapsed=6241s
[1204] LR_20260709_094241 f1_up=0.5487 | C=3.158e-05 solver=liblinear | elapsed=6245s
[1205] LR_20260709_094245 f1_up=0.5483 | C=6.699e-08 solver=liblinear | elapsed=6247s
[1206] LR_20260709_094248 f1_up=0.5481 | C=5.274e-03 solver=lbfgs | elapsed=6251s
[1207] LR_20260709_094252 f1_up=0.5481 | C=1.053e-02 solver=liblinear | elapsed=6258s
[1208] LR_20260709_094259 f1_up=0.5482 | C=1.065e-06 solver=lbfgs | elapsed=6260s
[1209] LR_20260709_094301 f1_up=0.5477 | C=3.463e-01 solver=liblinear | elapsed=6270s
[1210] LR_20260709_094310 f1_up=0.5477 | C=1.116e+02 solver=liblinear | elapsed=6281s
[1211] LR_20260709_094322 f1_up=0.5477 | C=5.817e-01 solver=liblinear | elapsed=6292s
[1212] LR_20260709_094333 f1_up=0.5475 | C=1.315e-01 solver=lbfgs | elapsed=6297s
[1213] LR_20260709_094338 f1_up=0.5477 | C=6.074e+02 solver=liblinear | elapsed=6307s
[1214] LR_20260709_094347 f1_up=0.5475 | C=1.523e+02 solver=lbfgs | elapsed=6310s
[1215] LR_20260709_094351 f1_up=0.5483 | C=4.741e-08 solver=liblinear | elapsed=6313s
[1216] LR_20260709_094354 f1_up=0.5477 | C=8.809e-01 solver=liblinear | elapsed=6322s
[1217] LR_20260709_094402 f1_up=0.5483 | C=1.467e-03 solver=liblinear | elapsed=6329s
[1218] LR_20260709_094410 f1_up=0.5484 | C=6.623e-04 solver=liblinear | elapsed=6337s
[1219] LR_20260709_094418 f1_up=0.5488 | C=3.050e-05 solver=lbfgs | elapsed=6341s
[1220] LR_20260709_094422 f1_up=0.5483 | C=1.974e-04 solver=lbfgs | elapsed=6344s
[1221] LR_20260709_094426 f1_up=0.5484 | C=3.095e-04 solver=lbfgs | elapsed=6348s
[1222] LR_20260709_094430 f1_up=0.5477 | C=1.185e-01 solver=liblinear | elapsed=6361s
[1223] LR_20260709_094442 f1_up=0.5477 | C=5.475e+02 solver=liblinear | elapsed=6373s
[1224] LR_20260709_094454 f1_up=0.5478 | C=2.830e-03 solver=liblinear | elapsed=6381s
[1225] LR_20260709_094502 f1_up=0.5482 | C=1.103e-06 solver=liblinear | elapsed=6385s
[1226] LR_20260709_094507 f1_up=0.5489 | C=5.685e-05 solver=lbfgs | elapsed=6389s
[1227] LR_20260709_094510 f1_up=0.5478 | C=1.618e-01 solver=liblinear | elapsed=6400s
[1228] LR_20260709_094521 f1_up=0.5482 | C=9.943e-07 solver=lbfgs | elapsed=6402s
[1229] LR_20260709_094524 f1_up=0.5479 | C=1.459e-01 solver=liblinear | elapsed=6413s
[1230] LR_20260709_094534 f1_up=0.5483 | C=1.234e-03 solver=lbfgs | elapsed=6417s
[1231] LR_20260709_094538 f1_up=0.5477 | C=5.987e+01 solver=liblinear | elapsed=6427s
[1232] LR_20260709_094548 f1_up=0.5477 | C=4.069e+03 solver=liblinear | elapsed=6437s
[1233] LR_20260709_094558 f1_up=0.5482 | C=7.389e-06 solver=liblinear | elapsed=6442s
[1234] LR_20260709_094603 f1_up=0.5475 | C=9.522e+02 solver=lbfgs | elapsed=6446s
[1235] LR_20260709_094607 f1_up=0.5483 | C=1.274e-08 solver=liblinear | elapsed=6449s
[1236] LR_20260709_094610 f1_up=0.5475 | C=4.152e+02 solver=lbfgs | elapsed=6453s
[1237] LR_20260709_094613 f1_up=0.5481 | C=2.313e-05 solver=liblinear | elapsed=6457s
[1238] LR_20260709_094618 f1_up=0.5477 | C=1.991e-01 solver=liblinear | elapsed=6466s
[1239] LR_20260709_094627 f1_up=0.5483 | C=1.148e-08 solver=liblinear | elapsed=6469s
[1240] LR_20260709_094630 f1_up=0.5483 | C=1.670e-06 solver=lbfgs | elapsed=6472s
[1241] LR_20260709_094633 f1_up=0.5475 | C=4.633e+00 solver=lbfgs | elapsed=6476s
[1242] LR_20260709_094637 f1_up=0.5483 | C=2.695e-04 solver=lbfgs | elapsed=6479s
[1243] LR_20260709_094640 f1_up=0.5482 | C=4.488e-07 solver=lbfgs | elapsed=6481s
[1244] LR_20260709_094642 f1_up=0.5477 | C=3.015e-01 solver=liblinear | elapsed=6491s
[1245] LR_20260709_094652 f1_up=0.5481 | C=6.490e-03 solver=lbfgs | elapsed=6495s
[1246] LR_20260709_094656 f1_up=0.5481 | C=2.085e-05 solver=lbfgs | elapsed=6498s
[1247] LR_20260709_094659 f1_up=0.5483 | C=8.244e-08 solver=lbfgs | elapsed=6500s
[1248] LR_20260709_094701 f1_up=0.5475 | C=7.941e-01 solver=lbfgs | elapsed=6504s
[1249] LR_20260709_094705 f1_up=0.5477 | C=3.585e-01 solver=liblinear | elapsed=6514s
[1250] LR_20260709_094715 f1_up=0.5488 | C=4.023e-05 solver=lbfgs | elapsed=6517s
[1251] LR_20260709_094718 f1_up=0.5475 | C=4.237e+01 solver=lbfgs | elapsed=6521s
[1252] LR_20260709_094722 f1_up=0.5482 | C=5.229e-06 solver=lbfgs | elapsed=6523s
[1253] LR_20260709_094724 f1_up=0.5483 | C=2.515e-04 solver=lbfgs | elapsed=6526s
[1254] LR_20260709_094727 f1_up=0.5489 | C=4.462e-05 solver=lbfgs | elapsed=6529s
[1255] LR_20260709_094730 f1_up=0.5482 | C=6.566e-07 solver=lbfgs | elapsed=6532s
[1256] LR_20260709_094733 f1_up=0.5477 | C=1.724e+01 solver=liblinear | elapsed=6541s
[1257] LR_20260709_094742 f1_up=0.5481 | C=5.851e-03 solver=liblinear | elapsed=6548s
[1258] LR_20260709_094749 f1_up=0.5483 | C=1.864e-08 solver=lbfgs | elapsed=6551s
[1259] LR_20260709_094751 f1_up=0.5477 | C=6.604e+03 solver=liblinear | elapsed=6560s
[1260] LR_20260709_094801 f1_up=0.5484 | C=5.571e-04 solver=liblinear | elapsed=6567s
[1261] LR_20260709_094808 f1_up=0.5481 | C=2.871e-02 solver=liblinear | elapsed=6576s
[1262] LR_20260709_094817 f1_up=0.5475 | C=7.850e+03 solver=lbfgs | elapsed=6580s
[1263] LR_20260709_094821 f1_up=0.5479 | C=3.250e-03 solver=lbfgs | elapsed=6583s
[1264] LR_20260709_094824 f1_up=0.5481 | C=2.479e-05 solver=lbfgs | elapsed=6586s
[1265] LR_20260709_094827 f1_up=0.5483 | C=2.215e-08 solver=liblinear | elapsed=6589s
[1266] LR_20260709_094830 f1_up=0.5482 | C=5.335e-07 solver=liblinear | elapsed=6592s
[1267] LR_20260709_094833 f1_up=0.5482 | C=3.942e-04 solver=liblinear | elapsed=6598s
[1268] LR_20260709_094839 f1_up=0.5484 | C=9.359e-04 solver=liblinear | elapsed=6605s
[1269] LR_20260709_094846 f1_up=0.5477 | C=8.937e+00 solver=liblinear | elapsed=6614s
[1270] LR_20260709_094855 f1_up=0.5478 | C=1.651e-02 solver=liblinear | elapsed=6622s
[1271] LR_20260709_094903 f1_up=0.5475 | C=6.915e-01 solver=lbfgs | elapsed=6626s
[1272] LR_20260709_094907 f1_up=0.5477 | C=1.145e-01 solver=liblinear | elapsed=6635s
[1273] LR_20260709_094916 f1_up=0.5475 | C=1.069e-01 solver=lbfgs | elapsed=6639s
[1274] LR_20260709_094920 f1_up=0.5475 | C=5.750e+03 solver=lbfgs | elapsed=6643s
[1275] LR_20260709_094924 f1_up=0.5477 | C=7.671e-01 solver=liblinear | elapsed=6652s
[1276] LR_20260709_094933 f1_up=0.5480 | C=1.519e-03 solver=lbfgs | elapsed=6656s
[1277] LR_20260709_094937 f1_up=0.5483 | C=1.097e-04 solver=liblinear | elapsed=6662s
[1278] LR_20260709_094943 f1_up=0.5477 | C=5.008e+03 solver=liblinear | elapsed=6674s
[1279] LR_20260709_094955 f1_up=0.5483 | C=1.175e-04 solver=liblinear | elapsed=6680s
[1280] LR_20260709_095001 f1_up=0.5482 | C=1.704e-07 solver=lbfgs | elapsed=6682s
[1281] LR_20260709_095003 f1_up=0.5475 | C=8.103e-02 solver=lbfgs | elapsed=6686s
[1282] LR_20260709_095007 f1_up=0.5476 | C=6.585e-02 solver=lbfgs | elapsed=6690s
[1283] LR_20260709_095011 f1_up=0.5481 | C=1.389e-02 solver=lbfgs | elapsed=6694s
[1284] LR_20260709_095014 f1_up=0.5487 | C=2.847e-05 solver=lbfgs | elapsed=6696s
[1285] LR_20260709_095017 f1_up=0.5482 | C=7.987e-03 solver=liblinear | elapsed=6703s
[1286] LR_20260709_095024 f1_up=0.5482 | C=8.080e-07 solver=liblinear | elapsed=6706s
[1287] LR_20260709_095027 f1_up=0.5481 | C=1.595e-02 solver=liblinear | elapsed=6714s
[1288] LR_20260709_095035 f1_up=0.5477 | C=5.668e+02 solver=liblinear | elapsed=6723s
[1289] LR_20260709_095044 f1_up=0.5477 | C=1.902e+03 solver=liblinear | elapsed=6731s
[1290] LR_20260709_095052 f1_up=0.5483 | C=1.319e-08 solver=liblinear | elapsed=6734s
[1291] LR_20260709_095055 f1_up=0.5475 | C=5.555e+03 solver=lbfgs | elapsed=6738s
[1292] LR_20260709_095059 f1_up=0.5483 | C=7.964e-08 solver=liblinear | elapsed=6741s
[1293] LR_20260709_095102 f1_up=0.5475 | C=1.116e+02 solver=lbfgs | elapsed=6746s
[1294] LR_20260709_095107 f1_up=0.5481 | C=4.754e-03 solver=liblinear | elapsed=6755s
[1295] LR_20260709_095116 f1_up=0.5475 | C=9.971e-02 solver=lbfgs | elapsed=6759s
[1296] LR_20260709_095120 f1_up=0.5482 | C=7.138e-06 solver=liblinear | elapsed=6763s
[1297] LR_20260709_095124 f1_up=0.5482 | C=1.292e-07 solver=liblinear | elapsed=6767s
[1298] LR_20260709_095128 f1_up=0.5475 | C=2.009e+02 solver=lbfgs | elapsed=6771s
[1299] LR_20260709_095132 f1_up=0.5483 | C=7.693e-08 solver=liblinear | elapsed=6774s
[1300] LR_20260709_095135 f1_up=0.5477 | C=6.680e-01 solver=liblinear | elapsed=6783s
[1301] LR_20260709_095144 f1_up=0.5480 | C=1.417e-03 solver=lbfgs | elapsed=6786s
[1302] LR_20260709_095147 f1_up=0.5482 | C=1.125e-07 solver=liblinear | elapsed=6789s
[1303] LR_20260709_095150 f1_up=0.5483 | C=3.453e-06 solver=lbfgs | elapsed=6792s
[1304] LR_20260709_095152 f1_up=0.5477 | C=2.573e+00 solver=lbfgs | elapsed=6795s
[1305] LR_20260709_095156 f1_up=0.5478 | C=2.146e-03 solver=liblinear | elapsed=6802s
[1306] LR_20260709_095203 f1_up=0.5484 | C=1.023e-04 solver=liblinear | elapsed=6807s
[1307] LR_20260709_095207 f1_up=0.5483 | C=2.215e-08 solver=lbfgs | elapsed=6809s
[1308] LR_20260709_095210 f1_up=0.5483 | C=4.741e-08 solver=lbfgs | elapsed=6811s
[1309] LR_20260709_095212 f1_up=0.5477 | C=6.642e+01 solver=liblinear | elapsed=6820s
[1310] LR_20260709_095221 f1_up=0.5475 | C=1.047e+00 solver=lbfgs | elapsed=6824s
[1311] LR_20260709_095224 f1_up=0.5489 | C=6.995e-05 solver=liblinear | elapsed=6828s
[1312] LR_20260709_095229 f1_up=0.5477 | C=5.936e-02 solver=liblinear | elapsed=6837s
[1313] LR_20260709_095238 f1_up=0.5483 | C=2.989e-04 solver=liblinear | elapsed=6842s
[1314] LR_20260709_095243 f1_up=0.5477 | C=3.149e+02 solver=liblinear | elapsed=6851s
[1315] LR_20260709_095252 f1_up=0.5477 | C=5.555e+03 solver=liblinear | elapsed=6860s
[1316] LR_20260709_095301 f1_up=0.5482 | C=4.810e-07 solver=liblinear | elapsed=6863s
[1317] LR_20260709_095304 f1_up=0.5483 | C=1.000e-08 solver=liblinear | elapsed=6866s
[1318] LR_20260709_095307 f1_up=0.5475 | C=1.665e+01 solver=lbfgs | elapsed=6870s
[1319] LR_20260709_095310 f1_up=0.5475 | C=4.893e-01 solver=lbfgs | elapsed=6874s
[1320] LR_20260709_095314 f1_up=0.5477 | C=1.980e+01 solver=liblinear | elapsed=6882s
[1321] LR_20260709_095323 f1_up=0.5483 | C=4.128e-08 solver=lbfgs | elapsed=6884s
[1322] LR_20260709_095325 f1_up=0.5477 | C=1.795e-01 solver=liblinear | elapsed=6893s
[1323] LR_20260709_095333 f1_up=0.5488 | C=3.886e-05 solver=lbfgs | elapsed=6895s
[1324] LR_20260709_095336 f1_up=0.5476 | C=4.058e-02 solver=lbfgs | elapsed=6899s
[1325] LR_20260709_095339 f1_up=0.5483 | C=4.424e-08 solver=liblinear | elapsed=6901s
[1326] LR_20260709_095342 f1_up=0.5477 | C=6.144e-02 solver=liblinear | elapsed=6910s
[1327] LR_20260709_095351 f1_up=0.5483 | C=9.145e-08 solver=liblinear | elapsed=6913s
[1328] LR_20260709_095354 f1_up=0.5483 | C=1.680e-08 solver=liblinear | elapsed=6916s
[1329] LR_20260709_095356 f1_up=0.5482 | C=1.029e-06 solver=lbfgs | elapsed=6918s
[1330] LR_20260709_095359 f1_up=0.5477 | C=3.326e+01 solver=liblinear | elapsed=6927s
[1331] LR_20260709_095408 f1_up=0.5483 | C=3.808e-04 solver=lbfgs | elapsed=6931s
[1332] LR_20260709_095412 f1_up=0.5477 | C=7.221e+02 solver=liblinear | elapsed=6941s
[1333] LR_20260709_095422 f1_up=0.5482 | C=6.127e-07 solver=liblinear | elapsed=6944s
[1334] LR_20260709_095425 f1_up=0.5483 | C=8.316e-05 solver=lbfgs | elapsed=6947s
[1335] LR_20260709_095429 f1_up=0.5475 | C=2.998e+01 solver=lbfgs | elapsed=6953s
[1336] LR_20260709_095434 f1_up=0.5482 | C=1.536e-07 solver=liblinear | elapsed=6956s
[1337] LR_20260709_095438 f1_up=0.5479 | C=1.389e-02 solver=liblinear | elapsed=6967s
[1338] LR_20260709_095448 f1_up=0.5475 | C=1.940e+02 solver=lbfgs | elapsed=6971s
[1339] LR_20260709_095452 f1_up=0.5477 | C=1.196e+02 solver=liblinear | elapsed=6982s
[1340] LR_20260709_095503 f1_up=0.5482 | C=4.810e-07 solver=lbfgs | elapsed=6985s
[1341] LR_20260709_095506 f1_up=0.5477 | C=5.139e+00 solver=liblinear | elapsed=6997s
[1342] LR_20260709_095518 f1_up=0.5481 | C=6.057e-03 solver=lbfgs | elapsed=7001s
[1343] LR_20260709_095522 f1_up=0.5482 | C=2.171e-07 solver=lbfgs | elapsed=7004s
[1344] LR_20260709_095525 f1_up=0.5482 | C=8.364e-07 solver=liblinear | elapsed=7008s
[1345] LR_20260709_095529 f1_up=0.5482 | C=2.026e-07 solver=lbfgs | elapsed=7010s
[1346] LR_20260709_095531 f1_up=0.5479 | C=2.146e-03 solver=lbfgs | elapsed=7014s
[1347] LR_20260709_095535 f1_up=0.5479 | C=1.152e-03 solver=liblinear | elapsed=7022s
[1348] LR_20260709_095543 f1_up=0.5482 | C=8.608e-05 solver=lbfgs | elapsed=7025s
[1349] LR_20260709_095546 f1_up=0.5478 | C=1.685e-03 solver=liblinear | elapsed=7033s
[1350] LR_20260709_095554 f1_up=0.5481 | C=8.150e-04 solver=liblinear | elapsed=7040s
[1351] LR_20260709_095601 f1_up=0.5481 | C=2.479e-05 solver=liblinear | elapsed=7045s
[1352] LR_20260709_095606 f1_up=0.5484 | C=5.382e-04 solver=liblinear | elapsed=7052s
[1353] LR_20260709_095613 f1_up=0.5477 | C=2.742e+02 solver=liblinear | elapsed=7062s
[1354] LR_20260709_095623 f1_up=0.5483 | C=1.719e-04 solver=lbfgs | elapsed=7065s
[1355] LR_20260709_095626 f1_up=0.5475 | C=2.209e-01 solver=lbfgs | elapsed=7069s
[1356] LR_20260709_095630 f1_up=0.5475 | C=2.196e+01 solver=lbfgs | elapsed=7073s
[1357] LR_20260709_095634 f1_up=0.5477 | C=7.518e+00 solver=liblinear | elapsed=7082s
[1358] LR_20260709_095643 f1_up=0.5483 | C=2.905e-06 solver=lbfgs | elapsed=7085s
[1359] LR_20260709_095645 f1_up=0.5477 | C=8.010e+02 solver=liblinear | elapsed=7094s
[1360] LR_20260709_095655 f1_up=0.5484 | C=1.842e-04 solver=lbfgs | elapsed=7097s
[1361] LR_20260709_095658 f1_up=0.5476 | C=5.936e-02 solver=lbfgs | elapsed=7101s
[1362] LR_20260709_095701 f1_up=0.5482 | C=2.672e-07 solver=liblinear | elapsed=7104s
[1363] LR_20260709_095704 f1_up=0.5482 | C=6.661e-06 solver=liblinear | elapsed=7107s
[1364] LR_20260709_095708 f1_up=0.5483 | C=6.699e-08 solver=lbfgs | elapsed=7110s
[1365] LR_20260709_095710 f1_up=0.5483 | C=8.534e-08 solver=liblinear | elapsed=7113s
[1366] LR_20260709_095713 f1_up=0.5483 | C=3.453e-06 solver=liblinear | elapsed=7116s
[1367] LR_20260709_095717 f1_up=0.5477 | C=1.821e+00 solver=liblinear | elapsed=7125s
[1368] LR_20260709_095726 f1_up=0.5475 | C=8.937e+00 solver=lbfgs | elapsed=7129s
[1369] LR_20260709_095729 f1_up=0.5482 | C=1.158e-05 solver=lbfgs | elapsed=7131s
[1370] LR_20260709_095732 f1_up=0.5477 | C=3.194e+03 solver=liblinear | elapsed=7141s
[1371] LR_20260709_095741 f1_up=0.5483 | C=1.000e-08 solver=lbfgs | elapsed=7143s
[1372] LR_20260709_095744 f1_up=0.5480 | C=1.769e-02 solver=lbfgs | elapsed=7146s
[1373] LR_20260709_095747 f1_up=0.5483 | C=4.908e-08 solver=lbfgs | elapsed=7149s
[1374] LR_20260709_095749 f1_up=0.5480 | C=1.323e-03 solver=lbfgs | elapsed=7152s
[1375] LR_20260709_095753 f1_up=0.5477 | C=2.703e+01 solver=liblinear | elapsed=7161s
[1376] LR_20260709_095802 f1_up=0.5482 | C=2.863e-07 solver=lbfgs | elapsed=7163s
[1377] LR_20260709_095804 f1_up=0.5477 | C=3.616e+02 solver=liblinear | elapsed=7172s
[1378] LR_20260709_095812 f1_up=0.5475 | C=3.513e+00 solver=lbfgs | elapsed=7175s
[1379] LR_20260709_095816 f1_up=0.5483 | C=2.603e-04 solver=lbfgs | elapsed=7178s
[1380] LR_20260709_095819 f1_up=0.5483 | C=4.908e-08 solver=liblinear | elapsed=7181s
[1381] LR_20260709_095822 f1_up=0.5475 | C=1.032e-01 solver=lbfgs | elapsed=7184s
[1382] LR_20260709_095825 f1_up=0.5481 | C=8.268e-03 solver=lbfgs | elapsed=7188s
[1383] LR_20260709_095829 f1_up=0.5477 | C=6.324e+00 solver=liblinear | elapsed=7197s
[1384] LR_20260709_095838 f1_up=0.5475 | C=1.307e+01 solver=lbfgs | elapsed=7201s
[stop] budget 7200s reached after 1384 configs

DONE: 1384 configs in 7201s
BEST(this run): f1_up=0.5490 run_id=LR_20260709_080418 params={'C': 6.7575184e-05, 'solver': 'liblinear'}
