run_id,timestamp,model_key,model_name,params_json,cv_f1_up_mean,cv_f1_up_std,cv_f1_up_folds_json,cv_precision_up_mean,cv_precision_up_std,cv_recall_up_mean,cv_recall_up_std,cv_precision_up_folds_json,cv_recall_up_folds_json,cv_fold_ranges_json,decision_threshold,oof_f1_up,oof_precision_up,oof_recall_up,oof_up_rate,oof_predicted_up_ratio,threshold_constraint_passed,train_seconds,dataset_fingerprint,content_fingerprint,policy_id,status,note
LR_20260719_223709_291200,2026-07-19T22:37:13,logistic_regression,Logistic Regression,"{""C"": 4.12316e-07, ""solver"": ""liblinear""}",0.4215558994769812,0.04727769496079827,"[0.46199010710599336, 0.47519262913286314, 0.3759742581337147, 0.37306660353535354]",0.4125618800555164,0.0246551244379377,0.44582166604772155,0.10539416297381388,"[0.38157661647475644, 0.4453047398313934, 0.3975803402646503, 0.42578582365126544]","[0.5853459696321207, 0.5093811910033795, 0.3565954560868091, 0.33196404746857666]","[{""fold"": 1, ""train_start"": ""2021-01-04"", ""train_end"": ""2021-11-18"", ""train_label_end_max"": ""2021-11-25"", ""validation_start"": ""2021-11-26"", ""validation_end"": ""2022-10-18"", ""train_rows"": 78914, ""validation_rows"": 82539}, {""fold"": 2, ""train_start"": ""2021-01-04"", ""train_end"": ""2022-10-11"", ""train_label_end_max"": ""2022-10-18"", ""validation_start"": ""2022-10-19"", ""validation_end"": ""2023-09-08"", ""train_rows"": 161487, ""validation_rows"": 81981}, {""fold"": 3, ""train_start"": ""2021-01-04"", ""train_end"": ""2023-08-30"", ""train_label_end_max"": ""2023-09-08"", ""validation_start"": ""2023-09-11"", ""validation_end"": ""2024-07-30"", ""train_rows"": 243426, ""validation_rows"": 82741}, {""fold"": 4, ""train_start"": ""2021-01-04"", ""train_end"": ""2024-07-23"", ""train_label_end_max"": ""2024-07-30"", ""validation_start"": ""2024-07-31"", ""validation_end"": ""2025-06-23"", ""train_rows"": 326201, ""validation_rows"": 82447}]",0.5,0.4292307330052509,0.41093636110881504,0.4492298845853699,0.3692206437211108,0.40362684557244594,True,3.949,9eabd4bf8d11,9cf8f4c431a9e89fea5b7379f196f9505b74cc80396a163d96d8d5191f2204d1,rolling_recent_cv_oof_threshold,ok,initial config
RF_20260719_223740_517646,2026-07-19T22:38:30,random_forest,Random Forest,"{""n_estimators"": 130, ""max_depth"": 6, ""min_samples_leaf"": 40, ""max_features"": 0.25}",0.44724782117452444,0.030436117221714194,"[0.47430677249768066, 0.4794799306209967, 0.4082049971244169, 0.4269995844550037]",0.41478295831659323,0.031075823883809407,0.49618421859327355,0.08283433590171187,"[0.38209221698602835, 0.4512944443016171, 0.38591191928955476, 0.4398332526891726]","[0.6251910730663406, 0.5114205803519404, 0.43323160393353677, 0.4148936170212766]","[{""fold"": 1, ""train_start"": ""2021-01-04"", ""train_end"": ""2021-11-18"", ""train_label_end_max"": ""2021-11-25"", ""validation_start"": ""2021-11-26"", ""validation_end"": ""2022-10-18"", ""train_rows"": 78914, ""validation_rows"": 82539}, {""fold"": 2, ""train_start"": ""2021-01-04"", ""train_end"": ""2022-10-11"", ""train_label_end_max"": ""2022-10-18"", ""validation_start"": ""2022-10-19"", ""validation_end"": ""2023-09-08"", ""train_rows"": 161487, ""validation_rows"": 81981}, {""fold"": 3, ""train_start"": ""2021-01-04"", ""train_end"": ""2023-08-30"", ""train_label_end_max"": ""2023-09-08"", ""validation_start"": ""2023-09-11"", ""validation_end"": ""2024-07-30"", ""train_rows"": 243426, ""validation_rows"": 82741}, {""fold"": 4, ""train_start"": ""2021-01-04"", ""train_end"": ""2024-07-23"", ""train_label_end_max"": ""2024-07-30"", ""validation_start"": ""2024-07-31"", ""validation_end"": ""2025-06-23"", ""train_rows"": 326201, ""validation_rows"": 82447}]",0.5,0.4505792971046307,0.41180911186827984,0.4974083049246314,0.3692206437211108,0.44596734079852474,True,49.938,9eabd4bf8d11,9cf8f4c431a9e89fea5b7379f196f9505b74cc80396a163d96d8d5191f2204d1,rolling_recent_cv_oof_threshold,ok,initial config
GB_20260719_223847_945004,2026-07-19T22:45:42,gradient_boosting,Gradient Boosting,"{""n_estimators"": 120, ""learning_rate"": 0.2, ""max_depth"": 2, ""subsample"": 0.9}",0.47026797032077794,0.02613266650249185,"[0.4763335434633904, 0.5102749674762861, 0.4431713176861948, 0.4512920526572404]",0.4175108588691353,0.021184929322726722,0.5417622307072593,0.05433059214700327,"[0.3935679773039585, 0.4504002318892283, 0.4059590316573557, 0.42011619462599853]","[0.6031794558239071, 0.5885094977275376, 0.4878942014242116, 0.4874657678533811]","[{""fold"": 1, ""train_start"": ""2021-01-04"", ""train_end"": ""2021-11-18"", ""train_label_end_max"": ""2021-11-25"", ""validation_start"": ""2021-11-26"", ""validation_end"": ""2022-10-18"", ""train_rows"": 78914, ""validation_rows"": 82539}, {""fold"": 2, ""train_start"": ""2021-01-04"", ""train_end"": ""2022-10-11"", ""train_label_end_max"": ""2022-10-18"", ""validation_start"": ""2022-10-19"", ""validation_end"": ""2023-09-08"", ""train_rows"": 161487, ""validation_rows"": 81981}, {""fold"": 3, ""train_start"": ""2021-01-04"", ""train_end"": ""2023-08-30"", ""train_label_end_max"": ""2023-09-08"", ""validation_start"": ""2023-09-11"", ""validation_end"": ""2024-07-30"", ""train_rows"": 243426, ""validation_rows"": 82741}, {""fold"": 4, ""train_start"": ""2021-01-04"", ""train_end"": ""2024-07-23"", ""train_label_end_max"": ""2024-07-30"", ""validation_start"": ""2024-07-31"", ""validation_end"": ""2025-06-23"", ""train_rows"": 326201, ""validation_rows"": 82447}]",0.49,0.4727401210598447,0.4179619707554731,0.5440423871524213,0.3692206437211108,0.48059798367039924,True,414.38,9eabd4bf8d11,9cf8f4c431a9e89fea5b7379f196f9505b74cc80396a163d96d8d5191f2204d1,rolling_recent_cv_oof_threshold,ok,initial config
LR_20260720_004826_463498,2026-07-20T00:48:31,logistic_regression,Logistic Regression,"{""C"": 0.000692264885505, ""solver"": ""lbfgs""}",0.44154464592538656,0.043146061619441005,"[0.48450753857383777, 0.4845094890895212, 0.392979226926111, 0.4041823291120762]",0.4071876651916718,0.025289262699954095,0.4961000412776546,0.10750382263836447,"[0.3848337631699954, 0.441859906860627, 0.38127431596402833, 0.42078267477203646]","[0.6538605251537076, 0.5362719962708309, 0.40542556798914886, 0.3888420756969314]","[{""fold"": 1, ""train_start"": ""2021-01-04"", ""train_end"": ""2021-11-18"", ""train_label_end_max"": ""2021-11-25"", ""validation_start"": ""2021-11-26"", ""validation_end"": ""2022-10-18"", ""train_rows"": 78914, ""validation_rows"": 82539}, {""fold"": 2, ""train_start"": ""2021-01-04"", ""train_end"": ""2022-10-11"", ""train_label_end_max"": ""2022-10-18"", ""validation_start"": ""2022-10-19"", ""validation_end"": ""2023-09-08"", ""train_rows"": 161487, ""validation_rows"": 81981}, {""fold"": 3, ""train_start"": ""2021-01-04"", ""train_end"": ""2023-08-30"", ""train_label_end_max"": ""2023-09-08"", ""validation_start"": ""2023-09-11"", ""validation_end"": ""2024-07-30"", ""train_rows"": 243426, ""validation_rows"": 82741}, {""fold"": 4, ""train_start"": ""2021-01-04"", ""train_end"": ""2024-07-23"", ""train_label_end_max"": ""2024-07-30"", ""validation_start"": ""2024-07-31"", ""validation_end"": ""2025-06-23"", ""train_rows"": 326201, ""validation_rows"": 82447}]",0.49,0.44772584750451877,0.40632720699005725,0.49851727112169875,0.3692206437211108,0.45299173814405475,True,4.694,9eabd4bf8d11,9cf8f4c431a9e89fea5b7379f196f9505b74cc80396a163d96d8d5191f2204d1,rolling_recent_cv_oof_threshold,ok,selected-random-100 seed=20260720 stage=explore index=1/100
LR_20260720_004831_155494,2026-07-20T00:48:35,logistic_regression,Logistic Regression,"{""C"": 3.6187858325e-08, ""solver"": ""liblinear""}",0.4219789197201272,0.047059740451328394,"[0.46191408870167155, 0.4756385548709318, 0.3766493117466657, 0.37371372356123955]",0.4122842434440247,0.02455542291276631,0.44672846625521895,0.10465806979752545,"[0.3817040995055761, 0.4452207937395193, 0.39715725351583064, 0.42505482701517255]","[0.5848024729100852, 0.5105174222118635, 0.3581553068836894, 0.33343866301523767]","[{""fold"": 1, ""train_start"": ""2021-01-04"", ""train_end"": ""2021-11-18"", ""train_label_end_max"": ""2021-11-25"", ""validation_start"": ""2021-11-26"", ""validation_end"": ""2022-10-18"", ""train_rows"": 78914, ""validation_rows"": 82539}, {""fold"": 2, ""train_start"": ""2021-01-04"", ""train_end"": ""2022-10-11"", ""train_label_end_max"": ""2022-10-18"", ""validation_start"": ""2022-10-19"", ""validation_end"": ""2023-09-08"", ""train_rows"": 161487, ""validation_rows"": 81981}, {""fold"": 3, ""train_start"": ""2021-01-04"", ""train_end"": ""2023-08-30"", ""train_label_end_max"": ""2023-09-08"", ""validation_start"": ""2023-09-11"", ""validation_end"": ""2024-07-30"", ""train_rows"": 243426, ""validation_rows"": 82741}, {""fold"": 4, ""train_start"": ""2021-01-04"", ""train_end"": ""2024-07-23"", ""train_label_end_max"": ""2024-07-30"", ""validation_start"": ""2024-07-31"", ""validation_end"": ""2025-06-23"", ""train_rows"": 326201, ""validation_rows"": 82447}]",0.5,0.42956418809013336,0.4107857689020825,0.45014170123629194,0.3692206437211108,0.40459436835017654,True,4.185,9eabd4bf8d11,9cf8f4c431a9e89fea5b7379f196f9505b74cc80396a163d96d8d5191f2204d1,rolling_recent_cv_oof_threshold,ok,selected-random-100 seed=20260720 stage=explore index=2/100
LR_20260720_004835_349257,2026-07-20T00:48:46,logistic_regression,Logistic Regression,"{""C"": 0.000261636636606, ""solver"": ""liblinear""}",0.4433580340466733,0.04242147534908047,"[0.48490129204112625, 0.4864538960613409, 0.3969555610115394, 0.4051213870726865]",0.4073452055585346,0.025311935320097484,0.5009909782455881,0.10914926450014927,"[0.3826794239572487, 0.442138619523004, 0.3836734693877551, 0.42088930936613056]","[0.6616393219878393, 0.5406421163034612, 0.41119023397761956, 0.390492240713433]","[{""fold"": 1, ""train_start"": ""2021-01-04"", ""train_end"": ""2021-11-18"", ""train_label_end_max"": ""2021-11-25"", ""validation_start"": ""2021-11-26"", ""validation_end"": ""2022-10-18"", ""train_rows"": 78914, ""validation_rows"": 82539}, {""fold"": 2, ""train_start"": ""2021-01-04"", ""train_end"": ""2022-10-11"", ""train_label_end_max"": ""2022-10-18"", ""validation_start"": ""2022-10-19"", ""validation_end"": ""2023-09-08"", ""train_rows"": 161487, ""validation_rows"": 81981}, {""fold"": 3, ""train_start"": ""2021-01-04"", ""train_end"": ""2023-08-30"", ""train_label_end_max"": ""2023-09-08"", ""validation_start"": ""2023-09-11"", ""validation_end"": ""2024-07-30"", ""train_rows"": 243426, ""validation_rows"": 82741}, {""fold"": 4, ""train_start"": ""2021-01-04"", ""train_end"": ""2024-07-23"", ""train_label_end_max"": ""2024-07-30"", ""validation_start"": ""2024-07-31"", ""validation_end"": ""2025-06-23"", ""train_rows"": 326201, ""validation_rows"": 82447}]",0.49,0.4495607680598602,0.4061166335321405,0.5034131515176408,0.3692206437211108,0.4576777026945054,True,11.453,9eabd4bf8d11,9cf8f4c431a9e89fea5b7379f196f9505b74cc80396a163d96d8d5191f2204d1,rolling_recent_cv_oof_threshold,ok,selected-random-100 seed=20260720 stage=explore index=3/100
LR_20260720_004846_807559,2026-07-20T00:48:54,logistic_regression,Logistic Regression,"{""C"": 0.00061073981616, ""solver"": ""lbfgs""}",0.44149187616811775,0.04312452153292372,"[0.4845246775450683, 0.48435402794957494, 0.39302444075541165, 0.404064358422416]",0.4070360277883681,0.02521741175338205,0.4962650176756912,0.10777002581596834,"[0.38459696250024944, 0.44166066714662827, 0.38135944626965645, 0.420527035236938]","[0.6546078331465064, 0.5361845938701782, 0.40542556798914886, 0.3888420756969314]","[{""fold"": 1, ""train_start"": ""2021-01-04"", ""train_end"": ""2021-11-18"", ""train_label_end_max"": ""2021-11-25"", ""validation_start"": ""2021-11-26"", ""validation_end"": ""2022-10-18"", ""train_rows"": 78914, ""validation_rows"": 82539}, {""fold"": 2, ""train_start"": ""2021-01-04"", ""train_end"": ""2022-10-11"", ""train_label_end_max"": ""2022-10-18"", ""validation_start"": ""2022-10-19"", ""validation_end"": ""2023-09-08"", ""train_rows"": 161487, ""validation_rows"": 81981}, {""fold"": 3, ""train_start"": ""2021-01-04"", ""train_end"": ""2023-08-30"", ""train_label_end_max"": ""2023-09-08"", ""validation_start"": ""2023-09-11"", ""validation_end"": ""2024-07-30"", ""train_rows"": 243426, ""validation_rows"": 82741}, {""fold"": 4, ""train_start"": ""2021-01-04"", ""train_end"": ""2024-07-23"", ""train_label_end_max"": ""2024-07-30"", ""validation_start"": ""2024-07-31"", ""validation_end"": ""2025-06-23"", ""train_rows"": 326201, ""validation_rows"": 82447}]",0.49,0.4476860165413589,0.40615800460311513,0.4986733478457305,0.3692206437211108,0.45332233370133573,True,7.343,9eabd4bf8d11,9cf8f4c431a9e89fea5b7379f196f9505b74cc80396a163d96d8d5191f2204d1,rolling_recent_cv_oof_threshold,ok,selected-random-100 seed=20260720 stage=explore index=4/100
LR_20260720_004854_151656,2026-07-20T00:49:00,logistic_regression,Logistic Regression,"{""C"": 4.57746499489e-07, ""solver"": ""liblinear""}",0.4215418696348911,0.047331827492565454,"[0.4620519557116431, 0.47521576622494055, 0.37585380681614994, 0.37304594978683087]",0.41264816210938393,0.02470466807496471,0.445737823322433,0.10550958351448872,"[0.3816176959015123, 0.44538992637130265, 0.3975639279770011, 0.42602109818771977]","[0.5854478752675023, 0.5093229227362778, 0.356391997287216, 0.33178849799873605]","[{""fold"": 1, ""train_start"": ""2021-01-04"", ""train_end"": ""2021-11-18"", ""train_label_end_max"": ""2021-11-25"", ""validation_start"": ""2021-11-26"", ""validation_end"": ""2022-10-18"", ""train_rows"": 78914, ""validation_rows"": 82539}, {""fold"": 2, ""train_start"": ""2021-01-04"", ""train_end"": ""2022-10-11"", ""train_label_end_max"": ""2022-10-18"", ""validation_start"": ""2022-10-19"", ""validation_end"": ""2023-09-08"", ""train_rows"": 161487, ""validation_rows"": 81981}, {""fold"": 3, ""train_start"": ""2021-01-04"", ""train_end"": ""2023-08-30"", ""train_label_end_max"": ""2023-09-08"", ""validation_start"": ""2023-09-11"", ""validation_end"": ""2024-07-30"", ""train_rows"": 243426, ""validation_rows"": 82741}, {""fold"": 4, ""train_start"": ""2021-01-04"", ""train_end"": ""2024-07-23"", ""train_label_end_max"": ""2024-07-30"", ""validation_start"": ""2024-07-31"", ""validation_end"": ""2025-06-23"", ""train_rows"": 326201, ""validation_rows"": 82447}]",0.5,0.42923141537169257,0.4110063744061579,0.4491477389411426,0.3692206437211108,0.40348429519453577,True,6.276,9eabd4bf8d11,9cf8f4c431a9e89fea5b7379f196f9505b74cc80396a163d96d8d5191f2204d1,rolling_recent_cv_oof_threshold,ok,selected-random-100 seed=20260720 stage=explore index=5/100
LR_20260720_004900_437316,2026-07-20T00:49:07,logistic_regression,Logistic Regression,"{""C"": 4.59400751593e-06, ""solver"": ""liblinear""}",0.4185113100530975,0.048682067427612837,"[0.4632340187065526, 0.4709977436574762, 0.36980747904812117, 0.37000599880023993]",0.4140080840964013,0.025413998063489256,0.43952056323918565,0.10971419831021667,"[0.3814494154873868, 0.44622002085505735, 0.3985970137555355, 0.4297658862876254]","[0.5896599748632766, 0.49868896399021095, 0.3448965751102068, 0.32483673899304827]","[{""fold"": 1, ""train_start"": ""2021-01-04"", ""train_end"": ""2021-11-18"", ""train_label_end_max"": ""2021-11-25"", ""validation_start"": ""2021-11-26"", ""validation_end"": ""2022-10-18"", ""train_rows"": 78914, ""validation_rows"": 82539}, {""fold"": 2, ""train_start"": ""2021-01-04"", ""train_end"": ""2022-10-11"", ""train_label_end_max"": ""2022-10-18"", ""validation_start"": ""2022-10-19"", ""validation_end"": ""2023-09-08"", ""train_rows"": 161487, ""validation_rows"": 81981}, {""fold"": 3, ""train_start"": ""2021-01-04"", ""train_end"": ""2023-08-30"", ""train_label_end_max"": ""2023-09-08"", ""validation_start"": ""2023-09-11"", ""validation_end"": ""2024-07-30"", ""train_rows"": 243426, ""validation_rows"": 82741}, {""fold"": 4, ""train_start"": ""2021-01-04"", ""train_end"": ""2024-07-23"", ""train_label_end_max"": ""2024-07-30"", ""validation_start"": ""2024-07-31"", ""validation_end"": ""2025-06-23"", ""train_rows"": 326201, ""validation_rows"": 82447}]",0.5,0.4266726829422754,0.4117161779196871,0.44275680782026533,0.3692206437211108,0.3970573962415228,True,6.566,9eabd4bf8d11,9cf8f4c431a9e89fea5b7379f196f9505b74cc80396a163d96d8d5191f2204d1,rolling_recent_cv_oof_threshold,ok,selected-random-100 seed=20260720 stage=explore index=6/100
LR_20260720_004907_008222,2026-07-20T00:49:11,logistic_regression,Logistic Regression,"{""C"": 4.79262972121e-08, ""solver"": ""lbfgs""}",0.42203388573694733,0.04705835243583753,"[0.46195331365709685, 0.4757007570618403, 0.37683174671087816, 0.37364972551797415]",0.4122925626250432,0.024496199879136267,0.4468370138614997,0.10467365073909546,"[0.3817431985987007, 0.4451526077903611, 0.39727108705457825, 0.4250033570565328]","[0.5848364414552125, 0.5107504952802704, 0.35839267548321463, 0.33336844322730147]","[{""fold"": 1, ""train_start"": ""2021-01-04"", ""train_end"": ""2021-11-18"", ""train_label_end_max"": ""2021-11-25"", ""validation_start"": ""2021-11-26"", ""validation_end"": ""2022-10-18"", ""train_rows"": 78914, ""validation_rows"": 82539}, {""fold"": 2, ""train_start"": ""2021-01-04"", ""train_end"": ""2022-10-11"", ""train_label_end_max"": ""2022-10-18"", ""validation_start"": ""2022-10-19"", ""validation_end"": ""2023-09-08"", ""train_rows"": 161487, ""validation_rows"": 81981}, {""fold"": 3, ""train_start"": ""2021-01-04"", ""train_end"": ""2023-08-30"", ""train_label_end_max"": ""2023-09-08"", ""validation_start"": ""2023-09-11"", ""validation_end"": ""2024-07-30"", ""train_rows"": 243426, ""validation_rows"": 82741}, {""fold"": 4, ""train_start"": ""2021-01-04"", ""train_end"": ""2024-07-23"", ""train_label_end_max"": ""2024-07-30"", ""validation_start"": ""2024-07-31"", ""validation_end"": ""2025-06-23"", ""train_rows"": 326201, ""validation_rows"": 82447}]",0.5,0.4296234171882287,0.4107983331834398,0.45025670513821003,0.3692206437211108,0.4046853579530979,True,4.382,9eabd4bf8d11,9cf8f4c431a9e89fea5b7379f196f9505b74cc80396a163d96d8d5191f2204d1,rolling_recent_cv_oof_threshold,ok,selected-random-100 seed=20260720 stage=explore index=7/100
LR_20260720_004911_392617,2026-07-20T00:49:15,logistic_regression,Logistic Regression,"{""C"": 4.58836003507e-10, ""solver"": ""lbfgs""}",0.4220893247769971,0.047001414996196395,"[0.46195331365709685, 0.4757007570618403, 0.37683174671087816, 0.37387148167817313]",0.41230765654217927,0.024504044632536984,0.446916011122928,0.1045880703908219,"[0.3817431985987007, 0.4451526077903611, 0.39727108705457825, 0.42506373272507714]","[0.5848364414552125, 0.5107504952802704, 0.35839267548321463, 0.33368443227301453]","[{""fold"": 1, ""train_start"": ""2021-01-04"", ""train_end"": ""2021-11-18"", ""train_label_end_max"": ""2021-11-25"", ""validation_start"": ""2021-11-26"", ""validation_end"": ""2022-10-18"", ""train_rows"": 78914, ""validation_rows"": 82539}, {""fold"": 2, ""train_start"": ""2021-01-04"", ""train_end"": ""2022-10-11"", ""train_label_end_max"": ""2022-10-18"", ""validation_start"": ""2022-10-19"", ""validation_end"": ""2023-09-08"", ""train_rows"": 161487, ""validation_rows"": 81981}, {""fold"": 3, ""train_start"": ""2021-01-04"", ""train_end"": ""2023-08-30"", ""train_label_end_max"": ""2023-09-08"", ""validation_start"": ""2023-09-11"", ""validation_end"": ""2024-07-30"", ""train_rows"": 243426, ""validation_rows"": 82741}, {""fold"": 4, ""train_start"": ""2021-01-04"", ""train_end"": ""2024-07-23"", ""train_label_end_max"": ""2024-07-30"", ""validation_start"": ""2024-07-31"", ""validation_end"": ""2025-06-23"", ""train_rows"": 326201, ""validation_rows"": 82447}]",0.5,0.4296636505068951,0.41081036524137104,0.45033063621801456,0.3692206437211108,0.4047399517148507,True,4.26,9eabd4bf8d11,9cf8f4c431a9e89fea5b7379f196f9505b74cc80396a163d96d8d5191f2204d1,rolling_recent_cv_oof_threshold,ok,selected-random-100 seed=20260720 stage=explore index=8/100
LR_20260720_004915_655987,2026-07-20T00:49:21,logistic_regression,Logistic Regression,"{""C"": 2.01169486156e-06, ""solver"": ""liblinear""}",0.42036440377016854,0.04800336268989175,"[0.46323981706827844, 0.47321965349510847, 0.37375065281204417, 0.37124749170524307]",0.4134185441485561,0.02471843645843591,0.4431996735223026,0.10774555750892471,"[0.38199942659285885, 0.4455794565664883, 0.39851760820308, 0.4275776852317972]","[0.5883691701484426, 0.5045157907003845, 0.35188199389623603, 0.3280317393441472]","[{""fold"": 1, ""train_start"": ""2021-01-04"", ""train_end"": ""2021-11-18"", ""train_label_end_max"": ""2021-11-25"", ""validation_start"": ""2021-11-26"", ""validation_end"": ""2022-10-18"", ""train_rows"": 78914, ""validation_rows"": 82539}, {""fold"": 2, ""train_start"": ""2021-01-04"", ""train_end"": ""2022-10-11"", ""train_label_end_max"": ""2022-10-18"", ""validation_start"": ""2022-10-19"", ""validation_end"": ""2023-09-08"", ""train_rows"": 161487, ""validation_rows"": 81981}, {""fold"": 3, ""train_start"": ""2021-01-04"", ""train_end"": ""2023-08-30"", ""train_label_end_max"": ""2023-09-08"", ""validation_start"": ""2023-09-11"", ""validation_end"": ""2024-07-30"", ""train_rows"": 243426, ""validation_rows"": 82741}, {""fold"": 4, ""train_start"": ""2021-01-04"", ""train_end"": ""2024-07-23"", ""train_label_end_max"": ""2024-07-30"", ""validation_start"": ""2024-07-31"", ""validation_end"": ""2025-06-23"", ""train_rows"": 326201, ""validation_rows"": 82447}]",0.5,0.4282990324308992,0.41150063968144623,0.44652729289029447,0.3692206437211108,0.40064845257015297,True,6.095,9eabd4bf8d11,9cf8f4c431a9e89fea5b7379f196f9505b74cc80396a163d96d8d5191f2204d1,rolling_recent_cv_oof_threshold,ok,selected-random-100 seed=20260720 stage=explore index=9/100
LR_20260720_004921_751976,2026-07-20T00:49:26,logistic_regression,Logistic Regression,"{""C"": 2.07524337444e-07, ""solver"": ""lbfgs""}",0.4217881734201665,0.04716016718153389,"[0.4620748846690269, 0.4753303545964445, 0.37639206167904055, 0.3733553927361538]",0.41236217911568845,0.024530490982582687,0.44635196197662275,0.10499335137665178,"[0.3817500941744776, 0.4451906688035819, 0.39729485343983123, 0.4252131000448632]","[0.5852100954516118, 0.5098473371401935, 0.3575788402848423, 0.3327715750298434]","[{""fold"": 1, ""train_start"": ""2021-01-04"", ""train_end"": ""2021-11-18"", ""train_label_end_max"": ""2021-11-25"", ""validation_start"": ""2021-11-26"", ""validation_end"": ""2022-10-18"", ""train_rows"": 78914, ""validation_rows"": 82539}, {""fold"": 2, ""train_start"": ""2021-01-04"", ""train_end"": ""2022-10-11"", ""train_label_end_max"": ""2022-10-18"", ""validation_start"": ""2022-10-19"", ""validation_end"": ""2023-09-08"", ""train_rows"": 161487, ""validation_rows"": 81981}, {""fold"": 3, ""train_start"": ""2021-01-04"", ""train_end"": ""2023-08-30"", ""train_label_end_max"": ""2023-09-08"", ""validation_start"": ""2023-09-11"", ""validation_end"": ""2024-07-30"", ""train_rows"": 243426, ""validation_rows"": 82741}, {""fold"": 4, ""train_start"": ""2021-01-04"", ""train_end"": ""2024-07-23"", ""train_label_end_max"": ""2024-07-30"", ""validation_start"": ""2024-07-31"", ""validation_end"": ""2025-06-23"", ""train_rows"": 326201, ""validation_rows"": 82447}]",0.5,0.42941118801592126,0.410827643130487,0.449755616708424,0.3692206437211108,0.40420614604437866,True,4.369,9eabd4bf8d11,9cf8f4c431a9e89fea5b7379f196f9505b74cc80396a163d96d8d5191f2204d1,rolling_recent_cv_oof_threshold,ok,selected-random-100 seed=20260720 stage=explore index=10/100
LR_20260720_004926_126053,2026-07-20T00:49:30,logistic_regression,Logistic Regression,"{""C"": 3.89296058501e-10, ""solver"": ""lbfgs""}",0.4220893247769971,0.047001414996196395,"[0.46195331365709685, 0.4757007570618403, 0.37683174671087816, 0.37387148167817313]",0.41230765654217927,0.024504044632536984,0.446916011122928,0.1045880703908219,"[0.3817431985987007, 0.4451526077903611, 0.39727108705457825, 0.42506373272507714]","[0.5848364414552125, 0.5107504952802704, 0.35839267548321463, 0.33368443227301453]","[{""fold"": 1, ""train_start"": ""2021-01-04"", ""train_end"": ""2021-11-18"", ""train_label_end_max"": ""2021-11-25"", ""validation_start"": ""2021-11-26"", ""validation_end"": ""2022-10-18"", ""train_rows"": 78914, ""validation_rows"": 82539}, {""fold"": 2, ""train_start"": ""2021-01-04"", ""train_end"": ""2022-10-11"", ""train_label_end_max"": ""2022-10-18"", ""validation_start"": ""2022-10-19"", ""validation_end"": ""2023-09-08"", ""train_rows"": 161487, ""validation_rows"": 81981}, {""fold"": 3, ""train_start"": ""2021-01-04"", ""train_end"": ""2023-08-30"", ""train_label_end_max"": ""2023-09-08"", ""validation_start"": ""2023-09-11"", ""validation_end"": ""2024-07-30"", ""train_rows"": 243426, ""validation_rows"": 82741}, {""fold"": 4, ""train_start"": ""2021-01-04"", ""train_end"": ""2024-07-23"", ""train_label_end_max"": ""2024-07-30"", ""validation_start"": ""2024-07-31"", ""validation_end"": ""2025-06-23"", ""train_rows"": 326201, ""validation_rows"": 82447}]",0.5,0.4296636505068951,0.41081036524137104,0.45033063621801456,0.3692206437211108,0.4047399517148507,True,4.134,9eabd4bf8d11,9cf8f4c431a9e89fea5b7379f196f9505b74cc80396a163d96d8d5191f2204d1,rolling_recent_cv_oof_threshold,ok,selected-random-100 seed=20260720 stage=explore index=11/100
LR_20260720_004930_263738,2026-07-20T00:49:35,logistic_regression,Logistic Regression,"{""C"": 3.73073193623e-08, ""solver"": ""liblinear""}",0.42198857378441335,0.047060938112851614,"[0.46191408870167155, 0.47565924297327744, 0.37664259605955247, 0.37373836740315186]",0.4122857109018369,0.02456332260564152,0.4467445272620987,0.10465300883230545,"[0.3817040995055761, 0.44523488909779213, 0.3971423199849596, 0.42506153501901994]","[0.5848024729100852, 0.5105465563454142, 0.3581553068836894, 0.3334737729092058]","[{""fold"": 1, ""train_start"": ""2021-01-04"", ""train_end"": ""2021-11-18"", ""train_label_end_max"": ""2021-11-25"", ""validation_start"": ""2021-11-26"", ""validation_end"": ""2022-10-18"", ""train_rows"": 78914, ""validation_rows"": 82539}, {""fold"": 2, ""train_start"": ""2021-01-04"", ""train_end"": ""2022-10-11"", ""train_label_end_max"": ""2022-10-18"", ""validation_start"": ""2022-10-19"", ""validation_end"": ""2023-09-08"", ""train_rows"": 161487, ""validation_rows"": 81981}, {""fold"": 3, ""train_start"": ""2021-01-04"", ""train_end"": ""2023-08-30"", ""train_label_end_max"": ""2023-09-08"", ""validation_start"": ""2023-09-11"", ""validation_end"": ""2024-07-30"", ""train_rows"": 243426, ""validation_rows"": 82741}, {""fold"": 4, ""train_start"": ""2021-01-04"", ""train_end"": ""2024-07-23"", ""train_label_end_max"": ""2024-07-30"", ""validation_start"": ""2024-07-31"", ""validation_end"": ""2025-06-23"", ""train_rows"": 326201, ""validation_rows"": 82447}]",0.5,0.4295731312980869,0.41078844395136505,0.4501581303651374,0.3692206437211108,0.4046065002972327,True,5.225,9eabd4bf8d11,9cf8f4c431a9e89fea5b7379f196f9505b74cc80396a163d96d8d5191f2204d1,rolling_recent_cv_oof_threshold,ok,selected-random-100 seed=20260720 stage=explore index=12/100
LR_20260720_004935_491984,2026-07-20T00:49:43,logistic_regression,Logistic Regression,"{""C"": 1.86251194617e-05, ""solver"": ""liblinear""}",0.4152981864890238,0.04906773613709468,"[0.4654325250325357, 0.4632056451612903, 0.36345794219481936, 0.36909663356744976]",0.4155841713757154,0.025564731949702914,0.43276779469664256,0.11324034533766741,"[0.38209449883348234, 0.44587601078167116, 0.40030180676210286, 0.43406436912560525]","[0.5952647848092666, 0.4819368371984617, 0.33282468633435064, 0.32104487044449126]","[{""fold"": 1, ""train_start"": ""2021-01-04"", ""train_end"": ""2021-11-18"", ""train_label_end_max"": ""2021-11-25"", ""validation_start"": ""2021-11-26"", ""validation_end"": ""2022-10-18"", ""train_rows"": 78914, ""validation_rows"": 82539}, {""fold"": 2, ""train_start"": ""2021-01-04"", ""train_end"": ""2022-10-11"", ""train_label_end_max"": ""2022-10-18"", ""validation_start"": ""2022-10-19"", ""validation_end"": ""2023-09-08"", ""train_rows"": 161487, ""validation_rows"": 81981}, {""fold"": 3, ""train_start"": ""2021-01-04"", ""train_end"": ""2023-08-30"", ""train_label_end_max"": ""2023-09-08"", ""validation_start"": ""2023-09-11"", ""validation_end"": ""2024-07-30"", ""train_rows"": 243426, ""validation_rows"": 82741}, {""fold"": 4, ""train_start"": ""2021-01-04"", ""train_end"": ""2024-07-23"", ""train_label_end_max"": ""2024-07-30"", ""validation_start"": ""2024-07-31"", ""validation_end"": ""2025-06-23"", ""train_rows"": 326201, ""validation_rows"": 82447}]",0.5,0.42372034856542395,0.41249183184491395,0.43557727851480676,0.3692206437211108,0.3898843825445546,True,8.24,9eabd4bf8d11,9cf8f4c431a9e89fea5b7379f196f9505b74cc80396a163d96d8d5191f2204d1,rolling_recent_cv_oof_threshold,ok,selected-random-100 seed=20260720 stage=explore index=13/100
LR_20260720_004943_732013,2026-07-20T00:49:48,logistic_regression,Logistic Regression,"{""C"": 3.60337626425e-09, ""solver"": ""liblinear""}",0.4220905536088503,0.047014502940801534,"[0.46195331365709685, 0.4757278918948254, 0.3768095272053056, 0.37387148167817313]",0.4123120737705538,0.024513739642526493,0.44691481720633275,0.10459969288583919,"[0.3817431985987007, 0.44517800010156927, 0.39726336365686793, 0.42506373272507714]","[0.5848364414552125, 0.5107796294138213, 0.35835876568328245, 0.33368443227301453]","[{""fold"": 1, ""train_start"": ""2021-01-04"", ""train_end"": ""2021-11-18"", ""train_label_end_max"": ""2021-11-25"", ""validation_start"": ""2021-11-26"", ""validation_end"": ""2022-10-18"", ""train_rows"": 78914, ""validation_rows"": 82539}, {""fold"": 2, ""train_start"": ""2021-01-04"", ""train_end"": ""2022-10-11"", ""train_label_end_max"": ""2022-10-18"", ""validation_start"": ""2022-10-19"", ""validation_end"": ""2023-09-08"", ""train_rows"": 161487, ""validation_rows"": 81981}, {""fold"": 3, ""train_start"": ""2021-01-04"", ""train_end"": ""2023-08-30"", ""train_label_end_max"": ""2023-09-08"", ""validation_start"": ""2023-09-11"", ""validation_end"": ""2024-07-30"", ""train_rows"": 243426, ""validation_rows"": 82741}, {""fold"": 4, ""train_start"": ""2021-01-04"", ""train_end"": ""2024-07-23"", ""train_label_end_max"": ""2024-07-30"", ""validation_start"": ""2024-07-31"", ""validation_end"": ""2025-06-23"", ""train_rows"": 326201, ""validation_rows"": 82447}]",0.5,0.4296670180539935,0.41081652228650223,0.45033063621801456,0.3692206437211108,0.40473388574132263,True,4.431,9eabd4bf8d11,9cf8f4c431a9e89fea5b7379f196f9505b74cc80396a163d96d8d5191f2204d1,rolling_recent_cv_oof_threshold,ok,selected-random-100 seed=20260720 stage=explore index=14/100
LR_20260720_004948_165055,2026-07-20T00:49:53,logistic_regression,Logistic Regression,"{""C"": 1.1224434612e-05, ""solver"": ""lbfgs""}",0.4147044152069705,0.04920536308666483,"[0.4641271449714004, 0.4636419614867891, 0.3633096190899659, 0.3677389352797266]",0.41551835908053875,0.025547276029058496,0.43140110357259354,0.11238131764887695,"[0.3820069356042316, 0.44611117095766456, 0.4004329004329004, 0.4335224293273585]","[0.5912225279391283, 0.4826069222701317, 0.33248558833502884, 0.31928937574608524]","[{""fold"": 1, ""train_start"": ""2021-01-04"", ""train_end"": ""2021-11-18"", ""train_label_end_max"": ""2021-11-25"", ""validation_start"": ""2021-11-26"", ""validation_end"": ""2022-10-18"", ""train_rows"": 78914, ""validation_rows"": 82539}, {""fold"": 2, ""train_start"": ""2021-01-04"", ""train_end"": ""2022-10-11"", ""train_label_end_max"": ""2022-10-18"", ""validation_start"": ""2022-10-19"", ""validation_end"": ""2023-09-08"", ""train_rows"": 161487, ""validation_rows"": 81981}, {""fold"": 3, ""train_start"": ""2021-01-04"", ""train_end"": ""2023-08-30"", ""train_label_end_max"": ""2023-09-08"", ""validation_start"": ""2023-09-11"", ""validation_end"": ""2024-07-30"", ""train_rows"": 243426, ""validation_rows"": 82741}, {""fold"": 4, ""train_start"": ""2021-01-04"", ""train_end"": ""2024-07-23"", ""train_label_end_max"": ""2024-07-30"", ""validation_start"": ""2024-07-31"", ""validation_end"": ""2025-06-23"", ""train_rows"": 326201, ""validation_rows"": 82447}]",0.5,0.42313479423110784,0.4125330649125682,0.4342958064648622,0.3692206437211108,0.38869848471981266,True,5.378,9eabd4bf8d11,9cf8f4c431a9e89fea5b7379f196f9505b74cc80396a163d96d8d5191f2204d1,rolling_recent_cv_oof_threshold,ok,selected-random-100 seed=20260720 stage=explore index=15/100
LR_20260720_004953_546283,2026-07-20T00:50:03,logistic_regression,Logistic Regression,"{""C"": 0.000179787641048, ""solver"": ""liblinear""}",0.4439992877759242,0.04207533806091998,"[0.4847607380183391, 0.4872424971243334, 0.3987202298362743, 0.40527368612474995]",0.40697918759620433,0.02533005625295645,0.5034284523965674,0.10993518464617819,"[0.38127773884606403, 0.4418681839734471, 0.3844071637656983, 0.42036366379960766]","[0.6653418934067054, 0.5430019811210814, 0.41414038657171925, 0.39122954848676356]","[{""fold"": 1, ""train_start"": ""2021-01-04"", ""train_end"": ""2021-11-18"", ""train_label_end_max"": ""2021-11-25"", ""validation_start"": ""2021-11-26"", ""validation_end"": ""2022-10-18"", ""train_rows"": 78914, ""validation_rows"": 82539}, {""fold"": 2, ""train_start"": ""2021-01-04"", ""train_end"": ""2022-10-11"", ""train_label_end_max"": ""2022-10-18"", ""validation_start"": ""2022-10-19"", ""validation_end"": ""2023-09-08"", ""train_rows"": 161487, ""validation_rows"": 81981}, {""fold"": 3, ""train_start"": ""2021-01-04"", ""train_end"": ""2023-08-30"", ""train_label_end_max"": ""2023-09-08"", ""validation_start"": ""2023-09-11"", ""validation_end"": ""2024-07-30"", ""train_rows"": 243426, ""validation_rows"": 82741}, {""fold"": 4, ""train_start"": ""2021-01-04"", ""train_end"": ""2024-07-23"", ""train_label_end_max"": ""2024-07-30"", ""validation_start"": ""2024-07-31"", ""validation_end"": ""2025-06-23"", ""train_rows"": 326201, ""validation_rows"": 82447}]",0.49,0.4502094558534321,0.40558910894349637,0.5058610917156118,0.3692206437211108,0.46050141337183204,True,10.327,9eabd4bf8d11,9cf8f4c431a9e89fea5b7379f196f9505b74cc80396a163d96d8d5191f2204d1,rolling_recent_cv_oof_threshold,ok,selected-random-100 seed=20260720 stage=explore index=16/100
LR_20260720_005003_875289,2026-07-20T00:50:09,logistic_regression,Logistic Regression,"{""C"": 4.56441501402e-07, ""solver"": ""liblinear""}",0.42153942122812943,0.04733467102233061,"[0.4620519557116431, 0.47521576622494055, 0.37587612644829066, 0.37301383652764347]",0.4126436301348556,0.02469998614289006,0.445737523298924,0.10551188716811848,"[0.3816176959015123, 0.44538992637130265, 0.3975716771314018, 0.4259952211352058]","[0.5854478752675023, 0.5093229227362778, 0.35642590708714816, 0.3317533881047679]","[{""fold"": 1, ""train_start"": ""2021-01-04"", ""train_end"": ""2021-11-18"", ""train_label_end_max"": ""2021-11-25"", ""validation_start"": ""2021-11-26"", ""validation_end"": ""2022-10-18"", ""train_rows"": 78914, ""validation_rows"": 82539}, {""fold"": 2, ""train_start"": ""2021-01-04"", ""train_end"": ""2022-10-11"", ""train_label_end_max"": ""2022-10-18"", ""validation_start"": ""2022-10-19"", ""validation_end"": ""2023-09-08"", ""train_rows"": 161487, ""validation_rows"": 81981}, {""fold"": 3, ""train_start"": ""2021-01-04"", ""train_end"": ""2023-08-30"", ""train_label_end_max"": ""2023-09-08"", ""validation_start"": ""2023-09-11"", ""validation_end"": ""2024-07-30"", ""train_rows"": 243426, ""validation_rows"": 82741}, {""fold"": 4, ""train_start"": ""2021-01-04"", ""train_end"": ""2024-07-23"", ""train_label_end_max"": ""2024-07-30"", ""validation_start"": ""2024-07-31"", ""validation_end"": ""2025-06-23"", ""train_rows"": 326201, ""validation_rows"": 82447}]",0.5,0.4292297305784086,0.41100328489923554,0.4491477389411426,0.3692206437211108,0.40348732818129984,True,5.904,9eabd4bf8d11,9cf8f4c431a9e89fea5b7379f196f9505b74cc80396a163d96d8d5191f2204d1,rolling_recent_cv_oof_threshold,ok,selected-random-100 seed=20260720 stage=explore index=17/100
LR_20260720_005009_780041,2026-07-20T00:50:14,logistic_regression,Logistic Regression,"{""C"": 1.42494703939e-06, ""solver"": ""lbfgs""}",0.4183680674662135,0.049234342339996046,"[0.462705740666399, 0.4722328819691903, 0.3711336472292648, 0.3674]",0.41317342244567495,0.024833121676922233,0.4397907813802414,0.10942730298604603,"[0.38173146982844275, 0.4458592132505176, 0.3982510687912942, 0.4268519379124454]","[0.5872821767043718, 0.5019228528143573, 0.34747371990505255, 0.32248437609718417]","[{""fold"": 1, ""train_start"": ""2021-01-04"", ""train_end"": ""2021-11-18"", ""train_label_end_max"": ""2021-11-25"", ""validation_start"": ""2021-11-26"", ""validation_end"": ""2022-10-18"", ""train_rows"": 78914, ""validation_rows"": 82539}, {""fold"": 2, ""train_start"": ""2021-01-04"", ""train_end"": ""2022-10-11"", ""train_label_end_max"": ""2022-10-18"", ""validation_start"": ""2022-10-19"", ""validation_end"": ""2023-09-08"", ""train_rows"": 161487, ""validation_rows"": 81981}, {""fold"": 3, ""train_start"": ""2021-01-04"", ""train_end"": ""2023-08-30"", ""train_label_end_max"": ""2023-09-08"", ""validation_start"": ""2023-09-11"", ""validation_end"": ""2024-07-30"", ""train_rows"": 243426, ""validation_rows"": 82741}, {""fold"": 4, ""train_start"": ""2021-01-04"", ""train_end"": ""2024-07-23"", ""train_label_end_max"": ""2024-07-30"", ""validation_start"": ""2024-07-31"", ""validation_end"": ""2025-06-23"", ""train_rows"": 326201, ""validation_rows"": 82447}]",0.5,0.4266193251460971,0.41126247341418976,0.4431675360414014,0.3692206437211108,0.39786417072075897,True,4.928,9eabd4bf8d11,9cf8f4c431a9e89fea5b7379f196f9505b74cc80396a163d96d8d5191f2204d1,rolling_recent_cv_oof_threshold,ok,selected-random-100 seed=20260720 stage=explore index=18/100
LR_20260720_005014_712015,2026-07-20T00:50:19,logistic_regression,Logistic Regression,"{""C"": 1.05848896741e-09, ""solver"": ""liblinear""}",0.42209610848524337,0.047009153558975496,"[0.46195331365709685, 0.4757278918948254, 0.37683174671087816, 0.37387148167817313]",0.41231400461998136,0.02451255451517641,0.44692329465631575,0.10459251650294292,"[0.3817431985987007, 0.44517800010156927, 0.39727108705457825, 0.42506373272507714]","[0.5848364414552125, 0.5107796294138213, 0.35839267548321463, 0.33368443227301453]","[{""fold"": 1, ""train_start"": ""2021-01-04"", ""train_end"": ""2021-11-18"", ""train_label_end_max"": ""2021-11-25"", ""validation_start"": ""2021-11-26"", ""validation_end"": ""2022-10-18"", ""train_rows"": 78914, ""validation_rows"": 82539}, {""fold"": 2, ""train_start"": ""2021-01-04"", ""train_end"": ""2022-10-11"", ""train_label_end_max"": ""2022-10-18"", ""validation_start"": ""2022-10-19"", ""validation_end"": ""2023-09-08"", ""train_rows"": 161487, ""validation_rows"": 81981}, {""fold"": 3, ""train_start"": ""2021-01-04"", ""train_end"": ""2023-08-30"", ""train_label_end_max"": ""2023-09-08"", ""validation_start"": ""2023-09-11"", ""validation_end"": ""2024-07-30"", ""train_rows"": 243426, ""validation_rows"": 82741}, {""fold"": 4, ""train_start"": ""2021-01-04"", ""train_end"": ""2024-07-23"", ""train_label_end_max"": ""2024-07-30"", ""validation_start"": ""2024-07-31"", ""validation_end"": ""2025-06-23"", ""train_rows"": 326201, ""validation_rows"": 82447}]",0.5,0.4296714880810092,0.41081785890922173,0.45033885078243724,0.3692206437211108,0.4047399517148507,True,4.941,9eabd4bf8d11,9cf8f4c431a9e89fea5b7379f196f9505b74cc80396a163d96d8d5191f2204d1,rolling_recent_cv_oof_threshold,ok,selected-random-100 seed=20260720 stage=explore index=19/100
LR_20260720_005019_657989,2026-07-20T00:50:23,logistic_regression,Logistic Regression,"{""C"": 1.07252726734e-10, ""solver"": ""lbfgs""}",0.4220893247769971,0.047001414996196395,"[0.46195331365709685, 0.4757007570618403, 0.37683174671087816, 0.37387148167817313]",0.41230765654217927,0.024504044632536984,0.446916011122928,0.1045880703908219,"[0.3817431985987007, 0.4451526077903611, 0.39727108705457825, 0.42506373272507714]","[0.5848364414552125, 0.5107504952802704, 0.35839267548321463, 0.33368443227301453]","[{""fold"": 1, ""train_start"": ""2021-01-04"", ""train_end"": ""2021-11-18"", ""train_label_end_max"": ""2021-11-25"", ""validation_start"": ""2021-11-26"", ""validation_end"": ""2022-10-18"", ""train_rows"": 78914, ""validation_rows"": 82539}, {""fold"": 2, ""train_start"": ""2021-01-04"", ""train_end"": ""2022-10-11"", ""train_label_end_max"": ""2022-10-18"", ""validation_start"": ""2022-10-19"", ""validation_end"": ""2023-09-08"", ""train_rows"": 161487, ""validation_rows"": 81981}, {""fold"": 3, ""train_start"": ""2021-01-04"", ""train_end"": ""2023-08-30"", ""train_label_end_max"": ""2023-09-08"", ""validation_start"": ""2023-09-11"", ""validation_end"": ""2024-07-30"", ""train_rows"": 243426, ""validation_rows"": 82741}, {""fold"": 4, ""train_start"": ""2021-01-04"", ""train_end"": ""2024-07-23"", ""train_label_end_max"": ""2024-07-30"", ""validation_start"": ""2024-07-31"", ""validation_end"": ""2025-06-23"", ""train_rows"": 326201, ""validation_rows"": 82447}]",0.5,0.4296636505068951,0.41081036524137104,0.45033063621801456,0.3692206437211108,0.4047399517148507,True,4.117,9eabd4bf8d11,9cf8f4c431a9e89fea5b7379f196f9505b74cc80396a163d96d8d5191f2204d1,rolling_recent_cv_oof_threshold,ok,selected-random-100 seed=20260720 stage=explore index=20/100
LR_20260720_005023_777335,2026-07-20T00:50:29,logistic_regression,Logistic Regression,"{""C"": 1.29580937346e-09, ""solver"": ""liblinear""}",0.4220979469563374,0.04700726762221409,"[0.46195331365709685, 0.4757278918948254, 0.37683174671087816, 0.3738788355625492]",0.41231875754659286,0.02451502791502452,0.44692329465631575,0.10459251650294292,"[0.3817431985987007, 0.44517800010156927, 0.39727108705457825, 0.4250827444315234]","[0.5848364414552125, 0.5107796294138213, 0.35839267548321463, 0.33368443227301453]","[{""fold"": 1, ""train_start"": ""2021-01-04"", ""train_end"": ""2021-11-18"", ""train_label_end_max"": ""2021-11-25"", ""validation_start"": ""2021-11-26"", ""validation_end"": ""2022-10-18"", ""train_rows"": 78914, ""validation_rows"": 82539}, {""fold"": 2, ""train_start"": ""2021-01-04"", ""train_end"": ""2022-10-11"", ""train_label_end_max"": ""2022-10-18"", ""validation_start"": ""2022-10-19"", ""validation_end"": ""2023-09-08"", ""train_rows"": 161487, ""validation_rows"": 81981}, {""fold"": 3, ""train_start"": ""2021-01-04"", ""train_end"": ""2023-08-30"", ""train_label_end_max"": ""2023-09-08"", ""validation_start"": ""2023-09-11"", ""validation_end"": ""2024-07-30"", ""train_rows"": 243426, ""validation_rows"": 82741}, {""fold"": 4, ""train_start"": ""2021-01-04"", ""train_end"": ""2024-07-23"", ""train_label_end_max"": ""2024-07-30"", ""validation_start"": ""2024-07-31"", ""validation_end"": ""2025-06-23"", ""train_rows"": 326201, ""validation_rows"": 82447}]",0.5,0.4296731718786739,0.4108209374648732,0.45033885078243724,0.3692206437211108,0.40473691872808665,True,5.29,9eabd4bf8d11,9cf8f4c431a9e89fea5b7379f196f9505b74cc80396a163d96d8d5191f2204d1,rolling_recent_cv_oof_threshold,ok,selected-random-100 seed=20260720 stage=explore index=21/100
LR_20260720_005029_068526,2026-07-20T00:50:34,logistic_regression,Logistic Regression,"{""C"": 3.1020126072e-07, ""solver"": ""liblinear""}",0.4217727058003097,0.04715891571550164,"[0.4620995749359722, 0.475276853047082, 0.37640208616132026, 0.3733123090568641]",0.4125737595149885,0.0245749145444879,0.4461592801304027,0.10511197008542754,"[0.38174044042713456, 0.44534134603142267, 0.3976526530304174, 0.4255605985709792]","[0.5853120010869934, 0.5095268616711339, 0.3573075618853849, 0.33249069587809843]","[{""fold"": 1, ""train_start"": ""2021-01-04"", ""train_end"": ""2021-11-18"", ""train_label_end_max"": ""2021-11-25"", ""validation_start"": ""2021-11-26"", ""validation_end"": ""2022-10-18"", ""train_rows"": 78914, ""validation_rows"": 82539}, {""fold"": 2, ""train_start"": ""2021-01-04"", ""train_end"": ""2022-10-11"", ""train_label_end_max"": ""2022-10-18"", ""validation_start"": ""2022-10-19"", ""validation_end"": ""2023-09-08"", ""train_rows"": 161487, ""validation_rows"": 81981}, {""fold"": 3, ""train_start"": ""2021-01-04"", ""train_end"": ""2023-08-30"", ""train_label_end_max"": ""2023-09-08"", ""validation_start"": ""2023-09-11"", ""validation_end"": ""2024-07-30"", ""train_rows"": 243426, ""validation_rows"": 82741}, {""fold"": 4, ""train_start"": ""2021-01-04"", ""train_end"": ""2024-07-23"", ""train_label_end_max"": ""2024-07-30"", ""validation_start"": ""2024-07-31"", ""validation_end"": ""2025-06-23"", ""train_rows"": 326201, ""validation_rows"": 82447}]",0.5,0.42940818768512523,0.410986782817663,0.4495584671622787,0.3692206437211108,0.40387251750033365,True,5.5,9eabd4bf8d11,9cf8f4c431a9e89fea5b7379f196f9505b74cc80396a163d96d8d5191f2204d1,rolling_recent_cv_oof_threshold,ok,selected-random-100 seed=20260720 stage=explore index=22/100
LR_20260720_005034_573153,2026-07-20T00:50:39,logistic_regression,Logistic Regression,"{""C"": 5.49193929267e-10, ""solver"": ""liblinear""}",0.4220893247769971,0.047001414996196395,"[0.46195331365709685, 0.4757007570618403, 0.37683174671087816, 0.37387148167817313]",0.41230765654217927,0.024504044632536984,0.446916011122928,0.1045880703908219,"[0.3817431985987007, 0.4451526077903611, 0.39727108705457825, 0.42506373272507714]","[0.5848364414552125, 0.5107504952802704, 0.35839267548321463, 0.33368443227301453]","[{""fold"": 1, ""train_start"": ""2021-01-04"", ""train_end"": ""2021-11-18"", ""train_label_end_max"": ""2021-11-25"", ""validation_start"": ""2021-11-26"", ""validation_end"": ""2022-10-18"", ""train_rows"": 78914, ""validation_rows"": 82539}, {""fold"": 2, ""train_start"": ""2021-01-04"", ""train_end"": ""2022-10-11"", ""train_label_end_max"": ""2022-10-18"", ""validation_start"": ""2022-10-19"", ""validation_end"": ""2023-09-08"", ""train_rows"": 161487, ""validation_rows"": 81981}, {""fold"": 3, ""train_start"": ""2021-01-04"", ""train_end"": ""2023-08-30"", ""train_label_end_max"": ""2023-09-08"", ""validation_start"": ""2023-09-11"", ""validation_end"": ""2024-07-30"", ""train_rows"": 243426, ""validation_rows"": 82741}, {""fold"": 4, ""train_start"": ""2021-01-04"", ""train_end"": ""2024-07-23"", ""train_label_end_max"": ""2024-07-30"", ""validation_start"": ""2024-07-31"", ""validation_end"": ""2025-06-23"", ""train_rows"": 326201, ""validation_rows"": 82447}]",0.5,0.4296636505068951,0.41081036524137104,0.45033063621801456,0.3692206437211108,0.4047399517148507,True,4.88,9eabd4bf8d11,9cf8f4c431a9e89fea5b7379f196f9505b74cc80396a163d96d8d5191f2204d1,rolling_recent_cv_oof_threshold,ok,selected-random-100 seed=20260720 stage=explore index=23/100
LR_20260720_005039_454934,2026-07-20T00:50:43,logistic_regression,Logistic Regression,"{""C"": 8.08825730217e-09, ""solver"": ""lbfgs""}",0.4220893247769971,0.047001414996196395,"[0.46195331365709685, 0.4757007570618403, 0.37683174671087816, 0.37387148167817313]",0.41230765654217927,0.024504044632536984,0.446916011122928,0.1045880703908219,"[0.3817431985987007, 0.4451526077903611, 0.39727108705457825, 0.42506373272507714]","[0.5848364414552125, 0.5107504952802704, 0.35839267548321463, 0.33368443227301453]","[{""fold"": 1, ""train_start"": ""2021-01-04"", ""train_end"": ""2021-11-18"", ""train_label_end_max"": ""2021-11-25"", ""validation_start"": ""2021-11-26"", ""validation_end"": ""2022-10-18"", ""train_rows"": 78914, ""validation_rows"": 82539}, {""fold"": 2, ""train_start"": ""2021-01-04"", ""train_end"": ""2022-10-11"", ""train_label_end_max"": ""2022-10-18"", ""validation_start"": ""2022-10-19"", ""validation_end"": ""2023-09-08"", ""train_rows"": 161487, ""validation_rows"": 81981}, {""fold"": 3, ""train_start"": ""2021-01-04"", ""train_end"": ""2023-08-30"", ""train_label_end_max"": ""2023-09-08"", ""validation_start"": ""2023-09-11"", ""validation_end"": ""2024-07-30"", ""train_rows"": 243426, ""validation_rows"": 82741}, {""fold"": 4, ""train_start"": ""2021-01-04"", ""train_end"": ""2024-07-23"", ""train_label_end_max"": ""2024-07-30"", ""validation_start"": ""2024-07-31"", ""validation_end"": ""2025-06-23"", ""train_rows"": 326201, ""validation_rows"": 82447}]",0.5,0.4296636505068951,0.41081036524137104,0.45033063621801456,0.3692206437211108,0.4047399517148507,True,4.365,9eabd4bf8d11,9cf8f4c431a9e89fea5b7379f196f9505b74cc80396a163d96d8d5191f2204d1,rolling_recent_cv_oof_threshold,ok,selected-random-100 seed=20260720 stage=explore index=24/100
LR_20260720_005043_813324,2026-07-20T00:50:51,logistic_regression,Logistic Regression,"{""C"": 0.000668245462077, ""solver"": ""lbfgs""}",0.4415755786712776,0.043161176763750454,"[0.48456708567689655, 0.48455738179521257, 0.3931053747186119, 0.4040724724943894]",0.4071643609655359,0.025252849300113994,0.4962134379818106,0.10756413609181566,"[0.3848383099492345, 0.4418604651162791, 0.3813318881698492, 0.4206267806267806]","[0.6540643364244709, 0.5363885328050344, 0.40562902678874196, 0.38877185590899516]","[{""fold"": 1, ""train_start"": ""2021-01-04"", ""train_end"": ""2021-11-18"", ""train_label_end_max"": ""2021-11-25"", ""validation_start"": ""2021-11-26"", ""validation_end"": ""2022-10-18"", ""train_rows"": 78914, ""validation_rows"": 82539}, {""fold"": 2, ""train_start"": ""2021-01-04"", ""train_end"": ""2022-10-11"", ""train_label_end_max"": ""2022-10-18"", ""validation_start"": ""2022-10-19"", ""validation_end"": ""2023-09-08"", ""train_rows"": 161487, ""validation_rows"": 81981}, {""fold"": 3, ""train_start"": ""2021-01-04"", ""train_end"": ""2023-08-30"", ""train_label_end_max"": ""2023-09-08"", ""validation_start"": ""2023-09-11"", ""validation_end"": ""2024-07-30"", ""train_rows"": 243426, ""validation_rows"": 82741}, {""fold"": 4, ""train_start"": ""2021-01-04"", ""train_end"": ""2024-07-23"", ""train_label_end_max"": ""2024-07-30"", ""validation_start"": ""2024-07-31"", ""validation_end"": ""2025-06-23"", ""train_rows"": 326201, ""validation_rows"": 82447}]",0.49,0.4477630656880463,0.406312125573145,0.4986322750236169,0.3692206437211108,0.45311305761461657,True,7.29,9eabd4bf8d11,9cf8f4c431a9e89fea5b7379f196f9505b74cc80396a163d96d8d5191f2204d1,rolling_recent_cv_oof_threshold,ok,selected-random-100 seed=20260720 stage=explore index=25/100
LR_20260720_005051_117332,2026-07-20T00:50:55,logistic_regression,Logistic Regression,"{""C"": 1.02482734571e-09, ""solver"": ""lbfgs""}",0.4220893247769971,0.047001414996196395,"[0.46195331365709685, 0.4757007570618403, 0.37683174671087816, 0.37387148167817313]",0.41230765654217927,0.024504044632536984,0.446916011122928,0.1045880703908219,"[0.3817431985987007, 0.4451526077903611, 0.39727108705457825, 0.42506373272507714]","[0.5848364414552125, 0.5107504952802704, 0.35839267548321463, 0.33368443227301453]","[{""fold"": 1, ""train_start"": ""2021-01-04"", ""train_end"": ""2021-11-18"", ""train_label_end_max"": ""2021-11-25"", ""validation_start"": ""2021-11-26"", ""validation_end"": ""2022-10-18"", ""train_rows"": 78914, ""validation_rows"": 82539}, {""fold"": 2, ""train_start"": ""2021-01-04"", ""train_end"": ""2022-10-11"", ""train_label_end_max"": ""2022-10-18"", ""validation_start"": ""2022-10-19"", ""validation_end"": ""2023-09-08"", ""train_rows"": 161487, ""validation_rows"": 81981}, {""fold"": 3, ""train_start"": ""2021-01-04"", ""train_end"": ""2023-08-30"", ""train_label_end_max"": ""2023-09-08"", ""validation_start"": ""2023-09-11"", ""validation_end"": ""2024-07-30"", ""train_rows"": 243426, ""validation_rows"": 82741}, {""fold"": 4, ""train_start"": ""2021-01-04"", ""train_end"": ""2024-07-23"", ""train_label_end_max"": ""2024-07-30"", ""validation_start"": ""2024-07-31"", ""validation_end"": ""2025-06-23"", ""train_rows"": 326201, ""validation_rows"": 82447}]",0.5,0.4296636505068951,0.41081036524137104,0.45033063621801456,0.3692206437211108,0.4047399517148507,True,4.295,9eabd4bf8d11,9cf8f4c431a9e89fea5b7379f196f9505b74cc80396a163d96d8d5191f2204d1,rolling_recent_cv_oof_threshold,ok,selected-random-100 seed=20260720 stage=explore index=26/100
LR_20260720_005055_411807,2026-07-20T00:51:00,logistic_regression,Logistic Regression,"{""C"": 4.90044791911e-06, ""solver"": ""lbfgs""}",0.4159592923607221,0.04951834586483327,"[0.4632447149263293, 0.4676612780340495, 0.36652173115379677, 0.3664094453287127]",0.41412807788308686,0.02517550880135877,0.43482188309902253,0.1115436747146434,"[0.3815208072281211, 0.4457942691139575, 0.3992884838309949, 0.4299087513592738]","[0.5895241006827677, 0.4917841743386552, 0.33872499152255003, 0.31925426585211714]","[{""fold"": 1, ""train_start"": ""2021-01-04"", ""train_end"": ""2021-11-18"", ""train_label_end_max"": ""2021-11-25"", ""validation_start"": ""2021-11-26"", ""validation_end"": ""2022-10-18"", ""train_rows"": 78914, ""validation_rows"": 82539}, {""fold"": 2, ""train_start"": ""2021-01-04"", ""train_end"": ""2022-10-11"", ""train_label_end_max"": ""2022-10-18"", ""validation_start"": ""2022-10-19"", ""validation_end"": ""2023-09-08"", ""train_rows"": 161487, ""validation_rows"": 81981}, {""fold"": 3, ""train_start"": ""2021-01-04"", ""train_end"": ""2023-08-30"", ""train_label_end_max"": ""2023-09-08"", ""validation_start"": ""2023-09-11"", ""validation_end"": ""2024-07-30"", ""train_rows"": 243426, ""validation_rows"": 82741}, {""fold"": 4, ""train_start"": ""2021-01-04"", ""train_end"": ""2024-07-23"", ""train_label_end_max"": ""2024-07-30"", ""validation_start"": ""2024-07-31"", ""validation_end"": ""2025-06-23"", ""train_rows"": 326201, ""validation_rows"": 82447}]",0.5,0.42440210620997626,0.4116443538549436,0.4379759313262414,0.3692206437211108,0.39283851165273515,True,5.019,9eabd4bf8d11,9cf8f4c431a9e89fea5b7379f196f9505b74cc80396a163d96d8d5191f2204d1,rolling_recent_cv_oof_threshold,ok,selected-random-100 seed=20260720 stage=explore index=27/100
LR_20260720_005100_439869,2026-07-20T00:51:08,logistic_regression,Logistic Regression,"{""C"": 2.22777875164e-05, ""solver"": ""liblinear""}",0.4149269876751892,0.048743805690265374,"[0.4653952834069886, 0.4618256329646887, 0.36331589298304207, 0.3691711413460374]",0.41571416954272455,0.025444091702626945,0.43200102278836067,0.11326599020931248,"[0.38190451298135564, 0.44554267764298094, 0.40113897082923633, 0.43427051671732525]","[0.5956044702605388, 0.47934389931243443, 0.3320108511359783, 0.32104487044449126]","[{""fold"": 1, ""train_start"": ""2021-01-04"", ""train_end"": ""2021-11-18"", ""train_label_end_max"": ""2021-11-25"", ""validation_start"": ""2021-11-26"", ""validation_end"": ""2022-10-18"", ""train_rows"": 78914, ""validation_rows"": 82539}, {""fold"": 2, ""train_start"": ""2021-01-04"", ""train_end"": ""2022-10-11"", ""train_label_end_max"": ""2022-10-18"", ""validation_start"": ""2022-10-19"", ""validation_end"": ""2023-09-08"", ""train_rows"": 161487, ""validation_rows"": 81981}, {""fold"": 3, ""train_start"": ""2021-01-04"", ""train_end"": ""2023-08-30"", ""train_label_end_max"": ""2023-09-08"", ""validation_start"": ""2023-09-11"", ""validation_end"": ""2024-07-30"", ""train_rows"": 243426, ""validation_rows"": 82741}, {""fold"": 4, ""train_start"": ""2021-01-04"", ""train_end"": ""2024-07-23"", ""train_label_end_max"": ""2024-07-30"", ""validation_start"": ""2024-07-31"", ""validation_end"": ""2025-06-23"", ""train_rows"": 326201, ""validation_rows"": 82447}]",0.5,0.42330996364567125,0.4124735004364634,0.43473117837926645,0.3692206437211108,0.3891443337741274,True,8.538,9eabd4bf8d11,9cf8f4c431a9e89fea5b7379f196f9505b74cc80396a163d96d8d5191f2204d1,rolling_recent_cv_oof_threshold,ok,selected-random-100 seed=20260720 stage=explore index=28/100
LR_20260720_005108_974135,2026-07-20T00:51:14,logistic_regression,Logistic Regression,"{""C"": 3.48144902306e-08, ""solver"": ""liblinear""}",0.421995305612916,0.047055612858070604,"[0.4619409192133294, 0.4756385548709318, 0.37665602767327, 0.3737457206941329]",0.41229995285707527,0.024549566869792816,0.4467457358649928,0.10465977337171734,"[0.3817262709797574, 0.4452207937395193, 0.39717218816981914, 0.4250805585392052]","[0.5848364414552125, 0.5105174222118635, 0.3581553068836894, 0.3334737729092058]","[{""fold"": 1, ""train_start"": ""2021-01-04"", ""train_end"": ""2021-11-18"", ""train_label_end_max"": ""2021-11-25"", ""validation_start"": ""2021-11-26"", ""validation_end"": ""2022-10-18"", ""train_rows"": 78914, ""validation_rows"": 82539}, {""fold"": 2, ""train_start"": ""2021-01-04"", ""train_end"": ""2022-10-11"", ""train_label_end_max"": ""2022-10-18"", ""validation_start"": ""2022-10-19"", ""validation_end"": ""2023-09-08"", ""train_rows"": 161487, ""validation_rows"": 81981}, {""fold"": 3, ""train_start"": ""2021-01-04"", ""train_end"": ""2023-08-30"", ""train_label_end_max"": ""2023-09-08"", ""validation_start"": ""2023-09-11"", ""validation_end"": ""2024-07-30"", ""train_rows"": 243426, ""validation_rows"": 82741}, {""fold"": 4, ""train_start"": ""2021-01-04"", ""train_end"": ""2024-07-23"", ""train_label_end_max"": ""2024-07-30"", ""validation_start"": ""2024-07-31"", ""validation_end"": ""2025-06-23"", ""train_rows"": 326201, ""validation_rows"": 82447}]",0.5,0.4295798661874395,0.41080076163060913,0.4501581303651374,0.3692206437211108,0.40459436835017654,True,5.331,9eabd4bf8d11,9cf8f4c431a9e89fea5b7379f196f9505b74cc80396a163d96d8d5191f2204d1,rolling_recent_cv_oof_threshold,ok,selected-random-100 seed=20260720 stage=explore index=29/100
LR_20260720_005114_310535,2026-07-20T00:51:18,logistic_regression,Logistic Regression,"{""C"": 1.36041647183e-08, ""solver"": ""lbfgs""}",0.4220893247769971,0.047001414996196395,"[0.46195331365709685, 0.4757007570618403, 0.37683174671087816, 0.37387148167817313]",0.41230765654217927,0.024504044632536984,0.446916011122928,0.1045880703908219,"[0.3817431985987007, 0.4451526077903611, 0.39727108705457825, 0.42506373272507714]","[0.5848364414552125, 0.5107504952802704, 0.35839267548321463, 0.33368443227301453]","[{""fold"": 1, ""train_start"": ""2021-01-04"", ""train_end"": ""2021-11-18"", ""train_label_end_max"": ""2021-11-25"", ""validation_start"": ""2021-11-26"", ""validation_end"": ""2022-10-18"", ""train_rows"": 78914, ""validation_rows"": 82539}, {""fold"": 2, ""train_start"": ""2021-01-04"", ""train_end"": ""2022-10-11"", ""train_label_end_max"": ""2022-10-18"", ""validation_start"": ""2022-10-19"", ""validation_end"": ""2023-09-08"", ""train_rows"": 161487, ""validation_rows"": 81981}, {""fold"": 3, ""train_start"": ""2021-01-04"", ""train_end"": ""2023-08-30"", ""train_label_end_max"": ""2023-09-08"", ""validation_start"": ""2023-09-11"", ""validation_end"": ""2024-07-30"", ""train_rows"": 243426, ""validation_rows"": 82741}, {""fold"": 4, ""train_start"": ""2021-01-04"", ""train_end"": ""2024-07-23"", ""train_label_end_max"": ""2024-07-30"", ""validation_start"": ""2024-07-31"", ""validation_end"": ""2025-06-23"", ""train_rows"": 326201, ""validation_rows"": 82447}]",0.5,0.4296636505068951,0.41081036524137104,0.45033063621801456,0.3692206437211108,0.4047399517148507,True,4.27,9eabd4bf8d11,9cf8f4c431a9e89fea5b7379f196f9505b74cc80396a163d96d8d5191f2204d1,rolling_recent_cv_oof_threshold,ok,selected-random-100 seed=20260720 stage=explore index=30/100
LR_20260720_005118_585775,2026-07-20T00:51:22,logistic_regression,Logistic Regression,"{""C"": 2.12037068651e-08, ""solver"": ""lbfgs""}",0.4220893247769971,0.047001414996196395,"[0.46195331365709685, 0.4757007570618403, 0.37683174671087816, 0.37387148167817313]",0.41230765654217927,0.024504044632536984,0.446916011122928,0.1045880703908219,"[0.3817431985987007, 0.4451526077903611, 0.39727108705457825, 0.42506373272507714]","[0.5848364414552125, 0.5107504952802704, 0.35839267548321463, 0.33368443227301453]","[{""fold"": 1, ""train_start"": ""2021-01-04"", ""train_end"": ""2021-11-18"", ""train_label_end_max"": ""2021-11-25"", ""validation_start"": ""2021-11-26"", ""validation_end"": ""2022-10-18"", ""train_rows"": 78914, ""validation_rows"": 82539}, {""fold"": 2, ""train_start"": ""2021-01-04"", ""train_end"": ""2022-10-11"", ""train_label_end_max"": ""2022-10-18"", ""validation_start"": ""2022-10-19"", ""validation_end"": ""2023-09-08"", ""train_rows"": 161487, ""validation_rows"": 81981}, {""fold"": 3, ""train_start"": ""2021-01-04"", ""train_end"": ""2023-08-30"", ""train_label_end_max"": ""2023-09-08"", ""validation_start"": ""2023-09-11"", ""validation_end"": ""2024-07-30"", ""train_rows"": 243426, ""validation_rows"": 82741}, {""fold"": 4, ""train_start"": ""2021-01-04"", ""train_end"": ""2024-07-23"", ""train_label_end_max"": ""2024-07-30"", ""validation_start"": ""2024-07-31"", ""validation_end"": ""2025-06-23"", ""train_rows"": 326201, ""validation_rows"": 82447}]",0.5,0.4296636505068951,0.41081036524137104,0.45033063621801456,0.3692206437211108,0.4047399517148507,True,4.058,9eabd4bf8d11,9cf8f4c431a9e89fea5b7379f196f9505b74cc80396a163d96d8d5191f2204d1,rolling_recent_cv_oof_threshold,ok,selected-random-100 seed=20260720 stage=explore index=31/100
LR_20260720_005122_652299,2026-07-20T00:51:28,logistic_regression,Logistic Regression,"{""C"": 2.63078211178e-07, ""solver"": ""liblinear""}",0.421754096063949,0.04714971845527561,"[0.462132589573053, 0.4751980218197628, 0.37632354254084455, 0.3733622303221357]",0.4124586511699989,0.024538882499112933,0.4462128535507399,0.10506421133653905,"[0.3817710525732769, 0.445225183940528, 0.39743541391665094, 0.4254029542495398]","[0.5853459696321207, 0.509497727537583, 0.35734147168531705, 0.33266624534793904]","[{""fold"": 1, ""train_start"": ""2021-01-04"", ""train_end"": ""2021-11-18"", ""train_label_end_max"": ""2021-11-25"", ""validation_start"": ""2021-11-26"", ""validation_end"": ""2022-10-18"", ""train_rows"": 78914, ""validation_rows"": 82539}, {""fold"": 2, ""train_start"": ""2021-01-04"", ""train_end"": ""2022-10-11"", ""train_label_end_max"": ""2022-10-18"", ""validation_start"": ""2022-10-19"", ""validation_end"": ""2023-09-08"", ""train_rows"": 161487, ""validation_rows"": 81981}, {""fold"": 3, ""train_start"": ""2021-01-04"", ""train_end"": ""2023-08-30"", ""train_label_end_max"": ""2023-09-08"", ""validation_start"": ""2023-09-11"", ""validation_end"": ""2024-07-30"", ""train_rows"": 243426, ""validation_rows"": 82741}, {""fold"": 4, ""train_start"": ""2021-01-04"", ""train_end"": ""2024-07-23"", ""train_label_end_max"": ""2024-07-30"", ""validation_start"": ""2024-07-31"", ""validation_end"": ""2025-06-23"", ""train_rows"": 326201, ""validation_rows"": 82447}]",0.5,0.4293811460780814,0.4108960691871115,0.4496077545488151,0.3692206437211108,0.40400596891795165,True,5.52,9eabd4bf8d11,9cf8f4c431a9e89fea5b7379f196f9505b74cc80396a163d96d8d5191f2204d1,rolling_recent_cv_oof_threshold,ok,selected-random-100 seed=20260720 stage=explore index=32/100
LR_20260720_005128_174934,2026-07-20T00:51:32,logistic_regression,Logistic Regression,"{""C"": 2.96139331798e-09, ""solver"": ""lbfgs""}",0.4220893247769971,0.047001414996196395,"[0.46195331365709685, 0.4757007570618403, 0.37683174671087816, 0.37387148167817313]",0.41230765654217927,0.024504044632536984,0.446916011122928,0.1045880703908219,"[0.3817431985987007, 0.4451526077903611, 0.39727108705457825, 0.42506373272507714]","[0.5848364414552125, 0.5107504952802704, 0.35839267548321463, 0.33368443227301453]","[{""fold"": 1, ""train_start"": ""2021-01-04"", ""train_end"": ""2021-11-18"", ""train_label_end_max"": ""2021-11-25"", ""validation_start"": ""2021-11-26"", ""validation_end"": ""2022-10-18"", ""train_rows"": 78914, ""validation_rows"": 82539}, {""fold"": 2, ""train_start"": ""2021-01-04"", ""train_end"": ""2022-10-11"", ""train_label_end_max"": ""2022-10-18"", ""validation_start"": ""2022-10-19"", ""validation_end"": ""2023-09-08"", ""train_rows"": 161487, ""validation_rows"": 81981}, {""fold"": 3, ""train_start"": ""2021-01-04"", ""train_end"": ""2023-08-30"", ""train_label_end_max"": ""2023-09-08"", ""validation_start"": ""2023-09-11"", ""validation_end"": ""2024-07-30"", ""train_rows"": 243426, ""validation_rows"": 82741}, {""fold"": 4, ""train_start"": ""2021-01-04"", ""train_end"": ""2024-07-23"", ""train_label_end_max"": ""2024-07-30"", ""validation_start"": ""2024-07-31"", ""validation_end"": ""2025-06-23"", ""train_rows"": 326201, ""validation_rows"": 82447}]",0.5,0.4296636505068951,0.41081036524137104,0.45033063621801456,0.3692206437211108,0.4047399517148507,True,4.39,9eabd4bf8d11,9cf8f4c431a9e89fea5b7379f196f9505b74cc80396a163d96d8d5191f2204d1,rolling_recent_cv_oof_threshold,ok,selected-random-100 seed=20260720 stage=explore index=33/100
LR_20260720_005132_564965,2026-07-20T00:51:36,logistic_regression,Logistic Regression,"{""C"": 1.16073519071e-09, ""solver"": ""lbfgs""}",0.4220893247769971,0.047001414996196395,"[0.46195331365709685, 0.4757007570618403, 0.37683174671087816, 0.37387148167817313]",0.41230765654217927,0.024504044632536984,0.446916011122928,0.1045880703908219,"[0.3817431985987007, 0.4451526077903611, 0.39727108705457825, 0.42506373272507714]","[0.5848364414552125, 0.5107504952802704, 0.35839267548321463, 0.33368443227301453]","[{""fold"": 1, ""train_start"": ""2021-01-04"", ""train_end"": ""2021-11-18"", ""train_label_end_max"": ""2021-11-25"", ""validation_start"": ""2021-11-26"", ""validation_end"": ""2022-10-18"", ""train_rows"": 78914, ""validation_rows"": 82539}, {""fold"": 2, ""train_start"": ""2021-01-04"", ""train_end"": ""2022-10-11"", ""train_label_end_max"": ""2022-10-18"", ""validation_start"": ""2022-10-19"", ""validation_end"": ""2023-09-08"", ""train_rows"": 161487, ""validation_rows"": 81981}, {""fold"": 3, ""train_start"": ""2021-01-04"", ""train_end"": ""2023-08-30"", ""train_label_end_max"": ""2023-09-08"", ""validation_start"": ""2023-09-11"", ""validation_end"": ""2024-07-30"", ""train_rows"": 243426, ""validation_rows"": 82741}, {""fold"": 4, ""train_start"": ""2021-01-04"", ""train_end"": ""2024-07-23"", ""train_label_end_max"": ""2024-07-30"", ""validation_start"": ""2024-07-31"", ""validation_end"": ""2025-06-23"", ""train_rows"": 326201, ""validation_rows"": 82447}]",0.5,0.4296636505068951,0.41081036524137104,0.45033063621801456,0.3692206437211108,0.4047399517148507,True,4.277,9eabd4bf8d11,9cf8f4c431a9e89fea5b7379f196f9505b74cc80396a163d96d8d5191f2204d1,rolling_recent_cv_oof_threshold,ok,selected-random-100 seed=20260720 stage=explore index=34/100
LR_20260720_005136_848814,2026-07-20T00:51:42,logistic_regression,Logistic Regression,"{""C"": 1.03099670836e-07, ""solver"": ""liblinear""}",0.4218974476736885,0.04708351365976666,"[0.46192641476533475, 0.4755220071139591, 0.376489475561898, 0.37365189325356213]",0.4123040411614717,0.024575354003204302,0.44656970038637167,0.10474995182052924,"[0.38167752804007626, 0.44523821630141863, 0.39717726759503197, 0.42512315270935963]","[0.584904378545467, 0.5102260808763547, 0.3578501186842998, 0.3332982234393652]","[{""fold"": 1, ""train_start"": ""2021-01-04"", ""train_end"": ""2021-11-18"", ""train_label_end_max"": ""2021-11-25"", ""validation_start"": ""2021-11-26"", ""validation_end"": ""2022-10-18"", ""train_rows"": 78914, ""validation_rows"": 82539}, {""fold"": 2, ""train_start"": ""2021-01-04"", ""train_end"": ""2022-10-11"", ""train_label_end_max"": ""2022-10-18"", ""validation_start"": ""2022-10-19"", ""validation_end"": ""2023-09-08"", ""train_rows"": 161487, ""validation_rows"": 81981}, {""fold"": 3, ""train_start"": ""2021-01-04"", ""train_end"": ""2023-08-30"", ""train_label_end_max"": ""2023-09-08"", ""validation_start"": ""2023-09-11"", ""validation_end"": ""2024-07-30"", ""train_rows"": 243426, ""validation_rows"": 82741}, {""fold"": 4, ""train_start"": ""2021-01-04"", ""train_end"": ""2024-07-23"", ""train_label_end_max"": ""2024-07-30"", ""validation_start"": ""2024-07-31"", ""validation_end"": ""2025-06-23"", ""train_rows"": 326201, ""validation_rows"": 82447}]",0.5,0.42949157725132603,0.41078981312055673,0.4499774099478375,0.3692206437211108,0.4044427190119742,True,5.388,9eabd4bf8d11,9cf8f4c431a9e89fea5b7379f196f9505b74cc80396a163d96d8d5191f2204d1,rolling_recent_cv_oof_threshold,ok,selected-random-100 seed=20260720 stage=explore index=35/100
LR_20260720_005142_238919,2026-07-20T00:51:46,logistic_regression,Logistic Regression,"{""C"": 6.06344850692e-09, ""solver"": ""lbfgs""}",0.4220893247769971,0.047001414996196395,"[0.46195331365709685, 0.4757007570618403, 0.37683174671087816, 0.37387148167817313]",0.41230765654217927,0.024504044632536984,0.446916011122928,0.1045880703908219,"[0.3817431985987007, 0.4451526077903611, 0.39727108705457825, 0.42506373272507714]","[0.5848364414552125, 0.5107504952802704, 0.35839267548321463, 0.33368443227301453]","[{""fold"": 1, ""train_start"": ""2021-01-04"", ""train_end"": ""2021-11-18"", ""train_label_end_max"": ""2021-11-25"", ""validation_start"": ""2021-11-26"", ""validation_end"": ""2022-10-18"", ""train_rows"": 78914, ""validation_rows"": 82539}, {""fold"": 2, ""train_start"": ""2021-01-04"", ""train_end"": ""2022-10-11"", ""train_label_end_max"": ""2022-10-18"", ""validation_start"": ""2022-10-19"", ""validation_end"": ""2023-09-08"", ""train_rows"": 161487, ""validation_rows"": 81981}, {""fold"": 3, ""train_start"": ""2021-01-04"", ""train_end"": ""2023-08-30"", ""train_label_end_max"": ""2023-09-08"", ""validation_start"": ""2023-09-11"", ""validation_end"": ""2024-07-30"", ""train_rows"": 243426, ""validation_rows"": 82741}, {""fold"": 4, ""train_start"": ""2021-01-04"", ""train_end"": ""2024-07-23"", ""train_label_end_max"": ""2024-07-30"", ""validation_start"": ""2024-07-31"", ""validation_end"": ""2025-06-23"", ""train_rows"": 326201, ""validation_rows"": 82447}]",0.5,0.4296636505068951,0.41081036524137104,0.45033063621801456,0.3692206437211108,0.4047399517148507,True,3.98,9eabd4bf8d11,9cf8f4c431a9e89fea5b7379f196f9505b74cc80396a163d96d8d5191f2204d1,rolling_recent_cv_oof_threshold,ok,selected-random-100 seed=20260720 stage=explore index=36/100
LR_20260720_005146_222299,2026-07-20T00:51:50,logistic_regression,Logistic Regression,"{""C"": 1.17349557e-08, ""solver"": ""lbfgs""}",0.4220893247769971,0.047001414996196395,"[0.46195331365709685, 0.4757007570618403, 0.37683174671087816, 0.37387148167817313]",0.41230765654217927,0.024504044632536984,0.446916011122928,0.1045880703908219,"[0.3817431985987007, 0.4451526077903611, 0.39727108705457825, 0.42506373272507714]","[0.5848364414552125, 0.5107504952802704, 0.35839267548321463, 0.33368443227301453]","[{""fold"": 1, ""train_start"": ""2021-01-04"", ""train_end"": ""2021-11-18"", ""train_label_end_max"": ""2021-11-25"", ""validation_start"": ""2021-11-26"", ""validation_end"": ""2022-10-18"", ""train_rows"": 78914, ""validation_rows"": 82539}, {""fold"": 2, ""train_start"": ""2021-01-04"", ""train_end"": ""2022-10-11"", ""train_label_end_max"": ""2022-10-18"", ""validation_start"": ""2022-10-19"", ""validation_end"": ""2023-09-08"", ""train_rows"": 161487, ""validation_rows"": 81981}, {""fold"": 3, ""train_start"": ""2021-01-04"", ""train_end"": ""2023-08-30"", ""train_label_end_max"": ""2023-09-08"", ""validation_start"": ""2023-09-11"", ""validation_end"": ""2024-07-30"", ""train_rows"": 243426, ""validation_rows"": 82741}, {""fold"": 4, ""train_start"": ""2021-01-04"", ""train_end"": ""2024-07-23"", ""train_label_end_max"": ""2024-07-30"", ""validation_start"": ""2024-07-31"", ""validation_end"": ""2025-06-23"", ""train_rows"": 326201, ""validation_rows"": 82447}]",0.5,0.4296636505068951,0.41081036524137104,0.45033063621801456,0.3692206437211108,0.4047399517148507,True,4.278,9eabd4bf8d11,9cf8f4c431a9e89fea5b7379f196f9505b74cc80396a163d96d8d5191f2204d1,rolling_recent_cv_oof_threshold,ok,selected-random-100 seed=20260720 stage=explore index=37/100
LR_20260720_005150_503597,2026-07-20T00:51:58,logistic_regression,Logistic Regression,"{""C"": 1.49373882721e-05, ""solver"": ""liblinear""}",0.4159103781942527,0.04909644003012564,"[0.46494131408594863, 0.46499686039210214, 0.36413023393325694, 0.36957310436570323]",0.4155130098295954,0.025715611636680753,0.4338773963964699,0.11271218617768486,"[0.381922606568833, 0.44621193861974773, 0.4000730875426344, 0.4338444065871664]","[0.5940758857298142, 0.4854329332245659, 0.3341132587317735, 0.32188750789972614]","[{""fold"": 1, ""train_start"": ""2021-01-04"", ""train_end"": ""2021-11-18"", ""train_label_end_max"": ""2021-11-25"", ""validation_start"": ""2021-11-26"", ""validation_end"": ""2022-10-18"", ""train_rows"": 78914, ""validation_rows"": 82539}, {""fold"": 2, ""train_start"": ""2021-01-04"", ""train_end"": ""2022-10-11"", ""train_label_end_max"": ""2022-10-18"", ""validation_start"": ""2022-10-19"", ""validation_end"": ""2023-09-08"", ""train_rows"": 161487, ""validation_rows"": 81981}, {""fold"": 3, ""train_start"": ""2021-01-04"", ""train_end"": ""2023-08-30"", ""train_label_end_max"": ""2023-09-08"", ""validation_start"": ""2023-09-11"", ""validation_end"": ""2024-07-30"", ""train_rows"": 243426, ""validation_rows"": 82741}, {""fold"": 4, ""train_start"": ""2021-01-04"", ""train_end"": ""2024-07-23"", ""train_label_end_max"": ""2024-07-30"", ""validation_start"": ""2024-07-31"", ""validation_end"": ""2025-06-23"", ""train_rows"": 326201, ""validation_rows"": 82447}]",0.5,0.42431013294603953,0.4125282210826034,0.4367848194849468,0.3692206437211108,0.3909307629781504,True,8.138,9eabd4bf8d11,9cf8f4c431a9e89fea5b7379f196f9505b74cc80396a163d96d8d5191f2204d1,rolling_recent_cv_oof_threshold,ok,selected-random-100 seed=20260720 stage=explore index=38/100
LR_20260720_005158_643538,2026-07-20T00:52:10,logistic_regression,Logistic Regression,"{""C"": 0.000560777471606, ""solver"": ""liblinear""}",0.4417630721088718,0.04310069940079369,"[0.48430279284709665, 0.48509531379323934, 0.3935179864383404, 0.40413619535681067]",0.4069631574008782,0.025312119365184713,0.49707062421454584,0.10783396371346243,"[0.3841770764847688, 0.441748618189649, 0.3814495336919502, 0.4204774012371447]","[0.6550154556880329, 0.5378743736161287, 0.4063750423872499, 0.389017625166772]","[{""fold"": 1, ""train_start"": ""2021-01-04"", ""train_end"": ""2021-11-18"", ""train_label_end_max"": ""2021-11-25"", ""validation_start"": ""2021-11-26"", ""validation_end"": ""2022-10-18"", ""train_rows"": 78914, ""validation_rows"": 82539}, {""fold"": 2, ""train_start"": ""2021-01-04"", ""train_end"": ""2022-10-11"", ""train_label_end_max"": ""2022-10-18"", ""validation_start"": ""2022-10-19"", ""validation_end"": ""2023-09-08"", ""train_rows"": 161487, ""validation_rows"": 81981}, {""fold"": 3, ""train_start"": ""2021-01-04"", ""train_end"": ""2023-08-30"", ""train_label_end_max"": ""2023-09-08"", ""validation_start"": ""2023-09-11"", ""validation_end"": ""2024-07-30"", ""train_rows"": 243426, ""validation_rows"": 82741}, {""fold"": 4, ""train_start"": ""2021-01-04"", ""train_end"": ""2024-07-23"", ""train_label_end_max"": ""2024-07-30"", ""validation_start"": ""2024-07-31"", ""validation_end"": ""2025-06-23"", ""train_rows"": 326201, ""validation_rows"": 82447}]",0.49,0.44796658428149944,0.406059270537014,0.4995194479812708,0.3692206437211108,0.454201899862909,True,11.639,9eabd4bf8d11,9cf8f4c431a9e89fea5b7379f196f9505b74cc80396a163d96d8d5191f2204d1,rolling_recent_cv_oof_threshold,ok,selected-random-100 seed=20260720 stage=explore index=39/100
LR_20260720_005210_285003,2026-07-20T00:52:14,logistic_regression,Logistic Regression,"{""C"": 2.1614986197e-10, ""solver"": ""lbfgs""}",0.4220893247769971,0.047001414996196395,"[0.46195331365709685, 0.4757007570618403, 0.37683174671087816, 0.37387148167817313]",0.41230765654217927,0.024504044632536984,0.446916011122928,0.1045880703908219,"[0.3817431985987007, 0.4451526077903611, 0.39727108705457825, 0.42506373272507714]","[0.5848364414552125, 0.5107504952802704, 0.35839267548321463, 0.33368443227301453]","[{""fold"": 1, ""train_start"": ""2021-01-04"", ""train_end"": ""2021-11-18"", ""train_label_end_max"": ""2021-11-25"", ""validation_start"": ""2021-11-26"", ""validation_end"": ""2022-10-18"", ""train_rows"": 78914, ""validation_rows"": 82539}, {""fold"": 2, ""train_start"": ""2021-01-04"", ""train_end"": ""2022-10-11"", ""train_label_end_max"": ""2022-10-18"", ""validation_start"": ""2022-10-19"", ""validation_end"": ""2023-09-08"", ""train_rows"": 161487, ""validation_rows"": 81981}, {""fold"": 3, ""train_start"": ""2021-01-04"", ""train_end"": ""2023-08-30"", ""train_label_end_max"": ""2023-09-08"", ""validation_start"": ""2023-09-11"", ""validation_end"": ""2024-07-30"", ""train_rows"": 243426, ""validation_rows"": 82741}, {""fold"": 4, ""train_start"": ""2021-01-04"", ""train_end"": ""2024-07-23"", ""train_label_end_max"": ""2024-07-30"", ""validation_start"": ""2024-07-31"", ""validation_end"": ""2025-06-23"", ""train_rows"": 326201, ""validation_rows"": 82447}]",0.5,0.4296636505068951,0.41081036524137104,0.45033063621801456,0.3692206437211108,0.4047399517148507,True,4.6,9eabd4bf8d11,9cf8f4c431a9e89fea5b7379f196f9505b74cc80396a163d96d8d5191f2204d1,rolling_recent_cv_oof_threshold,ok,selected-random-100 seed=20260720 stage=explore index=40/100
LR_20260720_005214_890223,2026-07-20T00:52:22,logistic_regression,Logistic Regression,"{""C"": 0.000283878353769, ""solver"": ""lbfgs""}",0.4429769093734991,0.04256197679662488,"[0.48485982240846054, 0.48600829526959627, 0.3963370683441452, 0.4047024514717944]",0.40737239350163773,0.025311005777340852,0.4999251974755772,0.10892806963452581,"[0.38307222386442014, 0.4422415440473916, 0.3833745325473791, 0.42080127354736]","[0.660314548727878, 0.5393893485607738, 0.4102068497795863, 0.38979004283407065]","[{""fold"": 1, ""train_start"": ""2021-01-04"", ""train_end"": ""2021-11-18"", ""train_label_end_max"": ""2021-11-25"", ""validation_start"": ""2021-11-26"", ""validation_end"": ""2022-10-18"", ""train_rows"": 78914, ""validation_rows"": 82539}, {""fold"": 2, ""train_start"": ""2021-01-04"", ""train_end"": ""2022-10-11"", ""train_label_end_max"": ""2022-10-18"", ""validation_start"": ""2022-10-19"", ""validation_end"": ""2023-09-08"", ""train_rows"": 161487, ""validation_rows"": 81981}, {""fold"": 3, ""train_start"": ""2021-01-04"", ""train_end"": ""2023-08-30"", ""train_label_end_max"": ""2023-09-08"", ""validation_start"": ""2023-09-11"", ""validation_end"": ""2024-07-30"", ""train_rows"": 243426, ""validation_rows"": 82741}, {""fold"": 4, ""train_start"": ""2021-01-04"", ""train_end"": ""2024-07-23"", ""train_label_end_max"": ""2024-07-30"", ""validation_start"": ""2024-07-31"", ""validation_end"": ""2025-06-23"", ""train_rows"": 326201, ""validation_rows"": 82447}]",0.49,0.44918301313716347,0.4062014268064246,0.5023370435782643,0.3692206437211108,0.45660402538003325,True,7.215,9eabd4bf8d11,9cf8f4c431a9e89fea5b7379f196f9505b74cc80396a163d96d8d5191f2204d1,rolling_recent_cv_oof_threshold,ok,selected-random-100 seed=20260720 stage=focus index=41/100
LR_20260720_005222_104225,2026-07-20T00:52:28,logistic_regression,Logistic Regression,"{""C"": 3.8559148424e-05, ""solver"": ""lbfgs""}",0.4526380683770098,0.041996232787732166,"[0.48893897159124605, 0.4999175346671572, 0.4129445098850721, 0.40875125736456386]",0.4065055332766594,0.026038839917934233,0.528354200695158,0.1183426095873319,"[0.3756424743921554, 0.44277142279254783, 0.38914556582263293, 0.4184626700993012]","[0.7000917150718434, 0.5740006992192053, 0.43984401492031194, 0.3994803735692718]","[{""fold"": 1, ""train_start"": ""2021-01-04"", ""train_end"": ""2021-11-18"", ""train_label_end_max"": ""2021-11-25"", ""validation_start"": ""2021-11-26"", ""validation_end"": ""2022-10-18"", ""train_rows"": 78914, ""validation_rows"": 82539}, {""fold"": 2, ""train_start"": ""2021-01-04"", ""train_end"": ""2022-10-11"", ""train_label_end_max"": ""2022-10-18"", ""validation_start"": ""2022-10-19"", ""validation_end"": ""2023-09-08"", ""train_rows"": 161487, ""validation_rows"": 81981}, {""fold"": 3, ""train_start"": ""2021-01-04"", ""train_end"": ""2023-08-30"", ""train_label_end_max"": ""2023-09-08"", ""validation_start"": ""2023-09-11"", ""validation_end"": ""2024-07-30"", ""train_rows"": 243426, ""validation_rows"": 82741}, {""fold"": 4, ""train_start"": ""2021-01-04"", ""train_end"": ""2024-07-23"", ""train_label_end_max"": ""2024-07-30"", ""validation_start"": ""2024-07-31"", ""validation_end"": ""2025-06-23"", ""train_rows"": 326201, ""validation_rows"": 82447}]",0.49,0.45920744265322067,0.40442192826093754,0.5311619501375939,0.3692206437211108,0.4849290887694566,True,6.368,9eabd4bf8d11,9cf8f4c431a9e89fea5b7379f196f9505b74cc80396a163d96d8d5191f2204d1,rolling_recent_cv_oof_threshold,ok,selected-random-100 seed=20260720 stage=focus index=42/100
LR_20260720_005228_478285,2026-07-20T00:52:38,logistic_regression,Logistic Regression,"{""C"": 0.000138840685359, ""solver"": ""liblinear""}",0.44496739083425485,0.042089415720713654,"[0.4848372917667048, 0.4891518223635345, 0.4005280398963477, 0.4053524093104325]",0.40700856287295556,0.02547595119927965,0.5060601513896712,0.11086155599699815,"[0.3802433371958285, 0.4424876818256831, 0.38557846182810884, 0.4197247706422018]","[0.668806685009681, 0.5468185526162452, 0.41668362156663274, 0.391931746366126]","[{""fold"": 1, ""train_start"": ""2021-01-04"", ""train_end"": ""2021-11-18"", ""train_label_end_max"": ""2021-11-25"", ""validation_start"": ""2021-11-26"", ""validation_end"": ""2022-10-18"", ""train_rows"": 78914, ""validation_rows"": 82539}, {""fold"": 2, ""train_start"": ""2021-01-04"", ""train_end"": ""2022-10-11"", ""train_label_end_max"": ""2022-10-18"", ""validation_start"": ""2022-10-19"", ""validation_end"": ""2023-09-08"", ""train_rows"": 161487, ""validation_rows"": 81981}, {""fold"": 3, ""train_start"": ""2021-01-04"", ""train_end"": ""2023-08-30"", ""train_label_end_max"": ""2023-09-08"", ""validation_start"": ""2023-09-11"", ""validation_end"": ""2024-07-30"", ""train_rows"": 243426, ""validation_rows"": 82741}, {""fold"": 4, ""train_start"": ""2021-01-04"", ""train_end"": ""2024-07-23"", ""train_label_end_max"": ""2024-07-30"", ""validation_start"": ""2024-07-31"", ""validation_end"": ""2025-06-23"", ""train_rows"": 326201, ""validation_rows"": 82447}]",0.49,0.45123671177163016,0.40552986335826857,0.5085554688462645,0.3692206437211108,0.46302182537275405,True,10.377,9eabd4bf8d11,9cf8f4c431a9e89fea5b7379f196f9505b74cc80396a163d96d8d5191f2204d1,rolling_recent_cv_oof_threshold,ok,selected-random-100 seed=20260720 stage=focus index=43/100
LR_20260720_005238_857059,2026-07-20T00:52:48,logistic_regression,Logistic Regression,"{""C"": 2.98082664154e-05, ""solver"": ""liblinear""}",0.456314383279644,0.041989145322590724,"[0.49037966387341414, 0.5054546364409749, 0.41750133442180287, 0.41192189838238435]",0.4059575037922648,0.02659263341027668,0.5392459365349562,0.12014029419377074,"[0.37407374341576644, 0.44292667952990705, 0.3887102432179607, 0.41811934900542497]","[0.7116410204150956, 0.5885386318610885, 0.4508986096982028, 0.4059054841654378]","[{""fold"": 1, ""train_start"": ""2021-01-04"", ""train_end"": ""2021-11-18"", ""train_label_end_max"": ""2021-11-25"", ""validation_start"": ""2021-11-26"", ""validation_end"": ""2022-10-18"", ""train_rows"": 78914, ""validation_rows"": 82539}, {""fold"": 2, ""train_start"": ""2021-01-04"", ""train_end"": ""2022-10-11"", ""train_label_end_max"": ""2022-10-18"", ""validation_start"": ""2022-10-19"", ""validation_end"": ""2023-09-08"", ""train_rows"": 161487, ""validation_rows"": 81981}, {""fold"": 3, ""train_start"": ""2021-01-04"", ""train_end"": ""2023-08-30"", ""train_label_end_max"": ""2023-09-08"", ""validation_start"": ""2023-09-11"", ""validation_end"": ""2024-07-30"", ""train_rows"": 243426, ""validation_rows"": 82741}, {""fold"": 4, ""train_start"": ""2021-01-04"", ""train_end"": ""2024-07-23"", ""train_label_end_max"": ""2024-07-30"", ""validation_start"": ""2024-07-31"", ""validation_end"": ""2025-06-23"", ""train_rows"": 326201, ""validation_rows"": 82447}]",0.49,0.4628864750390945,0.403796392020603,0.5422351829794225,0.3692206437211108,0.4958053793053247,True,9.158,9eabd4bf8d11,9cf8f4c431a9e89fea5b7379f196f9505b74cc80396a163d96d8d5191f2204d1,rolling_recent_cv_oof_threshold,ok,selected-random-100 seed=20260720 stage=focus index=44/100
LR_20260720_005248_013992,2026-07-20T00:52:59,logistic_regression,Logistic Regression,"{""C"": 0.000374671070465, ""solver"": ""liblinear""}",0.44240456048150656,0.04266343103875738,"[0.4841683868142866, 0.4857202855942881, 0.3953404548135527, 0.4043891147038988]",0.4070320761229944,0.025358259992307165,0.49875477848801564,0.10810706588345546,"[0.38321847275031684, 0.4419604471195185, 0.3824573638496164, 0.4204920207725257]","[0.6573253167566833, 0.5390980072252651, 0.4091217361817565, 0.38947405378835753]","[{""fold"": 1, ""train_start"": ""2021-01-04"", ""train_end"": ""2021-11-18"", ""train_label_end_max"": ""2021-11-25"", ""validation_start"": ""2021-11-26"", ""validation_end"": ""2022-10-18"", ""train_rows"": 78914, ""validation_rows"": 82539}, {""fold"": 2, ""train_start"": ""2021-01-04"", ""train_end"": ""2022-10-11"", ""train_label_end_max"": ""2022-10-18"", ""validation_start"": ""2022-10-19"", ""validation_end"": ""2023-09-08"", ""train_rows"": 161487, ""validation_rows"": 81981}, {""fold"": 3, ""train_start"": ""2021-01-04"", ""train_end"": ""2023-08-30"", ""train_label_end_max"": ""2023-09-08"", ""validation_start"": ""2023-09-11"", ""validation_end"": ""2024-07-30"", ""train_rows"": 243426, ""validation_rows"": 82741}, {""fold"": 4, ""train_start"": ""2021-01-04"", ""train_end"": ""2024-07-23"", ""train_label_end_max"": ""2024-07-30"", ""validation_start"": ""2024-07-31"", ""validation_end"": ""2025-06-23"", ""train_rows"": 326201, ""validation_rows"": 82447}]",0.49,0.4485821208266857,0.4059657597594001,0.501195219123506,0.3692206437211108,0.45583061375520156,True,11.172,9eabd4bf8d11,9cf8f4c431a9e89fea5b7379f196f9505b74cc80396a163d96d8d5191f2204d1,rolling_recent_cv_oof_threshold,ok,selected-random-100 seed=20260720 stage=focus index=45/100
LR_20260720_005259_197114,2026-07-20T00:53:06,logistic_regression,Logistic Regression,"{""C"": 6.33725134727e-05, ""solver"": ""lbfgs""}",0.448706401773441,0.041756907762192944,"[0.4865687506039231, 0.4941836524603665, 0.40723047127178824, 0.40684273275768634]",0.4069074215753713,0.025584694095944167,0.5167016550788672,0.11456771429074235,"[0.377523288287444, 0.4425647644510003, 0.3885432707114259, 0.41899836285161485]","[0.6841944359523081, 0.5594336324437711, 0.42780603594438793, 0.3953725159750018]","[{""fold"": 1, ""train_start"": ""2021-01-04"", ""train_end"": ""2021-11-18"", ""train_label_end_max"": ""2021-11-25"", ""validation_start"": ""2021-11-26"", ""validation_end"": ""2022-10-18"", ""train_rows"": 78914, ""validation_rows"": 82539}, {""fold"": 2, ""train_start"": ""2021-01-04"", ""train_end"": ""2022-10-11"", ""train_label_end_max"": ""2022-10-18"", ""validation_start"": ""2022-10-19"", ""validation_end"": ""2023-09-08"", ""train_rows"": 161487, ""validation_rows"": 81981}, {""fold"": 3, ""train_start"": ""2021-01-04"", ""train_end"": ""2023-08-30"", ""train_label_end_max"": ""2023-09-08"", ""validation_start"": ""2023-09-11"", ""validation_end"": ""2024-07-30"", ""train_rows"": 243426, ""validation_rows"": 82741}, {""fold"": 4, ""train_start"": ""2021-01-04"", ""train_end"": ""2024-07-23"", ""train_label_end_max"": ""2024-07-30"", ""validation_start"": ""2024-07-31"", ""validation_end"": ""2025-06-23"", ""train_rows"": 326201, ""validation_rows"": 82447}]",0.49,0.45511874509578076,0.4050369345301018,0.5193329773688751,0.3692206437211108,0.47340980503961083,True,7.021,9eabd4bf8d11,9cf8f4c431a9e89fea5b7379f196f9505b74cc80396a163d96d8d5191f2204d1,rolling_recent_cv_oof_threshold,ok,selected-random-100 seed=20260720 stage=focus index=46/100
LR_20260720_005306_218765,2026-07-20T00:53:17,logistic_regression,Logistic Regression,"{""C"": 0.000430456748551, ""solver"": ""liblinear""}",0.4419811672253296,0.042820054878379483,"[0.4840662163686262, 0.48526398739164694, 0.39450985536715755, 0.40408460977388766]",0.40691175959282666,0.025332836974587564,0.4978027680891714,0.10793336902781145,"[0.3835186656076251, 0.4417926152668835, 0.38197002413311315, 0.42036573336368466]","[0.6560684805869764, 0.5382239832187391, 0.40790098338419806, 0.389017625166772]","[{""fold"": 1, ""train_start"": ""2021-01-04"", ""train_end"": ""2021-11-18"", ""train_label_end_max"": ""2021-11-25"", ""validation_start"": ""2021-11-26"", ""validation_end"": ""2022-10-18"", ""train_rows"": 78914, ""validation_rows"": 82539}, {""fold"": 2, ""train_start"": ""2021-01-04"", ""train_end"": ""2022-10-11"", ""train_label_end_max"": ""2022-10-18"", ""validation_start"": ""2022-10-19"", ""validation_end"": ""2023-09-08"", ""train_rows"": 161487, ""validation_rows"": 81981}, {""fold"": 3, ""train_start"": ""2021-01-04"", ""train_end"": ""2023-08-30"", ""train_label_end_max"": ""2023-09-08"", ""validation_start"": ""2023-09-11"", ""validation_end"": ""2024-07-30"", ""train_rows"": 243426, ""validation_rows"": 82741}, {""fold"": 4, ""train_start"": ""2021-01-04"", ""train_end"": ""2024-07-23"", ""train_label_end_max"": ""2024-07-30"", ""validation_start"": ""2024-07-31"", ""validation_end"": ""2025-06-23"", ""train_rows"": 326201, ""validation_rows"": 82447}]",0.49,0.44816585161226224,0.40590964232866306,0.5002423296504703,0.3692206437211108,0.4550268722627294,True,11.714,9eabd4bf8d11,9cf8f4c431a9e89fea5b7379f196f9505b74cc80396a163d96d8d5191f2204d1,rolling_recent_cv_oof_threshold,ok,selected-random-100 seed=20260720 stage=focus index=47/100
LR_20260720_005317_935145,2026-07-20T00:53:25,logistic_regression,Logistic Regression,"{""C"": 0.000929962893742, ""solver"": ""lbfgs""}",0.4413460356755768,0.04346719473603166,"[0.48485306909723536, 0.48434578824025065, 0.39200842604173525, 0.4041768593230859]",0.4072858172936386,0.025281768025776596,0.4954101546875799,0.10760561721435848,"[0.3854943468847727, 0.4418448234446313, 0.38082752446121376, 0.4209765743839367]","[0.6532151227962907, 0.5358932525346696, 0.40386571719226855, 0.3886665262270908]","[{""fold"": 1, ""train_start"": ""2021-01-04"", ""train_end"": ""2021-11-18"", ""train_label_end_max"": ""2021-11-25"", ""validation_start"": ""2021-11-26"", ""validation_end"": ""2022-10-18"", ""train_rows"": 78914, ""validation_rows"": 82539}, {""fold"": 2, ""train_start"": ""2021-01-04"", ""train_end"": ""2022-10-11"", ""train_label_end_max"": ""2022-10-18"", ""validation_start"": ""2022-10-19"", ""validation_end"": ""2023-09-08"", ""train_rows"": 161487, ""validation_rows"": 81981}, {""fold"": 3, ""train_start"": ""2021-01-04"", ""train_end"": ""2023-08-30"", ""train_label_end_max"": ""2023-09-08"", ""validation_start"": ""2023-09-11"", ""validation_end"": ""2024-07-30"", ""train_rows"": 243426, ""validation_rows"": 82741}, {""fold"": 4, ""train_start"": ""2021-01-04"", ""train_end"": ""2024-07-23"", ""train_label_end_max"": ""2024-07-30"", ""validation_start"": ""2024-07-31"", ""validation_end"": ""2025-06-23"", ""train_rows"": 326201, ""validation_rows"": 82447}]",0.49,0.4475609170700726,0.4065090821281962,0.4978354622746129,0.3692206437211108,0.45216979873099833,True,7.754,9eabd4bf8d11,9cf8f4c431a9e89fea5b7379f196f9505b74cc80396a163d96d8d5191f2204d1,rolling_recent_cv_oof_threshold,ok,selected-random-100 seed=20260720 stage=focus index=48/100
LR_20260720_005325_689970,2026-07-20T00:53:32,logistic_regression,Logistic Regression,"{""C"": 0.00025538425729, ""solver"": ""lbfgs""}",0.44320730737647585,0.04229222257735815,"[0.4845971859046196, 0.48621060641843133, 0.39707254776757206, 0.40494888941528034]",0.40740415213091935,0.025355226528199343,0.5005379139864575,0.10892677244328074,"[0.3825165614986928, 0.44228290447319424, 0.3838921075125843, 0.42092503503920603]","[0.6609939196304222, 0.5398263605640369, 0.41119023397761956, 0.39014114177375186]","[{""fold"": 1, ""train_start"": ""2021-01-04"", ""train_end"": ""2021-11-18"", ""train_label_end_max"": ""2021-11-25"", ""validation_start"": ""2021-11-26"", ""validation_end"": ""2022-10-18"", ""train_rows"": 78914, ""validation_rows"": 82539}, {""fold"": 2, ""train_start"": ""2021-01-04"", ""train_end"": ""2022-10-11"", ""train_label_end_max"": ""2022-10-18"", ""validation_start"": ""2022-10-19"", ""validation_end"": ""2023-09-08"", ""train_rows"": 161487, ""validation_rows"": 81981}, {""fold"": 3, ""train_start"": ""2021-01-04"", ""train_end"": ""2023-08-30"", ""train_label_end_max"": ""2023-09-08"", ""validation_start"": ""2023-09-11"", ""validation_end"": ""2024-07-30"", ""train_rows"": 243426, ""validation_rows"": 82741}, {""fold"": 4, ""train_start"": ""2021-01-04"", ""train_end"": ""2024-07-23"", ""train_label_end_max"": ""2024-07-30"", ""validation_start"": ""2024-07-31"", ""validation_end"": ""2025-06-23"", ""train_rows"": 326201, ""validation_rows"": 82447}]",0.49,0.44938822545011486,0.40613992610330946,0.5029449213455457,0.3692206437211108,0.4572257876666626,True,7.049,9eabd4bf8d11,9cf8f4c431a9e89fea5b7379f196f9505b74cc80396a163d96d8d5191f2204d1,rolling_recent_cv_oof_threshold,ok,selected-random-100 seed=20260720 stage=focus index=49/100
LR_20260720_005332_741377,2026-07-20T00:53:43,logistic_regression,Logistic Regression,"{""C"": 0.000248951716473, ""solver"": ""liblinear""}",0.44343544732491985,0.04227582658517156,"[0.48477763406626206, 0.4864496514126959, 0.3972833647001064, 0.4052311391206149]",0.4073597018301863,0.02532141674647019,0.5012340188279136,0.1092058301742061,"[0.38238929545409955, 0.4420731707317073, 0.3839316780009489, 0.4210446631339894]","[0.6620469445293659, 0.5407295187041138, 0.4115971515768057, 0.3905624605013693]","[{""fold"": 1, ""train_start"": ""2021-01-04"", ""train_end"": ""2021-11-18"", ""train_label_end_max"": ""2021-11-25"", ""validation_start"": ""2021-11-26"", ""validation_end"": ""2022-10-18"", ""train_rows"": 78914, ""validation_rows"": 82539}, {""fold"": 2, ""train_start"": ""2021-01-04"", ""train_end"": ""2022-10-11"", ""train_label_end_max"": ""2022-10-18"", ""validation_start"": ""2022-10-19"", ""validation_end"": ""2023-09-08"", ""train_rows"": 161487, ""validation_rows"": 81981}, {""fold"": 3, ""train_start"": ""2021-01-04"", ""train_end"": ""2023-08-30"", ""train_label_end_max"": ""2023-09-08"", ""validation_start"": ""2023-09-11"", ""validation_end"": ""2024-07-30"", ""train_rows"": 243426, ""validation_rows"": 82741}, {""fold"": 4, ""train_start"": ""2021-01-04"", ""train_end"": ""2024-07-23"", ""train_label_end_max"": ""2024-07-30"", ""validation_start"": ""2024-07-31"", ""validation_end"": ""2025-06-23"", ""train_rows"": 326201, ""validation_rows"": 82447}]",0.49,0.4496283775112477,0.40607200572230906,0.5036513738858996,0.3692206437211108,0.4579446055297415,True,10.994,9eabd4bf8d11,9cf8f4c431a9e89fea5b7379f196f9505b74cc80396a163d96d8d5191f2204d1,rolling_recent_cv_oof_threshold,ok,selected-random-100 seed=20260720 stage=focus index=50/100
LR_20260720_005343_739813,2026-07-20T00:53:55,logistic_regression,Logistic Regression,"{""C"": 0.000607359645783, ""solver"": ""liblinear""}",0.44176281561888475,0.04321511097106382,"[0.4845301229044663, 0.4850818853342446, 0.39328056750632207, 0.40415868673050614]",0.4070661399811383,0.0253450112453134,0.496877537209308,0.10781998194675432,"[0.3845217911638576, 0.4419033478614876, 0.3812722873153337, 0.42056713358387426]","[0.6548456129623969, 0.5376121664141709, 0.4060698541878603, 0.38898251527280386]","[{""fold"": 1, ""train_start"": ""2021-01-04"", ""train_end"": ""2021-11-18"", ""train_label_end_max"": ""2021-11-25"", ""validation_start"": ""2021-11-26"", ""validation_end"": ""2022-10-18"", ""train_rows"": 78914, ""validation_rows"": 82539}, {""fold"": 2, ""train_start"": ""2021-01-04"", ""train_end"": ""2022-10-11"", ""train_label_end_max"": ""2022-10-18"", ""validation_start"": ""2022-10-19"", ""validation_end"": ""2023-09-08"", ""train_rows"": 161487, ""validation_rows"": 81981}, {""fold"": 3, ""train_start"": ""2021-01-04"", ""train_end"": ""2023-08-30"", ""train_label_end_max"": ""2023-09-08"", ""validation_start"": ""2023-09-11"", ""validation_end"": ""2024-07-30"", ""train_rows"": 243426, ""validation_rows"": 82741}, {""fold"": 4, ""train_start"": ""2021-01-04"", ""train_end"": ""2024-07-23"", ""train_label_end_max"": ""2024-07-30"", ""validation_start"": ""2024-07-31"", ""validation_end"": ""2025-06-23"", ""train_rows"": 326201, ""validation_rows"": 82447}]",0.49,0.4479712873877492,0.4061973751035792,0.4993222984351255,0.3692206437211108,0.453868271318864,True,11.683,9eabd4bf8d11,9cf8f4c431a9e89fea5b7379f196f9505b74cc80396a163d96d8d5191f2204d1,rolling_recent_cv_oof_threshold,ok,selected-random-100 seed=20260720 stage=focus index=51/100
LR_20260720_005355_432897,2026-07-20T00:54:02,logistic_regression,Logistic Regression,"{""C"": 0.000185460693927, ""solver"": ""lbfgs""}",0.44369053701386235,0.04213285115335993,"[0.48452330797254095, 0.48697586184339636, 0.3983264145392737, 0.40493656370023845]",0.40706298907446575,0.025329597750234634,0.5025216394695713,0.10977926606009354,"[0.3813861849677155, 0.4419510341715941, 0.38446491670873295, 0.42044982044982043]","[0.6641190257821258, 0.542215359515208, 0.41322482197355037, 0.3905273506074012]","[{""fold"": 1, ""train_start"": ""2021-01-04"", ""train_end"": ""2021-11-18"", ""train_label_end_max"": ""2021-11-25"", ""validation_start"": ""2021-11-26"", ""validation_end"": ""2022-10-18"", ""train_rows"": 78914, ""validation_rows"": 82539}, {""fold"": 2, ""train_start"": ""2021-01-04"", ""train_end"": ""2022-10-11"", ""train_label_end_max"": ""2022-10-18"", ""validation_start"": ""2022-10-19"", ""validation_end"": ""2023-09-08"", ""train_rows"": 161487, ""validation_rows"": 81981}, {""fold"": 3, ""train_start"": ""2021-01-04"", ""train_end"": ""2023-08-30"", ""train_label_end_max"": ""2023-09-08"", ""validation_start"": ""2023-09-11"", ""validation_end"": ""2024-07-30"", ""train_rows"": 243426, ""validation_rows"": 82741}, {""fold"": 4, ""train_start"": ""2021-01-04"", ""train_end"": ""2024-07-23"", ""train_label_end_max"": ""2024-07-30"", ""validation_start"": ""2024-07-31"", ""validation_end"": ""2025-06-23"", ""train_rows"": 326201, ""validation_rows"": 82447}]",0.49,0.4499085120398156,0.4056822306550074,0.5049574896291125,0.3692206437211108,0.45957331942203405,True,7.483,9eabd4bf8d11,9cf8f4c431a9e89fea5b7379f196f9505b74cc80396a163d96d8d5191f2204d1,rolling_recent_cv_oof_threshold,ok,selected-random-100 seed=20260720 stage=focus index=52/100
LR_20260720_005402_924351,2026-07-20T00:54:09,logistic_regression,Logistic Regression,"{""C"": 8.15670029408e-05, ""solver"": ""lbfgs""}",0.4471050493433996,0.04168071427003869,"[0.48586237103367724, 0.49159957544849725, 0.40453048176935436, 0.4064277691220696]",0.4071345084232363,0.025446457876849633,0.5120051183702666,0.11322869329559501,"[0.37849980095918717, 0.44230679647831556, 0.3878706786569997, 0.4198607575984429]","[0.6782499405550461, 0.5532571961309871, 0.42268565615462866, 0.39382768064040446]","[{""fold"": 1, ""train_start"": ""2021-01-04"", ""train_end"": ""2021-11-18"", ""train_label_end_max"": ""2021-11-25"", ""validation_start"": ""2021-11-26"", ""validation_end"": ""2022-10-18"", ""train_rows"": 78914, ""validation_rows"": 82539}, {""fold"": 2, ""train_start"": ""2021-01-04"", ""train_end"": ""2022-10-11"", ""train_label_end_max"": ""2022-10-18"", ""validation_start"": ""2022-10-19"", ""validation_end"": ""2023-09-08"", ""train_rows"": 161487, ""validation_rows"": 81981}, {""fold"": 3, ""train_start"": ""2021-01-04"", ""train_end"": ""2023-08-30"", ""train_label_end_max"": ""2023-09-08"", ""validation_start"": ""2023-09-11"", ""validation_end"": ""2024-07-30"", ""train_rows"": 243426, ""validation_rows"": 82741}, {""fold"": 4, ""train_start"": ""2021-01-04"", ""train_end"": ""2024-07-23"", ""train_label_end_max"": ""2024-07-30"", ""validation_start"": ""2024-07-31"", ""validation_end"": ""2025-06-23"", ""train_rows"": 326201, ""validation_rows"": 82447}]",0.49,0.4534539860646095,0.40532548207583796,0.5145521008748511,0.3692206437211108,0.468717774515632,True,6.712,9eabd4bf8d11,9cf8f4c431a9e89fea5b7379f196f9505b74cc80396a163d96d8d5191f2204d1,rolling_recent_cv_oof_threshold,ok,selected-random-100 seed=20260720 stage=focus index=53/100
LR_20260720_005409_639797,2026-07-20T00:54:15,logistic_regression,Logistic Regression,"{""C"": 5.42576621043e-05, ""solver"": ""lbfgs""}",0.4497331240930159,0.041657253287475784,"[0.487014625821726, 0.4955391478234118, 0.4090368226402959, 0.40734190008663007]",0.40683295391679947,0.025680175942139928,0.519729556884986,0.1155052347319891,"[0.37682722707829647, 0.4424327046328511, 0.388960244648318, 0.4191116393077323]","[0.6882706613675736, 0.5631336674047314, 0.43129874533740253, 0.39621515343023667]","[{""fold"": 1, ""train_start"": ""2021-01-04"", ""train_end"": ""2021-11-18"", ""train_label_end_max"": ""2021-11-25"", ""validation_start"": ""2021-11-26"", ""validation_end"": ""2022-10-18"", ""train_rows"": 78914, ""validation_rows"": 82539}, {""fold"": 2, ""train_start"": ""2021-01-04"", ""train_end"": ""2022-10-11"", ""train_label_end_max"": ""2022-10-18"", ""validation_start"": ""2022-10-19"", ""validation_end"": ""2023-09-08"", ""train_rows"": 161487, ""validation_rows"": 81981}, {""fold"": 3, ""train_start"": ""2021-01-04"", ""train_end"": ""2023-08-30"", ""train_label_end_max"": ""2023-09-08"", ""validation_start"": ""2023-09-11"", ""validation_end"": ""2024-07-30"", ""train_rows"": 243426, ""validation_rows"": 82741}, {""fold"": 4, ""train_start"": ""2021-01-04"", ""train_end"": ""2024-07-23"", ""train_label_end_max"": ""2024-07-30"", ""validation_start"": ""2024-07-31"", ""validation_end"": ""2025-06-23"", ""train_rows"": 326201, ""validation_rows"": 82447}]",0.49,0.45617407708943797,0.4048470881821191,0.5224052244629729,0.3692206437211108,0.47643369284336445,True,6.18,9eabd4bf8d11,9cf8f4c431a9e89fea5b7379f196f9505b74cc80396a163d96d8d5191f2204d1,rolling_recent_cv_oof_threshold,ok,selected-random-100 seed=20260720 stage=focus index=54/100
LR_20260720_005415_819628,2026-07-20T00:54:22,logistic_regression,Logistic Regression,"{""C"": 9.14418308472e-05, ""solver"": ""lbfgs""}",0.44621860367775645,0.04179260155403766,"[0.4852811950790861, 0.49061596129651486, 0.4026592545634824, 0.40631800377194255]",0.4069330180936516,0.025605110910681,0.5099213594016283,0.11261095498039651,"[0.3787073547059832, 0.4421507890122735, 0.3866878961006525, 0.42018603255569725]","[0.6753286456741058, 0.5510138678475702, 0.4200067819599864, 0.3933361421248508]","[{""fold"": 1, ""train_start"": ""2021-01-04"", ""train_end"": ""2021-11-18"", ""train_label_end_max"": ""2021-11-25"", ""validation_start"": ""2021-11-26"", ""validation_end"": ""2022-10-18"", ""train_rows"": 78914, ""validation_rows"": 82539}, {""fold"": 2, ""train_start"": ""2021-01-04"", ""train_end"": ""2022-10-11"", ""train_label_end_max"": ""2022-10-18"", ""validation_start"": ""2022-10-19"", ""validation_end"": ""2023-09-08"", ""train_rows"": 161487, ""validation_rows"": 81981}, {""fold"": 3, ""train_start"": ""2021-01-04"", ""train_end"": ""2023-08-30"", ""train_label_end_max"": ""2023-09-08"", ""validation_start"": ""2023-09-11"", ""validation_end"": ""2024-07-30"", ""train_rows"": 243426, ""validation_rows"": 82741}, {""fold"": 4, ""train_start"": ""2021-01-04"", ""train_end"": ""2024-07-23"", ""train_label_end_max"": ""2024-07-30"", ""validation_start"": ""2024-07-31"", ""validation_end"": ""2025-06-23"", ""train_rows"": 326201, ""validation_rows"": 82447}]",0.49,0.45254261878853824,0.4051765011528594,0.5124491723826344,0.3692206437211108,0.4669738071263057,True,6.533,9eabd4bf8d11,9cf8f4c431a9e89fea5b7379f196f9505b74cc80396a163d96d8d5191f2204d1,rolling_recent_cv_oof_threshold,ok,selected-random-100 seed=20260720 stage=focus index=55/100
LR_20260720_005422_358493,2026-07-20T00:54:29,logistic_regression,Logistic Regression,"{""C"": 0.000435856544141, ""solver"": ""lbfgs""}",0.4418212386437574,0.04295757894870989,"[0.48425488155106033, 0.48502136049950706, 0.39410645140119444, 0.4039022611232677]",0.4069183817801854,0.025312743977089214,0.49735627588336784,0.10795667742941498,"[0.3838369781312127, 0.4418816315776868, 0.38177887977620956, 0.42017603763563244]","[0.655830700771086, 0.5374956298799674, 0.4072566971854866, 0.3888420756969314]","[{""fold"": 1, ""train_start"": ""2021-01-04"", ""train_end"": ""2021-11-18"", ""train_label_end_max"": ""2021-11-25"", ""validation_start"": ""2021-11-26"", ""validation_end"": ""2022-10-18"", ""train_rows"": 78914, ""validation_rows"": 82539}, {""fold"": 2, ""train_start"": ""2021-01-04"", ""train_end"": ""2022-10-11"", ""train_label_end_max"": ""2022-10-18"", ""validation_start"": ""2022-10-19"", ""validation_end"": ""2023-09-08"", ""train_rows"": 161487, ""validation_rows"": 81981}, {""fold"": 3, ""train_start"": ""2021-01-04"", ""train_end"": ""2023-08-30"", ""train_label_end_max"": ""2023-09-08"", ""validation_start"": ""2023-09-11"", ""validation_end"": ""2024-07-30"", ""train_rows"": 243426, ""validation_rows"": 82741}, {""fold"": 4, ""train_start"": ""2021-01-04"", ""train_end"": ""2024-07-23"", ""train_label_end_max"": ""2024-07-30"", ""validation_start"": ""2024-07-31"", ""validation_end"": ""2025-06-23"", ""train_rows"": 326201, ""validation_rows"": 82447}]",0.49,0.4480158467168872,0.40596662373971587,0.4997823140427979,0.3692206437211108,0.45454462736724616,True,7.412,9eabd4bf8d11,9cf8f4c431a9e89fea5b7379f196f9505b74cc80396a163d96d8d5191f2204d1,rolling_recent_cv_oof_threshold,ok,selected-random-100 seed=20260720 stage=focus index=56/100
LR_20260720_005429_773019,2026-07-20T00:54:40,logistic_regression,Logistic Regression,"{""C"": 0.000361212690218, ""solver"": ""liblinear""}",0.4426464959242677,0.042755638394843955,"[0.48457268590288544, 0.48599136516935026, 0.3955377911738689, 0.4044841414509661]",0.4071876248365507,0.025369184556118973,0.49918111092107664,0.10842971116038354,"[0.38339037369680906, 0.44215477924496766, 0.3825896818354671, 0.420615664568959]","[0.6583104045653725, 0.5394767509614264, 0.40939301458121397, 0.3895442735762938]","[{""fold"": 1, ""train_start"": ""2021-01-04"", ""train_end"": ""2021-11-18"", ""train_label_end_max"": ""2021-11-25"", ""validation_start"": ""2021-11-26"", ""validation_end"": ""2022-10-18"", ""train_rows"": 78914, ""validation_rows"": 82539}, {""fold"": 2, ""train_start"": ""2021-01-04"", ""train_end"": ""2022-10-11"", ""train_label_end_max"": ""2022-10-18"", ""validation_start"": ""2022-10-19"", ""validation_end"": ""2023-09-08"", ""train_rows"": 161487, ""validation_rows"": 81981}, {""fold"": 3, ""train_start"": ""2021-01-04"", ""train_end"": ""2023-08-30"", ""train_label_end_max"": ""2023-09-08"", ""validation_start"": ""2023-09-11"", ""validation_end"": ""2024-07-30"", ""train_rows"": 243426, ""validation_rows"": 82741}, {""fold"": 4, ""train_start"": ""2021-01-04"", ""train_end"": ""2024-07-23"", ""train_label_end_max"": ""2024-07-30"", ""validation_start"": ""2024-07-31"", ""validation_end"": ""2025-06-23"", ""train_rows"": 326201, ""validation_rows"": 82447}]",0.49,0.4488472860781266,0.40611989731448106,0.5016223764734875,0.3692206437211108,0.4560459558154488,True,11.079,9eabd4bf8d11,9cf8f4c431a9e89fea5b7379f196f9505b74cc80396a163d96d8d5191f2204d1,rolling_recent_cv_oof_threshold,ok,selected-random-100 seed=20260720 stage=focus index=57/100
LR_20260720_005440_855248,2026-07-20T00:54:53,logistic_regression,Logistic Regression,"{""C"": 0.000298505692808, ""solver"": ""liblinear""}",0.4430797664436368,0.04269163733777885,"[0.4849754370215207, 0.486334067778827, 0.39609666644835945, 0.40491289452584006]",0.40731245133209054,0.025422033049428232,0.500260024441535,0.10904816684071549,"[0.38311368516439137, 0.44225264764812516, 0.3829544735009181, 0.42092899901492764]","[0.6606202656340229, 0.5401759701666472, 0.4101729399796541, 0.3900709219858156]","[{""fold"": 1, ""train_start"": ""2021-01-04"", ""train_end"": ""2021-11-18"", ""train_label_end_max"": ""2021-11-25"", ""validation_start"": ""2021-11-26"", ""validation_end"": ""2022-10-18"", ""train_rows"": 78914, ""validation_rows"": 82539}, {""fold"": 2, ""train_start"": ""2021-01-04"", ""train_end"": ""2022-10-11"", ""train_label_end_max"": ""2022-10-18"", ""validation_start"": ""2022-10-19"", ""validation_end"": ""2023-09-08"", ""train_rows"": 161487, ""validation_rows"": 81981}, {""fold"": 3, ""train_start"": ""2021-01-04"", ""train_end"": ""2023-08-30"", ""train_label_end_max"": ""2023-09-08"", ""validation_start"": ""2023-09-11"", ""validation_end"": ""2024-07-30"", ""train_rows"": 243426, ""validation_rows"": 82741}, {""fold"": 4, ""train_start"": ""2021-01-04"", ""train_end"": ""2024-07-23"", ""train_label_end_max"": ""2024-07-30"", ""validation_start"": ""2024-07-31"", ""validation_end"": ""2025-06-23"", ""train_rows"": 326201, ""validation_rows"": 82447}]",0.49,0.4492991975095631,0.40616060583936764,0.5026902698484413,0.3692206437211108,0.4569710167784828,True,12.615,9eabd4bf8d11,9cf8f4c431a9e89fea5b7379f196f9505b74cc80396a163d96d8d5191f2204d1,rolling_recent_cv_oof_threshold,ok,selected-random-100 seed=20260720 stage=focus index=58/100
LR_20260720_005453_472451,2026-07-20T00:55:07,logistic_regression,Logistic Regression,"{""C"": 0.000523782521456, ""solver"": ""liblinear""}",0.4418727221822988,0.04308932862163248,"[0.4845556211012514, 0.48505227762307573, 0.3937320534908524, 0.4041509365140158]",0.40696068275736946,0.02526334898128301,0.49737371830672,0.1079886869212759,"[0.38426165545248236, 0.44163796402602373, 0.3814337943093308, 0.42050931724164103]","[0.6556948265905771, 0.5379326418832304, 0.4068497795863004, 0.389017625166772]","[{""fold"": 1, ""train_start"": ""2021-01-04"", ""train_end"": ""2021-11-18"", ""train_label_end_max"": ""2021-11-25"", ""validation_start"": ""2021-11-26"", ""validation_end"": ""2022-10-18"", ""train_rows"": 78914, ""validation_rows"": 82539}, {""fold"": 2, ""train_start"": ""2021-01-04"", ""train_end"": ""2022-10-11"", ""train_label_end_max"": ""2022-10-18"", ""validation_start"": ""2022-10-19"", ""validation_end"": ""2023-09-08"", ""train_rows"": 161487, ""validation_rows"": 81981}, {""fold"": 3, ""train_start"": ""2021-01-04"", ""train_end"": ""2023-08-30"", ""train_label_end_max"": ""2023-09-08"", ""validation_start"": ""2023-09-11"", ""validation_end"": ""2024-07-30"", ""train_rows"": 243426, ""validation_rows"": 82741}, {""fold"": 4, ""train_start"": ""2021-01-04"", ""train_end"": ""2024-07-23"", ""train_label_end_max"": ""2024-07-30"", ""validation_start"": ""2024-07-31"", ""validation_end"": ""2025-06-23"", ""train_rows"": 326201, ""validation_rows"": 82447}]",0.49,0.4480799466825735,0.40605021155052523,0.4998151723004888,0.3692206437211108,0.45448093464520123,True,13.527,9eabd4bf8d11,9cf8f4c431a9e89fea5b7379f196f9505b74cc80396a163d96d8d5191f2204d1,rolling_recent_cv_oof_threshold,ok,selected-random-100 seed=20260720 stage=focus index=59/100
LR_20260720_005507_007142,2026-07-20T00:55:18,logistic_regression,Logistic Regression,"{""C"": 0.000135216847303, ""solver"": ""liblinear""}",0.44503541055413787,0.04205443426746013,"[0.48492530333981443, 0.48912689416148747, 0.400534393430871, 0.4055550512843787]",0.40699435309207316,0.025508178931831795,0.5062816769453806,0.1109482647004479,"[0.3801979815911854, 0.4424278137890395, 0.3854741595584546, 0.4198774574296132]","[0.669282244641462, 0.5468476867497961, 0.4168192607663615, 0.3921775156239028]","[{""fold"": 1, ""train_start"": ""2021-01-04"", ""train_end"": ""2021-11-18"", ""train_label_end_max"": ""2021-11-25"", ""validation_start"": ""2021-11-26"", ""validation_end"": ""2022-10-18"", ""train_rows"": 78914, ""validation_rows"": 82539}, {""fold"": 2, ""train_start"": ""2021-01-04"", ""train_end"": ""2022-10-11"", ""train_label_end_max"": ""2022-10-18"", ""validation_start"": ""2022-10-19"", ""validation_end"": ""2023-09-08"", ""train_rows"": 161487, ""validation_rows"": 81981}, {""fold"": 3, ""train_start"": ""2021-01-04"", ""train_end"": ""2023-08-30"", ""train_label_end_max"": ""2023-09-08"", ""validation_start"": ""2023-09-11"", ""validation_end"": ""2024-07-30"", ""train_rows"": 243426, ""validation_rows"": 82741}, {""fold"": 4, ""train_start"": ""2021-01-04"", ""train_end"": ""2024-07-23"", ""train_label_end_max"": ""2024-07-30"", ""validation_start"": ""2024-07-31"", ""validation_end"": ""2025-06-23"", ""train_rows"": 326201, ""validation_rows"": 82447}]",0.49,0.4512995766447824,0.40549564944120364,0.5087690475212552,0.3692206437211108,0.4632553653535856,True,11.701,9eabd4bf8d11,9cf8f4c431a9e89fea5b7379f196f9505b74cc80396a163d96d8d5191f2204d1,rolling_recent_cv_oof_threshold,ok,selected-random-100 seed=20260720 stage=focus index=60/100
LR_20260720_005518_710611,2026-07-20T00:55:30,logistic_regression,Logistic Regression,"{""C"": 0.000513609117633, ""solver"": ""liblinear""}",0.4418878611926613,0.04307947929433218,"[0.4846012901282598, 0.48502679415782285, 0.39383100902379, 0.4040923514607725]",0.4069479913104976,0.02521814254133766,0.49743281917828736,0.10801889323994121,"[0.38427243596122845, 0.44159571414904814, 0.3815003178639542, 0.42042349726775957]","[0.655830700771086, 0.5379326418832304, 0.4069854187860292, 0.38898251527280386]","[{""fold"": 1, ""train_start"": ""2021-01-04"", ""train_end"": ""2021-11-18"", ""train_label_end_max"": ""2021-11-25"", ""validation_start"": ""2021-11-26"", ""validation_end"": ""2022-10-18"", ""train_rows"": 78914, ""validation_rows"": 82539}, {""fold"": 2, ""train_start"": ""2021-01-04"", ""train_end"": ""2022-10-11"", ""train_label_end_max"": ""2022-10-18"", ""validation_start"": ""2022-10-19"", ""validation_end"": ""2023-09-08"", ""train_rows"": 161487, ""validation_rows"": 81981}, {""fold"": 3, ""train_start"": ""2021-01-04"", ""train_end"": ""2023-08-30"", ""train_label_end_max"": ""2023-09-08"", ""validation_start"": ""2023-09-11"", ""validation_end"": ""2024-07-30"", ""train_rows"": 243426, ""validation_rows"": 82741}, {""fold"": 4, ""train_start"": ""2021-01-04"", ""train_end"": ""2024-07-23"", ""train_label_end_max"": ""2024-07-30"", ""validation_start"": ""2024-07-31"", ""validation_end"": ""2025-06-23"", ""train_rows"": 326201, ""validation_rows"": 82447}]",0.49,0.4480968475931694,0.40604002215297563,0.4998726742514478,0.3692206437211108,0.45454462736724616,True,12.238,9eabd4bf8d11,9cf8f4c431a9e89fea5b7379f196f9505b74cc80396a163d96d8d5191f2204d1,rolling_recent_cv_oof_threshold,ok,selected-random-100 seed=20260720 stage=focus index=61/100
LR_20260720_005530_951006,2026-07-20T00:55:39,logistic_regression,Logistic Regression,"{""C"": 0.000227709164867, ""solver"": ""lbfgs""}",0.4433264468913757,0.0422884279321071,"[0.4845622234375777, 0.4864595491324932, 0.3970593051052821, 0.4052247098901499]",0.40736275356417706,0.025502895058994363,0.5010285553696732,0.1093050047528117,"[0.3820986807284418, 0.442343008418994, 0.38389690982776087, 0.4211124152815115]","[0.6621148816196202, 0.5403507749679525, 0.4111563241776873, 0.390492240713433]","[{""fold"": 1, ""train_start"": ""2021-01-04"", ""train_end"": ""2021-11-18"", ""train_label_end_max"": ""2021-11-25"", ""validation_start"": ""2021-11-26"", ""validation_end"": ""2022-10-18"", ""train_rows"": 78914, ""validation_rows"": 82539}, {""fold"": 2, ""train_start"": ""2021-01-04"", ""train_end"": ""2022-10-11"", ""train_label_end_max"": ""2022-10-18"", ""validation_start"": ""2022-10-19"", ""validation_end"": ""2023-09-08"", ""train_rows"": 161487, ""validation_rows"": 81981}, {""fold"": 3, ""train_start"": ""2021-01-04"", ""train_end"": ""2023-08-30"", ""train_label_end_max"": ""2023-09-08"", ""validation_start"": ""2023-09-11"", ""validation_end"": ""2024-07-30"", ""train_rows"": 243426, ""validation_rows"": 82741}, {""fold"": 4, ""train_start"": ""2021-01-04"", ""train_end"": ""2024-07-23"", ""train_label_end_max"": ""2024-07-30"", ""validation_start"": ""2024-07-31"", ""validation_end"": ""2025-06-23"", ""train_rows"": 326201, ""validation_rows"": 82447}]",0.49,0.44952176974533503,0.4060369558160027,0.5034377952109089,0.3692206437211108,0.45778992320477513,True,8.85,9eabd4bf8d11,9cf8f4c431a9e89fea5b7379f196f9505b74cc80396a163d96d8d5191f2204d1,rolling_recent_cv_oof_threshold,ok,selected-random-100 seed=20260720 stage=focus index=62/100
LR_20260720_005539_804075,2026-07-20T00:55:50,logistic_regression,Logistic Regression,"{""C"": 7.33567252493e-05, ""solver"": ""liblinear""}",0.4484306009251564,0.04175598045192558,"[0.4864308463615777, 0.4937784991112142, 0.406343874156142, 0.40716918407169184]",0.40696604592989927,0.025617255896390537,0.5157104416210071,0.11392526092247796,"[0.37795927584779254, 0.4425536827522512, 0.3879363513013445, 0.4194148738182089]","[0.6822242603349299, 0.5584139377694908, 0.4265852831468294, 0.3956182852327786]","[{""fold"": 1, ""train_start"": ""2021-01-04"", ""train_end"": ""2021-11-18"", ""train_label_end_max"": ""2021-11-25"", ""validation_start"": ""2021-11-26"", ""validation_end"": ""2022-10-18"", ""train_rows"": 78914, ""validation_rows"": 82539}, {""fold"": 2, ""train_start"": ""2021-01-04"", ""train_end"": ""2022-10-11"", ""train_label_end_max"": ""2022-10-18"", ""validation_start"": ""2022-10-19"", ""validation_end"": ""2023-09-08"", ""train_rows"": 161487, ""validation_rows"": 81981}, {""fold"": 3, ""train_start"": ""2021-01-04"", ""train_end"": ""2023-08-30"", ""train_label_end_max"": ""2023-09-08"", ""validation_start"": ""2023-09-11"", ""validation_end"": ""2024-07-30"", ""train_rows"": 243426, ""validation_rows"": 82741}, {""fold"": 4, ""train_start"": ""2021-01-04"", ""train_end"": ""2024-07-23"", ""train_label_end_max"": ""2024-07-30"", ""validation_start"": ""2024-07-31"", ""validation_end"": ""2025-06-23"", ""train_rows"": 326201, ""validation_rows"": 82447}]",0.49,0.45480526313892683,0.40515082636668337,0.518330800509303,0.3692206437211108,0.472363424606015,True,10.69,9eabd4bf8d11,9cf8f4c431a9e89fea5b7379f196f9505b74cc80396a163d96d8d5191f2204d1,rolling_recent_cv_oof_threshold,ok,selected-random-100 seed=20260720 stage=focus index=63/100
LR_20260720_005550_496580,2026-07-20T00:56:02,logistic_regression,Logistic Regression,"{""C"": 0.000236612929516, ""solver"": ""liblinear""}",0.44349747410286966,0.04229205893589383,"[0.48467149656397956, 0.4867088524676073, 0.3973360387485273, 0.40527350863136424]",0.4073141473100911,0.025419539984132843,0.5014972275717465,0.10932647321972438,"[0.38213277943251295, 0.44220926080228545, 0.3839415596736449, 0.420972989331921]","[0.6624205985257652, 0.5411665307073767, 0.41169888097660223, 0.3907029000772418]","[{""fold"": 1, ""train_start"": ""2021-01-04"", ""train_end"": ""2021-11-18"", ""train_label_end_max"": ""2021-11-25"", ""validation_start"": ""2021-11-26"", ""validation_end"": ""2022-10-18"", ""train_rows"": 78914, ""validation_rows"": 82539}, {""fold"": 2, ""train_start"": ""2021-01-04"", ""train_end"": ""2022-10-11"", ""train_label_end_max"": ""2022-10-18"", ""validation_start"": ""2022-10-19"", ""validation_end"": ""2023-09-08"", ""train_rows"": 161487, ""validation_rows"": 81981}, {""fold"": 3, ""train_start"": ""2021-01-04"", ""train_end"": ""2023-08-30"", ""train_label_end_max"": ""2023-09-08"", ""validation_start"": ""2023-09-11"", ""validation_end"": ""2024-07-30"", ""train_rows"": 243426, ""validation_rows"": 82741}, {""fold"": 4, ""train_start"": ""2021-01-04"", ""train_end"": ""2024-07-23"", ""train_label_end_max"": ""2024-07-30"", ""validation_start"": ""2024-07-31"", ""validation_end"": ""2025-06-23"", ""train_rows"": 326201, ""validation_rows"": 82447}]",0.49,0.44969724515079096,0.40600822010285054,0.5039224545118495,0.3692206437211108,0.4582630691399663,True,11.974,9eabd4bf8d11,9cf8f4c431a9e89fea5b7379f196f9505b74cc80396a163d96d8d5191f2204d1,rolling_recent_cv_oof_threshold,ok,selected-random-100 seed=20260720 stage=focus index=64/100
LR_20260720_005602_473301,2026-07-20T00:56:13,logistic_regression,Logistic Regression,"{""C"": 9.9661541887e-05, ""solver"": ""liblinear""}",0.4463934358666895,0.04176986419409001,"[0.4853918311510651, 0.49080820390489277, 0.40288937586234885, 0.40648433254845134]",0.40684214012877257,0.025545909084706057,0.5103059357591816,0.11219038049554682,"[0.3789598153834417, 0.4421630460172857, 0.38642378950646117, 0.41982190960790183]","[0.6749549916777065, 0.5514800139843841, 0.4208206171583588, 0.393968120216277]","[{""fold"": 1, ""train_start"": ""2021-01-04"", ""train_end"": ""2021-11-18"", ""train_label_end_max"": ""2021-11-25"", ""validation_start"": ""2021-11-26"", ""validation_end"": ""2022-10-18"", ""train_rows"": 78914, ""validation_rows"": 82539}, {""fold"": 2, ""train_start"": ""2021-01-04"", ""train_end"": ""2022-10-11"", ""train_label_end_max"": ""2022-10-18"", ""validation_start"": ""2022-10-19"", ""validation_end"": ""2023-09-08"", ""train_rows"": 161487, ""validation_rows"": 81981}, {""fold"": 3, ""train_start"": ""2021-01-04"", ""train_end"": ""2023-08-30"", ""train_label_end_max"": ""2023-09-08"", ""validation_start"": ""2023-09-11"", ""validation_end"": ""2024-07-30"", ""train_rows"": 243426, ""validation_rows"": 82741}, {""fold"": 4, ""train_start"": ""2021-01-04"", ""train_end"": ""2024-07-23"", ""train_label_end_max"": ""2024-07-30"", ""validation_start"": ""2024-07-31"", ""validation_end"": ""2025-06-23"", ""train_rows"": 326201, ""validation_rows"": 82447}]",0.49,0.45268489346351437,0.4051633503368249,0.5128352569105024,0.3692206437211108,0.46734079852475524,True,11.107,9eabd4bf8d11,9cf8f4c431a9e89fea5b7379f196f9505b74cc80396a163d96d8d5191f2204d1,rolling_recent_cv_oof_threshold,ok,selected-random-100 seed=20260720 stage=focus index=65/100
LR_20260720_005613_586176,2026-07-20T00:56:23,logistic_regression,Logistic Regression,"{""C"": 0.000246378975083, ""solver"": ""lbfgs""}",0.4432506817177413,0.04226944416587542,"[0.48470365668483806, 0.4861524736628052, 0.39719725619239393, 0.4049493403309279]",0.407413007961817,0.025318420273960036,0.5006746380011565,0.10906098650451733,"[0.3825014241656354, 0.4422062579059166, 0.3839774633621372, 0.4209668864135788]","[0.661435510717076, 0.539797226430486, 0.41135978297728043, 0.3901060318797837]","[{""fold"": 1, ""train_start"": ""2021-01-04"", ""train_end"": ""2021-11-18"", ""train_label_end_max"": ""2021-11-25"", ""validation_start"": ""2021-11-26"", ""validation_end"": ""2022-10-18"", ""train_rows"": 78914, ""validation_rows"": 82539}, {""fold"": 2, ""train_start"": ""2021-01-04"", ""train_end"": ""2022-10-11"", ""train_label_end_max"": ""2022-10-18"", ""validation_start"": ""2022-10-19"", ""validation_end"": ""2023-09-08"", ""train_rows"": 161487, ""validation_rows"": 81981}, {""fold"": 3, ""train_start"": ""2021-01-04"", ""train_end"": ""2023-08-30"", ""train_label_end_max"": ""2023-09-08"", ""validation_start"": ""2023-09-11"", ""validation_end"": ""2024-07-30"", ""train_rows"": 243426, ""validation_rows"": 82741}, {""fold"": 4, ""train_start"": ""2021-01-04"", ""train_end"": ""2024-07-23"", ""train_label_end_max"": ""2024-07-30"", ""validation_start"": ""2024-07-31"", ""validation_end"": ""2025-06-23"", ""train_rows"": 326201, ""validation_rows"": 82447}]",0.49,0.44943638818763576,0.4061329106788777,0.5030763543763092,0.3692206437211108,0.4573531731107525,True,9.939,9eabd4bf8d11,9cf8f4c431a9e89fea5b7379f196f9505b74cc80396a163d96d8d5191f2204d1,rolling_recent_cv_oof_threshold,ok,selected-random-100 seed=20260720 stage=focus index=66/100
LR_20260720_005623_528127,2026-07-20T00:56:37,logistic_regression,Logistic Regression,"{""C"": 0.000652963754693, ""solver"": ""liblinear""}",0.4416589752767479,0.043249817182688735,"[0.4846762327552599, 0.4847966752590878, 0.3931270122872725, 0.40403598080537156]",0.4071261367547209,0.02527750864296964,0.49651162302023216,0.10778576571069036,"[0.3847997124485802, 0.4418632527809743, 0.38125278786720196, 0.4205887939221273]","[0.6545738646013791, 0.5369712154760518, 0.40576466598847066, 0.38873674601502706]","[{""fold"": 1, ""train_start"": ""2021-01-04"", ""train_end"": ""2021-11-18"", ""train_label_end_max"": ""2021-11-25"", ""validation_start"": ""2021-11-26"", ""validation_end"": ""2022-10-18"", ""train_rows"": 78914, ""validation_rows"": 82539}, {""fold"": 2, ""train_start"": ""2021-01-04"", ""train_end"": ""2022-10-11"", ""train_label_end_max"": ""2022-10-18"", ""validation_start"": ""2022-10-19"", ""validation_end"": ""2023-09-08"", ""train_rows"": 161487, ""validation_rows"": 81981}, {""fold"": 3, ""train_start"": ""2021-01-04"", ""train_end"": ""2023-08-30"", ""train_label_end_max"": ""2023-09-08"", ""validation_start"": ""2023-09-11"", ""validation_end"": ""2024-07-30"", ""train_rows"": 243426, ""validation_rows"": 82741}, {""fold"": 4, ""train_start"": ""2021-01-04"", ""train_end"": ""2024-07-23"", ""train_label_end_max"": ""2024-07-30"", ""validation_start"": ""2024-07-31"", ""validation_end"": ""2025-06-23"", ""train_rows"": 326201, ""validation_rows"": 82447}]",0.49,0.44786827707236504,0.40627821887479015,0.4989444284716803,0.3692206437211108,0.45343455421160545,True,14.223,9eabd4bf8d11,9cf8f4c431a9e89fea5b7379f196f9505b74cc80396a163d96d8d5191f2204d1,rolling_recent_cv_oof_threshold,ok,selected-random-100 seed=20260720 stage=focus index=67/100
LR_20260720_005637_752855,2026-07-20T00:56:46,logistic_regression,Logistic Regression,"{""C"": 0.00021559633104, ""solver"": ""lbfgs""}",0.44336876706828177,0.042193214626106146,"[0.4845632249571546, 0.48636530494519903, 0.397315875613748, 0.4052306627570255]",0.4072628226105485,0.02544681224280615,0.5013240280234951,0.10940593393711692,"[0.3819078754184367, 0.44214816933638446, 0.3839924074659918, 0.4210028382213813]","[0.6626923468867828, 0.5404090432350542, 0.4115971515768057, 0.3905975703953374]","[{""fold"": 1, ""train_start"": ""2021-01-04"", ""train_end"": ""2021-11-18"", ""train_label_end_max"": ""2021-11-25"", ""validation_start"": ""2021-11-26"", ""validation_end"": ""2022-10-18"", ""train_rows"": 78914, ""validation_rows"": 82539}, {""fold"": 2, ""train_start"": ""2021-01-04"", ""train_end"": ""2022-10-11"", ""train_label_end_max"": ""2022-10-18"", ""validation_start"": ""2022-10-19"", ""validation_end"": ""2023-09-08"", ""train_rows"": 161487, ""validation_rows"": 81981}, {""fold"": 3, ""train_start"": ""2021-01-04"", ""train_end"": ""2023-08-30"", ""train_label_end_max"": ""2023-09-08"", ""validation_start"": ""2023-09-11"", ""validation_end"": ""2024-07-30"", ""train_rows"": 243426, ""validation_rows"": 82741}, {""fold"": 4, ""train_start"": ""2021-01-04"", ""train_end"": ""2024-07-23"", ""train_label_end_max"": ""2024-07-30"", ""validation_start"": ""2024-07-31"", ""validation_end"": ""2025-06-23"", ""train_rows"": 326201, ""validation_rows"": 82447}]",0.49,0.4495592089587801,0.40591116700867147,0.5037253049657042,0.3692206437211108,0.4581933104443932,True,8.597,9eabd4bf8d11,9cf8f4c431a9e89fea5b7379f196f9505b74cc80396a163d96d8d5191f2204d1,rolling_recent_cv_oof_threshold,ok,selected-random-100 seed=20260720 stage=focus index=68/100
LR_20260720_005646_351726,2026-07-20T00:56:57,logistic_regression,Logistic Regression,"{""C"": 0.000137253082064, ""solver"": ""liblinear""}",0.44498449076712804,0.04211572039251389,"[0.48493278841892756, 0.48914601412451464, 0.40052146989326165, 0.4053376906318083]",0.40699063877763286,0.025462951804948238,0.5061438494632965,0.11095714472842731,"[0.38027298878313415, 0.44245910140964595, 0.3855372549019608, 0.4196932100157907]","[0.6690784333706987, 0.5468476867497961, 0.4167175313665649, 0.391931746366126]","[{""fold"": 1, ""train_start"": ""2021-01-04"", ""train_end"": ""2021-11-18"", ""train_label_end_max"": ""2021-11-25"", ""validation_start"": ""2021-11-26"", ""validation_end"": ""2022-10-18"", ""train_rows"": 78914, ""validation_rows"": 82539}, {""fold"": 2, ""train_start"": ""2021-01-04"", ""train_end"": ""2022-10-11"", ""train_label_end_max"": ""2022-10-18"", ""validation_start"": ""2022-10-19"", ""validation_end"": ""2023-09-08"", ""train_rows"": 161487, ""validation_rows"": 81981}, {""fold"": 3, ""train_start"": ""2021-01-04"", ""train_end"": ""2023-08-30"", ""train_label_end_max"": ""2023-09-08"", ""validation_start"": ""2023-09-11"", ""validation_end"": ""2024-07-30"", ""train_rows"": 243426, ""validation_rows"": 82741}, {""fold"": 4, ""train_start"": ""2021-01-04"", ""train_end"": ""2024-07-23"", ""train_label_end_max"": ""2024-07-30"", ""validation_start"": ""2024-07-31"", ""validation_end"": ""2025-06-23"", ""train_rows"": 326201, ""validation_rows"": 82447}]",0.49,0.45126026229197563,0.40551567862101484,0.5086376144904916,0.3692206437211108,0.46311281497567547,True,11.615,9eabd4bf8d11,9cf8f4c431a9e89fea5b7379f196f9505b74cc80396a163d96d8d5191f2204d1,rolling_recent_cv_oof_threshold,ok,selected-random-100 seed=20260720 stage=focus index=69/100
LR_20260720_005657_968602,2026-07-20T00:57:07,logistic_regression,Logistic Regression,"{""C"": 2.57325016774e-05, ""solver"": ""liblinear""}",0.4148090352988017,0.04851890806876786,"[0.46563569325446297, 0.4608611255679181, 0.3632513559699829, 0.3694879664028428]",0.4159689975668786,0.02544886832035747,0.43159619263464144,0.11334560610426854,"[0.38194912857111774, 0.44553836111942124, 0.4016265505627208, 0.4347619500142545]","[0.596283841163083, 0.4772753758303228, 0.33157002373685995, 0.32125552980829997]","[{""fold"": 1, ""train_start"": ""2021-01-04"", ""train_end"": ""2021-11-18"", ""train_label_end_max"": ""2021-11-25"", ""validation_start"": ""2021-11-26"", ""validation_end"": ""2022-10-18"", ""train_rows"": 78914, ""validation_rows"": 82539}, {""fold"": 2, ""train_start"": ""2021-01-04"", ""train_end"": ""2022-10-11"", ""train_label_end_max"": ""2022-10-18"", ""validation_start"": ""2022-10-19"", ""validation_end"": ""2023-09-08"", ""train_rows"": 161487, ""validation_rows"": 81981}, {""fold"": 3, ""train_start"": ""2021-01-04"", ""train_end"": ""2023-08-30"", ""train_label_end_max"": ""2023-09-08"", ""validation_start"": ""2023-09-11"", ""validation_end"": ""2024-07-30"", ""train_rows"": 243426, ""validation_rows"": 82741}, {""fold"": 4, ""train_start"": ""2021-01-04"", ""train_end"": ""2024-07-23"", ""train_label_end_max"": ""2024-07-30"", ""validation_start"": ""2024-07-31"", ""validation_end"": ""2025-06-23"", ""train_rows"": 326201, ""validation_rows"": 82447}]",0.5,0.42315743131015987,0.4126131751482985,0.4342547336427486,0.3692206437211108,0.388586264209543,True,9.899,9eabd4bf8d11,9cf8f4c431a9e89fea5b7379f196f9505b74cc80396a163d96d8d5191f2204d1,rolling_recent_cv_oof_threshold,ok,selected-random-100 seed=20260720 stage=focus index=70/100
LR_20260720_005707_871319,2026-07-20T00:57:17,logistic_regression,Logistic Regression,"{""C"": 2.68012167507e-05, ""solver"": ""liblinear""}",0.45734299469177625,0.04198718370414,"[0.4906833744817627, 0.5070380465220475, 0.4192218822206957, 0.41242867554259915]",0.4055152600109022,0.02668543053245333,0.5429151236099453,0.12088249502701466,"[0.37333640503996174, 0.44258555133079847, 0.3884613158960708, 0.4176777677767777]","[0.7156153401949794, 0.5934623004311852, 0.45527297388945404, 0.4073098799241626]","[{""fold"": 1, ""train_start"": ""2021-01-04"", ""train_end"": ""2021-11-18"", ""train_label_end_max"": ""2021-11-25"", ""validation_start"": ""2021-11-26"", ""validation_end"": ""2022-10-18"", ""train_rows"": 78914, ""validation_rows"": 82539}, {""fold"": 2, ""train_start"": ""2021-01-04"", ""train_end"": ""2022-10-11"", ""train_label_end_max"": ""2022-10-18"", ""validation_start"": ""2022-10-19"", ""validation_end"": ""2023-09-08"", ""train_rows"": 161487, ""validation_rows"": 81981}, {""fold"": 3, ""train_start"": ""2021-01-04"", ""train_end"": ""2023-08-30"", ""train_label_end_max"": ""2023-09-08"", ""validation_start"": ""2023-09-11"", ""validation_end"": ""2024-07-30"", ""train_rows"": 243426, ""validation_rows"": 82741}, {""fold"": 4, ""train_start"": ""2021-01-04"", ""train_end"": ""2024-07-23"", ""train_label_end_max"": ""2024-07-30"", ""validation_start"": ""2024-07-31"", ""validation_end"": ""2025-06-23"", ""train_rows"": 326201, ""validation_rows"": 82447}]",0.49,0.4639299749411921,0.40332299700833174,0.5459728097917608,0.3692206437211108,0.4998089218338651,True,9.856,9eabd4bf8d11,9cf8f4c431a9e89fea5b7379f196f9505b74cc80396a163d96d8d5191f2204d1,rolling_recent_cv_oof_threshold,ok,selected-random-100 seed=20260720 stage=focus index=71/100
LR_20260720_005717_734517,2026-07-20T00:57:26,logistic_regression,Logistic Regression,"{""C"": 0.00022159762779, ""solver"": ""lbfgs""}",0.4434204220047145,0.04221014602711649,"[0.4845631080023357, 0.48648719528985984, 0.3972107184364309, 0.4054206662902315]",0.4073804017981718,0.02553134341842,0.5012560971106812,0.10930763690708023,"[0.38199804113614105, 0.44233016190953095, 0.3839435460903136, 0.4212498580567016]","[0.6624205985257652, 0.5404381773686051, 0.4114276025771448, 0.3907380099712099]","[{""fold"": 1, ""train_start"": ""2021-01-04"", ""train_end"": ""2021-11-18"", ""train_label_end_max"": ""2021-11-25"", ""validation_start"": ""2021-11-26"", ""validation_end"": ""2022-10-18"", ""train_rows"": 78914, ""validation_rows"": 82539}, {""fold"": 2, ""train_start"": ""2021-01-04"", ""train_end"": ""2022-10-11"", ""train_label_end_max"": ""2022-10-18"", ""validation_start"": ""2022-10-19"", ""validation_end"": ""2023-09-08"", ""train_rows"": 161487, ""validation_rows"": 81981}, {""fold"": 3, ""train_start"": ""2021-01-04"", ""train_end"": ""2023-08-30"", ""train_label_end_max"": ""2023-09-08"", ""validation_start"": ""2023-09-11"", ""validation_end"": ""2024-07-30"", ""train_rows"": 243426, ""validation_rows"": 82741}, {""fold"": 4, ""train_start"": ""2021-01-04"", ""train_end"": ""2024-07-23"", ""train_label_end_max"": ""2024-07-30"", ""validation_start"": ""2024-07-31"", ""validation_end"": ""2025-06-23"", ""train_rows"": 326201, ""validation_rows"": 82447}]",0.49,0.4496043880297131,0.40602753514737727,0.5036595884503224,0.3692206437211108,0.4580022322782583,True,9.068,9eabd4bf8d11,9cf8f4c431a9e89fea5b7379f196f9505b74cc80396a163d96d8d5191f2204d1,rolling_recent_cv_oof_threshold,ok,selected-random-100 seed=20260720 stage=focus index=72/100
LR_20260720_005726_804293,2026-07-20T00:57:36,logistic_regression,Logistic Regression,"{""C"": 2.76658449718e-05, ""solver"": ""liblinear""}",0.4569722774907097,0.0421947849690854,"[0.4908441997713966, 0.506624786548505, 0.41843150749210123, 0.411988616150836]",0.40558186276590447,0.026607168153827243,0.5417610721646847,0.12094093136999716,"[0.3737544183733281, 0.4427186580982464, 0.38834049471606086, 0.41751387987598243]","[0.7147661265667992, 0.5920929961542943, 0.453577483892845, 0.40660768204480024]","[{""fold"": 1, ""train_start"": ""2021-01-04"", ""train_end"": ""2021-11-18"", ""train_label_end_max"": ""2021-11-25"", ""validation_start"": ""2021-11-26"", ""validation_end"": ""2022-10-18"", ""train_rows"": 78914, ""validation_rows"": 82539}, {""fold"": 2, ""train_start"": ""2021-01-04"", ""train_end"": ""2022-10-11"", ""train_label_end_max"": ""2022-10-18"", ""validation_start"": ""2022-10-19"", ""validation_end"": ""2023-09-08"", ""train_rows"": 161487, ""validation_rows"": 81981}, {""fold"": 3, ""train_start"": ""2021-01-04"", ""train_end"": ""2023-08-30"", ""train_label_end_max"": ""2023-09-08"", ""validation_start"": ""2023-09-11"", ""validation_end"": ""2024-07-30"", ""train_rows"": 243426, ""validation_rows"": 82741}, {""fold"": 4, ""train_start"": ""2021-01-04"", ""train_end"": ""2024-07-23"", ""train_label_end_max"": ""2024-07-30"", ""validation_start"": ""2024-07-31"", ""validation_end"": ""2025-06-23"", ""train_rows"": 326201, ""validation_rows"": 82447}]",0.49,0.4635940738358946,0.40345284878274307,0.5448063416437343,0.3692206437211108,0.4985805621944266,True,10.002,9eabd4bf8d11,9cf8f4c431a9e89fea5b7379f196f9505b74cc80396a163d96d8d5191f2204d1,rolling_recent_cv_oof_threshold,ok,selected-random-100 seed=20260720 stage=focus index=73/100
LR_20260720_005736_809544,2026-07-20T00:57:45,logistic_regression,Logistic Regression,"{""C"": 0.000861835035632, ""solver"": ""lbfgs""}",0.44133207420412046,0.043388736255160626,"[0.48448645242596095, 0.4845557558927655, 0.39226264885847756, 0.40402343963927784]",0.40717918576069906,0.0253418109065255,0.49553504500393575,0.1074813968042002,"[0.3851255234317084, 0.4418973091048753, 0.3808854532677442, 0.42080845723846827]","[0.652943374435273, 0.5363302645379326, 0.4043404543913191, 0.3885260866512183]","[{""fold"": 1, ""train_start"": ""2021-01-04"", ""train_end"": ""2021-11-18"", ""train_label_end_max"": ""2021-11-25"", ""validation_start"": ""2021-11-26"", ""validation_end"": ""2022-10-18"", ""train_rows"": 78914, ""validation_rows"": 82539}, {""fold"": 2, ""train_start"": ""2021-01-04"", ""train_end"": ""2022-10-11"", ""train_label_end_max"": ""2022-10-18"", ""validation_start"": ""2022-10-19"", ""validation_end"": ""2023-09-08"", ""train_rows"": 161487, ""validation_rows"": 81981}, {""fold"": 3, ""train_start"": ""2021-01-04"", ""train_end"": ""2023-08-30"", ""train_label_end_max"": ""2023-09-08"", ""validation_start"": ""2023-09-11"", ""validation_end"": ""2024-07-30"", ""train_rows"": 243426, ""validation_rows"": 82741}, {""fold"": 4, ""train_start"": ""2021-01-04"", ""train_end"": ""2024-07-23"", ""train_label_end_max"": ""2024-07-30"", ""validation_start"": ""2024-07-31"", ""validation_end"": ""2025-06-23"", ""train_rows"": 326201, ""validation_rows"": 82447}]",0.49,0.4475393860646419,0.4063805112185181,0.49797510986979915,0.3692206437211108,0.4524397345529984,True,9.107,9eabd4bf8d11,9cf8f4c431a9e89fea5b7379f196f9505b74cc80396a163d96d8d5191f2204d1,rolling_recent_cv_oof_threshold,ok,selected-random-100 seed=20260720 stage=focus index=74/100
LR_20260720_005745_919203,2026-07-20T00:57:56,logistic_regression,Logistic Regression,"{""C"": 0.00125698242681, ""solver"": ""lbfgs""}",0.44117613691488067,0.04384666916100005,"[0.48530209897890925, 0.4842393666767654, 0.3909633193817355, 0.40419976262211266]",0.4073572121347985,0.025340445922552544,0.4948570129759434,0.1078655299802318,"[0.38612171118698535, 0.4419253239727839, 0.38027311193742785, 0.42110870144199675]","[0.6530452800706545, 0.5355145087985084, 0.40227195659545606, 0.38859630643915455]","[{""fold"": 1, ""train_start"": ""2021-01-04"", ""train_end"": ""2021-11-18"", ""train_label_end_max"": ""2021-11-25"", ""validation_start"": ""2021-11-26"", ""validation_end"": ""2022-10-18"", ""train_rows"": 78914, ""validation_rows"": 82539}, {""fold"": 2, ""train_start"": ""2021-01-04"", ""train_end"": ""2022-10-11"", ""train_label_end_max"": ""2022-10-18"", ""validation_start"": ""2022-10-19"", ""validation_end"": ""2023-09-08"", ""train_rows"": 161487, ""validation_rows"": 81981}, {""fold"": 3, ""train_start"": ""2021-01-04"", ""train_end"": ""2023-08-30"", ""train_label_end_max"": ""2023-09-08"", ""validation_start"": ""2023-09-11"", ""validation_end"": ""2024-07-30"", ""train_rows"": 243426, ""validation_rows"": 82741}, {""fold"": 4, ""train_start"": ""2021-01-04"", ""train_end"": ""2024-07-23"", ""train_label_end_max"": ""2024-07-30"", ""validation_start"": ""2024-07-31"", ""validation_end"": ""2025-06-23"", ""train_rows"": 326201, ""validation_rows"": 82447}]",0.49,0.4474328983691615,0.40666523357203316,0.49728508645829056,0.3692206437211108,0.45149647566938017,True,10.213,9eabd4bf8d11,9cf8f4c431a9e89fea5b7379f196f9505b74cc80396a163d96d8d5191f2204d1,rolling_recent_cv_oof_threshold,ok,selected-random-100 seed=20260720 stage=focus index=75/100
LR_20260720_005756_134834,2026-07-20T00:58:04,logistic_regression,Logistic Regression,"{""C"": 0.000139697787061, ""solver"": ""lbfgs""}",0.4445996563359873,0.04203223609198814,"[0.48479319484682243, 0.488369664534656, 0.40031975985382406, 0.40491600610864664]",0.40712526303900465,0.025363154467353786,0.5049812213060614,0.11073355010831469,"[0.38048610573573804, 0.4423922811332356, 0.3857448280198705, 0.4198778372671744]","[0.6678895342912463, 0.5450122363360914, 0.4160393353679213, 0.39098377922898675]","[{""fold"": 1, ""train_start"": ""2021-01-04"", ""train_end"": ""2021-11-18"", ""train_label_end_max"": ""2021-11-25"", ""validation_start"": ""2021-11-26"", ""validation_end"": ""2022-10-18"", ""train_rows"": 78914, ""validation_rows"": 82539}, {""fold"": 2, ""train_start"": ""2021-01-04"", ""train_end"": ""2022-10-11"", ""train_label_end_max"": ""2022-10-18"", ""validation_start"": ""2022-10-19"", ""validation_end"": ""2023-09-08"", ""train_rows"": 161487, ""validation_rows"": 81981}, {""fold"": 3, ""train_start"": ""2021-01-04"", ""train_end"": ""2023-08-30"", ""train_label_end_max"": ""2023-09-08"", ""validation_start"": ""2023-09-11"", ""validation_end"": ""2024-07-30"", ""train_rows"": 243426, ""validation_rows"": 82741}, {""fold"": 4, ""train_start"": ""2021-01-04"", ""train_end"": ""2024-07-23"", ""train_label_end_max"": ""2024-07-30"", ""validation_start"": ""2024-07-31"", ""validation_end"": ""2025-06-23"", ""train_rows"": 326201, ""validation_rows"": 82447}]",0.49,0.4508639722653043,0.40563398778646004,0.507446502649197,0.3692206437211108,0.46189355429652906,True,8.725,9eabd4bf8d11,9cf8f4c431a9e89fea5b7379f196f9505b74cc80396a163d96d8d5191f2204d1,rolling_recent_cv_oof_threshold,ok,selected-random-100 seed=20260720 stage=focus index=76/100
LR_20260720_005804_865849,2026-07-20T00:58:13,logistic_regression,Logistic Regression,"{""C"": 0.000125958198273, ""solver"": ""lbfgs""}",0.4448127277956451,0.0419535760664195,"[0.484492833856185, 0.4889085837916743, 0.40044998043563323, 0.40539951309908795]",0.40696009706287195,0.025572624951810632,0.505870442737361,0.11095381594348225,"[0.37979786290167034, 0.4423376255836989, 0.38563712868178107, 0.42006777108433735]","[0.6688746220999354, 0.5464398088800839, 0.41644625296710747, 0.3917210870023172]","[{""fold"": 1, ""train_start"": ""2021-01-04"", ""train_end"": ""2021-11-18"", ""train_label_end_max"": ""2021-11-25"", ""validation_start"": ""2021-11-26"", ""validation_end"": ""2022-10-18"", ""train_rows"": 78914, ""validation_rows"": 82539}, {""fold"": 2, ""train_start"": ""2021-01-04"", ""train_end"": ""2022-10-11"", ""train_label_end_max"": ""2022-10-18"", ""validation_start"": ""2022-10-19"", ""validation_end"": ""2023-09-08"", ""train_rows"": 161487, ""validation_rows"": 81981}, {""fold"": 3, ""train_start"": ""2021-01-04"", ""train_end"": ""2023-08-30"", ""train_label_end_max"": ""2023-09-08"", ""validation_start"": ""2023-09-11"", ""validation_end"": ""2024-07-30"", ""train_rows"": 243426, ""validation_rows"": 82741}, {""fold"": 4, ""train_start"": ""2021-01-04"", ""train_end"": ""2024-07-23"", ""train_label_end_max"": ""2024-07-30"", ""validation_start"": ""2024-07-31"", ""validation_end"": ""2025-06-23"", ""train_rows"": 326201, ""validation_rows"": 82447}]",0.49,0.4510749337619219,0.40539389731025716,0.5083583193001191,0.3692206437211108,0.4629975614786417,True,8.77,9eabd4bf8d11,9cf8f4c431a9e89fea5b7379f196f9505b74cc80396a163d96d8d5191f2204d1,rolling_recent_cv_oof_threshold,ok,selected-random-100 seed=20260720 stage=focus index=77/100
LR_20260720_005813_638580,2026-07-20T00:58:28,logistic_regression,Logistic Regression,"{""C"": 0.000888005036885, ""solver"": ""liblinear""}",0.44132706093149576,0.043324598654424645,"[0.48465755150904166, 0.4842238281404257, 0.3921781461745938, 0.4042487179019218]",0.40714792482728185,0.02528445147082983,0.495556965371432,0.1074656551633314,"[0.3852472153217405, 0.441661664065314, 0.3807562112793, 0.420926608642773]","[0.6532151227962907, 0.5358641184011188, 0.40430654459138693, 0.3888420756969314]","[{""fold"": 1, ""train_start"": ""2021-01-04"", ""train_end"": ""2021-11-18"", ""train_label_end_max"": ""2021-11-25"", ""validation_start"": ""2021-11-26"", ""validation_end"": ""2022-10-18"", ""train_rows"": 78914, ""validation_rows"": 82539}, {""fold"": 2, ""train_start"": ""2021-01-04"", ""train_end"": ""2022-10-11"", ""train_label_end_max"": ""2022-10-18"", ""validation_start"": ""2022-10-19"", ""validation_end"": ""2023-09-08"", ""train_rows"": 161487, ""validation_rows"": 81981}, {""fold"": 3, ""train_start"": ""2021-01-04"", ""train_end"": ""2023-08-30"", ""train_label_end_max"": ""2023-09-08"", ""validation_start"": ""2023-09-11"", ""validation_end"": ""2024-07-30"", ""train_rows"": 243426, ""validation_rows"": 82741}, {""fold"": 4, ""train_start"": ""2021-01-04"", ""train_end"": ""2024-07-23"", ""train_label_end_max"": ""2024-07-30"", ""validation_start"": ""2024-07-31"", ""validation_end"": ""2025-06-23"", ""train_rows"": 326201, ""validation_rows"": 82447}]",0.49,0.4475179111253834,0.40634509940611047,0.49797510986979915,0.3692206437211108,0.452479163380931,True,14.475,9eabd4bf8d11,9cf8f4c431a9e89fea5b7379f196f9505b74cc80396a163d96d8d5191f2204d1,rolling_recent_cv_oof_threshold,ok,selected-random-100 seed=20260720 stage=focus index=78/100
LR_20260720_005828_119613,2026-07-20T00:58:37,logistic_regression,Logistic Regression,"{""C"": 2.43797021429e-05, ""solver"": ""liblinear""}",0.4149036278124417,0.04855908976268963,"[0.46553531386415803, 0.4612573613121759, 0.36352831940575675, 0.36929351666767624]",0.4159781788457814,0.025393902599442842,0.4317403216693803,0.1132579158456782,"[0.3819674272774778, 0.4455940257976918, 0.4018062397372742, 0.4345450225706819]","[0.5959101871666836, 0.47806199743619626, 0.33190912173618176, 0.32107998033845936]","[{""fold"": 1, ""train_start"": ""2021-01-04"", ""train_end"": ""2021-11-18"", ""train_label_end_max"": ""2021-11-25"", ""validation_start"": ""2021-11-26"", ""validation_end"": ""2022-10-18"", ""train_rows"": 78914, ""validation_rows"": 82539}, {""fold"": 2, ""train_start"": ""2021-01-04"", ""train_end"": ""2022-10-11"", ""train_label_end_max"": ""2022-10-18"", ""validation_start"": ""2022-10-19"", ""validation_end"": ""2023-09-08"", ""train_rows"": 161487, ""validation_rows"": 81981}, {""fold"": 3, ""train_start"": ""2021-01-04"", ""train_end"": ""2023-08-30"", ""train_label_end_max"": ""2023-09-08"", ""validation_start"": ""2023-09-11"", ""validation_end"": ""2024-07-30"", ""train_rows"": 243426, ""validation_rows"": 82741}, {""fold"": 4, ""train_start"": ""2021-01-04"", ""train_end"": ""2024-07-23"", ""train_label_end_max"": ""2024-07-30"", ""validation_start"": ""2024-07-31"", ""validation_end"": ""2025-06-23"", ""train_rows"": 326201, ""validation_rows"": 82447}]",0.5,0.42326115577467155,0.4126546918647295,0.4344272394956257,0.3692206437211108,0.38870151770657674,True,9.074,9eabd4bf8d11,9cf8f4c431a9e89fea5b7379f196f9505b74cc80396a163d96d8d5191f2204d1,rolling_recent_cv_oof_threshold,ok,selected-random-100 seed=20260720 stage=focus index=79/100
LR_20260720_005837_197882,2026-07-20T00:58:46,logistic_regression,Logistic Regression,"{""C"": 0.000617046972391, ""solver"": ""lbfgs""}",0.44155301352579657,0.04304386127276626,"[0.4845048465571215, 0.48434683054572253, 0.3932595342114772, 0.404100842788865]",0.40703783987999537,0.025234932107729386,0.49638516654296067,0.10761947093373493,"[0.38459542533232205, 0.4416684666522668, 0.3813224614600586, 0.42056500607533415]","[0.654539896056252, 0.5361554597366275, 0.40596812478806377, 0.3888771855908995]","[{""fold"": 1, ""train_start"": ""2021-01-04"", ""train_end"": ""2021-11-18"", ""train_label_end_max"": ""2021-11-25"", ""validation_start"": ""2021-11-26"", ""validation_end"": ""2022-10-18"", ""train_rows"": 78914, ""validation_rows"": 82539}, {""fold"": 2, ""train_start"": ""2021-01-04"", ""train_end"": ""2022-10-11"", ""train_label_end_max"": ""2022-10-18"", ""validation_start"": ""2022-10-19"", ""validation_end"": ""2023-09-08"", ""train_rows"": 161487, ""validation_rows"": 81981}, {""fold"": 3, ""train_start"": ""2021-01-04"", ""train_end"": ""2023-08-30"", ""train_label_end_max"": ""2023-09-08"", ""validation_start"": ""2023-09-11"", ""validation_end"": ""2024-07-30"", ""train_rows"": 243426, ""validation_rows"": 82741}, {""fold"": 4, ""train_start"": ""2021-01-04"", ""train_end"": ""2024-07-23"", ""train_label_end_max"": ""2024-07-30"", ""validation_start"": ""2024-07-31"", ""validation_end"": ""2025-06-23"", ""train_rows"": 326201, ""validation_rows"": 82447}]",0.49,0.4477281776755298,0.40615112942388343,0.4987883517476486,0.3692206437211108,0.45343455421160545,True,9.08,9eabd4bf8d11,9cf8f4c431a9e89fea5b7379f196f9505b74cc80396a163d96d8d5191f2204d1,rolling_recent_cv_oof_threshold,ok,selected-random-100 seed=20260720 stage=focus index=80/100
LR_20260720_005846_281198,2026-07-20T00:58:54,logistic_regression,Logistic Regression,"{""C"": 0.000214562133864, ""solver"": ""lbfgs""}",0.4433528431794519,0.04222145532010244,"[0.48463248351484595, 0.48631995699996067, 0.3972504091653028, 0.40520852303769805]",0.4072314241630268,0.025425654715021243,0.5013337581352684,0.10946734866591534,"[0.3819487942373943, 0.44209271838874986, 0.3839291363492566, 0.42095504767670655]","[0.6628282210672917, 0.5403799091015034, 0.41152933197694136, 0.3905975703953374]","[{""fold"": 1, ""train_start"": ""2021-01-04"", ""train_end"": ""2021-11-18"", ""train_label_end_max"": ""2021-11-25"", ""validation_start"": ""2021-11-26"", ""validation_end"": ""2022-10-18"", ""train_rows"": 78914, ""validation_rows"": 82539}, {""fold"": 2, ""train_start"": ""2021-01-04"", ""train_end"": ""2022-10-11"", ""train_label_end_max"": ""2022-10-18"", ""validation_start"": ""2022-10-19"", ""validation_end"": ""2023-09-08"", ""train_rows"": 161487, ""validation_rows"": 81981}, {""fold"": 3, ""train_start"": ""2021-01-04"", ""train_end"": ""2023-08-30"", ""train_label_end_max"": ""2023-09-08"", ""validation_start"": ""2023-09-11"", ""validation_end"": ""2024-07-30"", ""train_rows"": 243426, ""validation_rows"": 82741}, {""fold"": 4, ""train_start"": ""2021-01-04"", ""train_end"": ""2024-07-23"", ""train_label_end_max"": ""2024-07-30"", ""validation_start"": ""2024-07-31"", ""validation_end"": ""2025-06-23"", ""train_rows"": 326201, ""validation_rows"": 82447}]",0.49,0.4495484135827811,0.405888232140375,0.5037335195301269,0.3692206437211108,0.45822667329879774,True,8.272,9eabd4bf8d11,9cf8f4c431a9e89fea5b7379f196f9505b74cc80396a163d96d8d5191f2204d1,rolling_recent_cv_oof_threshold,ok,selected-random-100 seed=20260720 stage=focus index=81/100
LR_20260720_005854_555672,2026-07-20T00:59:02,logistic_regression,Logistic Regression,"{""C"": 0.000133042181812, ""solver"": ""lbfgs""}",0.4447398763793108,0.042155608437363656,"[0.48479921162847994, 0.48887439676535804, 0.40024791231732776, 0.40503798480607756]",0.4070812091737872,0.02550030233942874,0.5054346553861799,0.11095327016270583,"[0.38031734987727334, 0.44256836537099137, 0.38558230155238515, 0.41985681989449886]","[0.6684330310132817, 0.5460027968768209, 0.4160732451678535, 0.39122954848676356]","[{""fold"": 1, ""train_start"": ""2021-01-04"", ""train_end"": ""2021-11-18"", ""train_label_end_max"": ""2021-11-25"", ""validation_start"": ""2021-11-26"", ""validation_end"": ""2022-10-18"", ""train_rows"": 78914, ""validation_rows"": 82539}, {""fold"": 2, ""train_start"": ""2021-01-04"", ""train_end"": ""2022-10-11"", ""train_label_end_max"": ""2022-10-18"", ""validation_start"": ""2022-10-19"", ""validation_end"": ""2023-09-08"", ""train_rows"": 161487, ""validation_rows"": 81981}, {""fold"": 3, ""train_start"": ""2021-01-04"", ""train_end"": ""2023-08-30"", ""train_label_end_max"": ""2023-09-08"", ""validation_start"": ""2023-09-11"", ""validation_end"": ""2024-07-30"", ""train_rows"": 243426, ""validation_rows"": 82741}, {""fold"": 4, ""train_start"": ""2021-01-04"", ""train_end"": ""2024-07-23"", ""train_label_end_max"": ""2024-07-30"", ""validation_start"": ""2024-07-31"", ""validation_end"": ""2025-06-23"", ""train_rows"": 326201, ""validation_rows"": 82447}]",0.49,0.4510255886557932,0.4055913781002171,0.5079229473857149,0.3692206437211108,0.4623757991920123,True,8.272,9eabd4bf8d11,9cf8f4c431a9e89fea5b7379f196f9505b74cc80396a163d96d8d5191f2204d1,rolling_recent_cv_oof_threshold,ok,selected-random-100 seed=20260720 stage=focus index=82/100
LR_20260720_005902_831039,2026-07-20T00:59:11,logistic_regression,Logistic Regression,"{""C"": 0.000173854912265, ""solver"": ""lbfgs""}",0.4437847476212452,0.04204885928145495,"[0.48447712418300654, 0.48705571471553966, 0.39869996243610056, 0.40490618915033394]",0.40699766176535174,0.025363709152226986,0.5028980195362273,0.10986192361905843,"[0.3811276657902425, 0.4419858021320544, 0.3845741831815747, 0.42030299595753523]","[0.6647304595944156, 0.5423610301829623, 0.413903017972194, 0.3905975703953374]","[{""fold"": 1, ""train_start"": ""2021-01-04"", ""train_end"": ""2021-11-18"", ""train_label_end_max"": ""2021-11-25"", ""validation_start"": ""2021-11-26"", ""validation_end"": ""2022-10-18"", ""train_rows"": 78914, ""validation_rows"": 82539}, {""fold"": 2, ""train_start"": ""2021-01-04"", ""train_end"": ""2022-10-11"", ""train_label_end_max"": ""2022-10-18"", ""validation_start"": ""2022-10-19"", ""validation_end"": ""2023-09-08"", ""train_rows"": 161487, ""validation_rows"": 81981}, {""fold"": 3, ""train_start"": ""2021-01-04"", ""train_end"": ""2023-08-30"", ""train_label_end_max"": ""2023-09-08"", ""validation_start"": ""2023-09-11"", ""validation_end"": ""2024-07-30"", ""train_rows"": 243426, ""validation_rows"": 82741}, {""fold"": 4, ""train_start"": ""2021-01-04"", ""train_end"": ""2024-07-23"", ""train_label_end_max"": ""2024-07-30"", ""validation_start"": ""2024-07-31"", ""validation_end"": ""2025-06-23"", ""train_rows"": 326201, ""validation_rows"": 82447}]",0.49,0.4499957938165446,0.40558573764439054,0.5053271450281349,0.3692206437211108,0.46001916847634877,True,8.766,9eabd4bf8d11,9cf8f4c431a9e89fea5b7379f196f9505b74cc80396a163d96d8d5191f2204d1,rolling_recent_cv_oof_threshold,ok,selected-random-100 seed=20260720 stage=focus index=83/100
LR_20260720_005911_599915,2026-07-20T00:59:26,logistic_regression,Logistic Regression,"{""C"": 0.000218962978884, ""solver"": ""liblinear""}",0.4436368166061223,0.04229112443147833,"[0.4847905677939808, 0.48687294582880486, 0.39754721609026245, 0.40533653671144115]",0.4072072875955017,0.025443938138824194,0.5020571322585939,0.10957712382132154,"[0.38194227158948685, 0.4421691045308598, 0.38389388915206063, 0.4208238851095994]","[0.6634396548795815, 0.5416326768441907, 0.41220752797558496, 0.3909486693350186]","[{""fold"": 1, ""train_start"": ""2021-01-04"", ""train_end"": ""2021-11-18"", ""train_label_end_max"": ""2021-11-25"", ""validation_start"": ""2021-11-26"", ""validation_end"": ""2022-10-18"", ""train_rows"": 78914, ""validation_rows"": 82539}, {""fold"": 2, ""train_start"": ""2021-01-04"", ""train_end"": ""2022-10-11"", ""train_label_end_max"": ""2022-10-18"", ""validation_start"": ""2022-10-19"", ""validation_end"": ""2023-09-08"", ""train_rows"": 161487, ""validation_rows"": 81981}, {""fold"": 3, ""train_start"": ""2021-01-04"", ""train_end"": ""2023-08-30"", ""train_label_end_max"": ""2023-09-08"", ""validation_start"": ""2023-09-11"", ""validation_end"": ""2024-07-30"", ""train_rows"": 243426, ""validation_rows"": 82741}, {""fold"": 4, ""train_start"": ""2021-01-04"", ""train_end"": ""2024-07-23"", ""train_label_end_max"": ""2024-07-30"", ""validation_start"": ""2024-07-31"", ""validation_end"": ""2025-06-23"", ""train_rows"": 326201, ""validation_rows"": 82447}]",0.49,0.4498445288436535,0.40588608515194374,0.5044810448925946,0.3692206437211108,0.458909095320708,True,15.109,9eabd4bf8d11,9cf8f4c431a9e89fea5b7379f196f9505b74cc80396a163d96d8d5191f2204d1,rolling_recent_cv_oof_threshold,ok,selected-random-100 seed=20260720 stage=focus index=84/100
LR_20260720_005926_710267,2026-07-20T00:59:38,logistic_regression,Logistic Regression,"{""C"": 0.00015311822462, ""solver"": ""liblinear""}",0.44450789527973655,0.04211265913913987,"[0.4847722310624283, 0.48835024917160225, 0.39984995025524767, 0.405059150629668]",0.406943975363982,0.025367795575618687,0.5049378963161717,0.11060400344919688,"[0.38059267867518887, 0.44216867469879517, 0.3851930993306728, 0.4198214487512713]","[0.6674819117497197, 0.5453035776716001, 0.41566632756866734, 0.3912997682746998]","[{""fold"": 1, ""train_start"": ""2021-01-04"", ""train_end"": ""2021-11-18"", ""train_label_end_max"": ""2021-11-25"", ""validation_start"": ""2021-11-26"", ""validation_end"": ""2022-10-18"", ""train_rows"": 78914, ""validation_rows"": 82539}, {""fold"": 2, ""train_start"": ""2021-01-04"", ""train_end"": ""2022-10-11"", ""train_label_end_max"": ""2022-10-18"", ""validation_start"": ""2022-10-19"", ""validation_end"": ""2023-09-08"", ""train_rows"": 161487, ""validation_rows"": 81981}, {""fold"": 3, ""train_start"": ""2021-01-04"", ""train_end"": ""2023-08-30"", ""train_label_end_max"": ""2023-09-08"", ""validation_start"": ""2023-09-11"", ""validation_end"": ""2024-07-30"", ""train_rows"": 243426, ""validation_rows"": 82741}, {""fold"": 4, ""train_start"": ""2021-01-04"", ""train_end"": ""2024-07-23"", ""train_label_end_max"": ""2024-07-30"", ""validation_start"": ""2024-07-31"", ""validation_end"": ""2025-06-23"", ""train_rows"": 326201, ""validation_rows"": 82447}]",0.49,0.4507689781621148,0.40550121446858794,0.5074136443915062,0.3692206437211108,0.4620148737670909,True,11.905,9eabd4bf8d11,9cf8f4c431a9e89fea5b7379f196f9505b74cc80396a163d96d8d5191f2204d1,rolling_recent_cv_oof_threshold,ok,selected-random-100 seed=20260720 stage=focus index=85/100
LR_20260720_005938_618924,2026-07-20T00:59:46,logistic_regression,Logistic Regression,"{""C"": 3.99277985843e-05, ""solver"": ""lbfgs""}",0.4523432392546772,0.04195793436420772,"[0.48892478354335667, 0.4993141289437586, 0.4124237063951172, 0.40871033813647634]",0.40652212861926645,0.025938730199047157,0.5274919596362719,0.11811604151335123,"[0.37589028087220133, 0.4426229508196721, 0.38904422597035565, 0.4185310568148366]","[0.6991745643534087, 0.5726605290758653, 0.43879281112241436, 0.39933993399339934]","[{""fold"": 1, ""train_start"": ""2021-01-04"", ""train_end"": ""2021-11-18"", ""train_label_end_max"": ""2021-11-25"", ""validation_start"": ""2021-11-26"", ""validation_end"": ""2022-10-18"", ""train_rows"": 78914, ""validation_rows"": 82539}, {""fold"": 2, ""train_start"": ""2021-01-04"", ""train_end"": ""2022-10-11"", ""train_label_end_max"": ""2022-10-18"", ""validation_start"": ""2022-10-19"", ""validation_end"": ""2023-09-08"", ""train_rows"": 161487, ""validation_rows"": 81981}, {""fold"": 3, ""train_start"": ""2021-01-04"", ""train_end"": ""2023-08-30"", ""train_label_end_max"": ""2023-09-08"", ""validation_start"": ""2023-09-11"", ""validation_end"": ""2024-07-30"", ""train_rows"": 243426, ""validation_rows"": 82741}, {""fold"": 4, ""train_start"": ""2021-01-04"", ""train_end"": ""2024-07-23"", ""train_label_end_max"": ""2024-07-30"", ""validation_start"": ""2024-07-31"", ""validation_end"": ""2025-06-23"", ""train_rows"": 326201, ""validation_rows"": 82447}]",0.49,0.45889997085356404,0.40445981591824715,0.53027477717994,0.3692206437211108,0.48407378650199573,True,8.114,9eabd4bf8d11,9cf8f4c431a9e89fea5b7379f196f9505b74cc80396a163d96d8d5191f2204d1,rolling_recent_cv_oof_threshold,ok,selected-random-100 seed=20260720 stage=focus index=86/100
LR_20260720_005946_741423,2026-07-20T01:00:00,logistic_regression,Logistic Regression,"{""C"": 0.000345337039371, ""solver"": ""liblinear""}",0.44268415665689487,0.04278023310743955,"[0.48455166727052384, 0.4861559457260583, 0.3957418932197838, 0.40428712041121356]",0.4071538853261399,0.025397634704165846,0.4993664109725595,0.10857952998380442,"[0.38322595944824317, 0.44229024401891026, 0.3827050997782705, 0.4203942380591357]","[0.658718027106899, 0.5396806898962825, 0.4096982027806036, 0.3893687241064532]","[{""fold"": 1, ""train_start"": ""2021-01-04"", ""train_end"": ""2021-11-18"", ""train_label_end_max"": ""2021-11-25"", ""validation_start"": ""2021-11-26"", ""validation_end"": ""2022-10-18"", ""train_rows"": 78914, ""validation_rows"": 82539}, {""fold"": 2, ""train_start"": ""2021-01-04"", ""train_end"": ""2022-10-11"", ""train_label_end_max"": ""2022-10-18"", ""validation_start"": ""2022-10-19"", ""validation_end"": ""2023-09-08"", ""train_rows"": 161487, ""validation_rows"": 81981}, {""fold"": 3, ""train_start"": ""2021-01-04"", ""train_end"": ""2023-08-30"", ""train_label_end_max"": ""2023-09-08"", ""validation_start"": ""2023-09-11"", ""validation_end"": ""2024-07-30"", ""train_rows"": 243426, ""validation_rows"": 82741}, {""fold"": 4, ""train_start"": ""2021-01-04"", ""train_end"": ""2024-07-23"", ""train_label_end_max"": ""2024-07-30"", ""validation_start"": ""2024-07-31"", ""validation_end"": ""2025-06-23"", ""train_rows"": 326201, ""validation_rows"": 82447}]",0.49,0.4488975599719292,0.40607841312469256,0.5018113114552101,0.3692206437211108,0.4562643308624601,True,13.739,9eabd4bf8d11,9cf8f4c431a9e89fea5b7379f196f9505b74cc80396a163d96d8d5191f2204d1,rolling_recent_cv_oof_threshold,ok,selected-random-100 seed=20260720 stage=focus index=87/100
LR_20260720_010000_483335,2026-07-20T01:00:07,logistic_regression,Logistic Regression,"{""C"": 0.000137749785461, ""solver"": ""lbfgs""}",0.4446378928589053,0.04206386180620008,"[0.48469161366661734, 0.4886030035358741, 0.40031975985382406, 0.404937194379306]",0.4070993150196388,0.02541132365002109,0.5051225963206367,0.11076042857856169,"[0.3803609773083396, 0.4424490181715069, 0.3857448280198705, 0.41984243657883824]","[0.6678895342912463, 0.5455075166064561, 0.4160393353679213, 0.39105399901692295]","[{""fold"": 1, ""train_start"": ""2021-01-04"", ""train_end"": ""2021-11-18"", ""train_label_end_max"": ""2021-11-25"", ""validation_start"": ""2021-11-26"", ""validation_end"": ""2022-10-18"", ""train_rows"": 78914, ""validation_rows"": 82539}, {""fold"": 2, ""train_start"": ""2021-01-04"", ""train_end"": ""2022-10-11"", ""train_label_end_max"": ""2022-10-18"", ""validation_start"": ""2022-10-19"", ""validation_end"": ""2023-09-08"", ""train_rows"": 161487, ""validation_rows"": 81981}, {""fold"": 3, ""train_start"": ""2021-01-04"", ""train_end"": ""2023-08-30"", ""train_label_end_max"": ""2023-09-08"", ""validation_start"": ""2023-09-11"", ""validation_end"": ""2024-07-30"", ""train_rows"": 243426, ""validation_rows"": 82741}, {""fold"": 4, ""train_start"": ""2021-01-04"", ""train_end"": ""2024-07-23"", ""train_label_end_max"": ""2024-07-30"", ""validation_start"": ""2024-07-31"", ""validation_end"": ""2025-06-23"", ""train_rows"": 326201, ""validation_rows"": 82447}]",0.49,0.4509088520953583,0.4056069367956048,0.5076025793732287,0.3692206437211108,0.4620664345420797,True,7.441,9eabd4bf8d11,9cf8f4c431a9e89fea5b7379f196f9505b74cc80396a163d96d8d5191f2204d1,rolling_recent_cv_oof_threshold,ok,selected-random-100 seed=20260720 stage=focus index=88/100
LR_20260720_010007_926505,2026-07-20T01:00:14,logistic_regression,Logistic Regression,"{""C"": 1.84539862715e-05, ""solver"": ""lbfgs""}",0.41373887480455274,0.04937853151590873,"[0.4649478910170236, 0.46117905343597393, 0.36175046554934825, 0.3670780892158651]",0.4159156885301,0.025449623395442718,0.42949461848485715,0.11356562257099378,"[0.38225509936093843, 0.44605667928021125, 0.40119785212722014, 0.4341531233520303]","[0.5932946091918884, 0.4773627782309754, 0.3293658867412682, 0.3179551997752967]","[{""fold"": 1, ""train_start"": ""2021-01-04"", ""train_end"": ""2021-11-18"", ""train_label_end_max"": ""2021-11-25"", ""validation_start"": ""2021-11-26"", ""validation_end"": ""2022-10-18"", ""train_rows"": 78914, ""validation_rows"": 82539}, {""fold"": 2, ""train_start"": ""2021-01-04"", ""train_end"": ""2022-10-11"", ""train_label_end_max"": ""2022-10-18"", ""validation_start"": ""2022-10-19"", ""validation_end"": ""2023-09-08"", ""train_rows"": 161487, ""validation_rows"": 81981}, {""fold"": 3, ""train_start"": ""2021-01-04"", ""train_end"": ""2023-08-30"", ""train_label_end_max"": ""2023-09-08"", ""validation_start"": ""2023-09-11"", ""validation_end"": ""2024-07-30"", ""train_rows"": 243426, ""validation_rows"": 82741}, {""fold"": 4, ""train_start"": ""2021-01-04"", ""train_end"": ""2024-07-23"", ""train_label_end_max"": ""2024-07-30"", ""validation_start"": ""2024-07-31"", ""validation_end"": ""2025-06-23"", ""train_rows"": 326201, ""validation_rows"": 82447}]",0.5,0.4222622567999711,0.4127253047202221,0.43225037992360454,0.3692206437211108,0.38668761449525035,True,6.846,9eabd4bf8d11,9cf8f4c431a9e89fea5b7379f196f9505b74cc80396a163d96d8d5191f2204d1,rolling_recent_cv_oof_threshold,ok,selected-random-100 seed=20260720 stage=focus index=89/100
LR_20260720_010014_775229,2026-07-20T01:00:28,logistic_regression,Logistic Regression,"{""C"": 0.000575978105726, ""solver"": ""liblinear""}",0.44177976864876833,0.043166239318566176,"[0.4844495804652565, 0.48510571199558494, 0.3934054746383356, 0.40415830749589643]",0.407021941543957,0.025321515556951404,0.4970148785007493,0.1078738062987272,"[0.3843501484862376, 0.4418248402307379, 0.3813875003979751, 0.4205252770608775]","[0.6550494242331601, 0.537786971215476, 0.406205493387589, 0.389017625166772]","[{""fold"": 1, ""train_start"": ""2021-01-04"", ""train_end"": ""2021-11-18"", ""train_label_end_max"": ""2021-11-25"", ""validation_start"": ""2021-11-26"", ""validation_end"": ""2022-10-18"", ""train_rows"": 78914, ""validation_rows"": 82539}, {""fold"": 2, ""train_start"": ""2021-01-04"", ""train_end"": ""2022-10-11"", ""train_label_end_max"": ""2022-10-18"", ""validation_start"": ""2022-10-19"", ""validation_end"": ""2023-09-08"", ""train_rows"": 161487, ""validation_rows"": 81981}, {""fold"": 3, ""train_start"": ""2021-01-04"", ""train_end"": ""2023-08-30"", ""train_label_end_max"": ""2023-09-08"", ""validation_start"": ""2023-09-11"", ""validation_end"": ""2024-07-30"", ""train_rows"": 243426, ""validation_rows"": 82741}, {""fold"": 4, ""train_start"": ""2021-01-04"", ""train_end"": ""2024-07-23"", ""train_label_end_max"": ""2024-07-30"", ""validation_start"": ""2024-07-31"", ""validation_end"": ""2025-06-23"", ""train_rows"": 326201, ""validation_rows"": 82447}]",0.49,0.44798927218873874,0.4061345677280591,0.49946194603031174,0.3692206437211108,0.45406541545852697,True,13.611,9eabd4bf8d11,9cf8f4c431a9e89fea5b7379f196f9505b74cc80396a163d96d8d5191f2204d1,rolling_recent_cv_oof_threshold,ok,selected-random-100 seed=20260720 stage=focus index=90/100
LR_20260720_010028_388507,2026-07-20T01:00:36,logistic_regression,Logistic Regression,"{""C"": 0.000105945761902, ""solver"": ""lbfgs""}",0.44534900059286403,0.04193295703286278,"[0.4847556492328807, 0.48968234360981444, 0.40136131963329047, 0.4055966898954704]",0.4068003133911625,0.025564477066780424,0.5076792570729782,0.11179266541213578,"[0.37916227355506565, 0.4421952422328159, 0.38607813038438643, 0.4197656073923822]","[0.6718638540711301, 0.5485957347628482, 0.41790437436419126, 0.3923530650937434]","[{""fold"": 1, ""train_start"": ""2021-01-04"", ""train_end"": ""2021-11-18"", ""train_label_end_max"": ""2021-11-25"", ""validation_start"": ""2021-11-26"", ""validation_end"": ""2022-10-18"", ""train_rows"": 78914, ""validation_rows"": 82539}, {""fold"": 2, ""train_start"": ""2021-01-04"", ""train_end"": ""2022-10-11"", ""train_label_end_max"": ""2022-10-18"", ""validation_start"": ""2022-10-19"", ""validation_end"": ""2023-09-08"", ""train_rows"": 161487, ""validation_rows"": 81981}, {""fold"": 3, ""train_start"": ""2021-01-04"", ""train_end"": ""2023-08-30"", ""train_label_end_max"": ""2023-09-08"", ""validation_start"": ""2023-09-11"", ""validation_end"": ""2024-07-30"", ""train_rows"": 243426, ""validation_rows"": 82741}, {""fold"": 4, ""train_start"": ""2021-01-04"", ""train_end"": ""2024-07-23"", ""train_label_end_max"": ""2024-07-30"", ""validation_start"": ""2024-07-31"", ""validation_end"": ""2025-06-23"", ""train_rows"": 326201, ""validation_rows"": 82447}]",0.49,0.45165184382567464,0.4051640344181981,0.510190167166386,0.3692206437211108,0.46492957404733887,True,7.801,9eabd4bf8d11,9cf8f4c431a9e89fea5b7379f196f9505b74cc80396a163d96d8d5191f2204d1,rolling_recent_cv_oof_threshold,ok,selected-random-100 seed=20260720 stage=focus index=91/100
LR_20260720_010036_191385,2026-07-20T01:00:46,logistic_regression,Logistic Regression,"{""C"": 4.71027929953e-05, ""solver"": ""liblinear""}",0.45195910567821096,0.04190151788758154,"[0.4887171413577596, 0.4986835243389003, 0.41162575414179464, 0.4088100028743892]",0.4066374222166073,0.025755677785814297,0.5259528040646827,0.11704533018916864,"[0.3765830346475508, 0.4425555931820747, 0.38882523217947174, 0.41858582885733203]","[0.6959475525663236, 0.5711164199976693, 0.4372668701254663, 0.3994803735692718]","[{""fold"": 1, ""train_start"": ""2021-01-04"", ""train_end"": ""2021-11-18"", ""train_label_end_max"": ""2021-11-25"", ""validation_start"": ""2021-11-26"", ""validation_end"": ""2022-10-18"", ""train_rows"": 78914, ""validation_rows"": 82539}, {""fold"": 2, ""train_start"": ""2021-01-04"", ""train_end"": ""2022-10-11"", ""train_label_end_max"": ""2022-10-18"", ""validation_start"": ""2022-10-19"", ""validation_end"": ""2023-09-08"", ""train_rows"": 161487, ""validation_rows"": 81981}, {""fold"": 3, ""train_start"": ""2021-01-04"", ""train_end"": ""2023-08-30"", ""train_label_end_max"": ""2023-09-08"", ""validation_start"": ""2023-09-11"", ""validation_end"": ""2024-07-30"", ""train_rows"": 243426, ""validation_rows"": 82741}, {""fold"": 4, ""train_start"": ""2021-01-04"", ""train_end"": ""2024-07-23"", ""train_label_end_max"": ""2024-07-30"", ""validation_start"": ""2024-07-31"", ""validation_end"": ""2025-06-23"", ""train_rows"": 326201, ""validation_rows"": 82447}]",0.49,0.458464069862277,0.40468795191328294,0.5287222245040457,0.3692206437211108,0.48238441287442224,True,10.36,9eabd4bf8d11,9cf8f4c431a9e89fea5b7379f196f9505b74cc80396a163d96d8d5191f2204d1,rolling_recent_cv_oof_threshold,ok,selected-random-100 seed=20260720 stage=focus index=92/100
LR_20260720_010046_554028,2026-07-20T01:00:57,logistic_regression,Logistic Regression,"{""C"": 0.000194632361135, ""solver"": ""liblinear""}",0.44383080948587295,0.04224581036782581,"[0.4846900857157013, 0.4873052623317506, 0.3982553865756244, 0.40507250332041556]",0.4070530626853253,0.025443552222230374,0.5028699729730804,0.10988827016454807,"[0.381436063400464, 0.4421839762611276, 0.3842153370945882, 0.4203768739851214]","[0.6645945854139067, 0.5426815056520219, 0.41336046117327907, 0.39084333965311424]","[{""fold"": 1, ""train_start"": ""2021-01-04"", ""train_end"": ""2021-11-18"", ""train_label_end_max"": ""2021-11-25"", ""validation_start"": ""2021-11-26"", ""validation_end"": ""2022-10-18"", ""train_rows"": 78914, ""validation_rows"": 82539}, {""fold"": 2, ""train_start"": ""2021-01-04"", ""train_end"": ""2022-10-11"", ""train_label_end_max"": ""2022-10-18"", ""validation_start"": ""2022-10-19"", ""validation_end"": ""2023-09-08"", ""train_rows"": 161487, ""validation_rows"": 81981}, {""fold"": 3, ""train_start"": ""2021-01-04"", ""train_end"": ""2023-08-30"", ""train_label_end_max"": ""2023-09-08"", ""validation_start"": ""2023-09-11"", ""validation_end"": ""2024-07-30"", ""train_rows"": 243426, ""validation_rows"": 82741}, {""fold"": 4, ""train_start"": ""2021-01-04"", ""train_end"": ""2024-07-23"", ""train_label_end_max"": ""2024-07-30"", ""validation_start"": ""2024-07-31"", ""validation_end"": ""2025-06-23"", ""train_rows"": 326201, ""validation_rows"": 82447}]",0.49,0.4500568844860825,0.40569559310408504,0.5053107158992894,0.3692206437211108,0.4598796510852027,True,11.291,9eabd4bf8d11,9cf8f4c431a9e89fea5b7379f196f9505b74cc80396a163d96d8d5191f2204d1,rolling_recent_cv_oof_threshold,ok,selected-random-100 seed=20260720 stage=focus index=93/100
LR_20260720_010057_846519,2026-07-20T01:01:06,logistic_regression,Logistic Regression,"{""C"": 0.00160848232745, ""solver"": ""lbfgs""}",0.4409568520779795,0.04390948079595188,"[0.48528334301811477, 0.4839411152259578, 0.39066440309208683, 0.4039385469757586]",0.40731331271849597,0.02532033902393992,0.49435263337630975,0.10778725041112791,"[0.386300102568228, 0.44184535412605586, 0.38007119720342514, 0.4210365969762748]","[0.6524678148034919, 0.5349026919939401, 0.4018650389962699, 0.38817498771153713]","[{""fold"": 1, ""train_start"": ""2021-01-04"", ""train_end"": ""2021-11-18"", ""train_label_end_max"": ""2021-11-25"", ""validation_start"": ""2021-11-26"", ""validation_end"": ""2022-10-18"", ""train_rows"": 78914, ""validation_rows"": 82539}, {""fold"": 2, ""train_start"": ""2021-01-04"", ""train_end"": ""2022-10-11"", ""train_label_end_max"": ""2022-10-18"", ""validation_start"": ""2022-10-19"", ""validation_end"": ""2023-09-08"", ""train_rows"": 161487, ""validation_rows"": 81981}, {""fold"": 3, ""train_start"": ""2021-01-04"", ""train_end"": ""2023-08-30"", ""train_label_end_max"": ""2023-09-08"", ""validation_start"": ""2023-09-11"", ""validation_end"": ""2024-07-30"", ""train_rows"": 243426, ""validation_rows"": 82741}, {""fold"": 4, ""train_start"": ""2021-01-04"", ""train_end"": ""2024-07-23"", ""train_label_end_max"": ""2024-07-30"", ""validation_start"": ""2024-07-31"", ""validation_end"": ""2025-06-23"", ""train_rows"": 326201, ""validation_rows"": 82447}]",0.49,0.4472159466964441,0.40664756986470857,0.4967757834640818,0.3692206437211108,0.45105365960182947,True,9.131,9eabd4bf8d11,9cf8f4c431a9e89fea5b7379f196f9505b74cc80396a163d96d8d5191f2204d1,rolling_recent_cv_oof_threshold,ok,selected-random-100 seed=20260720 stage=focus index=94/100
LR_20260720_010106_982763,2026-07-20T01:01:19,logistic_regression,Logistic Regression,"{""C"": 0.000383898861349, ""solver"": ""liblinear""}",0.4423330493949251,0.04269203138766232,"[0.4841810172206648, 0.485619396421586, 0.39520781434377866, 0.40432396959367084]",0.40704145292209565,0.02532556342956941,0.4985501967799885,0.1080837098562122,"[0.38331516892896067, 0.4419304742563612, 0.3824462348537715, 0.4204739336492891]","[0.6570875369407928, 0.5388940682904091, 0.40885045778229906, 0.3893687241064532]","[{""fold"": 1, ""train_start"": ""2021-01-04"", ""train_end"": ""2021-11-18"", ""train_label_end_max"": ""2021-11-25"", ""validation_start"": ""2021-11-26"", ""validation_end"": ""2022-10-18"", ""train_rows"": 78914, ""validation_rows"": 82539}, {""fold"": 2, ""train_start"": ""2021-01-04"", ""train_end"": ""2022-10-11"", ""train_label_end_max"": ""2022-10-18"", ""validation_start"": ""2022-10-19"", ""validation_end"": ""2023-09-08"", ""train_rows"": 161487, ""validation_rows"": 81981}, {""fold"": 3, ""train_start"": ""2021-01-04"", ""train_end"": ""2023-08-30"", ""train_label_end_max"": ""2023-09-08"", ""validation_start"": ""2023-09-11"", ""validation_end"": ""2024-07-30"", ""train_rows"": 243426, ""validation_rows"": 82741}, {""fold"": 4, ""train_start"": ""2021-01-04"", ""train_end"": ""2024-07-23"", ""train_label_end_max"": ""2024-07-30"", ""validation_start"": ""2024-07-31"", ""validation_end"": ""2025-06-23"", ""train_rows"": 326201, ""validation_rows"": 82447}]",0.49,0.4485137301622321,0.405988510261548,0.5009898550129379,0.3692206437211108,0.4556183046817184,True,12.859,9eabd4bf8d11,9cf8f4c431a9e89fea5b7379f196f9505b74cc80396a163d96d8d5191f2204d1,rolling_recent_cv_oof_threshold,ok,selected-random-100 seed=20260720 stage=focus index=95/100
LR_20260720_010119_844096,2026-07-20T01:01:31,logistic_regression,Logistic Regression,"{""C"": 0.00018635103141, ""solver"": ""liblinear""}",0.44397709741647273,0.04208787246571275,"[0.484659386375455, 0.4873176089116678, 0.3986346339153016, 0.4052967604634665]",0.40708893397148405,0.02536935059658049,0.5031926512887335,0.10982231533339912,"[0.38131977321877375, 0.4420303605313093, 0.3845111692239831, 0.42049443291187016]","[0.6648323652297972, 0.5429437128539797, 0.4138351983723296, 0.3911593286988273]","[{""fold"": 1, ""train_start"": ""2021-01-04"", ""train_end"": ""2021-11-18"", ""train_label_end_max"": ""2021-11-25"", ""validation_start"": ""2021-11-26"", ""validation_end"": ""2022-10-18"", ""train_rows"": 78914, ""validation_rows"": 82539}, {""fold"": 2, ""train_start"": ""2021-01-04"", ""train_end"": ""2022-10-11"", ""train_label_end_max"": ""2022-10-18"", ""validation_start"": ""2022-10-19"", ""validation_end"": ""2023-09-08"", ""train_rows"": 161487, ""validation_rows"": 81981}, {""fold"": 3, ""train_start"": ""2021-01-04"", ""train_end"": ""2023-08-30"", ""train_label_end_max"": ""2023-09-08"", ""validation_start"": ""2023-09-11"", ""validation_end"": ""2024-07-30"", ""train_rows"": 243426, ""validation_rows"": 82741}, {""fold"": 4, ""train_start"": ""2021-01-04"", ""train_end"": ""2024-07-23"", ""train_label_end_max"": ""2024-07-30"", ""validation_start"": ""2024-07-31"", ""validation_end"": ""2025-06-23"", ""train_rows"": 326201, ""validation_rows"": 82447}]",0.49,0.4501857702884559,0.40569861785777844,0.5056310839117756,0.3692206437211108,0.46016778482778703,True,11.315,9eabd4bf8d11,9cf8f4c431a9e89fea5b7379f196f9505b74cc80396a163d96d8d5191f2204d1,rolling_recent_cv_oof_threshold,ok,selected-random-100 seed=20260720 stage=focus index=96/100
LR_20260720_010131_161928,2026-07-20T01:01:39,logistic_regression,Logistic Regression,"{""C"": 8.30502517537e-05, ""solver"": ""lbfgs""}",0.4469325335450828,0.04184004634760413,"[0.4857501126112416, 0.4916742198627476, 0.4039997402766054, 0.40630606142973635]",0.4070951852385673,0.02557089662239971,0.5116009266293289,0.11320178575090167,"[0.37854350878524534, 0.44250221414254415, 0.3874945506632621, 0.4198404673632176]","[0.6776724752878834, 0.5531406595967836, 0.4219735503560529, 0.39361702127659576]","[{""fold"": 1, ""train_start"": ""2021-01-04"", ""train_end"": ""2021-11-18"", ""train_label_end_max"": ""2021-11-25"", ""validation_start"": ""2021-11-26"", ""validation_end"": ""2022-10-18"", ""train_rows"": 78914, ""validation_rows"": 82539}, {""fold"": 2, ""train_start"": ""2021-01-04"", ""train_end"": ""2022-10-11"", ""train_label_end_max"": ""2022-10-18"", ""validation_start"": ""2022-10-19"", ""validation_end"": ""2023-09-08"", ""train_rows"": 161487, ""validation_rows"": 81981}, {""fold"": 3, ""train_start"": ""2021-01-04"", ""train_end"": ""2023-08-30"", ""train_label_end_max"": ""2023-09-08"", ""validation_start"": ""2023-09-11"", ""validation_end"": ""2024-07-30"", ""train_rows"": 243426, ""validation_rows"": 82741}, {""fold"": 4, ""train_start"": ""2021-01-04"", ""train_end"": ""2024-07-23"", ""train_label_end_max"": ""2024-07-30"", ""validation_start"": ""2024-07-31"", ""validation_end"": ""2025-06-23"", ""train_rows"": 326201, ""validation_rows"": 82447}]",0.49,0.453295191193511,0.40531649668123687,0.5141578017825604,0.3692206437211108,0.46836898103776675,True,7.846,9eabd4bf8d11,9cf8f4c431a9e89fea5b7379f196f9505b74cc80396a163d96d8d5191f2204d1,rolling_recent_cv_oof_threshold,ok,selected-random-100 seed=20260720 stage=focus index=97/100
LR_20260720_010139_010794,2026-07-20T01:01:50,logistic_regression,Logistic Regression,"{""C"": 9.86202091238e-05, ""solver"": ""liblinear""}",0.44645790760061266,0.0417209913919214,"[0.4853050708799863, 0.490926530823871, 0.40318078545926644, 0.40641924323932693]",0.40685173017234355,0.02555233996796377,0.5104738548879412,0.11218635271106742,"[0.3788219595882577, 0.442205305436204, 0.3866168689698101, 0.4197627866951023]","[0.675056897313088, 0.5517130870527911, 0.42122753475754493, 0.3938979004283407]","[{""fold"": 1, ""train_start"": ""2021-01-04"", ""train_end"": ""2021-11-18"", ""train_label_end_max"": ""2021-11-25"", ""validation_start"": ""2021-11-26"", ""validation_end"": ""2022-10-18"", ""train_rows"": 78914, ""validation_rows"": 82539}, {""fold"": 2, ""train_start"": ""2021-01-04"", ""train_end"": ""2022-10-11"", ""train_label_end_max"": ""2022-10-18"", ""validation_start"": ""2022-10-19"", ""validation_end"": ""2023-09-08"", ""train_rows"": 161487, ""validation_rows"": 81981}, {""fold"": 3, ""train_start"": ""2021-01-04"", ""train_end"": ""2023-08-30"", ""train_label_end_max"": ""2023-09-08"", ""validation_start"": ""2023-09-11"", ""validation_end"": ""2024-07-30"", ""train_rows"": 243426, ""validation_rows"": 82741}, {""fold"": 4, ""train_start"": ""2021-01-04"", ""train_end"": ""2024-07-23"", ""train_label_end_max"": ""2024-07-30"", ""validation_start"": ""2024-07-31"", ""validation_end"": ""2025-06-23"", ""train_rows"": 326201, ""validation_rows"": 82447}]",0.49,0.45274688628224274,0.4051550204033969,0.5130077627633794,0.3692206437211108,0.46750761279677777,True,11.245,9eabd4bf8d11,9cf8f4c431a9e89fea5b7379f196f9505b74cc80396a163d96d8d5191f2204d1,rolling_recent_cv_oof_threshold,ok,selected-random-100 seed=20260720 stage=focus index=98/100
LR_20260720_010150_258771,2026-07-20T01:01:58,logistic_regression,Logistic Regression,"{""C"": 0.000236817914887, ""solver"": ""lbfgs""}",0.44332031056021914,0.04220881397761659,"[0.4846396855799607, 0.48622842453176646, 0.39728203029062625, 0.40513110183852336]",0.4074233372056357,0.02534846822540731,0.5008874620582933,0.10915927148785441,"[0.3822969605399996, 0.44217557251908396, 0.38410637961057464, 0.4211144361528846]","[0.6618091647134753, 0.5400302994988929, 0.4113936927772126, 0.3903166912435924]","[{""fold"": 1, ""train_start"": ""2021-01-04"", ""train_end"": ""2021-11-18"", ""train_label_end_max"": ""2021-11-25"", ""validation_start"": ""2021-11-26"", ""validation_end"": ""2022-10-18"", ""train_rows"": 78914, ""validation_rows"": 82539}, {""fold"": 2, ""train_start"": ""2021-01-04"", ""train_end"": ""2022-10-11"", ""train_label_end_max"": ""2022-10-18"", ""validation_start"": ""2022-10-19"", ""validation_end"": ""2023-09-08"", ""train_rows"": 161487, ""validation_rows"": 81981}, {""fold"": 3, ""train_start"": ""2021-01-04"", ""train_end"": ""2023-08-30"", ""train_label_end_max"": ""2023-09-08"", ""validation_start"": ""2023-09-11"", ""validation_end"": ""2024-07-30"", ""train_rows"": 243426, ""validation_rows"": 82741}, {""fold"": 4, ""train_start"": ""2021-01-04"", ""train_end"": ""2024-07-23"", ""train_label_end_max"": ""2024-07-30"", ""validation_start"": ""2024-07-31"", ""validation_end"": ""2025-06-23"", ""train_rows"": 326201, ""validation_rows"": 82447}]",0.49,0.44950513936067965,0.40610604041970744,0.5032899330513,0.3692206437211108,0.45757761413129194,True,8.652,9eabd4bf8d11,9cf8f4c431a9e89fea5b7379f196f9505b74cc80396a163d96d8d5191f2204d1,rolling_recent_cv_oof_threshold,ok,selected-random-100 seed=20260720 stage=focus index=99/100
LR_20260720_010158_913329,2026-07-20T01:02:07,logistic_regression,Logistic Regression,"{""C"": 0.00040772726493, ""solver"": ""lbfgs""}",0.4418827755874997,0.04275631890060115,"[0.4838511574277156, 0.485160747614416, 0.39453663015675217, 0.4039825671511151]",0.4068950439420733,0.0254179841901162,0.49756887346858264,0.1077598189605872,"[0.3833763654419067, 0.4419751903826812, 0.3819607594132961, 0.4202678605304094]","[0.6556948265905771, 0.5376995688148234, 0.4079688029840624, 0.3889122954848676]","[{""fold"": 1, ""train_start"": ""2021-01-04"", ""train_end"": ""2021-11-18"", ""train_label_end_max"": ""2021-11-25"", ""validation_start"": ""2021-11-26"", ""validation_end"": ""2022-10-18"", ""train_rows"": 78914, ""validation_rows"": 82539}, {""fold"": 2, ""train_start"": ""2021-01-04"", ""train_end"": ""2022-10-11"", ""train_label_end_max"": ""2022-10-18"", ""validation_start"": ""2022-10-19"", ""validation_end"": ""2023-09-08"", ""train_rows"": 161487, ""validation_rows"": 81981}, {""fold"": 3, ""train_start"": ""2021-01-04"", ""train_end"": ""2023-08-30"", ""train_label_end_max"": ""2023-09-08"", ""validation_start"": ""2023-09-11"", ""validation_end"": ""2024-07-30"", ""train_rows"": 243426, ""validation_rows"": 82741}, {""fold"": 4, ""train_start"": ""2021-01-04"", ""train_end"": ""2024-07-23"", ""train_label_end_max"": ""2024-07-30"", ""validation_start"": ""2024-07-31"", ""validation_end"": ""2025-06-23"", ""train_rows"": 326201, ""validation_rows"": 82447}]",0.49,0.448048936687057,0.4058801170955502,0.49999589271778866,0.3692206437211108,0.4548357940965946,True,8.355,9eabd4bf8d11,9cf8f4c431a9e89fea5b7379f196f9505b74cc80396a163d96d8d5191f2204d1,rolling_recent_cv_oof_threshold,ok,selected-random-100 seed=20260720 stage=focus index=100/100
RF_20260720_010534_990504,2026-07-20T01:07:16,random_forest,Random Forest,"{""n_estimators"": 90, ""max_depth"": 8, ""min_samples_leaf"": 65, ""max_features"": 0.35}",0.46536145979413546,0.018872813343422404,"[0.47276629303546264, 0.4882641594744471, 0.4363135605768946, 0.46410182608973743]",0.4110408463670952,0.02788293712181796,0.5412582916247402,0.04784460074871665,"[0.381632227092465, 0.4491473588921782, 0.3872621175481022, 0.42612168193563543]","[0.6210808791059479, 0.5348444237268384, 0.49959308240081385, 0.5095147812653605]","[{""fold"": 1, ""train_start"": ""2021-01-04"", ""train_end"": ""2021-11-18"", ""train_label_end_max"": ""2021-11-25"", ""validation_start"": ""2021-11-26"", ""validation_end"": ""2022-10-18"", ""train_rows"": 78914, ""validation_rows"": 82539}, {""fold"": 2, ""train_start"": ""2021-01-04"", ""train_end"": ""2022-10-11"", ""train_label_end_max"": ""2022-10-18"", ""validation_start"": ""2022-10-19"", ""validation_end"": ""2023-09-08"", ""train_rows"": 161487, ""validation_rows"": 81981}, {""fold"": 3, ""train_start"": ""2021-01-04"", ""train_end"": ""2023-08-30"", ""train_label_end_max"": ""2023-09-08"", ""validation_start"": ""2023-09-11"", ""validation_end"": ""2024-07-30"", ""train_rows"": 243426, ""validation_rows"": 82741}, {""fold"": 4, ""train_start"": ""2021-01-04"", ""train_end"": ""2024-07-23"", ""train_label_end_max"": ""2024-07-30"", ""validation_start"": ""2024-07-31"", ""validation_end"": ""2025-06-23"", ""train_rows"": 326201, ""validation_rows"": 82447}]",0.49,0.46626187999348945,0.4095336362449731,0.5412330061198505,0.3692206437211108,0.48795600955997426,True,101.094,9eabd4bf8d11,9cf8f4c431a9e89fea5b7379f196f9505b74cc80396a163d96d8d5191f2204d1,rolling_recent_cv_oof_threshold,ok,manual-probe-50 seed=20260720 stage=explore index=1/50
RF_20260720_010716_087913,2026-07-20T01:09:24,random_forest,Random Forest,"{""n_estimators"": 110, ""max_depth"": 9, ""min_samples_leaf"": 100, ""max_features"": 0.4}",0.46001537580460067,0.01730183689826531,"[0.4685404404470604, 0.47747588882408, 0.43149450153235985, 0.4625506724149025]",0.41114977656513924,0.02661906590816032,0.5265413010485425,0.044357439473738096,"[0.3836589698046181, 0.44673452293321825, 0.38736041430652207, 0.42684519921619857]","[0.6016508712931825, 0.5127607504952802, 0.4869786368260427, 0.5047749455796644]","[{""fold"": 1, ""train_start"": ""2021-01-04"", ""train_end"": ""2021-11-18"", ""train_label_end_max"": ""2021-11-25"", ""validation_start"": ""2021-11-26"", ""validation_end"": ""2022-10-18"", ""train_rows"": 78914, ""validation_rows"": 82539}, {""fold"": 2, ""train_start"": ""2021-01-04"", ""train_end"": ""2022-10-11"", ""train_label_end_max"": ""2022-10-18"", ""validation_start"": ""2022-10-19"", ""validation_end"": ""2023-09-08"", ""train_rows"": 161487, ""validation_rows"": 81981}, {""fold"": 3, ""train_start"": ""2021-01-04"", ""train_end"": ""2023-08-30"", ""train_label_end_max"": ""2023-09-08"", ""validation_start"": ""2023-09-11"", ""validation_end"": ""2024-07-30"", ""train_rows"": 243426, ""validation_rows"": 82741}, {""fold"": 4, ""train_start"": ""2021-01-04"", ""train_end"": ""2024-07-23"", ""train_label_end_max"": ""2024-07-30"", ""validation_start"": ""2024-07-31"", ""validation_end"": ""2025-06-23"", ""train_rows"": 326201, ""validation_rows"": 82447}]",0.49,0.46070187805246465,0.4097390592314434,0.5261428512753111,0.3692206437211108,0.47411345796886945,True,128.03,9eabd4bf8d11,9cf8f4c431a9e89fea5b7379f196f9505b74cc80396a163d96d8d5191f2204d1,rolling_recent_cv_oof_threshold,ok,manual-probe-50 seed=20260720 stage=explore index=2/50
RF_20260720_010924_119406,2026-07-20T01:10:23,random_forest,Random Forest,"{""n_estimators"": 80, ""max_depth"": 10, ""min_samples_leaf"": 40, ""max_features"": 0.2}",0.46249575865032017,0.02165182705087407,"[0.46934228117545285, 0.49114038469207355, 0.43100234501833923, 0.45849802371541504]",0.41276551281850016,0.0292101407284165,0.5308234512226173,0.04909101495049952,"[0.3821150357485861, 0.4516318298496516, 0.38710374250688556, 0.43021144316887755]","[0.6081728319576073, 0.5382239832187391, 0.4861308918277382, 0.49076609788638437]","[{""fold"": 1, ""train_start"": ""2021-01-04"", ""train_end"": ""2021-11-18"", ""train_label_end_max"": ""2021-11-25"", ""validation_start"": ""2021-11-26"", ""validation_end"": ""2022-10-18"", ""train_rows"": 78914, ""validation_rows"": 82539}, {""fold"": 2, ""train_start"": ""2021-01-04"", ""train_end"": ""2022-10-11"", ""train_label_end_max"": ""2022-10-18"", ""validation_start"": ""2022-10-19"", ""validation_end"": ""2023-09-08"", ""train_rows"": 161487, ""validation_rows"": 81981}, {""fold"": 3, ""train_start"": ""2021-01-04"", ""train_end"": ""2023-08-30"", ""train_label_end_max"": ""2023-09-08"", ""validation_start"": ""2023-09-11"", ""validation_end"": ""2024-07-30"", ""train_rows"": 243426, ""validation_rows"": 82741}, {""fold"": 4, ""train_start"": ""2021-01-04"", ""train_end"": ""2024-07-23"", ""train_label_end_max"": ""2024-07-30"", ""validation_start"": ""2024-07-31"", ""validation_end"": ""2025-06-23"", ""train_rows"": 326201, ""validation_rows"": 82447}]",0.49,0.4637086947172246,0.4113043201831071,0.5314166016346983,0.3692206437211108,0.47704332318293763,True,59.018,9eabd4bf8d11,9cf8f4c431a9e89fea5b7379f196f9505b74cc80396a163d96d8d5191f2204d1,rolling_recent_cv_oof_threshold,ok,manual-probe-50 seed=20260720 stage=explore index=3/50
RF_20260720_011023_138017,2026-07-20T01:11:11,random_forest,Random Forest,"{""n_estimators"": 90, ""max_depth"": 4, ""min_samples_leaf"": 60, ""max_features"": 0.35}",0.4414652417655218,0.03472282117275145,"[0.4714151223223843, 0.47933212262488817, 0.39775266132211856, 0.4173610607926962]",0.4112396796623615,0.02908021747100988,0.48775728337383284,0.08855739186461438,"[0.37996341108477816, 0.4481273123511226, 0.38576253903511565, 0.43110545617842977]","[0.6208430992900574, 0.5152080177135532, 0.4105120379789759, 0.4044659785127449]","[{""fold"": 1, ""train_start"": ""2021-01-04"", ""train_end"": ""2021-11-18"", ""train_label_end_max"": ""2021-11-25"", ""validation_start"": ""2021-11-26"", ""validation_end"": ""2022-10-18"", ""train_rows"": 78914, ""validation_rows"": 82539}, {""fold"": 2, ""train_start"": ""2021-01-04"", ""train_end"": ""2022-10-11"", ""train_label_end_max"": ""2022-10-18"", ""validation_start"": ""2022-10-19"", ""validation_end"": ""2023-09-08"", ""train_rows"": 161487, ""validation_rows"": 81981}, {""fold"": 3, ""train_start"": ""2021-01-04"", ""train_end"": ""2023-08-30"", ""train_label_end_max"": ""2023-09-08"", ""validation_start"": ""2023-09-11"", ""validation_end"": ""2024-07-30"", ""train_rows"": 243426, ""validation_rows"": 82741}, {""fold"": 4, ""train_start"": ""2021-01-04"", ""train_end"": ""2024-07-23"", ""train_label_end_max"": ""2024-07-30"", ""validation_start"": ""2024-07-31"", ""validation_end"": ""2025-06-23"", ""train_rows"": 326201, ""validation_rows"": 82447}]",0.5,0.4456718884978852,0.4090603289672406,0.48948125025670514,0.3692206437211108,0.44180911594501804,True,48.664,9eabd4bf8d11,9cf8f4c431a9e89fea5b7379f196f9505b74cc80396a163d96d8d5191f2204d1,rolling_recent_cv_oof_threshold,ok,manual-probe-50 seed=20260720 stage=explore index=4/50
RF_20260720_011111_807700,2026-07-20T01:12:15,random_forest,Random Forest,"{""n_estimators"": 70, ""max_depth"": 8, ""min_samples_leaf"": 95, ""max_features"": 0.35}",0.46358600120243953,0.01842104502639858,"[0.47135945878620217, 0.4832465733155778, 0.4335279051760081, 0.4662100675319699]",0.4116634224349063,0.027585025516969352,0.5350548819055714,0.044905672234207925,"[0.3838237178118461, 0.44886179064944154, 0.3864758668295014, 0.4274923144488362]","[0.6106185672067665, 0.5233364409742455, 0.4936249576127501, 0.5126395618285233]","[{""fold"": 1, ""train_start"": ""2021-01-04"", ""train_end"": ""2021-11-18"", ""train_label_end_max"": ""2021-11-25"", ""validation_start"": ""2021-11-26"", ""validation_end"": ""2022-10-18"", ""train_rows"": 78914, ""validation_rows"": 82539}, {""fold"": 2, ""train_start"": ""2021-01-04"", ""train_end"": ""2022-10-11"", ""train_label_end_max"": ""2022-10-18"", ""validation_start"": ""2022-10-19"", ""validation_end"": ""2023-09-08"", ""train_rows"": 161487, ""validation_rows"": 81981}, {""fold"": 3, ""train_start"": ""2021-01-04"", ""train_end"": ""2023-08-30"", ""train_label_end_max"": ""2023-09-08"", ""validation_start"": ""2023-09-11"", ""validation_end"": ""2024-07-30"", ""train_rows"": 243426, ""validation_rows"": 82741}, {""fold"": 4, ""train_start"": ""2021-01-04"", ""train_end"": ""2024-07-23"", ""train_label_end_max"": ""2024-07-30"", ""validation_start"": ""2024-07-31"", ""validation_end"": ""2025-06-23"", ""train_rows"": 326201, ""validation_rows"": 82447}]",0.49,0.46430036125801954,0.4102562486607762,0.5347435002259006,0.3692206437211108,0.4812561417981972,True,63.467,9eabd4bf8d11,9cf8f4c431a9e89fea5b7379f196f9505b74cc80396a163d96d8d5191f2204d1,rolling_recent_cv_oof_threshold,ok,manual-probe-50 seed=20260720 stage=explore index=5/50
RF_20260720_011215_273917,2026-07-20T01:13:25,random_forest,Random Forest,"{""n_estimators"": 90, ""max_depth"": 7, ""min_samples_leaf"": 70, ""max_features"": 0.4}",0.4627981594486972,0.018331141285624877,"[0.4741942522686724, 0.4819121447028424, 0.4336961863207898, 0.46139005450248394]",0.41028417545218715,0.027629832228479825,0.536667716961394,0.05336184343941106,"[0.3811017123994223, 0.447823911955978, 0.38663940737593927, 0.42557167007740904]","[0.6274669655898638, 0.5216175270947442, 0.493794506612411, 0.503791868548557]","[{""fold"": 1, ""train_start"": ""2021-01-04"", ""train_end"": ""2021-11-18"", ""train_label_end_max"": ""2021-11-25"", ""validation_start"": ""2021-11-26"", ""validation_end"": ""2022-10-18"", ""train_rows"": 78914, ""validation_rows"": 82539}, {""fold"": 2, ""train_start"": ""2021-01-04"", ""train_end"": ""2022-10-11"", ""train_label_end_max"": ""2022-10-18"", ""validation_start"": ""2022-10-19"", ""validation_end"": ""2023-09-08"", ""train_rows"": 161487, ""validation_rows"": 81981}, {""fold"": 3, ""train_start"": ""2021-01-04"", ""train_end"": ""2023-08-30"", ""train_label_end_max"": ""2023-09-08"", ""validation_start"": ""2023-09-11"", ""validation_end"": ""2024-07-30"", ""train_rows"": 243426, ""validation_rows"": 82741}, {""fold"": 4, ""train_start"": ""2021-01-04"", ""train_end"": ""2024-07-23"", ""train_label_end_max"": ""2024-07-30"", ""validation_start"": ""2024-07-31"", ""validation_end"": ""2025-06-23"", ""train_rows"": 326201, ""validation_rows"": 82447}]",0.49,0.4637437181467867,0.4084777576174686,0.5363042674662176,0.3692206437211108,0.4847622744974341,True,70.041,9eabd4bf8d11,9cf8f4c431a9e89fea5b7379f196f9505b74cc80396a163d96d8d5191f2204d1,rolling_recent_cv_oof_threshold,ok,manual-probe-50 seed=20260720 stage=explore index=6/50
RF_20260720_011325_317406,2026-07-20T01:13:52,random_forest,Random Forest,"{""n_estimators"": 70, ""max_depth"": 3, ""min_samples_leaf"": 90, ""max_features"": 0.2}",0.4371677149387543,0.03974837167716112,"[0.46465483745628805, 0.48732639805671435, 0.39423012858951295, 0.40245949565250194]",0.4108227928938961,0.02990820734944042,0.4807331241459011,0.09664809374750563,"[0.3754997802013774, 0.44556295867130163, 0.3874157009101028, 0.4348127317928027]","[0.6093277624919324, 0.5377287029483743, 0.4012885723974229, 0.37458745874587457]","[{""fold"": 1, ""train_start"": ""2021-01-04"", ""train_end"": ""2021-11-18"", ""train_label_end_max"": ""2021-11-25"", ""validation_start"": ""2021-11-26"", ""validation_end"": ""2022-10-18"", ""train_rows"": 78914, ""validation_rows"": 82539}, {""fold"": 2, ""train_start"": ""2021-01-04"", ""train_end"": ""2022-10-11"", ""train_label_end_max"": ""2022-10-18"", ""validation_start"": ""2022-10-19"", ""validation_end"": ""2023-09-08"", ""train_rows"": 161487, ""validation_rows"": 81981}, {""fold"": 3, ""train_start"": ""2021-01-04"", ""train_end"": ""2023-08-30"", ""train_label_end_max"": ""2023-09-08"", ""validation_start"": ""2023-09-11"", ""validation_end"": ""2024-07-30"", ""train_rows"": 243426, ""validation_rows"": 82741}, {""fold"": 4, ""train_start"": ""2021-01-04"", ""train_end"": ""2024-07-23"", ""train_label_end_max"": ""2024-07-30"", ""validation_start"": ""2024-07-31"", ""validation_end"": ""2025-06-23"", ""train_rows"": 326201, ""validation_rows"": 82447}]",0.5,0.44282046366155037,0.40822578632917006,0.48382141536945006,0.3692206437211108,0.4375932643429944,True,27.412,9eabd4bf8d11,9cf8f4c431a9e89fea5b7379f196f9505b74cc80396a163d96d8d5191f2204d1,rolling_recent_cv_oof_threshold,ok,manual-probe-50 seed=20260720 stage=explore index=7/50
RF_20260720_011352_732081,2026-07-20T01:16:30,random_forest,Random Forest,"{""n_estimators"": 130, ""max_depth"": 10, ""min_samples_leaf"": 45, ""max_features"": 0.6}",0.4540403096548151,0.015213177485656383,"[0.4519371901741948, 0.46924169505081564, 0.4301061894619008, 0.46487616393234943]",0.4118747055121589,0.024512523918123738,0.5086010531228589,0.031099150802788186,"[0.38147221767689754, 0.4454743015735868, 0.39714031410606104, 0.42341198869209024]","[0.5543326879309759, 0.4956881482344715, 0.4690403526619193, 0.5153430236640686]","[{""fold"": 1, ""train_start"": ""2021-01-04"", ""train_end"": ""2021-11-18"", ""train_label_end_max"": ""2021-11-25"", ""validation_start"": ""2021-11-26"", ""validation_end"": ""2022-10-18"", ""train_rows"": 78914, ""validation_rows"": 82539}, {""fold"": 2, ""train_start"": ""2021-01-04"", ""train_end"": ""2022-10-11"", ""train_label_end_max"": ""2022-10-18"", ""validation_start"": ""2022-10-19"", ""validation_end"": ""2023-09-08"", ""train_rows"": 161487, ""validation_rows"": 81981}, {""fold"": 3, ""train_start"": ""2021-01-04"", ""train_end"": ""2023-08-30"", ""train_label_end_max"": ""2023-09-08"", ""validation_start"": ""2023-09-11"", ""validation_end"": ""2024-07-30"", ""train_rows"": 243426, ""validation_rows"": 82741}, {""fold"": 4, ""train_start"": ""2021-01-04"", ""train_end"": ""2024-07-23"", ""train_label_end_max"": ""2024-07-30"", ""validation_start"": ""2024-07-31"", ""validation_end"": ""2025-06-23"", ""train_rows"": 326201, ""validation_rows"": 82447}]",0.49,0.45439048941594845,0.4110070646719879,0.5080133075943648,0.3692206437211108,0.45636441942567363,True,158.205,9eabd4bf8d11,9cf8f4c431a9e89fea5b7379f196f9505b74cc80396a163d96d8d5191f2204d1,rolling_recent_cv_oof_threshold,ok,manual-probe-50 seed=20260720 stage=explore index=8/50
RF_20260720_011630_936898,2026-07-20T01:17:36,random_forest,Random Forest,"{""n_estimators"": 70, ""max_depth"": 8, ""min_samples_leaf"": 50, ""max_features"": 0.4}",0.46302297612488663,0.01662340000125198,"[0.46767187643531094, 0.4827066657698258, 0.43671008559732044, 0.46500327669708935]",0.4113689672657994,0.027476461865189036,0.5340196146808548,0.04210782642947388,"[0.38104097168762296, 0.4484016895353778, 0.3892264826854186, 0.4268067251547783]","[0.6052855056217942, 0.5226954900361264, 0.4973889454052221, 0.5107085176602767]","[{""fold"": 1, ""train_start"": ""2021-01-04"", ""train_end"": ""2021-11-18"", ""train_label_end_max"": ""2021-11-25"", ""validation_start"": ""2021-11-26"", ""validation_end"": ""2022-10-18"", ""train_rows"": 78914, ""validation_rows"": 82539}, {""fold"": 2, ""train_start"": ""2021-01-04"", ""train_end"": ""2022-10-11"", ""train_label_end_max"": ""2022-10-18"", ""validation_start"": ""2022-10-19"", ""validation_end"": ""2023-09-08"", ""train_rows"": 161487, ""validation_rows"": 81981}, {""fold"": 3, ""train_start"": ""2021-01-04"", ""train_end"": ""2023-08-30"", ""train_label_end_max"": ""2023-09-08"", ""validation_start"": ""2023-09-11"", ""validation_end"": ""2024-07-30"", ""train_rows"": 243426, ""validation_rows"": 82741}, {""fold"": 4, ""train_start"": ""2021-01-04"", ""train_end"": ""2024-07-23"", ""train_label_end_max"": ""2024-07-30"", ""validation_start"": ""2024-07-31"", ""validation_end"": ""2025-06-23"", ""train_rows"": 326201, ""validation_rows"": 82447}]",0.49,0.4636429804906592,0.4098245879614737,0.5337331088019058,0.3692206437211108,0.4808527545585791,True,65.962,9eabd4bf8d11,9cf8f4c431a9e89fea5b7379f196f9505b74cc80396a163d96d8d5191f2204d1,rolling_recent_cv_oof_threshold,ok,manual-probe-50 seed=20260720 stage=explore index=9/50
RF_20260720_011736_901297,2026-07-20T01:18:19,random_forest,Random Forest,"{""n_estimators"": 80, ""max_depth"": 5, ""min_samples_leaf"": 35, ""max_features"": 0.25}",0.44660274115260656,0.03409030818516979,"[0.4754123474442118, 0.484880223439682, 0.4058794107681634, 0.4202389829583689]",0.41340872827128705,0.029902999688439215,0.49766329002256865,0.09016120652624612,"[0.38083161188718223, 0.4497110690445352, 0.38714641878789746, 0.4359458133655334]","[0.6324943102686912, 0.5260167812609253, 0.42651746354696507, 0.40562460501369285]","[{""fold"": 1, ""train_start"": ""2021-01-04"", ""train_end"": ""2021-11-18"", ""train_label_end_max"": ""2021-11-25"", ""validation_start"": ""2021-11-26"", ""validation_end"": ""2022-10-18"", ""train_rows"": 78914, ""validation_rows"": 82539}, {""fold"": 2, ""train_start"": ""2021-01-04"", ""train_end"": ""2022-10-11"", ""train_label_end_max"": ""2022-10-18"", ""validation_start"": ""2022-10-19"", ""validation_end"": ""2023-09-08"", ""train_rows"": 161487, ""validation_rows"": 81981}, {""fold"": 3, ""train_start"": ""2021-01-04"", ""train_end"": ""2023-08-30"", ""train_label_end_max"": ""2023-09-08"", ""validation_start"": ""2023-09-11"", ""validation_end"": ""2024-07-30"", ""train_rows"": 243426, ""validation_rows"": 82741}, {""fold"": 4, ""train_start"": ""2021-01-04"", ""train_end"": ""2024-07-23"", ""train_label_end_max"": ""2024-07-30"", ""validation_start"": ""2024-07-31"", ""validation_end"": ""2025-06-23"", ""train_rows"": 326201, ""validation_rows"": 82447}]",0.5,0.45080551292601734,0.4107653126709946,0.49949480428800264,0.3692206437211108,0.44897606366845816,True,42.924,9eabd4bf8d11,9cf8f4c431a9e89fea5b7379f196f9505b74cc80396a163d96d8d5191f2204d1,rolling_recent_cv_oof_threshold,ok,manual-probe-50 seed=20260720 stage=explore index=10/50
RF_20260720_011819_826882,2026-07-20T01:20:11,random_forest,Random Forest,"{""n_estimators"": 80, ""max_depth"": 8, ""min_samples_leaf"": 10, ""max_features"": 0.6}",0.45684871287704565,0.013530909302507166,"[0.4562510152146841, 0.46877760600706714, 0.4349737305613681, 0.46739249972506325]",0.40968853382980963,0.026092026133654283,0.5198382913130497,0.03279999136082998,"[0.37925602538425185, 0.44541496170391354, 0.3911254297858516, 0.4229577184452216]","[0.5724718910289073, 0.4947267218272929, 0.4898948796202102, 0.5222596727757882]","[{""fold"": 1, ""train_start"": ""2021-01-04"", ""train_end"": ""2021-11-18"", ""train_label_end_max"": ""2021-11-25"", ""validation_start"": ""2021-11-26"", ""validation_end"": ""2022-10-18"", ""train_rows"": 78914, ""validation_rows"": 82539}, {""fold"": 2, ""train_start"": ""2021-01-04"", ""train_end"": ""2022-10-11"", ""train_label_end_max"": ""2022-10-18"", ""validation_start"": ""2022-10-19"", ""validation_end"": ""2023-09-08"", ""train_rows"": 161487, ""validation_rows"": 81981}, {""fold"": 3, ""train_start"": ""2021-01-04"", ""train_end"": ""2023-08-30"", ""train_label_end_max"": ""2023-09-08"", ""validation_start"": ""2023-09-11"", ""validation_end"": ""2024-07-30"", ""train_rows"": 243426, ""validation_rows"": 82741}, {""fold"": 4, ""train_start"": ""2021-01-04"", ""train_end"": ""2024-07-23"", ""train_label_end_max"": ""2024-07-30"", ""validation_start"": ""2024-07-31"", ""validation_end"": ""2025-06-23"", ""train_rows"": 326201, ""validation_rows"": 82447}]",0.49,0.45698656304947144,0.4083353268635197,0.5187990306813981,0.3692206437211108,0.4691029638346658,True,111.319,9eabd4bf8d11,9cf8f4c431a9e89fea5b7379f196f9505b74cc80396a163d96d8d5191f2204d1,rolling_recent_cv_oof_threshold,ok,manual-probe-50 seed=20260720 stage=explore index=11/50
RF_20260720_012011_146358,2026-07-20T01:21:19,random_forest,Random Forest,"{""n_estimators"": 120, ""max_depth"": 6, ""min_samples_leaf"": 90, ""max_features"": 0.3}",0.4666576662809989,0.02633258301359749,"[0.48291266473084654, 0.4982905982905983, 0.42925774681719914, 0.4561696552853517]",0.4103871156025062,0.02862940431703325,0.5488141623722194,0.07139862032059245,"[0.3804328699630477, 0.44850335695635957, 0.3851500619645455, 0.42746217352607185]","[0.660959951085295, 0.5605115953851533, 0.484774499830451, 0.4890106031879784]","[{""fold"": 1, ""train_start"": ""2021-01-04"", ""train_end"": ""2021-11-18"", ""train_label_end_max"": ""2021-11-25"", ""validation_start"": ""2021-11-26"", ""validation_end"": ""2022-10-18"", ""train_rows"": 78914, ""validation_rows"": 82539}, {""fold"": 2, ""train_start"": ""2021-01-04"", ""train_end"": ""2022-10-11"", ""train_label_end_max"": ""2022-10-18"", ""validation_start"": ""2022-10-19"", ""validation_end"": ""2023-09-08"", ""train_rows"": 161487, ""validation_rows"": 81981}, {""fold"": 3, ""train_start"": ""2021-01-04"", ""train_end"": ""2023-08-30"", ""train_label_end_max"": ""2023-09-08"", ""validation_start"": ""2023-09-11"", ""validation_end"": ""2024-07-30"", ""train_rows"": 243426, ""validation_rows"": 82741}, {""fold"": 4, ""train_start"": ""2021-01-04"", ""train_end"": ""2024-07-23"", ""train_label_end_max"": ""2024-07-30"", ""validation_start"": ""2024-07-31"", ""validation_end"": ""2025-06-23"", ""train_rows"": 326201, ""validation_rows"": 82447}]",0.49,0.4688330840447108,0.40869283760015634,0.5497268657329445,0.3692206437211108,0.4966333846919092,True,68.476,9eabd4bf8d11,9cf8f4c431a9e89fea5b7379f196f9505b74cc80396a163d96d8d5191f2204d1,rolling_recent_cv_oof_threshold,ok,manual-probe-50 seed=20260720 stage=explore index=12/50
RF_20260720_012119_625905,2026-07-20T01:22:17,random_forest,Random Forest,"{""n_estimators"": 110, ""max_depth"": 8, ""min_samples_leaf"": 100, ""max_features"": 0.15}",0.4477300599538217,0.03341821038133521,"[0.4757098937591615, 0.4838327914790581, 0.40289148797920726, 0.42848606659785976]",0.41692312801381,0.031443985641432935,0.4942260922277426,0.08479093108551156,"[0.3848058761804827, 0.4538008114521932, 0.3866853757405675, 0.4424004486819966]","[0.6228472434525629, 0.5181214310686401, 0.42051542895896915, 0.4154202654307984]","[{""fold"": 1, ""train_start"": ""2021-01-04"", ""train_end"": ""2021-11-18"", ""train_label_end_max"": ""2021-11-25"", ""validation_start"": ""2021-11-26"", ""validation_end"": ""2022-10-18"", ""train_rows"": 78914, ""validation_rows"": 82539}, {""fold"": 2, ""train_start"": ""2021-01-04"", ""train_end"": ""2022-10-11"", ""train_label_end_max"": ""2022-10-18"", ""validation_start"": ""2022-10-19"", ""validation_end"": ""2023-09-08"", ""train_rows"": 161487, ""validation_rows"": 81981}, {""fold"": 3, ""train_start"": ""2021-01-04"", ""train_end"": ""2023-08-30"", ""train_label_end_max"": ""2023-09-08"", ""validation_start"": ""2023-09-11"", ""validation_end"": ""2024-07-30"", ""train_rows"": 243426, ""validation_rows"": 82741}, {""fold"": 4, ""train_start"": ""2021-01-04"", ""train_end"": ""2024-07-23"", ""train_label_end_max"": ""2024-07-30"", ""validation_start"": ""2024-07-31"", ""validation_end"": ""2025-06-23"", ""train_rows"": 326201, ""validation_rows"": 82447}]",0.5,0.45142470333484175,0.4143586856522993,0.4957736066045098,0.3692206437211108,0.4417666541303214,True,57.884,9eabd4bf8d11,9cf8f4c431a9e89fea5b7379f196f9505b74cc80396a163d96d8d5191f2204d1,rolling_recent_cv_oof_threshold,ok,manual-probe-50 seed=20260720 stage=explore index=13/50
RF_20260720_012217_509708,2026-07-20T01:23:31,random_forest,Random Forest,"{""n_estimators"": 160, ""max_depth"": 6, ""min_samples_leaf"": 60, ""max_features"": 0.25}",0.4480584589473027,0.030303103241779997,"[0.47287520276011225, 0.48224370112945264, 0.409955328653478, 0.4271596032461677]",0.41462092115715576,0.031094702875518725,0.4982065909325004,0.08194824702591187,"[0.3807292854329484, 0.4514997458057956, 0.3871045495631214, 0.4391501038267576]","[0.6238662998063793, 0.517480480130521, 0.4356731095286538, 0.4158064742644477]","[{""fold"": 1, ""train_start"": ""2021-01-04"", ""train_end"": ""2021-11-18"", ""train_label_end_max"": ""2021-11-25"", ""validation_start"": ""2021-11-26"", ""validation_end"": ""2022-10-18"", ""train_rows"": 78914, ""validation_rows"": 82539}, {""fold"": 2, ""train_start"": ""2021-01-04"", ""train_end"": ""2022-10-11"", ""train_label_end_max"": ""2022-10-18"", ""validation_start"": ""2022-10-19"", ""validation_end"": ""2023-09-08"", ""train_rows"": 161487, ""validation_rows"": 81981}, {""fold"": 3, ""train_start"": ""2021-01-04"", ""train_end"": ""2023-08-30"", ""train_label_end_max"": ""2023-09-08"", ""validation_start"": ""2023-09-11"", ""validation_end"": ""2024-07-30"", ""train_rows"": 243426, ""validation_rows"": 82741}, {""fold"": 4, ""train_start"": ""2021-01-04"", ""train_end"": ""2024-07-23"", ""train_label_end_max"": ""2024-07-30"", ""validation_start"": ""2024-07-31"", ""validation_end"": ""2025-06-23"", ""train_rows"": 326201, ""validation_rows"": 82447}]",0.5,0.4513938368364802,0.4116707392190176,0.499601593625498,0.3692206437211108,0.4480843655598287,True,73.925,9eabd4bf8d11,9cf8f4c431a9e89fea5b7379f196f9505b74cc80396a163d96d8d5191f2204d1,rolling_recent_cv_oof_threshold,ok,manual-probe-50 seed=20260720 stage=explore index=14/50
RF_20260720_012331_436040,2026-07-20T01:25:09,random_forest,Random Forest,"{""n_estimators"": 180, ""max_depth"": 5, ""min_samples_leaf"": 70, ""max_features"": 0.4}",0.46379248402394735,0.026734724432248964,"[0.48223275096239265, 0.4952836902374329, 0.42698051507708074, 0.45067297981888316]",0.40870018339979347,0.028140648912973607,0.5449230983363328,0.07575194195833676,"[0.3786548857757368, 0.44549707874583927, 0.38425235292522175, 0.42639641615237617]","[0.6638133088759809, 0.5575981820300664, 0.48040013563919975, 0.4778807668000843]","[{""fold"": 1, ""train_start"": ""2021-01-04"", ""train_end"": ""2021-11-18"", ""train_label_end_max"": ""2021-11-25"", ""validation_start"": ""2021-11-26"", ""validation_end"": ""2022-10-18"", ""train_rows"": 78914, ""validation_rows"": 82539}, {""fold"": 2, ""train_start"": ""2021-01-04"", ""train_end"": ""2022-10-11"", ""train_label_end_max"": ""2022-10-18"", ""validation_start"": ""2022-10-19"", ""validation_end"": ""2023-09-08"", ""train_rows"": 161487, ""validation_rows"": 81981}, {""fold"": 3, ""train_start"": ""2021-01-04"", ""train_end"": ""2023-08-30"", ""train_label_end_max"": ""2023-09-08"", ""validation_start"": ""2023-09-11"", ""validation_end"": ""2024-07-30"", ""train_rows"": 243426, ""validation_rows"": 82741}, {""fold"": 4, ""train_start"": ""2021-01-04"", ""train_end"": ""2024-07-23"", ""train_label_end_max"": ""2024-07-30"", ""validation_start"": ""2024-07-31"", ""validation_end"": ""2025-06-23"", ""train_rows"": 326201, ""validation_rows"": 82447}]",0.49,0.46622353952191375,0.40682541625857005,0.5459317369696471,0.3692206437211108,0.4954687177745156,True,98.11,9eabd4bf8d11,9cf8f4c431a9e89fea5b7379f196f9505b74cc80396a163d96d8d5191f2204d1,rolling_recent_cv_oof_threshold,ok,manual-probe-50 seed=20260720 stage=explore index=15/50
RF_20260720_012509_547862,2026-07-20T01:25:39,random_forest,Random Forest,"{""n_estimators"": 80, ""max_depth"": 4, ""min_samples_leaf"": 75, ""max_features"": 0.15}",0.4408228933437792,0.036729361230022135,"[0.4702713847581248, 0.4836575095247644, 0.3982882927885176, 0.41107438630371]",0.41331889069180233,0.028837141093146074,0.4852632855983617,0.09426258046906479,"[0.37885929032659926, 0.44687631234406267, 0.3912716328066215, 0.43626832728992593]","[0.619824042936241, 0.5270364759352056, 0.40556120718887756, 0.38863141633312265]","[{""fold"": 1, ""train_start"": ""2021-01-04"", ""train_end"": ""2021-11-18"", ""train_label_end_max"": ""2021-11-25"", ""validation_start"": ""2021-11-26"", ""validation_end"": ""2022-10-18"", ""train_rows"": 78914, ""validation_rows"": 82539}, {""fold"": 2, ""train_start"": ""2021-01-04"", ""train_end"": ""2022-10-11"", ""train_label_end_max"": ""2022-10-18"", ""validation_start"": ""2022-10-19"", ""validation_end"": ""2023-09-08"", ""train_rows"": 161487, ""validation_rows"": 81981}, {""fold"": 3, ""train_start"": ""2021-01-04"", ""train_end"": ""2023-08-30"", ""train_label_end_max"": ""2023-09-08"", ""validation_start"": ""2023-09-11"", ""validation_end"": ""2024-07-30"", ""train_rows"": 243426, ""validation_rows"": 82741}, {""fold"": 4, ""train_start"": ""2021-01-04"", ""train_end"": ""2024-07-23"", ""train_label_end_max"": ""2024-07-30"", ""validation_start"": ""2024-07-31"", ""validation_end"": ""2025-06-23"", ""train_rows"": 326201, ""validation_rows"": 82447}]",0.5,0.44582792000540705,0.4106015230006294,0.48766583151928367,0.3692206437211108,0.43851832530602836,True,30.192,9eabd4bf8d11,9cf8f4c431a9e89fea5b7379f196f9505b74cc80396a163d96d8d5191f2204d1,rolling_recent_cv_oof_threshold,ok,manual-probe-50 seed=20260720 stage=explore index=16/50
RF_20260720_012539_741962,2026-07-20T01:27:55,random_forest,Random Forest,"{""n_estimators"": 160, ""max_depth"": 10, ""min_samples_leaf"": 75, ""max_features"": 0.4}",0.45778244249979555,0.018454233144703413,"[0.46201115812737514, 0.47815210593577506, 0.4277788815698981, 0.4631876243661339]",0.4117778024638188,0.026847330341635042,0.5189715447153661,0.03929191366129044,"[0.382915987222731, 0.44825388733112415, 0.3893881639353385, 0.42655317136608145]","[0.5822888005706716, 0.5123237384920173, 0.4745676500508647, 0.5067059897479109]","[{""fold"": 1, ""train_start"": ""2021-01-04"", ""train_end"": ""2021-11-18"", ""train_label_end_max"": ""2021-11-25"", ""validation_start"": ""2021-11-26"", ""validation_end"": ""2022-10-18"", ""train_rows"": 78914, ""validation_rows"": 82539}, {""fold"": 2, ""train_start"": ""2021-01-04"", ""train_end"": ""2022-10-11"", ""train_label_end_max"": ""2022-10-18"", ""validation_start"": ""2022-10-19"", ""validation_end"": ""2023-09-08"", ""train_rows"": 161487, ""validation_rows"": 81981}, {""fold"": 3, ""train_start"": ""2021-01-04"", ""train_end"": ""2023-08-30"", ""train_label_end_max"": ""2023-09-08"", ""validation_start"": ""2023-09-11"", ""validation_end"": ""2024-07-30"", ""train_rows"": 243426, ""validation_rows"": 82741}, {""fold"": 4, ""train_start"": ""2021-01-04"", ""train_end"": ""2024-07-23"", ""train_label_end_max"": ""2024-07-30"", ""validation_start"": ""2024-07-31"", ""validation_end"": ""2025-06-23"", ""train_rows"": 326201, ""validation_rows"": 82447}]",0.49,0.45845659093961316,0.41069895689722447,0.5187826015525526,0.3692206437211108,0.4663884406808449,True,135.337,9eabd4bf8d11,9cf8f4c431a9e89fea5b7379f196f9505b74cc80396a163d96d8d5191f2204d1,rolling_recent_cv_oof_threshold,ok,manual-probe-50 seed=20260720 stage=explore index=17/50
RF_20260720_012755_080148,2026-07-20T01:29:45,random_forest,Random Forest,"{""n_estimators"": 130, ""max_depth"": 7, ""min_samples_leaf"": 35, ""max_features"": 0.5}",0.4620828001476935,0.01352072428894329,"[0.46843220060254437, 0.47667674209623395, 0.44023945101474665, 0.4629828068772491]",0.41036175938152025,0.027157292198451612,0.5335349414449576,0.041125670660381516,"[0.3822683157261874, 0.447446449568018, 0.38656410256410256, 0.4251681696677731]","[0.6047420088997588, 0.5099930078079478, 0.5112241437775518, 0.508180605294572]","[{""fold"": 1, ""train_start"": ""2021-01-04"", ""train_end"": ""2021-11-18"", ""train_label_end_max"": ""2021-11-25"", ""validation_start"": ""2021-11-26"", ""validation_end"": ""2022-10-18"", ""train_rows"": 78914, ""validation_rows"": 82539}, {""fold"": 2, ""train_start"": ""2021-01-04"", ""train_end"": ""2022-10-11"", ""train_label_end_max"": ""2022-10-18"", ""validation_start"": ""2022-10-19"", ""validation_end"": ""2023-09-08"", ""train_rows"": 161487, ""validation_rows"": 81981}, {""fold"": 3, ""train_start"": ""2021-01-04"", ""train_end"": ""2023-08-30"", ""train_label_end_max"": ""2023-09-08"", ""validation_start"": ""2023-09-11"", ""validation_end"": ""2024-07-30"", ""train_rows"": 243426, ""validation_rows"": 82741}, {""fold"": 4, ""train_start"": ""2021-01-04"", ""train_end"": ""2024-07-23"", ""train_label_end_max"": ""2024-07-30"", ""validation_start"": ""2024-07-31"", ""validation_end"": ""2025-06-23"", ""train_rows"": 326201, ""validation_rows"": 82447}]",0.49,0.4624917995379218,0.40858778986625677,0.5327802193288701,0.3692206437211108,0.4814472199643321,True,109.94,9eabd4bf8d11,9cf8f4c431a9e89fea5b7379f196f9505b74cc80396a163d96d8d5191f2204d1,rolling_recent_cv_oof_threshold,ok,manual-probe-50 seed=20260720 stage=explore index=18/50
RF_20260720_012945_021167,2026-07-20T01:30:36,random_forest,Random Forest,"{""n_estimators"": 180, ""max_depth"": 4, ""min_samples_leaf"": 55, ""max_features"": 0.15}",0.4411177629091878,0.04001247734855576,"[0.47472766608889283, 0.48621413201822966, 0.3932986174655198, 0.41023063606410903]",0.41250978196348553,0.030804024600884432,0.4887308803137524,0.10231182531811236,"[0.3782459677419355, 0.4491468925158646, 0.38606003200836136, 0.4365862355877808]","[0.6372838751316281, 0.5299498892902925, 0.4008138351983723, 0.3868759216347167]","[{""fold"": 1, ""train_start"": ""2021-01-04"", ""train_end"": ""2021-11-18"", ""train_label_end_max"": ""2021-11-25"", ""validation_start"": ""2021-11-26"", ""validation_end"": ""2022-10-18"", ""train_rows"": 78914, ""validation_rows"": 82539}, {""fold"": 2, ""train_start"": ""2021-01-04"", ""train_end"": ""2022-10-11"", ""train_label_end_max"": ""2022-10-18"", ""validation_start"": ""2022-10-19"", ""validation_end"": ""2023-09-08"", ""train_rows"": 161487, ""validation_rows"": 81981}, {""fold"": 3, ""train_start"": ""2021-01-04"", ""train_end"": ""2023-08-30"", ""train_label_end_max"": ""2023-09-08"", ""validation_start"": ""2023-09-11"", ""validation_end"": ""2024-07-30"", ""train_rows"": 243426, ""validation_rows"": 82741}, {""fold"": 4, ""train_start"": ""2021-01-04"", ""train_end"": ""2024-07-23"", ""train_label_end_max"": ""2024-07-30"", ""validation_start"": ""2024-07-31"", ""validation_end"": ""2025-06-23"", ""train_rows"": 326201, ""validation_rows"": 82447}]",0.5,0.446710747506444,0.4096468089479634,0.4911488068345176,0.3692206437211108,0.4426795831462991,True,51.47,9eabd4bf8d11,9cf8f4c431a9e89fea5b7379f196f9505b74cc80396a163d96d8d5191f2204d1,rolling_recent_cv_oof_threshold,ok,manual-probe-50 seed=20260720 stage=explore index=19/50
RF_20260720_013036_490910,2026-07-20T01:31:55,random_forest,Random Forest,"{""n_estimators"": 100, ""max_depth"": 9, ""min_samples_leaf"": 85, ""max_features"": 0.35}",0.46051611006763593,0.018262053117426024,"[0.46869447611975923, 0.4809567068458232, 0.4313778702489182, 0.461035387056043]",0.412575997025659,0.027375107814781002,0.5255403867930879,0.04462107747234744,"[0.3843928750081559, 0.4498211975956783, 0.3883595298205608, 0.427730385678241]","[0.6003600665783484, 0.5167229926581983, 0.4851135978297728, 0.4999648901060319]","[{""fold"": 1, ""train_start"": ""2021-01-04"", ""train_end"": ""2021-11-18"", ""train_label_end_max"": ""2021-11-25"", ""validation_start"": ""2021-11-26"", ""validation_end"": ""2022-10-18"", ""train_rows"": 78914, ""validation_rows"": 82539}, {""fold"": 2, ""train_start"": ""2021-01-04"", ""train_end"": ""2022-10-11"", ""train_label_end_max"": ""2022-10-18"", ""validation_start"": ""2022-10-19"", ""validation_end"": ""2023-09-08"", ""train_rows"": 161487, ""validation_rows"": 81981}, {""fold"": 3, ""train_start"": ""2021-01-04"", ""train_end"": ""2023-08-30"", ""train_label_end_max"": ""2023-09-08"", ""validation_start"": ""2023-09-11"", ""validation_end"": ""2024-07-30"", ""train_rows"": 243426, ""validation_rows"": 82741}, {""fold"": 4, ""train_start"": ""2021-01-04"", ""train_end"": ""2024-07-23"", ""train_label_end_max"": ""2024-07-30"", ""validation_start"": ""2024-07-31"", ""validation_end"": ""2025-06-23"", ""train_rows"": 326201, ""validation_rows"": 82447}]",0.49,0.46132317724112065,0.41119476394684223,0.5253706822195753,0.3692206437211108,0.47174166231938564,True,79.491,9eabd4bf8d11,9cf8f4c431a9e89fea5b7379f196f9505b74cc80396a163d96d8d5191f2204d1,rolling_recent_cv_oof_threshold,ok,manual-probe-50 seed=20260720 stage=explore index=20/50
RF_20260720_013155_985774,2026-07-20T01:33:31,random_forest,Random Forest,"{""n_estimators"": 140, ""max_depth"": 7, ""min_samples_leaf"": 100, ""max_features"": 0.4}",0.46455571089810754,0.017462519090606865,"[0.47644140554713005, 0.4820128422127294, 0.43678398488248493, 0.4629846109500857]",0.41070543037531493,0.026843971885611047,0.5403696928922238,0.052090877845549693,"[0.3832158289743007, 0.44720574305797894, 0.3867855462009099, 0.42561460326807005]","[0.6296069839328782, 0.5226954900361264, 0.5016276703967446, 0.5075486272031459]","[{""fold"": 1, ""train_start"": ""2021-01-04"", ""train_end"": ""2021-11-18"", ""train_label_end_max"": ""2021-11-25"", ""validation_start"": ""2021-11-26"", ""validation_end"": ""2022-10-18"", ""train_rows"": 78914, ""validation_rows"": 82539}, {""fold"": 2, ""train_start"": ""2021-01-04"", ""train_end"": ""2022-10-11"", ""train_label_end_max"": ""2022-10-18"", ""validation_start"": ""2022-10-19"", ""validation_end"": ""2023-09-08"", ""train_rows"": 161487, ""validation_rows"": 81981}, {""fold"": 3, ""train_start"": ""2021-01-04"", ""train_end"": ""2023-08-30"", ""train_label_end_max"": ""2023-09-08"", ""validation_start"": ""2023-09-11"", ""validation_end"": ""2024-07-30"", ""train_rows"": 243426, ""validation_rows"": 82741}, {""fold"": 4, ""train_start"": ""2021-01-04"", ""train_end"": ""2024-07-23"", ""train_label_end_max"": ""2024-07-30"", ""validation_start"": ""2024-07-31"", ""validation_end"": ""2025-06-23"", ""train_rows"": 326201, ""validation_rows"": 82447}]",0.49,0.46542341315223895,0.40900209090456513,0.5399022466833696,0.3692206437211108,0.4873888410350977,True,95.278,9eabd4bf8d11,9cf8f4c431a9e89fea5b7379f196f9505b74cc80396a163d96d8d5191f2204d1,rolling_recent_cv_oof_threshold,ok,manual-probe-50 seed=20260720 stage=focus index=21/50
RF_20260720_013331_263933,2026-07-20T01:35:00,random_forest,Random Forest,"{""n_estimators"": 130, ""max_depth"": 7, ""min_samples_leaf"": 100, ""max_features"": 0.4}",0.4652764012343188,0.017387536854656244,"[0.4770649270597904, 0.482635486166114, 0.4375837739906615, 0.46382141772070934]",0.41093345416216714,0.02690654020570014,0.5418939677151571,0.05194297983812342,"[0.38351950116656, 0.44753155575472403, 0.38681284341553607, 0.4258699163118485]","[0.6309657257379666, 0.5237151847104067, 0.5036961681926077, 0.5091987922196475]","[{""fold"": 1, ""train_start"": ""2021-01-04"", ""train_end"": ""2021-11-18"", ""train_label_end_max"": ""2021-11-25"", ""validation_start"": ""2021-11-26"", ""validation_end"": ""2022-10-18"", ""train_rows"": 78914, ""validation_rows"": 82539}, {""fold"": 2, ""train_start"": ""2021-01-04"", ""train_end"": ""2022-10-11"", ""train_label_end_max"": ""2022-10-18"", ""validation_start"": ""2022-10-19"", ""validation_end"": ""2023-09-08"", ""train_rows"": 161487, ""validation_rows"": 81981}, {""fold"": 3, ""train_start"": ""2021-01-04"", ""train_end"": ""2023-08-30"", ""train_label_end_max"": ""2023-09-08"", ""validation_start"": ""2023-09-11"", ""validation_end"": ""2024-07-30"", ""train_rows"": 243426, ""validation_rows"": 82741}, {""fold"": 4, ""train_start"": ""2021-01-04"", ""train_end"": ""2024-07-23"", ""train_label_end_max"": ""2024-07-30"", ""validation_start"": ""2024-07-31"", ""validation_end"": ""2025-06-23"", ""train_rows"": 326201, ""validation_rows"": 82447}]",0.49,0.4661251595701419,0.40922412080270215,0.5414055119727277,0.3692206437211108,0.4884807162701542,True,89.466,9eabd4bf8d11,9cf8f4c431a9e89fea5b7379f196f9505b74cc80396a163d96d8d5191f2204d1,rolling_recent_cv_oof_threshold,ok,manual-probe-50 seed=20260720 stage=focus index=22/50
RF_20260720_013500_725974,2026-07-20T01:36:11,random_forest,Random Forest,"{""n_estimators"": 105, ""max_depth"": 5, ""min_samples_leaf"": 100, ""max_features"": 0.45}",0.46261141045317605,0.02611004440835906,"[0.48195243504708857, 0.49274832100765675, 0.42737015663643857, 0.44837472912152027]",0.4082046695785694,0.02952259943376958,0.5437739380788064,0.0786829292452366,"[0.37628747997253376, 0.4467187870172945, 0.3829684351914036, 0.4268439761330456]","[0.6701314582696423, 0.5493532222351707, 0.4834181078331638, 0.4721929639772488]","[{""fold"": 1, ""train_start"": ""2021-01-04"", ""train_end"": ""2021-11-18"", ""train_label_end_max"": ""2021-11-25"", ""validation_start"": ""2021-11-26"", ""validation_end"": ""2022-10-18"", ""train_rows"": 78914, ""validation_rows"": 82539}, {""fold"": 2, ""train_start"": ""2021-01-04"", ""train_end"": ""2022-10-11"", ""train_label_end_max"": ""2022-10-18"", ""validation_start"": ""2022-10-19"", ""validation_end"": ""2023-09-08"", ""train_rows"": 161487, ""validation_rows"": 81981}, {""fold"": 3, ""train_start"": ""2021-01-04"", ""train_end"": ""2023-08-30"", ""train_label_end_max"": ""2023-09-08"", ""validation_start"": ""2023-09-11"", ""validation_end"": ""2024-07-30"", ""train_rows"": 243426, ""validation_rows"": 82741}, {""fold"": 4, ""train_start"": ""2021-01-04"", ""train_end"": ""2024-07-23"", ""train_label_end_max"": ""2024-07-30"", ""validation_start"": ""2024-07-31"", ""validation_end"": ""2025-06-23"", ""train_rows"": 326201, ""validation_rows"": 82447}]",0.49,0.46501301270404694,0.4057574477722484,0.5445352610177845,0.3692206437211108,0.49550208062892015,True,70.871,9eabd4bf8d11,9cf8f4c431a9e89fea5b7379f196f9505b74cc80396a163d96d8d5191f2204d1,rolling_recent_cv_oof_threshold,ok,manual-probe-50 seed=20260720 stage=focus index=23/50
RF_20260720_013611_603769,2026-07-20T01:37:07,random_forest,Random Forest,"{""n_estimators"": 90, ""max_depth"": 6, ""min_samples_leaf"": 75, ""max_features"": 0.3}",0.46737853489003534,0.0269551106297818,"[0.4825489782498108, 0.5005985557429171, 0.42900971280623773, 0.4573568927611758]",0.40975370642033593,0.02880807520848857,0.5515269622421715,0.07040054836592209,"[0.38011650181789747, 0.4484237714180292, 0.38396421013153315, 0.4265103423138839]","[0.6605523285437684, 0.5665132268966321, 0.4860291624279417, 0.49301313110034406]","[{""fold"": 1, ""train_start"": ""2021-01-04"", ""train_end"": ""2021-11-18"", ""train_label_end_max"": ""2021-11-25"", ""validation_start"": ""2021-11-26"", ""validation_end"": ""2022-10-18"", ""train_rows"": 78914, ""validation_rows"": 82539}, {""fold"": 2, ""train_start"": ""2021-01-04"", ""train_end"": ""2022-10-11"", ""train_label_end_max"": ""2022-10-18"", ""validation_start"": ""2022-10-19"", ""validation_end"": ""2023-09-08"", ""train_rows"": 161487, ""validation_rows"": 81981}, {""fold"": 3, ""train_start"": ""2021-01-04"", ""train_end"": ""2023-08-30"", ""train_label_end_max"": ""2023-09-08"", ""validation_start"": ""2023-09-11"", ""validation_end"": ""2024-07-30"", ""train_rows"": 243426, ""validation_rows"": 82741}, {""fold"": 4, ""train_start"": ""2021-01-04"", ""train_end"": ""2024-07-23"", ""train_label_end_max"": ""2024-07-30"", ""validation_start"": ""2024-07-31"", ""validation_end"": ""2025-06-23"", ""train_rows"": 326201, ""validation_rows"": 82447}]",0.49,0.4695575690731149,0.4082343587845096,0.5525608904587834,0.3692206437211108,0.4997543280721123,True,55.995,9eabd4bf8d11,9cf8f4c431a9e89fea5b7379f196f9505b74cc80396a163d96d8d5191f2204d1,rolling_recent_cv_oof_threshold,ok,manual-probe-50 seed=20260720 stage=focus index=24/50
RF_20260720_013707_597122,2026-07-20T01:38:21,random_forest,Random Forest,"{""n_estimators"": 95, ""max_depth"": 8, ""min_samples_leaf"": 75, ""max_features"": 0.25}",0.46640378797605786,0.023346313272929454,"[0.47776142125592924, 0.4954839048469254, 0.432257484491594, 0.4601123413097828]",0.4113800690251389,0.029338468441975428,0.5453435734169216,0.06201453461758591,"[0.3794164668265388, 0.4509415025807685, 0.3872422680412371, 0.4279200386520111]","[0.6449267977852509, 0.5497902342384338, 0.4891149542217701, 0.4975423074222316]","[{""fold"": 1, ""train_start"": ""2021-01-04"", ""train_end"": ""2021-11-18"", ""train_label_end_max"": ""2021-11-25"", ""validation_start"": ""2021-11-26"", ""validation_end"": ""2022-10-18"", ""train_rows"": 78914, ""validation_rows"": 82539}, {""fold"": 2, ""train_start"": ""2021-01-04"", ""train_end"": ""2022-10-11"", ""train_label_end_max"": ""2022-10-18"", ""validation_start"": ""2022-10-19"", ""validation_end"": ""2023-09-08"", ""train_rows"": 161487, ""validation_rows"": 81981}, {""fold"": 3, ""train_start"": ""2021-01-04"", ""train_end"": ""2023-08-30"", ""train_label_end_max"": ""2023-09-08"", ""validation_start"": ""2023-09-11"", ""validation_end"": ""2024-07-30"", ""train_rows"": 243426, ""validation_rows"": 82741}, {""fold"": 4, ""train_start"": ""2021-01-04"", ""train_end"": ""2024-07-23"", ""train_label_end_max"": ""2024-07-30"", ""validation_start"": ""2024-07-31"", ""validation_end"": ""2025-06-23"", ""train_rows"": 326201, ""validation_rows"": 82447}]",0.49,0.4679932532122949,0.4095604368513177,0.5458742350186881,0.3692206437211108,0.4921081684399529,True,73.899,9eabd4bf8d11,9cf8f4c431a9e89fea5b7379f196f9505b74cc80396a163d96d8d5191f2204d1,rolling_recent_cv_oof_threshold,ok,manual-probe-50 seed=20260720 stage=focus index=25/50
RF_20260720_013821_501368,2026-07-20T01:40:03,random_forest,Random Forest,"{""n_estimators"": 160, ""max_depth"": 7, ""min_samples_leaf"": 85, ""max_features"": 0.25}",0.46845825333983876,0.024086286214719563,"[0.4817870698774189, 0.49799710330249614, 0.4337658886576022, 0.4602829515218379]",0.41077760564466465,0.029812298190877665,0.552424628830028,0.06511825080908855,"[0.3801751905098594, 0.4509748316199929, 0.38410855753392426, 0.42785184291488204]","[0.6575291280274466, 0.5559666705512178, 0.49816887080366223, 0.49803384593778527]","[{""fold"": 1, ""train_start"": ""2021-01-04"", ""train_end"": ""2021-11-18"", ""train_label_end_max"": ""2021-11-25"", ""validation_start"": ""2021-11-26"", ""validation_end"": ""2022-10-18"", ""train_rows"": 78914, ""validation_rows"": 82539}, {""fold"": 2, ""train_start"": ""2021-01-04"", ""train_end"": ""2022-10-11"", ""train_label_end_max"": ""2022-10-18"", ""validation_start"": ""2022-10-19"", ""validation_end"": ""2023-09-08"", ""train_rows"": 161487, ""validation_rows"": 81981}, {""fold"": 3, ""train_start"": ""2021-01-04"", ""train_end"": ""2023-08-30"", ""train_label_end_max"": ""2023-09-08"", ""validation_start"": ""2023-09-11"", ""validation_end"": ""2024-07-30"", ""train_rows"": 243426, ""validation_rows"": 82741}, {""fold"": 4, ""train_start"": ""2021-01-04"", ""train_end"": ""2024-07-23"", ""train_label_end_max"": ""2024-07-30"", ""validation_start"": ""2024-07-31"", ""validation_end"": ""2025-06-23"", ""train_rows"": 326201, ""validation_rows"": 82447}]",0.49,0.4701379698079737,0.40888770105447303,0.5529716186799195,0.3692206437211108,0.49932667693838184,True,102.274,9eabd4bf8d11,9cf8f4c431a9e89fea5b7379f196f9505b74cc80396a163d96d8d5191f2204d1,rolling_recent_cv_oof_threshold,ok,manual-probe-50 seed=20260720 stage=focus index=26/50
RF_20260720_014003_774214,2026-07-20T01:41:53,random_forest,Random Forest,"{""n_estimators"": 135, ""max_depth"": 7, ""min_samples_leaf"": 90, ""max_features"": 0.35}",0.4638781242583988,0.018805483523292976,"[0.47540878650908486, 0.4851808260218275, 0.43544460673659985, 0.4594782777660832]",0.41044727182182983,0.028122633871176396,0.5393932698265226,0.05398875571451192,"[0.3815199967117432, 0.44847196123034316, 0.38541095353756955, 0.4263861758076634]","[0.6305920717415673, 0.5284349143456474, 0.5004069175991862, 0.4981391756196896]","[{""fold"": 1, ""train_start"": ""2021-01-04"", ""train_end"": ""2021-11-18"", ""train_label_end_max"": ""2021-11-25"", ""validation_start"": ""2021-11-26"", ""validation_end"": ""2022-10-18"", ""train_rows"": 78914, ""validation_rows"": 82539}, {""fold"": 2, ""train_start"": ""2021-01-04"", ""train_end"": ""2022-10-11"", ""train_label_end_max"": ""2022-10-18"", ""validation_start"": ""2022-10-19"", ""validation_end"": ""2023-09-08"", ""train_rows"": 161487, ""validation_rows"": 81981}, {""fold"": 3, ""train_start"": ""2021-01-04"", ""train_end"": ""2023-08-30"", ""train_label_end_max"": ""2023-09-08"", ""validation_start"": ""2023-09-11"", ""validation_end"": ""2024-07-30"", ""train_rows"": 243426, ""validation_rows"": 82741}, {""fold"": 4, ""train_start"": ""2021-01-04"", ""train_end"": ""2024-07-23"", ""train_label_end_max"": ""2024-07-30"", ""validation_start"": ""2024-07-31"", ""validation_end"": ""2025-06-23"", ""train_rows"": 326201, ""validation_rows"": 82447}]",0.49,0.46492044999840654,0.4085929817136171,0.5392615106583973,0.3692206437211108,0.48729785143217635,True,109.5,9eabd4bf8d11,9cf8f4c431a9e89fea5b7379f196f9505b74cc80396a163d96d8d5191f2204d1,rolling_recent_cv_oof_threshold,ok,manual-probe-50 seed=20260720 stage=focus index=27/50
RF_20260720_014153_278415,2026-07-20T01:42:27,random_forest,Random Forest,"{""n_estimators"": 85, ""max_depth"": 5, ""min_samples_leaf"": 75, ""max_features"": 0.15}",0.44293151601022723,0.03614469811315964,"[0.47382891926800264, 0.4834040261226688, 0.40067956089911133, 0.4138135577511261]",0.413564519918502,0.030646888863687948,0.490006346776309,0.09435387001857355,"[0.37995816071208827, 0.4494128840039058, 0.386559919309084, 0.4383271156489299]","[0.6293012670267333, 0.5229576972380842, 0.41586978636826044, 0.39189663647215783]","[{""fold"": 1, ""train_start"": ""2021-01-04"", ""train_end"": ""2021-11-18"", ""train_label_end_max"": ""2021-11-25"", ""validation_start"": ""2021-11-26"", ""validation_end"": ""2022-10-18"", ""train_rows"": 78914, ""validation_rows"": 82539}, {""fold"": 2, ""train_start"": ""2021-01-04"", ""train_end"": ""2022-10-11"", ""train_label_end_max"": ""2022-10-18"", ""validation_start"": ""2022-10-19"", ""validation_end"": ""2023-09-08"", ""train_rows"": 161487, ""validation_rows"": 81981}, {""fold"": 3, ""train_start"": ""2021-01-04"", ""train_end"": ""2023-08-30"", ""train_label_end_max"": ""2023-09-08"", ""validation_start"": ""2023-09-11"", ""validation_end"": ""2024-07-30"", ""train_rows"": 243426, ""validation_rows"": 82741}, {""fold"": 4, ""train_start"": ""2021-01-04"", ""train_end"": ""2024-07-23"", ""train_label_end_max"": ""2024-07-30"", ""validation_start"": ""2024-07-31"", ""validation_end"": ""2025-06-23"", ""train_rows"": 326201, ""validation_rows"": 82447}]",0.5,0.44765623540401683,0.41059702515593943,0.4920688380498624,0.3692206437211108,0.4424824390066362,True,34.717,9eabd4bf8d11,9cf8f4c431a9e89fea5b7379f196f9505b74cc80396a163d96d8d5191f2204d1,rolling_recent_cv_oof_threshold,ok,manual-probe-50 seed=20260720 stage=focus index=28/50
RF_20260720_014227_996377,2026-07-20T01:43:05,random_forest,Random Forest,"{""n_estimators"": 95, ""max_depth"": 4, ""min_samples_leaf"": 100, ""max_features"": 0.2}",0.4423637491118888,0.03929933100576566,"[0.4723344770618884, 0.488934377201494, 0.39456962257542655, 0.4136165196087461]",0.4125542611615402,0.030456317736834663,0.49060105747238175,0.09891733353379686,"[0.37733243995045784, 0.44958322129604733, 0.3882306606715022, 0.43507072272815345]","[0.6312714426441115, 0.5358349842675679, 0.40111902339776195, 0.3941787795800857]","[{""fold"": 1, ""train_start"": ""2021-01-04"", ""train_end"": ""2021-11-18"", ""train_label_end_max"": ""2021-11-25"", ""validation_start"": ""2021-11-26"", ""validation_end"": ""2022-10-18"", ""train_rows"": 78914, ""validation_rows"": 82539}, {""fold"": 2, ""train_start"": ""2021-01-04"", ""train_end"": ""2022-10-11"", ""train_label_end_max"": ""2022-10-18"", ""validation_start"": ""2022-10-19"", ""validation_end"": ""2023-09-08"", ""train_rows"": 161487, ""validation_rows"": 81981}, {""fold"": 3, ""train_start"": ""2021-01-04"", ""train_end"": ""2023-08-30"", ""train_label_end_max"": ""2023-09-08"", ""validation_start"": ""2023-09-11"", ""validation_end"": ""2024-07-30"", ""train_rows"": 243426, ""validation_rows"": 82741}, {""fold"": 4, ""train_start"": ""2021-01-04"", ""train_end"": ""2024-07-23"", ""train_label_end_max"": ""2024-07-30"", ""validation_start"": ""2024-07-31"", ""validation_end"": ""2025-06-23"", ""train_rows"": 326201, ""validation_rows"": 82447}]",0.5,0.44771767057340706,0.40995943565019055,0.4931367314248162,0.3692206437211108,0.44413238380627706,True,37.426,9eabd4bf8d11,9cf8f4c431a9e89fea5b7379f196f9505b74cc80396a163d96d8d5191f2204d1,rolling_recent_cv_oof_threshold,ok,manual-probe-50 seed=20260720 stage=focus index=29/50
RF_20260720_014305_426699,2026-07-20T01:44:28,random_forest,Random Forest,"{""n_estimators"": 130, ""max_depth"": 6, ""min_samples_leaf"": 100, ""max_features"": 0.3}",0.46660970944813374,0.0273314936400248,"[0.4843837806111618, 0.4990572129665504, 0.42811645584833097, 0.4548813883664918]",0.4111381961284851,0.028312189541573374,0.5472318514763974,0.07208162682614185,"[0.3829930092025751, 0.4482206653366121, 0.38431869673103897, 0.4290204132437142]","[0.6587859641971534, 0.5629005943363244, 0.4831807392336385, 0.48406010813847344]","[{""fold"": 1, ""train_start"": ""2021-01-04"", ""train_end"": ""2021-11-18"", ""train_label_end_max"": ""2021-11-25"", ""validation_start"": ""2021-11-26"", ""validation_end"": ""2022-10-18"", ""train_rows"": 78914, ""validation_rows"": 82539}, {""fold"": 2, ""train_start"": ""2021-01-04"", ""train_end"": ""2022-10-11"", ""train_label_end_max"": ""2022-10-18"", ""validation_start"": ""2022-10-19"", ""validation_end"": ""2023-09-08"", ""train_rows"": 161487, ""validation_rows"": 81981}, {""fold"": 3, ""train_start"": ""2021-01-04"", ""train_end"": ""2023-08-30"", ""train_label_end_max"": ""2023-09-08"", ""validation_start"": ""2023-09-11"", ""validation_end"": ""2024-07-30"", ""train_rows"": 243426, ""validation_rows"": 82741}, {""fold"": 4, ""train_start"": ""2021-01-04"", ""train_end"": ""2024-07-23"", ""train_label_end_max"": ""2024-07-30"", ""validation_start"": ""2024-07-31"", ""validation_end"": ""2025-06-23"", ""train_rows"": 326201, ""validation_rows"": 82447}]",0.49,0.4689364960606412,0.4096259112889369,0.5483303897810818,0.3692206437211108,0.4942433911218411,True,82.884,9eabd4bf8d11,9cf8f4c431a9e89fea5b7379f196f9505b74cc80396a163d96d8d5191f2204d1,rolling_recent_cv_oof_threshold,ok,manual-probe-50 seed=20260720 stage=focus index=30/50
RF_20260720_014428_318255,2026-07-20T01:46:57,random_forest,Random Forest,"{""n_estimators"": 135, ""max_depth"": 8, ""min_samples_leaf"": 100, ""max_features"": 0.4}",0.4628499158893247,0.01672631841610195,"[0.4713442485636133, 0.4806126301030038, 0.4358164481525626, 0.4636263367381192]",0.41123332631015985,0.026411225875049918,0.5340217011625337,0.045587489638730994,"[0.38338869017203203, 0.4472997390082313, 0.3886792452830189, 0.42556563077735715]","[0.6116715921057101, 0.5192867964106748, 0.49596473380807055, 0.5091636823256793]","[{""fold"": 1, ""train_start"": ""2021-01-04"", ""train_end"": ""2021-11-18"", ""train_label_end_max"": ""2021-11-25"", ""validation_start"": ""2021-11-26"", ""validation_end"": ""2022-10-18"", ""train_rows"": 78914, ""validation_rows"": 82539}, {""fold"": 2, ""train_start"": ""2021-01-04"", ""train_end"": ""2022-10-11"", ""train_label_end_max"": ""2022-10-18"", ""validation_start"": ""2022-10-19"", ""validation_end"": ""2023-09-08"", ""train_rows"": 161487, ""validation_rows"": 81981}, {""fold"": 3, ""train_start"": ""2021-01-04"", ""train_end"": ""2023-08-30"", ""train_label_end_max"": ""2023-09-08"", ""validation_start"": ""2023-09-11"", ""validation_end"": ""2024-07-30"", ""train_rows"": 243426, ""validation_rows"": 82741}, {""fold"": 4, ""train_start"": ""2021-01-04"", ""train_end"": ""2024-07-23"", ""train_label_end_max"": ""2024-07-30"", ""validation_start"": ""2024-07-31"", ""validation_end"": ""2025-06-23"", ""train_rows"": 326201, ""validation_rows"": 82447}]",0.49,0.46356571444882927,0.4097764993092485,0.5336098903355649,0.3692206437211108,0.4807981607968263,True,149.423,9eabd4bf8d11,9cf8f4c431a9e89fea5b7379f196f9505b74cc80396a163d96d8d5191f2204d1,rolling_recent_cv_oof_threshold,ok,manual-probe-50 seed=20260720 stage=focus index=31/50
RF_20260720_014657_742374,2026-07-20T01:48:23,random_forest,Random Forest,"{""n_estimators"": 155, ""max_depth"": 7, ""min_samples_leaf"": 90, ""max_features"": 0.25}",0.46840039677156575,0.02442810668115976,"[0.48235952958745565, 0.49832623448347724, 0.4335433632526898, 0.45937245976264024]",0.41122477853834927,0.029176819847784023,0.551573019713062,0.06661756263982375,"[0.3806269149186896, 0.4506348795024618, 0.3858790540183059, 0.4277582657139397]","[0.6583104045653725, 0.5573068406945577, 0.4946422516107155, 0.49603258198160244]","[{""fold"": 1, ""train_start"": ""2021-01-04"", ""train_end"": ""2021-11-18"", ""train_label_end_max"": ""2021-11-25"", ""validation_start"": ""2021-11-26"", ""validation_end"": ""2022-10-18"", ""train_rows"": 78914, ""validation_rows"": 82539}, {""fold"": 2, ""train_start"": ""2021-01-04"", ""train_end"": ""2022-10-11"", ""train_label_end_max"": ""2022-10-18"", ""validation_start"": ""2022-10-19"", ""validation_end"": ""2023-09-08"", ""train_rows"": 161487, ""validation_rows"": 81981}, {""fold"": 3, ""train_start"": ""2021-01-04"", ""train_end"": ""2023-08-30"", ""train_label_end_max"": ""2023-09-08"", ""validation_start"": ""2023-09-11"", ""validation_end"": ""2024-07-30"", ""train_rows"": 243426, ""validation_rows"": 82741}, {""fold"": 4, ""train_start"": ""2021-01-04"", ""train_end"": ""2024-07-23"", ""train_label_end_max"": ""2024-07-30"", ""validation_start"": ""2024-07-31"", ""validation_end"": ""2025-06-23"", ""train_rows"": 326201, ""validation_rows"": 82447}]",0.49,0.4702129891931592,0.4094156338499954,0.5522158787530291,0.3692206437211108,0.4980012617224938,True,86.223,9eabd4bf8d11,9cf8f4c431a9e89fea5b7379f196f9505b74cc80396a163d96d8d5191f2204d1,rolling_recent_cv_oof_threshold,ok,manual-probe-50 seed=20260720 stage=focus index=32/50
RF_20260720_014823_966840,2026-07-20T01:49:30,random_forest,Random Forest,"{""n_estimators"": 110, ""max_depth"": 6, ""min_samples_leaf"": 100, ""max_features"": 0.3}",0.4666793186153676,0.027369288826430173,"[0.484569518249632, 0.49886363636363634, 0.4277371383846594, 0.4555469814635428]",0.4108274660141733,0.028024613320726942,0.5478574704826239,0.07211260591642449,"[0.38289273956670017, 0.44800074218387603, 0.3845675002706506, 0.42784888203546645]","[0.6597710520058426, 0.56275492366857, 0.4818243472363513, 0.48707955901973177]","[{""fold"": 1, ""train_start"": ""2021-01-04"", ""train_end"": ""2021-11-18"", ""train_label_end_max"": ""2021-11-25"", ""validation_start"": ""2021-11-26"", ""validation_end"": ""2022-10-18"", ""train_rows"": 78914, ""validation_rows"": 82539}, {""fold"": 2, ""train_start"": ""2021-01-04"", ""train_end"": ""2022-10-11"", ""train_label_end_max"": ""2022-10-18"", ""validation_start"": ""2022-10-19"", ""validation_end"": ""2023-09-08"", ""train_rows"": 161487, ""validation_rows"": 81981}, {""fold"": 3, ""train_start"": ""2021-01-04"", ""train_end"": ""2023-08-30"", ""train_label_end_max"": ""2023-09-08"", ""validation_start"": ""2023-09-11"", ""validation_end"": ""2024-07-30"", ""train_rows"": 243426, ""validation_rows"": 82741}, {""fold"": 4, ""train_start"": ""2021-01-04"", ""train_end"": ""2024-07-23"", ""train_label_end_max"": ""2024-07-30"", ""validation_start"": ""2024-07-31"", ""validation_end"": ""2025-06-23"", ""train_rows"": 326201, ""validation_rows"": 82447}]",0.49,0.4689999333218694,0.4094022644838741,0.5489054092906723,0.3692206437211108,0.49503196768049307,True,67.016,9eabd4bf8d11,9cf8f4c431a9e89fea5b7379f196f9505b74cc80396a163d96d8d5191f2204d1,rolling_recent_cv_oof_threshold,ok,manual-probe-50 seed=20260720 stage=focus index=33/50
RF_20260720_014930_985504,2026-07-20T01:50:23,random_forest,Random Forest,"{""n_estimators"": 80, ""max_depth"": 5, ""min_samples_leaf"": 90, ""max_features"": 0.3}",0.44506191134235873,0.033282320395716415,"[0.4733413315788795, 0.48169588039239497, 0.4030604785652788, 0.42214995483288165]",0.4129768894124852,0.029226812852789472,0.493518986960365,0.08626198399667794,"[0.3815882524231457, 0.44863642076159355, 0.3868533474695188, 0.4348295369956826]","[0.6231869289038351, 0.5200151497494464, 0.42068497795863, 0.4101888912295485]","[{""fold"": 1, ""train_start"": ""2021-01-04"", ""train_end"": ""2021-11-18"", ""train_label_end_max"": ""2021-11-25"", ""validation_start"": ""2021-11-26"", ""validation_end"": ""2022-10-18"", ""train_rows"": 78914, ""validation_rows"": 82539}, {""fold"": 2, ""train_start"": ""2021-01-04"", ""train_end"": ""2022-10-11"", ""train_label_end_max"": ""2022-10-18"", ""validation_start"": ""2022-10-19"", ""validation_end"": ""2023-09-08"", ""train_rows"": 161487, ""validation_rows"": 81981}, {""fold"": 3, ""train_start"": ""2021-01-04"", ""train_end"": ""2023-08-30"", ""train_label_end_max"": ""2023-09-08"", ""validation_start"": ""2023-09-11"", ""validation_end"": ""2024-07-30"", ""train_rows"": 243426, ""validation_rows"": 82741}, {""fold"": 4, ""train_start"": ""2021-01-04"", ""train_end"": ""2024-07-23"", ""train_label_end_max"": ""2024-07-30"", ""validation_start"": ""2024-07-31"", ""validation_end"": ""2025-06-23"", ""train_rows"": 326201, ""validation_rows"": 82447}]",0.5,0.4489843037220474,0.41065395095367846,0.495206801659342,0.3692206437211108,0.44524245696191783,True,52.79,9eabd4bf8d11,9cf8f4c431a9e89fea5b7379f196f9505b74cc80396a163d96d8d5191f2204d1,rolling_recent_cv_oof_threshold,ok,manual-probe-50 seed=20260720 stage=focus index=34/50
RF_20260720_015023_776435,2026-07-20T01:51:44,random_forest,Random Forest,"{""n_estimators"": 85, ""max_depth"": 7, ""min_samples_leaf"": 80, ""max_features"": 0.35}",0.4627439285108737,0.01936105135497494,"[0.47519548775797976, 0.4833409402099498, 0.43254450137724726, 0.45989478469831785]",0.4103765180506792,0.02853567086609132,0.5366384567088098,0.05490755121618639,"[0.3816063082909555, 0.4481702763256161, 0.38395204543064465, 0.4277774421555005]","[0.6296069839328782, 0.5245018063162802, 0.49521871820956254, 0.4972263183765185]","[{""fold"": 1, ""train_start"": ""2021-01-04"", ""train_end"": ""2021-11-18"", ""train_label_end_max"": ""2021-11-25"", ""validation_start"": ""2021-11-26"", ""validation_end"": ""2022-10-18"", ""train_rows"": 78914, ""validation_rows"": 82539}, {""fold"": 2, ""train_start"": ""2021-01-04"", ""train_end"": ""2022-10-11"", ""train_label_end_max"": ""2022-10-18"", ""validation_start"": ""2022-10-19"", ""validation_end"": ""2023-09-08"", ""train_rows"": 161487, ""validation_rows"": 81981}, {""fold"": 3, ""train_start"": ""2021-01-04"", ""train_end"": ""2023-08-30"", ""train_label_end_max"": ""2023-09-08"", ""validation_start"": ""2023-09-11"", ""validation_end"": ""2024-07-30"", ""train_rows"": 243426, ""validation_rows"": 82741}, {""fold"": 4, ""train_start"": ""2021-01-04"", ""train_end"": ""2024-07-23"", ""train_label_end_max"": ""2024-07-30"", ""validation_start"": ""2024-07-31"", ""validation_end"": ""2025-06-23"", ""train_rows"": 326201, ""validation_rows"": 82447}]",0.49,0.46377717333409085,0.4084486780958576,0.5364439150614039,0.3692206437211108,0.4849230227959285,True,80.333,9eabd4bf8d11,9cf8f4c431a9e89fea5b7379f196f9505b74cc80396a163d96d8d5191f2204d1,rolling_recent_cv_oof_threshold,ok,manual-probe-50 seed=20260720 stage=focus index=35/50
RF_20260720_015144_110829,2026-07-20T01:52:46,random_forest,Random Forest,"{""n_estimators"": 105, ""max_depth"": 7, ""min_samples_leaf"": 70, ""max_features"": 0.15}",0.44621480681787806,0.033216373481928206,"[0.4739933865006808, 0.4839772711862108, 0.4076200922669936, 0.41926847731762706]",0.4167327839628618,0.030988428915969136,0.49194166702093967,0.08678070103748825,"[0.3833375283161339, 0.45272104528732715, 0.3887213881368447, 0.4421511741111414]","[0.6208091307449302, 0.5198694790816921, 0.42845032214309936, 0.3986377361140369]","[{""fold"": 1, ""train_start"": ""2021-01-04"", ""train_end"": ""2021-11-18"", ""train_label_end_max"": ""2021-11-25"", ""validation_start"": ""2021-11-26"", ""validation_end"": ""2022-10-18"", ""train_rows"": 78914, ""validation_rows"": 82539}, {""fold"": 2, ""train_start"": ""2021-01-04"", ""train_end"": ""2022-10-11"", ""train_label_end_max"": ""2022-10-18"", ""validation_start"": ""2022-10-19"", ""validation_end"": ""2023-09-08"", ""train_rows"": 161487, ""validation_rows"": 81981}, {""fold"": 3, ""train_start"": ""2021-01-04"", ""train_end"": ""2023-08-30"", ""train_label_end_max"": ""2023-09-08"", ""validation_start"": ""2023-09-11"", ""validation_end"": ""2024-07-30"", ""train_rows"": 243426, ""validation_rows"": 82741}, {""fold"": 4, ""train_start"": ""2021-01-04"", ""train_end"": ""2024-07-23"", ""train_label_end_max"": ""2024-07-30"", ""validation_start"": ""2024-07-31"", ""validation_end"": ""2025-06-23"", ""train_rows"": 326201, ""validation_rows"": 82447}]",0.5,0.45023950503541077,0.4137629582719551,0.4937692528853658,0.3692206437211108,0.440614119159984,True,62.785,9eabd4bf8d11,9cf8f4c431a9e89fea5b7379f196f9505b74cc80396a163d96d8d5191f2204d1,rolling_recent_cv_oof_threshold,ok,manual-probe-50 seed=20260720 stage=focus index=36/50
RF_20260720_015246_897268,2026-07-20T01:53:57,random_forest,Random Forest,"{""n_estimators"": 150, ""max_depth"": 5, ""min_samples_leaf"": 85, ""max_features"": 0.2}",0.4455893278158084,0.035973625439886435,"[0.4746783535803988, 0.48644169729368525, 0.4002402870456058, 0.42099697334354375]",0.4130800997122941,0.030830136399742587,0.49566486015483774,0.09110556097646724,"[0.3811140605387164, 0.4493469297054394, 0.38395165560851013, 0.4379077529965104]","[0.6291314243010971, 0.5302120964922503, 0.4179721939640556, 0.4053437258619479]","[{""fold"": 1, ""train_start"": ""2021-01-04"", ""train_end"": ""2021-11-18"", ""train_label_end_max"": ""2021-11-25"", ""validation_start"": ""2021-11-26"", ""validation_end"": ""2022-10-18"", ""train_rows"": 78914, ""validation_rows"": 82539}, {""fold"": 2, ""train_start"": ""2021-01-04"", ""train_end"": ""2022-10-11"", ""train_label_end_max"": ""2022-10-18"", ""validation_start"": ""2022-10-19"", ""validation_end"": ""2023-09-08"", ""train_rows"": 161487, ""validation_rows"": 81981}, {""fold"": 3, ""train_start"": ""2021-01-04"", ""train_end"": ""2023-08-30"", ""train_label_end_max"": ""2023-09-08"", ""validation_start"": ""2023-09-11"", ""validation_end"": ""2024-07-30"", ""train_rows"": 243426, ""validation_rows"": 82741}, {""fold"": 4, ""train_start"": ""2021-01-04"", ""train_end"": ""2024-07-23"", ""train_label_end_max"": ""2024-07-30"", ""validation_start"": ""2024-07-31"", ""validation_end"": ""2025-06-23"", ""train_rows"": 326201, ""validation_rows"": 82447}]",0.5,0.44998886000742666,0.41060549588317014,0.49772867293711753,0.3692206437211108,0.44756269183641284,True,70.935,9eabd4bf8d11,9cf8f4c431a9e89fea5b7379f196f9505b74cc80396a163d96d8d5191f2204d1,rolling_recent_cv_oof_threshold,ok,manual-probe-50 seed=20260720 stage=focus index=37/50
RF_20260720_015357_833828,2026-07-20T01:55:02,random_forest,Random Forest,"{""n_estimators"": 150, ""max_depth"": 4, ""min_samples_leaf"": 95, ""max_features"": 0.25}",0.4441509670976185,0.03599409316799608,"[0.4747048264354158, 0.48401937046004845, 0.3994629290018339, 0.4184167424931756]",0.41205033978106287,0.03053549326007444,0.4948001701631131,0.09514480342911937,"[0.37803773129039403, 0.4495951619352259, 0.3862326641757963, 0.43433580172283515]","[0.6377934033085363, 0.5241521967136697, 0.4136317395727365, 0.40362334105751]","[{""fold"": 1, ""train_start"": ""2021-01-04"", ""train_end"": ""2021-11-18"", ""train_label_end_max"": ""2021-11-25"", ""validation_start"": ""2021-11-26"", ""validation_end"": ""2022-10-18"", ""train_rows"": 78914, ""validation_rows"": 82539}, {""fold"": 2, ""train_start"": ""2021-01-04"", ""train_end"": ""2022-10-11"", ""train_label_end_max"": ""2022-10-18"", ""validation_start"": ""2022-10-19"", ""validation_end"": ""2023-09-08"", ""train_rows"": 161487, ""validation_rows"": 81981}, {""fold"": 3, ""train_start"": ""2021-01-04"", ""train_end"": ""2023-08-30"", ""train_label_end_max"": ""2023-09-08"", ""validation_start"": ""2023-09-11"", ""validation_end"": ""2024-07-30"", ""train_rows"": 243426, ""validation_rows"": 82741}, {""fold"": 4, ""train_start"": ""2021-01-04"", ""train_end"": ""2024-07-23"", ""train_label_end_max"": ""2024-07-30"", ""validation_start"": ""2024-07-31"", ""validation_end"": ""2025-06-23"", ""train_rows"": 326201, ""validation_rows"": 82447}]",0.5,0.44874345005714966,0.4092585948975517,0.4966607795621637,0.3692206437211108,0.44807223361277254,True,64.855,9eabd4bf8d11,9cf8f4c431a9e89fea5b7379f196f9505b74cc80396a163d96d8d5191f2204d1,rolling_recent_cv_oof_threshold,ok,manual-probe-50 seed=20260720 stage=focus index=38/50
RF_20260720_015502_691264,2026-07-20T01:57:08,random_forest,Random Forest,"{""n_estimators"": 145, ""max_depth"": 8, ""min_samples_leaf"": 90, ""max_features"": 0.25}",0.4664968546695949,0.021978272698621303,"[0.47980264406350814, 0.4921930728382341, 0.4340679754491819, 0.45992372632745526]",0.4120148641485316,0.028717843118703883,0.5443834378499345,0.06076916913678298,"[0.38227230576946336, 0.4502392575764899, 0.38635942749808194, 0.42918846575009123]","[0.6441455212473249, 0.5427689080526745, 0.49521871820956254, 0.49540060389017626]","[{""fold"": 1, ""train_start"": ""2021-01-04"", ""train_end"": ""2021-11-18"", ""train_label_end_max"": ""2021-11-25"", ""validation_start"": ""2021-11-26"", ""validation_end"": ""2022-10-18"", ""train_rows"": 78914, ""validation_rows"": 82539}, {""fold"": 2, ""train_start"": ""2021-01-04"", ""train_end"": ""2022-10-11"", ""train_label_end_max"": ""2022-10-18"", ""validation_start"": ""2022-10-19"", ""validation_end"": ""2023-09-08"", ""train_rows"": 161487, ""validation_rows"": 81981}, {""fold"": 3, ""train_start"": ""2021-01-04"", ""train_end"": ""2023-08-30"", ""train_label_end_max"": ""2023-09-08"", ""validation_start"": ""2023-09-11"", ""validation_end"": ""2024-07-30"", ""train_rows"": 243426, ""validation_rows"": 82741}, {""fold"": 4, ""train_start"": ""2021-01-04"", ""train_end"": ""2024-07-23"", ""train_label_end_max"": ""2024-07-30"", ""validation_start"": ""2024-07-31"", ""validation_end"": ""2025-06-23"", ""train_rows"": 326201, ""validation_rows"": 82447}]",0.49,0.4679492155797229,0.410165842916262,0.5446831231773935,0.3692206437211108,0.4903096072888738,True,125.809,9eabd4bf8d11,9cf8f4c431a9e89fea5b7379f196f9505b74cc80396a163d96d8d5191f2204d1,rolling_recent_cv_oof_threshold,ok,manual-probe-50 seed=20260720 stage=focus index=39/50
RF_20260720_015708_502264,2026-07-20T01:58:23,random_forest,Random Forest,"{""n_estimators"": 90, ""max_depth"": 6, ""min_samples_leaf"": 85, ""max_features"": 0.3}",0.4677810475738339,0.02762187624682373,"[0.4835962654931066, 0.5017167989094791, 0.42854352301242654, 0.4572676028803232]",0.4104490338574183,0.02853700633514724,0.5513234362206387,0.07119546588629085,"[0.3813725490196078, 0.4490871837373668, 0.3847710531286258, 0.42656534954407294]","[0.6606882027242773, 0.5683195431767859, 0.4835537470328925, 0.4927322519485991]","[{""fold"": 1, ""train_start"": ""2021-01-04"", ""train_end"": ""2021-11-18"", ""train_label_end_max"": ""2021-11-25"", ""validation_start"": ""2021-11-26"", ""validation_end"": ""2022-10-18"", ""train_rows"": 78914, ""validation_rows"": 82539}, {""fold"": 2, ""train_start"": ""2021-01-04"", ""train_end"": ""2022-10-11"", ""train_label_end_max"": ""2022-10-18"", ""validation_start"": ""2022-10-19"", ""validation_end"": ""2023-09-08"", ""train_rows"": 161487, ""validation_rows"": 81981}, {""fold"": 3, ""train_start"": ""2021-01-04"", ""train_end"": ""2023-08-30"", ""train_label_end_max"": ""2023-09-08"", ""validation_start"": ""2023-09-11"", ""validation_end"": ""2024-07-30"", ""train_rows"": 243426, ""validation_rows"": 82741}, {""fold"": 4, ""train_start"": ""2021-01-04"", ""train_end"": ""2024-07-23"", ""train_label_end_max"": ""2024-07-30"", ""validation_start"": ""2024-07-31"", ""validation_end"": ""2025-06-23"", ""train_rows"": 326201, ""validation_rows"": 82447}]",0.49,0.4700681151772078,0.40907431963892504,0.5524376719924426,0.3692206437211108,0.49861695803559514,True,75.358,9eabd4bf8d11,9cf8f4c431a9e89fea5b7379f196f9505b74cc80396a163d96d8d5191f2204d1,rolling_recent_cv_oof_threshold,ok,manual-probe-50 seed=20260720 stage=focus index=40/50
RF_20260720_015823_861863,2026-07-20T01:59:53,random_forest,Random Forest,"{""n_estimators"": 155, ""max_depth"": 6, ""min_samples_leaf"": 75, ""max_features"": 0.25}",0.44814227862971545,0.03175445327109597,"[0.4738190573058156, 0.48386135932845925, 0.4071122207285065, 0.4277764771560806]",0.4145242116985882,0.031384138814246565,0.49848799682576544,0.0831606221074703,"[0.38151020069663294, 0.45196782679077296, 0.38549433230284297, 0.43912448700410395]","[0.6250551988858317, 0.5205978324204639, 0.43129874533740253, 0.4170002106593638]","[{""fold"": 1, ""train_start"": ""2021-01-04"", ""train_end"": ""2021-11-18"", ""train_label_end_max"": ""2021-11-25"", ""validation_start"": ""2021-11-26"", ""validation_end"": ""2022-10-18"", ""train_rows"": 78914, ""validation_rows"": 82539}, {""fold"": 2, ""train_start"": ""2021-01-04"", ""train_end"": ""2022-10-11"", ""train_label_end_max"": ""2022-10-18"", ""validation_start"": ""2022-10-19"", ""validation_end"": ""2023-09-08"", ""train_rows"": 161487, ""validation_rows"": 81981}, {""fold"": 3, ""train_start"": ""2021-01-04"", ""train_end"": ""2023-08-30"", ""train_label_end_max"": ""2023-09-08"", ""validation_start"": ""2023-09-11"", ""validation_end"": ""2024-07-30"", ""train_rows"": 243426, ""validation_rows"": 82741}, {""fold"": 4, ""train_start"": ""2021-01-04"", ""train_end"": ""2024-07-23"", ""train_label_end_max"": ""2024-07-30"", ""validation_start"": ""2024-07-31"", ""validation_end"": ""2025-06-23"", ""train_rows"": 326201, ""validation_rows"": 82447}]",0.5,0.45162199863473124,0.411788186105041,0.4999876781533659,0.3692206437211108,0.44830274060684,True,89.318,9eabd4bf8d11,9cf8f4c431a9e89fea5b7379f196f9505b74cc80396a163d96d8d5191f2204d1,rolling_recent_cv_oof_threshold,ok,manual-probe-50 seed=20260720 stage=focus index=41/50
RF_20260720_015953_182430,2026-07-20T02:01:32,random_forest,Random Forest,"{""n_estimators"": 140, ""max_depth"": 7, ""min_samples_leaf"": 85, ""max_features"": 0.3}",0.46649482909600204,0.02305517479172182,"[0.48049379605718967, 0.4923558666421072, 0.4312842833293585, 0.461845370355353]",0.41117772738809566,0.028738769609167738,0.5458611528683588,0.06239303100863733,"[0.38185240059264003, 0.4488988052396718, 0.38478110537794563, 0.4291785983421251]","[0.6478480926661911, 0.5451287728702948, 0.4905730756188538, 0.49989467031809565]","[{""fold"": 1, ""train_start"": ""2021-01-04"", ""train_end"": ""2021-11-18"", ""train_label_end_max"": ""2021-11-25"", ""validation_start"": ""2021-11-26"", ""validation_end"": ""2022-10-18"", ""train_rows"": 78914, ""validation_rows"": 82539}, {""fold"": 2, ""train_start"": ""2021-01-04"", ""train_end"": ""2022-10-11"", ""train_label_end_max"": ""2022-10-18"", ""validation_start"": ""2022-10-19"", ""validation_end"": ""2023-09-08"", ""train_rows"": 161487, ""validation_rows"": 81981}, {""fold"": 3, ""train_start"": ""2021-01-04"", ""train_end"": ""2023-08-30"", ""train_label_end_max"": ""2023-09-08"", ""validation_start"": ""2023-09-11"", ""validation_end"": ""2024-07-30"", ""train_rows"": 243426, ""validation_rows"": 82741}, {""fold"": 4, ""train_start"": ""2021-01-04"", ""train_end"": ""2024-07-23"", ""train_label_end_max"": ""2024-07-30"", ""validation_start"": ""2024-07-31"", ""validation_end"": ""2025-06-23"", ""train_rows"": 326201, ""validation_rows"": 82447}]",0.49,0.4680012388433708,0.40940634602003684,0.5461699593379061,0.3692206437211108,0.49256008346779573,True,98.846,9eabd4bf8d11,9cf8f4c431a9e89fea5b7379f196f9505b74cc80396a163d96d8d5191f2204d1,rolling_recent_cv_oof_threshold,ok,manual-probe-50 seed=20260720 stage=focus index=42/50
RF_20260720_020132_030584,2026-07-20T02:03:00,random_forest,Random Forest,"{""n_estimators"": 145, ""max_depth"": 4, ""min_samples_leaf"": 65, ""max_features"": 0.45}",0.4430218685879374,0.03347086241498812,"[0.4724737436978525, 0.4795955609024182, 0.40306434480316733, 0.4169538249483115]",0.4098695152602005,0.030056934092381082,0.49423228789077706,0.09016816833352591,"[0.3772919032938504, 0.4473584667759425, 0.38359269697341014, 0.431234993997599]","[0.6318828764564014, 0.5168395291924018, 0.42461851475076295, 0.40358823116354187]","[{""fold"": 1, ""train_start"": ""2021-01-04"", ""train_end"": ""2021-11-18"", ""train_label_end_max"": ""2021-11-25"", ""validation_start"": ""2021-11-26"", ""validation_end"": ""2022-10-18"", ""train_rows"": 78914, ""validation_rows"": 82539}, {""fold"": 2, ""train_start"": ""2021-01-04"", ""train_end"": ""2022-10-11"", ""train_label_end_max"": ""2022-10-18"", ""validation_start"": ""2022-10-19"", ""validation_end"": ""2023-09-08"", ""train_rows"": 161487, ""validation_rows"": 81981}, {""fold"": 3, ""train_start"": ""2021-01-04"", ""train_end"": ""2023-08-30"", ""train_label_end_max"": ""2023-09-08"", ""validation_start"": ""2023-09-11"", ""validation_end"": ""2024-07-30"", ""train_rows"": 243426, ""validation_rows"": 82741}, {""fold"": 4, ""train_start"": ""2021-01-04"", ""train_end"": ""2024-07-23"", ""train_label_end_max"": ""2024-07-30"", ""validation_start"": ""2024-07-31"", ""validation_end"": ""2025-06-23"", ""train_rows"": 326201, ""validation_rows"": 82447}]",0.5,0.44711363956236067,0.40711862348997363,0.4958228939910461,0.3692206437211108,0.4496675846506606,True,88.761,9eabd4bf8d11,9cf8f4c431a9e89fea5b7379f196f9505b74cc80396a163d96d8d5191f2204d1,rolling_recent_cv_oof_threshold,ok,manual-probe-50 seed=20260720 stage=focus index=43/50
RF_20260720_020300_797375,2026-07-20T02:04:10,random_forest,Random Forest,"{""n_estimators"": 125, ""max_depth"": 8, ""min_samples_leaf"": 100, ""max_features"": 0.15}",0.44788258279642135,0.0330777283706392,"[0.4751082391793325, 0.4841984919835588, 0.4039114403131751, 0.4283121597096189]",0.41754357693206406,0.03154660673210747,0.4936936367506887,0.08399241423472638,"[0.3848632935922821, 0.4543550446998723, 0.3876469304399339, 0.443309038996168]","[0.6206392880192941, 0.5182379676028435, 0.4216005425567989, 0.41429674882381856]","[{""fold"": 1, ""train_start"": ""2021-01-04"", ""train_end"": ""2021-11-18"", ""train_label_end_max"": ""2021-11-25"", ""validation_start"": ""2021-11-26"", ""validation_end"": ""2022-10-18"", ""train_rows"": 78914, ""validation_rows"": 82539}, {""fold"": 2, ""train_start"": ""2021-01-04"", ""train_end"": ""2022-10-11"", ""train_label_end_max"": ""2022-10-18"", ""validation_start"": ""2022-10-19"", ""validation_end"": ""2023-09-08"", ""train_rows"": 161487, ""validation_rows"": 81981}, {""fold"": 3, ""train_start"": ""2021-01-04"", ""train_end"": ""2023-08-30"", ""train_label_end_max"": ""2023-09-08"", ""validation_start"": ""2023-09-11"", ""validation_end"": ""2024-07-30"", ""train_rows"": 243426, ""validation_rows"": 82741}, {""fold"": 4, ""train_start"": ""2021-01-04"", ""train_end"": ""2024-07-23"", ""train_label_end_max"": ""2024-07-30"", ""validation_start"": ""2024-07-31"", ""validation_end"": ""2025-06-23"", ""train_rows"": 326201, ""validation_rows"": 82447}]",0.5,0.45154090994195845,0.4149055500120428,0.4952725181747238,0.3692206437211108,0.44073847161730983,True,70.19,9eabd4bf8d11,9cf8f4c431a9e89fea5b7379f196f9505b74cc80396a163d96d8d5191f2204d1,rolling_recent_cv_oof_threshold,ok,manual-probe-50 seed=20260720 stage=focus index=44/50
RF_20260720_020410_990179,2026-07-20T02:07:03,random_forest,Random Forest,"{""n_estimators"": 155, ""max_depth"": 8, ""min_samples_leaf"": 75, ""max_features"": 0.4}",0.46189396453825804,0.01565407402362524,"[0.4693893672485978, 0.47712729100716006, 0.4358043279308003, 0.46525487196647386]",0.4105188411628769,0.02703225805911094,0.5325588362742033,0.042387944415732785,"[0.3832312157368591, 0.4470327655999389, 0.3858741112505228, 0.42593727206418674]","[0.6055232854376847, 0.5115662510196947, 0.500576466598847, 0.512569342040587]","[{""fold"": 1, ""train_start"": ""2021-01-04"", ""train_end"": ""2021-11-18"", ""train_label_end_max"": ""2021-11-25"", ""validation_start"": ""2021-11-26"", ""validation_end"": ""2022-10-18"", ""train_rows"": 78914, ""validation_rows"": 82539}, {""fold"": 2, ""train_start"": ""2021-01-04"", ""train_end"": ""2022-10-11"", ""train_label_end_max"": ""2022-10-18"", ""validation_start"": ""2022-10-19"", ""validation_end"": ""2023-09-08"", ""train_rows"": 161487, ""validation_rows"": 81981}, {""fold"": 3, ""train_start"": ""2021-01-04"", ""train_end"": ""2023-08-30"", ""train_label_end_max"": ""2023-09-08"", ""validation_start"": ""2023-09-11"", ""validation_end"": ""2024-07-30"", ""train_rows"": 243426, ""validation_rows"": 82741}, {""fold"": 4, ""train_start"": ""2021-01-04"", ""train_end"": ""2024-07-23"", ""train_label_end_max"": ""2024-07-30"", ""validation_start"": ""2024-07-31"", ""validation_end"": ""2025-06-23"", ""train_rows"": 326201, ""validation_rows"": 82447}]",0.49,0.4623723487824038,0.4089436286120322,0.5318601881135253,0.3692206437211108,0.48019762941754524,True,172.142,9eabd4bf8d11,9cf8f4c431a9e89fea5b7379f196f9505b74cc80396a163d96d8d5191f2204d1,rolling_recent_cv_oof_threshold,ok,manual-probe-50 seed=20260720 stage=focus index=45/50
RF_20260720_020703_135288,2026-07-20T02:08:32,random_forest,Random Forest,"{""n_estimators"": 90, ""max_depth"": 7, ""min_samples_leaf"": 100, ""max_features"": 0.45}",0.4622968639531875,0.01863324167596448,"[0.47668246567912076, 0.47917879826117576, 0.4323799566873273, 0.460946235185126]",0.41035687074698474,0.026416221337863,0.5349439012972448,0.053810924057862454,"[0.3845432572095349, 0.44768339279840075, 0.386360603229681, 0.42284022975032237]","[0.6268895003227012, 0.5154410907819601, 0.4908443540183113, 0.5066006600660066]","[{""fold"": 1, ""train_start"": ""2021-01-04"", ""train_end"": ""2021-11-18"", ""train_label_end_max"": ""2021-11-25"", ""validation_start"": ""2021-11-26"", ""validation_end"": ""2022-10-18"", ""train_rows"": 78914, ""validation_rows"": 82539}, {""fold"": 2, ""train_start"": ""2021-01-04"", ""train_end"": ""2022-10-11"", ""train_label_end_max"": ""2022-10-18"", ""validation_start"": ""2022-10-19"", ""validation_end"": ""2023-09-08"", ""train_rows"": 161487, ""validation_rows"": 81981}, {""fold"": 3, ""train_start"": ""2021-01-04"", ""train_end"": ""2023-08-30"", ""train_label_end_max"": ""2023-09-08"", ""validation_start"": ""2023-09-11"", ""validation_end"": ""2024-07-30"", ""train_rows"": 243426, ""validation_rows"": 82741}, {""fold"": 4, ""train_start"": ""2021-01-04"", ""train_end"": ""2024-07-23"", ""train_label_end_max"": ""2024-07-30"", ""validation_start"": ""2024-07-31"", ""validation_end"": ""2025-06-23"", ""train_rows"": 326201, ""validation_rows"": 82447}]",0.49,0.46326846724945253,0.4088686360779384,0.5343656302624553,0.3692206437211108,0.4825481941596807,True,89.083,9eabd4bf8d11,9cf8f4c431a9e89fea5b7379f196f9505b74cc80396a163d96d8d5191f2204d1,rolling_recent_cv_oof_threshold,ok,manual-probe-50 seed=20260720 stage=focus index=46/50
RF_20260720_020832_218660,2026-07-20T02:09:41,random_forest,Random Forest,"{""n_estimators"": 130, ""max_depth"": 8, ""min_samples_leaf"": 100, ""max_features"": 0.2}",0.4702755740200911,0.02495086652456069,"[0.484181978776607, 0.5018794556059624, 0.4360662513654749, 0.45897461033232034]",0.4123499385658775,0.029459754945020674,0.5547665073487197,0.06723244520596382,"[0.38198806532663315, 0.4520618315976276, 0.38612360138032, 0.4292262559589292]","[0.6610278881755495, 0.5640368255448083, 0.5008477449983045, 0.49315357067621657]","[{""fold"": 1, ""train_start"": ""2021-01-04"", ""train_end"": ""2021-11-18"", ""train_label_end_max"": ""2021-11-25"", ""validation_start"": ""2021-11-26"", ""validation_end"": ""2022-10-18"", ""train_rows"": 78914, ""validation_rows"": 82539}, {""fold"": 2, ""train_start"": ""2021-01-04"", ""train_end"": ""2022-10-11"", ""train_label_end_max"": ""2022-10-18"", ""validation_start"": ""2022-10-19"", ""validation_end"": ""2023-09-08"", ""train_rows"": 161487, ""validation_rows"": 81981}, {""fold"": 3, ""train_start"": ""2021-01-04"", ""train_end"": ""2023-08-30"", ""train_label_end_max"": ""2023-09-08"", ""validation_start"": ""2023-09-11"", ""validation_end"": ""2024-07-30"", ""train_rows"": 243426, ""validation_rows"": 82741}, {""fold"": 4, ""train_start"": ""2021-01-04"", ""train_end"": ""2024-07-23"", ""train_label_end_max"": ""2024-07-30"", ""validation_start"": ""2024-07-31"", ""validation_end"": ""2025-06-23"", ""train_rows"": 326201, ""validation_rows"": 82447}]",0.49,0.47218489184274,0.4105471453024656,0.5556002792951904,0.3692206437211108,0.4996724374294831,True,69.704,9eabd4bf8d11,9cf8f4c431a9e89fea5b7379f196f9505b74cc80396a163d96d8d5191f2204d1,rolling_recent_cv_oof_threshold,ok,manual-probe-50 seed=20260720 stage=focus index=47/50
RF_20260720_020941_925312,2026-07-20T02:11:14,random_forest,Random Forest,"{""n_estimators"": 110, ""max_depth"": 6, ""min_samples_leaf"": 90, ""max_features"": 0.4}",0.46413210004824423,0.0223293002463379,"[0.4795858813976503, 0.48681928317025697, 0.4290382539872886, 0.46108498163778106]",0.40984215401950763,0.027190873741839084,0.5413546183246525,0.06085888845764656,"[0.3827538022236173, 0.4461811033177196, 0.38447692225028207, 0.42595678828641154]","[0.6420055029043106, 0.5356019111991609, 0.4852831468294337, 0.5025279123657047]","[{""fold"": 1, ""train_start"": ""2021-01-04"", ""train_end"": ""2021-11-18"", ""train_label_end_max"": ""2021-11-25"", ""validation_start"": ""2021-11-26"", ""validation_end"": ""2022-10-18"", ""train_rows"": 78914, ""validation_rows"": 82539}, {""fold"": 2, ""train_start"": ""2021-01-04"", ""train_end"": ""2022-10-11"", ""train_label_end_max"": ""2022-10-18"", ""validation_start"": ""2022-10-19"", ""validation_end"": ""2023-09-08"", ""train_rows"": 161487, ""validation_rows"": 81981}, {""fold"": 3, ""train_start"": ""2021-01-04"", ""train_end"": ""2023-08-30"", ""train_label_end_max"": ""2023-09-08"", ""validation_start"": ""2023-09-11"", ""validation_end"": ""2024-07-30"", ""train_rows"": 243426, ""validation_rows"": 82741}, {""fold"": 4, ""train_start"": ""2021-01-04"", ""train_end"": ""2024-07-23"", ""train_label_end_max"": ""2024-07-30"", ""validation_start"": ""2024-07-31"", ""validation_end"": ""2025-06-23"", ""train_rows"": 326201, ""validation_rows"": 82447}]",0.49,0.4655489667692069,0.4083367408894341,0.5414055119727277,0.3692206437211108,0.4895422616375702,True,92.088,9eabd4bf8d11,9cf8f4c431a9e89fea5b7379f196f9505b74cc80396a163d96d8d5191f2204d1,rolling_recent_cv_oof_threshold,ok,manual-probe-50 seed=20260720 stage=focus index=48/50
RF_20260720_021114_014786,2026-07-20T02:12:38,random_forest,Random Forest,"{""n_estimators"": 95, ""max_depth"": 6, ""min_samples_leaf"": 85, ""max_features"": 0.45}",0.4632652675014997,0.020003096584657355,"[0.47643798087386224, 0.4861711035206869, 0.4340128993995107, 0.456439086211939]",0.409932013644862,0.02715968647516547,0.5386018482140382,0.05618499409791358,"[0.3822985577515717, 0.44700246841166263, 0.38561454353840074, 0.4248124848778127]","[0.6320866877271647, 0.5328633026453793, 0.49630383180739235, 0.49315357067621657]","[{""fold"": 1, ""train_start"": ""2021-01-04"", ""train_end"": ""2021-11-18"", ""train_label_end_max"": ""2021-11-25"", ""validation_start"": ""2021-11-26"", ""validation_end"": ""2022-10-18"", ""train_rows"": 78914, ""validation_rows"": 82539}, {""fold"": 2, ""train_start"": ""2021-01-04"", ""train_end"": ""2022-10-11"", ""train_label_end_max"": ""2022-10-18"", ""validation_start"": ""2022-10-19"", ""validation_end"": ""2023-09-08"", ""train_rows"": 161487, ""validation_rows"": 81981}, {""fold"": 3, ""train_start"": ""2021-01-04"", ""train_end"": ""2023-08-30"", ""train_label_end_max"": ""2023-09-08"", ""validation_start"": ""2023-09-11"", ""validation_end"": ""2024-07-30"", ""train_rows"": 243426, ""validation_rows"": 82741}, {""fold"": 4, ""train_start"": ""2021-01-04"", ""train_end"": ""2024-07-23"", ""train_label_end_max"": ""2024-07-30"", ""validation_start"": ""2024-07-31"", ""validation_end"": ""2025-06-23"", ""train_rows"": 326201, ""validation_rows"": 82447}]",0.49,0.4645380651330819,0.4083182865325945,0.538711134842075,0.3692206437211108,0.4871280041733898,True,84.796,9eabd4bf8d11,9cf8f4c431a9e89fea5b7379f196f9505b74cc80396a163d96d8d5191f2204d1,rolling_recent_cv_oof_threshold,ok,manual-probe-50 seed=20260720 stage=focus index=49/50
RF_20260720_021238_812292,2026-07-20T02:13:38,random_forest,Random Forest,"{""n_estimators"": 115, ""max_depth"": 5, ""min_samples_leaf"": 70, ""max_features"": 0.25}",0.44686688838638117,0.03454212667375725,"[0.4754557666474765, 0.4864032562561088, 0.40681840131345975, 0.4187901293284797]",0.4139355501720963,0.030069564945631243,0.4977042513419657,0.0905236991037224,"[0.3813569757419037, 0.45001610385749324, 0.38721044245618336, 0.43715867863280505]","[0.6312035055538572, 0.5291924018179699, 0.4285181417429637, 0.4019029562530721]","[{""fold"": 1, ""train_start"": ""2021-01-04"", ""train_end"": ""2021-11-18"", ""train_label_end_max"": ""2021-11-25"", ""validation_start"": ""2021-11-26"", ""validation_end"": ""2022-10-18"", ""train_rows"": 78914, ""validation_rows"": 82539}, {""fold"": 2, ""train_start"": ""2021-01-04"", ""train_end"": ""2022-10-11"", ""train_label_end_max"": ""2022-10-18"", ""validation_start"": ""2022-10-19"", ""validation_end"": ""2023-09-08"", ""train_rows"": 161487, ""validation_rows"": 81981}, {""fold"": 3, ""train_start"": ""2021-01-04"", ""train_end"": ""2023-08-30"", ""train_label_end_max"": ""2023-09-08"", ""validation_start"": ""2023-09-11"", ""validation_end"": ""2024-07-30"", ""train_rows"": 243426, ""validation_rows"": 82741}, {""fold"": 4, ""train_start"": ""2021-01-04"", ""train_end"": ""2024-07-23"", ""train_label_end_max"": ""2024-07-30"", ""validation_start"": ""2024-07-31"", ""validation_end"": ""2025-06-23"", ""train_rows"": 326201, ""validation_rows"": 82447}]",0.5,0.4511858183908472,0.4112636062470421,0.49969195383414794,0.3692206437211108,0.4486090722700086,True,59.925,9eabd4bf8d11,9cf8f4c431a9e89fea5b7379f196f9505b74cc80396a163d96d8d5191f2204d1,rolling_recent_cv_oof_threshold,ok,manual-probe-50 seed=20260720 stage=focus index=50/50
GB_20260720_022514_726634,2026-07-20T02:27:35,gradient_boosting,Gradient Boosting,"{""n_estimators"": 40, ""learning_rate"": 0.25, ""max_depth"": 2, ""subsample"": 0.7}",0.46862341851004286,0.025559957629670556,"[0.48449024564132476, 0.5018182746168863, 0.4387979248780944, 0.4493872289038659]",0.4159629351541808,0.020201666689304166,0.5421694039933894,0.0654812182972687,"[0.391732696096927, 0.4464322201284991, 0.40586184039885875, 0.41982498399243834]","[0.6348041713373416, 0.5728936021442722, 0.4775517124448966, 0.48342813004704727]","[{""fold"": 1, ""train_start"": ""2021-01-04"", ""train_end"": ""2021-11-18"", ""train_label_end_max"": ""2021-11-25"", ""validation_start"": ""2021-11-26"", ""validation_end"": ""2022-10-18"", ""train_rows"": 78914, ""validation_rows"": 82539}, {""fold"": 2, ""train_start"": ""2021-01-04"", ""train_end"": ""2022-10-11"", ""train_label_end_max"": ""2022-10-18"", ""validation_start"": ""2022-10-19"", ""validation_end"": ""2023-09-08"", ""train_rows"": 161487, ""validation_rows"": 81981}, {""fold"": 3, ""train_start"": ""2021-01-04"", ""train_end"": ""2023-08-30"", ""train_label_end_max"": ""2023-09-08"", ""validation_start"": ""2023-09-11"", ""validation_end"": ""2024-07-30"", ""train_rows"": 243426, ""validation_rows"": 82741}, {""fold"": 4, ""train_start"": ""2021-01-04"", ""train_end"": ""2024-07-23"", ""train_label_end_max"": ""2024-07-30"", ""validation_start"": ""2024-07-31"", ""validation_end"": ""2025-06-23"", ""train_rows"": 326201, ""validation_rows"": 82447}]",0.49,0.47122967855820974,0.4157263153928753,0.5438370230418532,0.3692206437211108,0.4830001091875235,True,140.336,9eabd4bf8d11,9cf8f4c431a9e89fea5b7379f196f9505b74cc80396a163d96d8d5191f2204d1,rolling_recent_cv_oof_threshold,ok,manual-probe-20 seed=20260720 stage=explore index=1/20
GB_20260720_022735_067393,2026-07-20T02:29:46,gradient_boosting,Gradient Boosting,"{""n_estimators"": 60, ""learning_rate"": 0.3, ""max_depth"": 2, ""subsample"": 0.5}",0.4690439534941087,0.02867880666113072,"[0.4784954232636119, 0.5114260919872722, 0.43760635280771415, 0.4486479459178367]",0.41843041649482665,0.01955311226103046,0.5372477443440982,0.059744547381961347,"[0.3974439602892952, 0.44995241994378915, 0.4087056330566837, 0.4176196526895383]","[0.6010734060260199, 0.5923552033562521, 0.47090539165818923, 0.48465697633593147]","[{""fold"": 1, ""train_start"": ""2021-01-04"", ""train_end"": ""2021-11-18"", ""train_label_end_max"": ""2021-11-25"", ""validation_start"": ""2021-11-26"", ""validation_end"": ""2022-10-18"", ""train_rows"": 78914, ""validation_rows"": 82539}, {""fold"": 2, ""train_start"": ""2021-01-04"", ""train_end"": ""2022-10-11"", ""train_label_end_max"": ""2022-10-18"", ""validation_start"": ""2022-10-19"", ""validation_end"": ""2023-09-08"", ""train_rows"": 161487, ""validation_rows"": 81981}, {""fold"": 3, ""train_start"": ""2021-01-04"", ""train_end"": ""2023-08-30"", ""train_label_end_max"": ""2023-09-08"", ""validation_start"": ""2023-09-11"", ""validation_end"": ""2024-07-30"", ""train_rows"": 243426, ""validation_rows"": 82741}, {""fold"": 4, ""train_start"": ""2021-01-04"", ""train_end"": ""2024-07-23"", ""train_label_end_max"": ""2024-07-30"", ""validation_start"": ""2024-07-31"", ""validation_end"": ""2025-06-23"", ""train_rows"": 326201, ""validation_rows"": 82447}]",0.49,0.47198322297074075,0.419277661875323,0.5398447447324105,0.3692206437211108,0.47539337838329676,True,131.89,9eabd4bf8d11,9cf8f4c431a9e89fea5b7379f196f9505b74cc80396a163d96d8d5191f2204d1,rolling_recent_cv_oof_threshold,ok,manual-probe-20 seed=20260720 stage=explore index=2/20
GB_20260720_022946_958480,2026-07-20T02:34:39,gradient_boosting,Gradient Boosting,"{""n_estimators"": 80, ""learning_rate"": 0.15, ""max_depth"": 2, ""subsample"": 0.8}",0.4700948618287356,0.03025092338494669,"[0.48587043800347085, 0.5110827961194444, 0.43394954293867694, 0.4494766702533503]",0.4166219063251461,0.021883110730116468,0.5451391696286706,0.07070428304741268,"[0.3926321297749869, 0.4507042253521127, 0.40359319858838627, 0.4195580715850986]","[0.6371819694962465, 0.5901410092063862, 0.4692438114615124, 0.4839898883505372]","[{""fold"": 1, ""train_start"": ""2021-01-04"", ""train_end"": ""2021-11-18"", ""train_label_end_max"": ""2021-11-25"", ""validation_start"": ""2021-11-26"", ""validation_end"": ""2022-10-18"", ""train_rows"": 78914, ""validation_rows"": 82539}, {""fold"": 2, ""train_start"": ""2021-01-04"", ""train_end"": ""2022-10-11"", ""train_label_end_max"": ""2022-10-18"", ""validation_start"": ""2022-10-19"", ""validation_end"": ""2023-09-08"", ""train_rows"": 161487, ""validation_rows"": 81981}, {""fold"": 3, ""train_start"": ""2021-01-04"", ""train_end"": ""2023-08-30"", ""train_label_end_max"": ""2023-09-08"", ""validation_start"": ""2023-09-11"", ""validation_end"": ""2024-07-30"", ""train_rows"": 243426, ""validation_rows"": 82741}, {""fold"": 4, ""train_start"": ""2021-01-04"", ""train_end"": ""2024-07-23"", ""train_label_end_max"": ""2024-07-30"", ""validation_start"": ""2024-07-31"", ""validation_end"": ""2025-06-23"", ""train_rows"": 326201, ""validation_rows"": 82447}]",0.49,0.47328087046691003,0.4168433826887108,0.5473939294368916,0.3692206437211108,0.4848562970871195,True,292.518,9eabd4bf8d11,9cf8f4c431a9e89fea5b7379f196f9505b74cc80396a163d96d8d5191f2204d1,rolling_recent_cv_oof_threshold,ok,manual-probe-20 seed=20260720 stage=explore index=3/20
GB_20260720_023439_477652,2026-07-20T02:40:31,gradient_boosting,Gradient Boosting,"{""n_estimators"": 100, ""learning_rate"": 0.2, ""max_depth"": 2, ""subsample"": 0.9}",0.46738953664715016,0.02458709372540785,"[0.47422652856665554, 0.5039193443542322, 0.43875668552825364, 0.4526555881394591]",0.41631207030097284,0.02137615899883701,0.536549426381493,0.05366078482225325,"[0.39091349755431193, 0.4479187909274239, 0.40414108239326, 0.42227491032889536]","[0.6026699276469989, 0.5759235520335625, 0.47985757884028485, 0.48774664700512604]","[{""fold"": 1, ""train_start"": ""2021-01-04"", ""train_end"": ""2021-11-18"", ""train_label_end_max"": ""2021-11-25"", ""validation_start"": ""2021-11-26"", ""validation_end"": ""2022-10-18"", ""train_rows"": 78914, ""validation_rows"": 82539}, {""fold"": 2, ""train_start"": ""2021-01-04"", ""train_end"": ""2022-10-11"", ""train_label_end_max"": ""2022-10-18"", ""validation_start"": ""2022-10-19"", ""validation_end"": ""2023-09-08"", ""train_rows"": 161487, ""validation_rows"": 81981}, {""fold"": 3, ""train_start"": ""2021-01-04"", ""train_end"": ""2023-08-30"", ""train_label_end_max"": ""2023-09-08"", ""validation_start"": ""2023-09-11"", ""validation_end"": ""2024-07-30"", ""train_rows"": 243426, ""validation_rows"": 82741}, {""fold"": 4, ""train_start"": ""2021-01-04"", ""train_end"": ""2024-07-23"", ""train_label_end_max"": ""2024-07-30"", ""validation_start"": ""2024-07-31"", ""validation_end"": ""2025-06-23"", ""train_rows"": 326201, ""validation_rows"": 82447}]",0.49,0.46963287208015275,0.416389298236699,0.5384893416026615,0.3692206437211108,0.47748917223725235,True,352.339,9eabd4bf8d11,9cf8f4c431a9e89fea5b7379f196f9505b74cc80396a163d96d8d5191f2204d1,rolling_recent_cv_oof_threshold,ok,manual-probe-20 seed=20260720 stage=explore index=4/20
GB_20260720_024031_821257,2026-07-20T02:46:47,gradient_boosting,Gradient Boosting,"{""n_estimators"": 70, ""learning_rate"": 0.25, ""max_depth"": 2, ""subsample"": 0.8}",0.46783393262330536,0.02667192007426379,"[0.47928029087798096, 0.5061932918748089, 0.4441144956375325, 0.4417476521028991]",0.4156965786533394,0.020720279900324597,0.5385769246740892,0.05657308650175202,"[0.3951376490555225, 0.4498731539367582, 0.40477120535714284, 0.41300430626393425]","[0.6089541084955331, 0.5786330264537932, 0.4919294676161411, 0.4747910961308897]","[{""fold"": 1, ""train_start"": ""2021-01-04"", ""train_end"": ""2021-11-18"", ""train_label_end_max"": ""2021-11-25"", ""validation_start"": ""2021-11-26"", ""validation_end"": ""2022-10-18"", ""train_rows"": 78914, ""validation_rows"": 82539}, {""fold"": 2, ""train_start"": ""2021-01-04"", ""train_end"": ""2022-10-11"", ""train_label_end_max"": ""2022-10-18"", ""validation_start"": ""2022-10-19"", ""validation_end"": ""2023-09-08"", ""train_rows"": 161487, ""validation_rows"": 81981}, {""fold"": 3, ""train_start"": ""2021-01-04"", ""train_end"": ""2023-08-30"", ""train_label_end_max"": ""2023-09-08"", ""validation_start"": ""2023-09-11"", ""validation_end"": ""2024-07-30"", ""train_rows"": 243426, ""validation_rows"": 82741}, {""fold"": 4, ""train_start"": ""2021-01-04"", ""train_end"": ""2024-07-23"", ""train_label_end_max"": ""2024-07-30"", ""validation_start"": ""2024-07-31"", ""validation_end"": ""2025-06-23"", ""train_rows"": 326201, ""validation_rows"": 82447}]",0.49,0.4704057748315972,0.41630613535736877,0.5406662011746827,0.3692206437211108,0.4795152073956349,True,375.549,9eabd4bf8d11,9cf8f4c431a9e89fea5b7379f196f9505b74cc80396a163d96d8d5191f2204d1,rolling_recent_cv_oof_threshold,ok,manual-probe-20 seed=20260720 stage=explore index=5/20
GB_20260720_024647_371742,2026-07-20T02:50:46,gradient_boosting,Gradient Boosting,"{""n_estimators"": 60, ""learning_rate"": 0.15, ""max_depth"": 3, ""subsample"": 0.5}",0.46816010103771166,0.0269013760065955,"[0.47417499731269486, 0.509691641117896, 0.4430914060127543, 0.4456823597075014]",0.4158132252388768,0.02242989120291522,0.5390850930477615,0.05424202473197754,"[0.3922418583972435, 0.4509302846895315, 0.40118229309870773, 0.4188984647700244]","[0.5993749787696593, 0.5860622305092646, 0.4947778908104442, 0.47612527210167827]","[{""fold"": 1, ""train_start"": ""2021-01-04"", ""train_end"": ""2021-11-18"", ""train_label_end_max"": ""2021-11-25"", ""validation_start"": ""2021-11-26"", ""validation_end"": ""2022-10-18"", ""train_rows"": 78914, ""validation_rows"": 82539}, {""fold"": 2, ""train_start"": ""2021-01-04"", ""train_end"": ""2022-10-11"", ""train_label_end_max"": ""2022-10-18"", ""validation_start"": ""2022-10-19"", ""validation_end"": ""2023-09-08"", ""train_rows"": 161487, ""validation_rows"": 81981}, {""fold"": 3, ""train_start"": ""2021-01-04"", ""train_end"": ""2023-08-30"", ""train_label_end_max"": ""2023-09-08"", ""validation_start"": ""2023-09-11"", ""validation_end"": ""2024-07-30"", ""train_rows"": 243426, ""validation_rows"": 82741}, {""fold"": 4, ""train_start"": ""2021-01-04"", ""train_end"": ""2024-07-23"", ""train_label_end_max"": ""2024-07-30"", ""validation_start"": ""2024-07-31"", ""validation_end"": ""2025-06-23"", ""train_rows"": 326201, ""validation_rows"": 82447}]",0.49,0.47068442870251687,0.41628036226300696,0.5414465847948412,0.3692206437211108,0.4802370582454778,True,239.275,9eabd4bf8d11,9cf8f4c431a9e89fea5b7379f196f9505b74cc80396a163d96d8d5191f2204d1,rolling_recent_cv_oof_threshold,ok,manual-probe-20 seed=20260720 stage=explore index=6/20
GB_20260720_025046_644986,2026-07-20T02:55:19,gradient_boosting,Gradient Boosting,"{""n_estimators"": 80, ""learning_rate"": 0.1, ""max_depth"": 3, ""subsample"": 0.5}",0.47003561649835657,0.027081524091174047,"[0.48252681140465603, 0.5081820277087762, 0.4402238426318467, 0.4492097842481474]",0.4176487606536401,0.023054991897674793,0.5424812922350076,0.06231068517575653,"[0.3923140724357202, 0.45332845981632935, 0.40359555643497186, 0.4213569539275389]","[0.6266177519616835, 0.5781377461834285, 0.48416412343167176, 0.48100554736324697]","[{""fold"": 1, ""train_start"": ""2021-01-04"", ""train_end"": ""2021-11-18"", ""train_label_end_max"": ""2021-11-25"", ""validation_start"": ""2021-11-26"", ""validation_end"": ""2022-10-18"", ""train_rows"": 78914, ""validation_rows"": 82539}, {""fold"": 2, ""train_start"": ""2021-01-04"", ""train_end"": ""2022-10-11"", ""train_label_end_max"": ""2022-10-18"", ""validation_start"": ""2022-10-19"", ""validation_end"": ""2023-09-08"", ""train_rows"": 161487, ""validation_rows"": 81981}, {""fold"": 3, ""train_start"": ""2021-01-04"", ""train_end"": ""2023-08-30"", ""train_label_end_max"": ""2023-09-08"", ""validation_start"": ""2023-09-11"", ""validation_end"": ""2024-07-30"", ""train_rows"": 243426, ""validation_rows"": 82741}, {""fold"": 4, ""train_start"": ""2021-01-04"", ""train_end"": ""2024-07-23"", ""train_label_end_max"": ""2024-07-30"", ""validation_start"": ""2024-07-31"", ""validation_end"": ""2025-06-23"", ""train_rows"": 326201, ""validation_rows"": 82447}]",0.49,0.47263935297285153,0.4176108793466342,0.5443709697293301,0.3692206437211108,0.48129253763936575,True,273.066,9eabd4bf8d11,9cf8f4c431a9e89fea5b7379f196f9505b74cc80396a163d96d8d5191f2204d1,rolling_recent_cv_oof_threshold,ok,manual-probe-20 seed=20260720 stage=explore index=7/20
GB_20260720_025519_713281,2026-07-20T02:59:21,gradient_boosting,Gradient Boosting,"{""n_estimators"": 100, ""learning_rate"": 0.25, ""max_depth"": 1, ""subsample"": 0.9}",0.46795062252089625,0.030730751831442853,"[0.48763979185485823, 0.5068652606546091, 0.4297520661157025, 0.44754537145841494]",0.4131726841931796,0.020632805993108138,0.5465058287563174,0.07727463007920204,"[0.38982912937347436, 0.4443176581597946, 0.40039817308818365, 0.41814577615126564]","[0.6509731988178946, 0.5899079361379792, 0.46375042387249915, 0.4813917561968963]","[{""fold"": 1, ""train_start"": ""2021-01-04"", ""train_end"": ""2021-11-18"", ""train_label_end_max"": ""2021-11-25"", ""validation_start"": ""2021-11-26"", ""validation_end"": ""2022-10-18"", ""train_rows"": 78914, ""validation_rows"": 82539}, {""fold"": 2, ""train_start"": ""2021-01-04"", ""train_end"": ""2022-10-11"", ""train_label_end_max"": ""2022-10-18"", ""validation_start"": ""2022-10-19"", ""validation_end"": ""2023-09-08"", ""train_rows"": 161487, ""validation_rows"": 81981}, {""fold"": 3, ""train_start"": ""2021-01-04"", ""train_end"": ""2023-08-30"", ""train_label_end_max"": ""2023-09-08"", ""validation_start"": ""2023-09-11"", ""validation_end"": ""2024-07-30"", ""train_rows"": 243426, ""validation_rows"": 82741}, {""fold"": 4, ""train_start"": ""2021-01-04"", ""train_end"": ""2024-07-23"", ""train_label_end_max"": ""2024-07-30"", ""validation_start"": ""2024-07-31"", ""validation_end"": ""2025-06-23"", ""train_rows"": 326201, ""validation_rows"": 82447}]",0.49,0.47139147248528646,0.41316328234690153,0.5487246888733724,0.3692206437211108,0.4903642010506266,True,242.099,9eabd4bf8d11,9cf8f4c431a9e89fea5b7379f196f9505b74cc80396a163d96d8d5191f2204d1,rolling_recent_cv_oof_threshold,ok,manual-probe-20 seed=20260720 stage=explore index=8/20
GB_20260720_025921_816956,2026-07-20T03:04:33,gradient_boosting,Gradient Boosting,"{""n_estimators"": 60, ""learning_rate"": 0.15, ""max_depth"": 2, ""subsample"": 0.8}",0.47048382516797427,0.030257064846105318,"[0.48963648162050055, 0.5091069626639758, 0.43339935238454524, 0.4497925040028755]",0.4162344844790184,0.021519312634121757,0.5480782295797437,0.0765122796766113,"[0.3914432192700492, 0.4489055965833259, 0.40394983591186123, 0.4206392861508373]","[0.65358877679269, 0.5879559491900711, 0.467480501865039, 0.48328769047117476]","[{""fold"": 1, ""train_start"": ""2021-01-04"", ""train_end"": ""2021-11-18"", ""train_label_end_max"": ""2021-11-25"", ""validation_start"": ""2021-11-26"", ""validation_end"": ""2022-10-18"", ""train_rows"": 78914, ""validation_rows"": 82539}, {""fold"": 2, ""train_start"": ""2021-01-04"", ""train_end"": ""2022-10-11"", ""train_label_end_max"": ""2022-10-18"", ""validation_start"": ""2022-10-19"", ""validation_end"": ""2023-09-08"", ""train_rows"": 161487, ""validation_rows"": 81981}, {""fold"": 3, ""train_start"": ""2021-01-04"", ""train_end"": ""2023-08-30"", ""train_label_end_max"": ""2023-09-08"", ""validation_start"": ""2023-09-11"", ""validation_end"": ""2024-07-30"", ""train_rows"": 243426, ""validation_rows"": 82741}, {""fold"": 4, ""train_start"": ""2021-01-04"", ""train_end"": ""2024-07-23"", ""train_label_end_max"": ""2024-07-30"", ""validation_start"": ""2024-07-31"", ""validation_end"": ""2025-06-23"", ""train_rows"": 326201, ""validation_rows"": 82447}]",0.49,0.4738147203543016,0.4160795715758999,0.550154023082926,0.3692206437211108,0.4881956155143339,True,311.33,9eabd4bf8d11,9cf8f4c431a9e89fea5b7379f196f9505b74cc80396a163d96d8d5191f2204d1,rolling_recent_cv_oof_threshold,ok,manual-probe-20 seed=20260720 stage=focus index=9/20
GB_20260720_030433_148873,2026-07-20T03:14:35,gradient_boosting,Gradient Boosting,"{""n_estimators"": 100, ""learning_rate"": 0.15, ""max_depth"": 3, ""subsample"": 0.8}",0.4681815895785519,0.026287694229056913,"[0.47185015790046825, 0.5092232209642862, 0.4400473638289916, 0.45160561562046153]",0.41733688128255614,0.021113565551687807,0.5360026422962715,0.0511243352178094,"[0.39368540601930724, 0.4507665028168698, 0.40704444572548565, 0.41785117056856186]","[0.5887428241448419, 0.585100804102086, 0.4788741946422516, 0.4912927462959062]","[{""fold"": 1, ""train_start"": ""2021-01-04"", ""train_end"": ""2021-11-18"", ""train_label_end_max"": ""2021-11-25"", ""validation_start"": ""2021-11-26"", ""validation_end"": ""2022-10-18"", ""train_rows"": 78914, ""validation_rows"": 82539}, {""fold"": 2, ""train_start"": ""2021-01-04"", ""train_end"": ""2022-10-11"", ""train_label_end_max"": ""2022-10-18"", ""validation_start"": ""2022-10-19"", ""validation_end"": ""2023-09-08"", ""train_rows"": 161487, ""validation_rows"": 81981}, {""fold"": 3, ""train_start"": ""2021-01-04"", ""train_end"": ""2023-08-30"", ""train_label_end_max"": ""2023-09-08"", ""validation_start"": ""2023-09-11"", ""validation_end"": ""2024-07-30"", ""train_rows"": 243426, ""validation_rows"": 82741}, {""fold"": 4, ""train_start"": ""2021-01-04"", ""train_end"": ""2024-07-23"", ""train_label_end_max"": ""2024-07-30"", ""validation_start"": ""2024-07-31"", ""validation_end"": ""2025-06-23"", ""train_rows"": 326201, ""validation_rows"": 82447}]",0.49,0.4706009084543708,0.4180275580505231,0.5383004066209389,0.3692206437211108,0.4754510051318136,True,602.083,9eabd4bf8d11,9cf8f4c431a9e89fea5b7379f196f9505b74cc80396a163d96d8d5191f2204d1,rolling_recent_cv_oof_threshold,ok,manual-probe-20 seed=20260720 stage=focus index=10/20
GB_20260720_031435_233057,2026-07-20T03:18:24,gradient_boosting,Gradient Boosting,"{""n_estimators"": 60, ""learning_rate"": 0.2, ""max_depth"": 2, ""subsample"": 0.6}",0.46754533113426455,0.025939689861766264,"[0.48294389767649104, 0.5015654752015949, 0.43667645038406294, 0.44899550127490945]",0.4155624792379484,0.019991682801842832,0.5392963164222796,0.06264904174291361,"[0.39314670990867967, 0.44674118423748493, 0.40463514842891035, 0.41772687437671874]","[0.6259044125140121, 0.5717282368022375, 0.4742285520515429, 0.48532406432132574]","[{""fold"": 1, ""train_start"": ""2021-01-04"", ""train_end"": ""2021-11-18"", ""train_label_end_max"": ""2021-11-25"", ""validation_start"": ""2021-11-26"", ""validation_end"": ""2022-10-18"", ""train_rows"": 78914, ""validation_rows"": 82539}, {""fold"": 2, ""train_start"": ""2021-01-04"", ""train_end"": ""2022-10-11"", ""train_label_end_max"": ""2022-10-18"", ""validation_start"": ""2022-10-19"", ""validation_end"": ""2023-09-08"", ""train_rows"": 161487, ""validation_rows"": 81981}, {""fold"": 3, ""train_start"": ""2021-01-04"", ""train_end"": ""2023-08-30"", ""train_label_end_max"": ""2023-09-08"", ""validation_start"": ""2023-09-11"", ""validation_end"": ""2024-07-30"", ""train_rows"": 243426, ""validation_rows"": 82741}, {""fold"": 4, ""train_start"": ""2021-01-04"", ""train_end"": ""2024-07-23"", ""train_label_end_max"": ""2024-07-30"", ""validation_start"": ""2024-07-31"", ""validation_end"": ""2025-06-23"", ""train_rows"": 326201, ""validation_rows"": 82447}]",0.49,0.47010703718641034,0.4156442492174089,0.5409947837515916,0.3692206437211108,0.48057068678952286,True,229.751,9eabd4bf8d11,9cf8f4c431a9e89fea5b7379f196f9505b74cc80396a163d96d8d5191f2204d1,rolling_recent_cv_oof_threshold,ok,manual-probe-20 seed=20260720 stage=focus index=11/20
GB_20260720_031824_984899,2026-07-20T03:22:31,gradient_boosting,Gradient Boosting,"{""n_estimators"": 60, ""learning_rate"": 0.05, ""max_depth"": 2, ""subsample"": 0.8}",0.4673493707376581,0.024711363213618158,"[0.4866332916145181, 0.49620033661447444, 0.43696233917421345, 0.44960151554742617]",0.4102556955909301,0.02200952133757498,0.5501481664355099,0.07161776132663321,"[0.38526783060185094, 0.4411844730636677, 0.39426513518675144, 0.4203053435114504]","[0.6603824858181324, 0.5668919706327934, 0.490030518819939, 0.48328769047117476]","[{""fold"": 1, ""train_start"": ""2021-01-04"", ""train_end"": ""2021-11-18"", ""train_label_end_max"": ""2021-11-25"", ""validation_start"": ""2021-11-26"", ""validation_end"": ""2022-10-18"", ""train_rows"": 78914, ""validation_rows"": 82539}, {""fold"": 2, ""train_start"": ""2021-01-04"", ""train_end"": ""2022-10-11"", ""train_label_end_max"": ""2022-10-18"", ""validation_start"": ""2022-10-19"", ""validation_end"": ""2023-09-08"", ""train_rows"": 161487, ""validation_rows"": 81981}, {""fold"": 3, ""train_start"": ""2021-01-04"", ""train_end"": ""2023-08-30"", ""train_label_end_max"": ""2023-09-08"", ""validation_start"": ""2023-09-11"", ""validation_end"": ""2024-07-30"", ""train_rows"": 243426, ""validation_rows"": 82741}, {""fold"": 4, ""train_start"": ""2021-01-04"", ""train_end"": ""2024-07-23"", ""train_label_end_max"": ""2024-07-30"", ""validation_start"": ""2024-07-31"", ""validation_end"": ""2025-06-23"", ""train_rows"": 326201, ""validation_rows"": 82447}]",0.49,0.4698235580305422,0.4093176717408275,0.5513204912309525,0.3692206437211108,0.49731277372705546,True,246.681,9eabd4bf8d11,9cf8f4c431a9e89fea5b7379f196f9505b74cc80396a163d96d8d5191f2204d1,rolling_recent_cv_oof_threshold,ok,manual-probe-20 seed=20260720 stage=focus index=12/20
GB_20260720_032231_668308,2026-07-20T03:25:24,gradient_boosting,Gradient Boosting,"{""n_estimators"": 50, ""learning_rate"": 0.15, ""max_depth"": 2, ""subsample"": 0.7}",0.47067151303130605,0.03064146039681865,"[0.48514562983796383, 0.5121972479920304, 0.4314084179520967, 0.4539347563431333]",0.41272551947600505,0.02314640381868651,0.5540131441327728,0.07349649542020527,"[0.38685497231987714, 0.4472716991800961, 0.3973725546194488, 0.41940285178459796]","[0.650395733550732, 0.5991725906071553, 0.4718209562563581, 0.49466329611684573]","[{""fold"": 1, ""train_start"": ""2021-01-04"", ""train_end"": ""2021-11-18"", ""train_label_end_max"": ""2021-11-25"", ""validation_start"": ""2021-11-26"", ""validation_end"": ""2022-10-18"", ""train_rows"": 78914, ""validation_rows"": 82539}, {""fold"": 2, ""train_start"": ""2021-01-04"", ""train_end"": ""2022-10-11"", ""train_label_end_max"": ""2022-10-18"", ""validation_start"": ""2022-10-19"", ""validation_end"": ""2023-09-08"", ""train_rows"": 161487, ""validation_rows"": 81981}, {""fold"": 3, ""train_start"": ""2021-01-04"", ""train_end"": ""2023-08-30"", ""train_label_end_max"": ""2023-09-08"", ""validation_start"": ""2023-09-11"", ""validation_end"": ""2024-07-30"", ""train_rows"": 243426, ""validation_rows"": 82741}, {""fold"": 4, ""train_start"": ""2021-01-04"", ""train_end"": ""2024-07-23"", ""train_label_end_max"": ""2024-07-30"", ""validation_start"": ""2024-07-31"", ""validation_end"": ""2025-06-23"", ""train_rows"": 326201, ""validation_rows"": 82447}]",0.49,0.47383999608142247,0.41269357581224136,0.556257444449008,0.3692206437211108,0.4976615672049207,True,173.0,9eabd4bf8d11,9cf8f4c431a9e89fea5b7379f196f9505b74cc80396a163d96d8d5191f2204d1,rolling_recent_cv_oof_threshold,ok,manual-probe-20 seed=20260720 stage=focus index=13/20
GB_20260720_032524_669412,2026-07-20T03:29:06,gradient_boosting,Gradient Boosting,"{""n_estimators"": 70, ""learning_rate"": 0.2, ""max_depth"": 2, ""subsample"": 0.6}",0.4674112035833472,0.026974670675050806,"[0.48216304319251296, 0.5035138065174415, 0.43504029602684313, 0.4489276685965914]",0.41620699578634696,0.020419213446257262,0.5379359683702909,0.06357959127112649,"[0.39325457235360967, 0.44778929697602143, 0.4046021931871209, 0.41918192062863585]","[0.623017086178199, 0.5750786621605873, 0.4704306544591387, 0.48321747068323856]","[{""fold"": 1, ""train_start"": ""2021-01-04"", ""train_end"": ""2021-11-18"", ""train_label_end_max"": ""2021-11-25"", ""validation_start"": ""2021-11-26"", ""validation_end"": ""2022-10-18"", ""train_rows"": 78914, ""validation_rows"": 82539}, {""fold"": 2, ""train_start"": ""2021-01-04"", ""train_end"": ""2022-10-11"", ""train_label_end_max"": ""2022-10-18"", ""validation_start"": ""2022-10-19"", ""validation_end"": ""2023-09-08"", ""train_rows"": 161487, ""validation_rows"": 81981}, {""fold"": 3, ""train_start"": ""2021-01-04"", ""train_end"": ""2023-08-30"", ""train_label_end_max"": ""2023-09-08"", ""validation_start"": ""2023-09-11"", ""validation_end"": ""2024-07-30"", ""train_rows"": 243426, ""validation_rows"": 82741}, {""fold"": 4, ""train_start"": ""2021-01-04"", ""train_end"": ""2024-07-23"", ""train_label_end_max"": ""2024-07-30"", ""validation_start"": ""2024-07-31"", ""validation_end"": ""2025-06-23"", ""train_rows"": 326201, ""validation_rows"": 82447}]",0.49,0.47011188370961743,0.41634302874411594,0.5398283156035651,0.3692206437211108,0.4787296638237471,True,221.585,9eabd4bf8d11,9cf8f4c431a9e89fea5b7379f196f9505b74cc80396a163d96d8d5191f2204d1,rolling_recent_cv_oof_threshold,ok,manual-probe-20 seed=20260720 stage=focus index=14/20
GB_20260720_032906_255959,2026-07-20T03:30:54,gradient_boosting,Gradient Boosting,"{""n_estimators"": 50, ""learning_rate"": 0.25, ""max_depth"": 1, ""subsample"": 0.9}",0.4669232987981533,0.027972858075166532,"[0.487301766112175, 0.49891507291719234, 0.42809210121283015, 0.4533842549504156]",0.40881140647832936,0.021562677204666814,0.5512277790064118,0.07435218922758771,"[0.3858167836048678, 0.4399697401210395, 0.3919452116566146, 0.41751389053079563]","[0.6612316994463127, 0.5760983568348678, 0.47158358765683284, 0.4959974720876343]","[{""fold"": 1, ""train_start"": ""2021-01-04"", ""train_end"": ""2021-11-18"", ""train_label_end_max"": ""2021-11-25"", ""validation_start"": ""2021-11-26"", ""validation_end"": ""2022-10-18"", ""train_rows"": 78914, ""validation_rows"": 82539}, {""fold"": 2, ""train_start"": ""2021-01-04"", ""train_end"": ""2022-10-11"", ""train_label_end_max"": ""2022-10-18"", ""validation_start"": ""2022-10-19"", ""validation_end"": ""2023-09-08"", ""train_rows"": 161487, ""validation_rows"": 81981}, {""fold"": 3, ""train_start"": ""2021-01-04"", ""train_end"": ""2023-08-30"", ""train_label_end_max"": ""2023-09-08"", ""validation_start"": ""2023-09-11"", ""validation_end"": ""2024-07-30"", ""train_rows"": 243426, ""validation_rows"": 82741}, {""fold"": 4, ""train_start"": ""2021-01-04"", ""train_end"": ""2024-07-23"", ""train_label_end_max"": ""2024-07-30"", ""validation_start"": ""2024-07-31"", ""validation_end"": ""2025-06-23"", ""train_rows"": 326201, ""validation_rows"": 82447}]",0.49,0.4697068608592744,0.40842419679933945,0.5526266069741652,0.3692206437211108,0.49958144782656166,True,108.126,9eabd4bf8d11,9cf8f4c431a9e89fea5b7379f196f9505b74cc80396a163d96d8d5191f2204d1,rolling_recent_cv_oof_threshold,ok,manual-probe-20 seed=20260720 stage=focus index=15/20
GB_20260720_033054_382659,2026-07-20T03:38:14,gradient_boosting,Gradient Boosting,"{""n_estimators"": 110, ""learning_rate"": 0.2, ""max_depth"": 2, ""subsample"": 0.9}",0.46868923237648774,0.026290641881592546,"[0.4742013090869992, 0.5089702847448185, 0.4401650618982118, 0.4514202737759214]",0.41711551054922563,0.021695993183278833,0.5383552532877063,0.05428634903495923,"[0.3923360910950983, 0.4500772520656531, 0.4043961037116974, 0.42165259532445365]","[0.5992391045891504, 0.5855960843724508, 0.4828755510342489, 0.48571027315497506]","[{""fold"": 1, ""train_start"": ""2021-01-04"", ""train_end"": ""2021-11-18"", ""train_label_end_max"": ""2021-11-25"", ""validation_start"": ""2021-11-26"", ""validation_end"": ""2022-10-18"", ""train_rows"": 78914, ""validation_rows"": 82539}, {""fold"": 2, ""train_start"": ""2021-01-04"", ""train_end"": ""2022-10-11"", ""train_label_end_max"": ""2022-10-18"", ""validation_start"": ""2022-10-19"", ""validation_end"": ""2023-09-08"", ""train_rows"": 161487, ""validation_rows"": 81981}, {""fold"": 3, ""train_start"": ""2021-01-04"", ""train_end"": ""2023-08-30"", ""train_label_end_max"": ""2023-09-08"", ""validation_start"": ""2023-09-11"", ""validation_end"": ""2024-07-30"", ""train_rows"": 243426, ""validation_rows"": 82741}, {""fold"": 4, ""train_start"": ""2021-01-04"", ""train_end"": ""2024-07-23"", ""train_label_end_max"": ""2024-07-30"", ""validation_start"": ""2024-07-31"", ""validation_end"": ""2025-06-23"", ""train_rows"": 326201, ""validation_rows"": 82447}]",0.49,0.47115040446703416,0.4174886612325161,0.5406415574814145,0.3692206437211108,0.4781351984179941,True,440.547,9eabd4bf8d11,9cf8f4c431a9e89fea5b7379f196f9505b74cc80396a163d96d8d5191f2204d1,rolling_recent_cv_oof_threshold,ok,manual-probe-20 seed=20260720 stage=focus index=16/20
GB_20260720_033814_931136,2026-07-20T03:44:12,gradient_boosting,Gradient Boosting,"{""n_estimators"": 110, ""learning_rate"": 0.05, ""max_depth"": 2, ""subsample"": 0.8}",0.47062487905382167,0.030198070823157605,"[0.4906236591706418, 0.5073054193386144, 0.4301195293242175, 0.45445090838181285]",0.4139422657843251,0.022353988284880482,0.5523439542162435,0.07647696685326645,"[0.39031785233821253, 0.4462460735300624, 0.39619569874046784, 0.4230094385285576]","[0.660314548727878, 0.5877228761216642, 0.4703967446592065, 0.490941647356225]","[{""fold"": 1, ""train_start"": ""2021-01-04"", ""train_end"": ""2021-11-18"", ""train_label_end_max"": ""2021-11-25"", ""validation_start"": ""2021-11-26"", ""validation_end"": ""2022-10-18"", ""train_rows"": 78914, ""validation_rows"": 82539}, {""fold"": 2, ""train_start"": ""2021-01-04"", ""train_end"": ""2022-10-11"", ""train_label_end_max"": ""2022-10-18"", ""validation_start"": ""2022-10-19"", ""validation_end"": ""2023-09-08"", ""train_rows"": 161487, ""validation_rows"": 81981}, {""fold"": 3, ""train_start"": ""2021-01-04"", ""train_end"": ""2023-08-30"", ""train_label_end_max"": ""2023-09-08"", ""validation_start"": ""2023-09-11"", ""validation_end"": ""2024-07-30"", ""train_rows"": 243426, ""validation_rows"": 82741}, {""fold"": 4, ""train_start"": ""2021-01-04"", ""train_end"": ""2024-07-23"", ""train_label_end_max"": ""2024-07-30"", ""validation_start"": ""2024-07-31"", ""validation_end"": ""2025-06-23"", ""train_rows"": 326201, ""validation_rows"": 82447}]",0.49,0.4737634869194875,0.4137100038018617,0.5542120179077504,0.3692206437211108,0.49461341550705473,True,357.485,9eabd4bf8d11,9cf8f4c431a9e89fea5b7379f196f9505b74cc80396a163d96d8d5191f2204d1,rolling_recent_cv_oof_threshold,ok,manual-probe-20 seed=20260720 stage=focus index=17/20
GB_20260720_034937_353421,2026-07-20T03:54:05,gradient_boosting,Gradient Boosting,"{""n_estimators"": 110, ""learning_rate"": 0.25, ""max_depth"": 2, ""subsample"": 0.6}",0.4713849943252372,0.023729164740252207,"[0.47744325579522423, 0.5073537823992271, 0.4459725865789106, 0.454770352527587]",0.4199580951212808,0.020218756785322405,0.5407914872207434,0.05260557531703074,"[0.394678443034042, 0.450037209931669, 0.41123930033494605, 0.423877427184466]","[0.604130575087469, 0.5814007691411257, 0.48711427602577145, 0.49052032862860756]","[{""fold"": 1, ""train_start"": ""2021-01-04"", ""train_end"": ""2021-11-18"", ""train_label_end_max"": ""2021-11-25"", ""validation_start"": ""2021-11-26"", ""validation_end"": ""2022-10-18"", ""train_rows"": 78914, ""validation_rows"": 82539}, {""fold"": 2, ""train_start"": ""2021-01-04"", ""train_end"": ""2022-10-11"", ""train_label_end_max"": ""2022-10-18"", ""validation_start"": ""2022-10-19"", ""validation_end"": ""2023-09-08"", ""train_rows"": 161487, ""validation_rows"": 81981}, {""fold"": 3, ""train_start"": ""2021-01-04"", ""train_end"": ""2023-08-30"", ""train_label_end_max"": ""2023-09-08"", ""validation_start"": ""2023-09-11"", ""validation_end"": ""2024-07-30"", ""train_rows"": 243426, ""validation_rows"": 82741}, {""fold"": 4, ""train_start"": ""2021-01-04"", ""train_end"": ""2024-07-23"", ""train_label_end_max"": ""2024-07-30"", ""validation_start"": ""2024-07-31"", ""validation_end"": ""2025-06-23"", ""train_rows"": 326201, ""validation_rows"": 82447}]",0.49,0.4736176267153112,0.42008061234869293,0.5427937733601675,0.3692206437211108,0.47707668603734216,True,268.228,9eabd4bf8d11,9cf8f4c431a9e89fea5b7379f196f9505b74cc80396a163d96d8d5191f2204d1,rolling_recent_cv_oof_threshold,ok,manual-probe-20 seed=20260720 stage=focus index=18/20
GB_20260720_035405_583543,2026-07-20T03:56:29,gradient_boosting,Gradient Boosting,"{""n_estimators"": 60, ""learning_rate"": 0.1, ""max_depth"": 2, ""subsample"": 0.6}",0.46852788106349263,0.02957950584826866,"[0.4857579617834395, 0.5065465829107697, 0.43014994837337606, 0.45165703118638545]",0.4126795418659586,0.02316032466451403,0.5481856541181858,0.07180177113251644,"[0.3886182507490675, 0.44665658228411265, 0.3942484250967541, 0.4211949093339003]","[0.6476442813954278, 0.5849842675678826, 0.4732451678535097, 0.48686889965592306]","[{""fold"": 1, ""train_start"": ""2021-01-04"", ""train_end"": ""2021-11-18"", ""train_label_end_max"": ""2021-11-25"", ""validation_start"": ""2021-11-26"", ""validation_end"": ""2022-10-18"", ""train_rows"": 78914, ""validation_rows"": 82539}, {""fold"": 2, ""train_start"": ""2021-01-04"", ""train_end"": ""2022-10-11"", ""train_label_end_max"": ""2022-10-18"", ""validation_start"": ""2022-10-19"", ""validation_end"": ""2023-09-08"", ""train_rows"": 161487, ""validation_rows"": 81981}, {""fold"": 3, ""train_start"": ""2021-01-04"", ""train_end"": ""2023-08-30"", ""train_label_end_max"": ""2023-09-08"", ""validation_start"": ""2023-09-11"", ""validation_end"": ""2024-07-30"", ""train_rows"": 243426, ""validation_rows"": 82741}, {""fold"": 4, ""train_start"": ""2021-01-04"", ""train_end"": ""2024-07-23"", ""train_label_end_max"": ""2024-07-30"", ""validation_start"": ""2024-07-31"", ""validation_end"": ""2025-06-23"", ""train_rows"": 326201, ""validation_rows"": 82447}]",0.49,0.4714861021149568,0.41252456310021746,0.5501129502608124,0.3692206437211108,0.4923659723148968,True,143.903,9eabd4bf8d11,9cf8f4c431a9e89fea5b7379f196f9505b74cc80396a163d96d8d5191f2204d1,rolling_recent_cv_oof_threshold,ok,manual-probe-20 seed=20260720 stage=focus index=19/20
GB_20260720_035629_482340,2026-07-20T03:58:54,gradient_boosting,Gradient Boosting,"{""n_estimators"": 70, ""learning_rate"": 0.25, ""max_depth"": 1, ""subsample"": 0.9}",0.46879091820526103,0.030922712196822234,"[0.49156921233603335, 0.5041646313205326, 0.42622643279242095, 0.45320339637205714]",0.4110599634216988,0.0210377114230295,0.5530720099038071,0.08090756996926377,"[0.38854470838923527, 0.4421838954190926, 0.39540549947789766, 0.4181057504005697]","[0.6689425591901899, 0.5863535718447733, 0.4622583926754832, 0.494733515904782]","[{""fold"": 1, ""train_start"": ""2021-01-04"", ""train_end"": ""2021-11-18"", ""train_label_end_max"": ""2021-11-25"", ""validation_start"": ""2021-11-26"", ""validation_end"": ""2022-10-18"", ""train_rows"": 78914, ""validation_rows"": 82539}, {""fold"": 2, ""train_start"": ""2021-01-04"", ""train_end"": ""2022-10-11"", ""train_label_end_max"": ""2022-10-18"", ""validation_start"": ""2022-10-19"", ""validation_end"": ""2023-09-08"", ""train_rows"": 161487, ""validation_rows"": 81981}, {""fold"": 3, ""train_start"": ""2021-01-04"", ""train_end"": ""2023-08-30"", ""train_label_end_max"": ""2023-09-08"", ""validation_start"": ""2023-09-11"", ""validation_end"": ""2024-07-30"", ""train_rows"": 243426, ""validation_rows"": 82741}, {""fold"": 4, ""train_start"": ""2021-01-04"", ""train_end"": ""2024-07-23"", ""train_label_end_max"": ""2024-07-30"", ""validation_start"": ""2024-07-31"", ""validation_end"": ""2025-06-23"", ""train_rows"": 326201, ""validation_rows"": 82447}]",0.49,0.47213678559445255,0.4108969016346569,0.5548281102394546,0.3692206437211108,0.49855326531355015,True,145.277,9eabd4bf8d11,9cf8f4c431a9e89fea5b7379f196f9505b74cc80396a163d96d8d5191f2204d1,rolling_recent_cv_oof_threshold,ok,manual-probe-20 seed=20260720 stage=focus index=20/20
LR_20260722_150143_309955,2026-07-22T15:01:54,logistic_regression,Logistic Regression,"{""C"": 3.07719140728e-05, ""solver"": ""liblinear""}",0.45370349264014703,0.042832364482837705,"[0.48753095462313834, 0.5039678578558594, 0.41977929355206267, 0.40353586452952767]",0.4068956331561007,0.027471022622400733,0.533078498010177,0.12406857416123472,"[0.3710579407496549, 0.4441292252204702, 0.3930262465657333, 0.41936912008854454]","[0.7105771511844647, 0.5824416693104144, 0.45044049174287343, 0.3888546798029557]","[{""fold"": 1, ""train_start"": ""2021-01-04"", ""train_end"": ""2021-11-18"", ""train_label_end_max"": ""2021-11-25"", ""validation_start"": ""2021-11-26"", ""validation_end"": ""2022-10-20"", ""train_rows"": 78914, ""validation_rows"": 83274}, {""fold"": 2, ""train_start"": ""2021-01-04"", ""train_end"": ""2022-10-13"", ""train_label_end_max"": ""2022-10-20"", ""validation_start"": ""2022-10-21"", ""validation_end"": ""2023-09-14"", ""train_rows"": 162231, ""validation_rows"": 82746}, {""fold"": 3, ""train_start"": ""2021-01-04"", ""train_end"": ""2023-09-07"", ""train_label_end_max"": ""2023-09-14"", ""validation_start"": ""2023-09-15"", ""validation_end"": ""2024-08-07"", ""train_rows"": 244929, ""validation_rows"": 83453}, {""fold"": 4, ""train_start"": ""2021-01-04"", ""train_end"": ""2024-07-31"", ""train_label_end_max"": ""2024-08-07"", ""validation_start"": ""2024-08-08"", ""validation_end"": ""2025-07-03"", ""train_rows"": 328410, ""validation_rows"": 83231}]",0.49,0.46046740484573967,0.4040270429159318,0.5352370908205898,0.3704944936039242,0.4908146580744446,True,11.072,9eabd4bf8d11,1ce27fb1a1b3d44ec9cb69414ae816f1ddbf6d384fdf977ef1434bf53d8254e5,rolling_recent_cv_oof_threshold,ok,manual-parallel-45m-20260722_150132 strategy=log-grid round=0 index=1
LR_20260722_150154_381157,2026-07-22T15:02:01,logistic_regression,Logistic Regression,"{""C"": 3.07719140728e-05, ""solver"": ""lbfgs""}",0.45279045696747167,0.042759455305646434,"[0.4872520586556716, 0.5023811910968519, 0.418957078313253, 0.4025714998041101]",0.40731601401133777,0.027391080933683632,0.5302243801526844,0.12419123251235795,"[0.37119787045252883, 0.444225270950154, 0.3939984066566345, 0.41984250798603373]","[0.7088826380180974, 0.5780578548149857, 0.4472917294744247, 0.3866652983032293]","[{""fold"": 1, ""train_start"": ""2021-01-04"", ""train_end"": ""2021-11-18"", ""train_label_end_max"": ""2021-11-25"", ""validation_start"": ""2021-11-26"", ""validation_end"": ""2022-10-20"", ""train_rows"": 78914, ""validation_rows"": 83274}, {""fold"": 2, ""train_start"": ""2021-01-04"", ""train_end"": ""2022-10-13"", ""train_label_end_max"": ""2022-10-20"", ""validation_start"": ""2022-10-21"", ""validation_end"": ""2023-09-14"", ""train_rows"": 162231, ""validation_rows"": 82746}, {""fold"": 3, ""train_start"": ""2021-01-04"", ""train_end"": ""2023-09-07"", ""train_label_end_max"": ""2023-09-14"", ""validation_start"": ""2023-09-15"", ""validation_end"": ""2024-08-07"", ""train_rows"": 244929, ""validation_rows"": 83453}, {""fold"": 4, ""train_start"": ""2021-01-04"", ""train_end"": ""2024-07-31"", ""train_label_end_max"": ""2024-08-07"", ""validation_start"": ""2024-08-08"", ""validation_end"": ""2025-07-03"", ""train_rows"": 328410, ""validation_rows"": 83231}]",0.49,0.45958108472510656,0.4043331977668503,0.532316553766276,0.3704944936039242,0.48776690391459077,True,6.8,9eabd4bf8d11,1ce27fb1a1b3d44ec9cb69414ae816f1ddbf6d384fdf977ef1434bf53d8254e5,rolling_recent_cv_oof_threshold,ok,manual-parallel-45m-20260722_150132 strategy=log-grid round=0 index=2
LR_20260722_150201_185812,2026-07-22T15:02:10,logistic_regression,Logistic Regression,"{""C"": 2.33428839564e-05, ""solver"": ""liblinear""}",0.41185430483482693,0.04948562224403998,"[0.46262727248809493, 0.45989080218395634, 0.36620807779435327, 0.3586910668729033]",0.4165285095494261,0.026539985532083255,0.4270221247811469,0.1165441018071844,"[0.37806110382490166, 0.4468536605272465, 0.4067255768286696, 0.4344736970168865]","[0.5959263903480531, 0.47371153346984685, 0.33303185609486485, 0.3054187192118227]","[{""fold"": 1, ""train_start"": ""2021-01-04"", ""train_end"": ""2021-11-18"", ""train_label_end_max"": ""2021-11-25"", ""validation_start"": ""2021-11-26"", ""validation_end"": ""2022-10-20"", ""train_rows"": 78914, ""validation_rows"": 83274}, {""fold"": 2, ""train_start"": ""2021-01-04"", ""train_end"": ""2022-10-13"", ""train_label_end_max"": ""2022-10-20"", ""validation_start"": ""2022-10-21"", ""validation_end"": ""2023-09-14"", ""train_rows"": 162231, ""validation_rows"": 82746}, {""fold"": 3, ""train_start"": ""2021-01-04"", ""train_end"": ""2023-09-07"", ""train_label_end_max"": ""2023-09-14"", ""validation_start"": ""2023-09-15"", ""validation_end"": ""2024-08-07"", ""train_rows"": 244929, ""validation_rows"": 83453}, {""fold"": 4, ""train_start"": ""2021-01-04"", ""train_end"": ""2024-07-31"", ""train_label_end_max"": ""2024-08-07"", ""validation_start"": ""2024-08-08"", ""validation_end"": ""2025-07-03"", ""train_rows"": 328410, ""validation_rows"": 83231}]",0.5,0.4204654787179059,0.4122765298882747,0.42898633026406524,0.3704944936039242,0.3855108444743676,True,9.069,9eabd4bf8d11,1ce27fb1a1b3d44ec9cb69414ae816f1ddbf6d384fdf977ef1434bf53d8254e5,rolling_recent_cv_oof_threshold,ok,manual-parallel-45m-20260722_150132 strategy=log-grid round=0 index=3
LR_20260722_150210_256603,2026-07-22T15:02:16,logistic_regression,Logistic Regression,"{""C"": 2.33428839564e-05, ""solver"": ""lbfgs""}",0.45559033758016615,0.04361687531014788,"[0.4889082909232943, 0.5074715413993844, 0.42243887341380376, 0.4035426445841821]",0.40621351205775047,0.027792645904341412,0.540027029231829,0.12745537106077737,"[0.36981230448383734, 0.44402387853095127, 0.3925849224839647, 0.41843294273224846]","[0.7211509133425966, 0.5920745248464223, 0.4572069808729441, 0.38967569786535305]","[{""fold"": 1, ""train_start"": ""2021-01-04"", ""train_end"": ""2021-11-18"", ""train_label_end_max"": ""2021-11-25"", ""validation_start"": ""2021-11-26"", ""validation_end"": ""2022-10-20"", ""train_rows"": 78914, ""validation_rows"": 83274}, {""fold"": 2, ""train_start"": ""2021-01-04"", ""train_end"": ""2022-10-13"", ""train_label_end_max"": ""2022-10-20"", ""validation_start"": ""2022-10-21"", ""validation_end"": ""2023-09-14"", ""train_rows"": 162231, ""validation_rows"": 82746}, {""fold"": 3, ""train_start"": ""2021-01-04"", ""train_end"": ""2023-09-07"", ""train_label_end_max"": ""2023-09-14"", ""validation_start"": ""2023-09-15"", ""validation_end"": ""2024-08-07"", ""train_rows"": 244929, ""validation_rows"": 83453}, {""fold"": 4, ""train_start"": ""2021-01-04"", ""train_end"": ""2024-07-31"", ""train_label_end_max"": ""2024-08-07"", ""validation_start"": ""2024-08-08"", ""validation_end"": ""2025-07-03"", ""train_rows"": 328410, ""validation_rows"": 83231}]",0.49,0.46256949994637214,0.40327212181173233,0.5423112805743723,0.3704944936039242,0.49823266326825044,True,6.361,9eabd4bf8d11,1ce27fb1a1b3d44ec9cb69414ae816f1ddbf6d384fdf977ef1434bf53d8254e5,rolling_recent_cv_oof_threshold,ok,manual-parallel-45m-20260722_150132 strategy=log-grid round=0 index=4
LR_20260722_150216_620817,2026-07-22T15:02:26,logistic_regression,Logistic Regression,"{""C"": 3.53308845831e-05, ""solver"": ""liblinear""}",0.4523261624594739,0.042762971000873416,"[0.4868910353860187, 0.5019140257295261, 0.4180008790104853, 0.4024987097118653]",0.4071987343854248,0.027302184632144694,0.5287640409007499,0.12301511958006155,"[0.37170353705786774, 0.44431358606284166, 0.39329493427854084, 0.4194828801424491]","[0.7055275019486902, 0.5766734923427451, 0.4460188255786688, 0.38683634373289544]","[{""fold"": 1, ""train_start"": ""2021-01-04"", ""train_end"": ""2021-11-18"", ""train_label_end_max"": ""2021-11-25"", ""validation_start"": ""2021-11-26"", ""validation_end"": ""2022-10-20"", ""train_rows"": 78914, ""validation_rows"": 83274}, {""fold"": 2, ""train_start"": ""2021-01-04"", ""train_end"": ""2022-10-13"", ""train_label_end_max"": ""2022-10-20"", ""validation_start"": ""2022-10-21"", ""validation_end"": ""2023-09-14"", ""train_rows"": 162231, ""validation_rows"": 82746}, {""fold"": 3, ""train_start"": ""2021-01-04"", ""train_end"": ""2023-09-07"", ""train_label_end_max"": ""2023-09-14"", ""validation_start"": ""2023-09-15"", ""validation_end"": ""2024-08-07"", ""train_rows"": 244929, ""validation_rows"": 83453}, {""fold"": 4, ""train_start"": ""2021-01-04"", ""train_end"": ""2024-07-31"", ""train_label_end_max"": ""2024-08-07"", ""validation_start"": ""2024-08-08"", ""validation_end"": ""2025-07-03"", ""train_rows"": 328410, ""validation_rows"": 83231}]",0.49,0.4590614761861333,0.40437273283442815,0.530856285239119,0.3704944936039242,0.4863812878715014,True,9.586,9eabd4bf8d11,1ce27fb1a1b3d44ec9cb69414ae816f1ddbf6d384fdf977ef1434bf53d8254e5,rolling_recent_cv_oof_threshold,ok,manual-parallel-45m-20260722_150132 strategy=log-grid round=0 index=5
LR_20260722_150226_209705,2026-07-22T15:02:33,logistic_regression,Logistic Regression,"{""C"": 3.53308845831e-05, ""solver"": ""lbfgs""}",0.45123643641464634,0.04276165787883587,"[0.486349623134722, 0.5003718128080059, 0.41679675796710663, 0.4014275517487509]",0.40737051207808683,0.027261808042863486,0.525757862824849,0.12287153227121787,"[0.371760868786065, 0.4443897197098594, 0.39375521391967583, 0.41957624589674725]","[0.7030535127257939, 0.5724915640411847, 0.4427025759555154, 0.38478379857690204]","[{""fold"": 1, ""train_start"": ""2021-01-04"", ""train_end"": ""2021-11-18"", ""train_label_end_max"": ""2021-11-25"", ""validation_start"": ""2021-11-26"", ""validation_end"": ""2022-10-20"", ""train_rows"": 78914, ""validation_rows"": 83274}, {""fold"": 2, ""train_start"": ""2021-01-04"", ""train_end"": ""2022-10-13"", ""train_label_end_max"": ""2022-10-20"", ""validation_start"": ""2022-10-21"", ""validation_end"": ""2023-09-14"", ""train_rows"": 162231, ""validation_rows"": 82746}, {""fold"": 3, ""train_start"": ""2021-01-04"", ""train_end"": ""2023-09-07"", ""train_label_end_max"": ""2023-09-14"", ""validation_start"": ""2023-09-15"", ""validation_end"": ""2024-08-07"", ""train_rows"": 244929, ""validation_rows"": 83453}, {""fold"": 4, ""train_start"": ""2021-01-04"", ""train_end"": ""2024-07-31"", ""train_label_end_max"": ""2024-08-07"", ""validation_start"": ""2024-08-08"", ""validation_end"": ""2025-07-03"", ""train_rows"": 328410, ""validation_rows"": 83231}]",0.49,0.4579894194792807,0.40449012073960783,0.527797833935018,0.3704944936039242,0.4834387323266327,True,7.415,9eabd4bf8d11,1ce27fb1a1b3d44ec9cb69414ae816f1ddbf6d384fdf977ef1434bf53d8254e5,rolling_recent_cv_oof_threshold,ok,manual-parallel-45m-20260722_150132 strategy=log-grid round=0 index=6
LR_20260722_150233_627239,2026-07-22T15:02:41,logistic_regression,Logistic Regression,"{""C"": 2.03308020106e-05, ""solver"": ""liblinear""}",0.41221137190674406,0.049734014175308094,"[0.46279773654428213, 0.4609171953162116, 0.36663847313646897, 0.35849208263001364]",0.41654339970458293,0.026540185545321934,0.4276784839481189,0.11662607725579256,"[0.3782888367790375, 0.4470495758002873, 0.40639139118738027, 0.4344437950516267]","[0.5959263903480531, 0.47567271363885444, 0.3339697852812113, 0.30514504652435687]","[{""fold"": 1, ""train_start"": ""2021-01-04"", ""train_end"": ""2021-11-18"", ""train_label_end_max"": ""2021-11-25"", ""validation_start"": ""2021-11-26"", ""validation_end"": ""2022-10-20"", ""train_rows"": 78914, ""validation_rows"": 83274}, {""fold"": 2, ""train_start"": ""2021-01-04"", ""train_end"": ""2022-10-13"", ""train_label_end_max"": ""2022-10-20"", ""validation_start"": ""2022-10-21"", ""validation_end"": ""2023-09-14"", ""train_rows"": 162231, ""validation_rows"": 82746}, {""fold"": 3, ""train_start"": ""2021-01-04"", ""train_end"": ""2023-09-07"", ""train_label_end_max"": ""2023-09-14"", ""validation_start"": ""2023-09-15"", ""validation_end"": ""2024-08-07"", ""train_rows"": 244929, ""validation_rows"": 83453}, {""fold"": 4, ""train_start"": ""2021-01-04"", ""train_end"": ""2024-07-31"", ""train_label_end_max"": ""2024-08-07"", ""validation_start"": ""2024-08-08"", ""validation_end"": ""2025-07-03"", ""train_rows"": 328410, ""validation_rows"": 83231}]",0.5,0.4208640239009003,0.41238389610794063,0.4297002393217864,0.3704944936039242,0.3860518659228624,True,8.371,9eabd4bf8d11,1ce27fb1a1b3d44ec9cb69414ae816f1ddbf6d384fdf977ef1434bf53d8254e5,rolling_recent_cv_oof_threshold,ok,manual-parallel-45m-20260722_150132 strategy=log-grid round=0 index=7
LR_20260722_150242_001691,2026-07-22T15:02:49,logistic_regression,Logistic Regression,"{""C"": 2.03308020106e-05, ""solver"": ""lbfgs""}",0.41073484196410864,0.05000219991706506,"[0.4624802110817942, 0.45878750421395664, 0.36498401138611114, 0.35668764117457247]",0.41687349608224794,0.026394267791468067,0.42456512585105055,0.11680980370970537,"[0.378631758581211, 0.44719187272378763, 0.40716760145166614, 0.43450275157232704]","[0.5940285356017216, 0.47100049029504226, 0.3307205305999397, 0.30251094690749863]","[{""fold"": 1, ""train_start"": ""2021-01-04"", ""train_end"": ""2021-11-18"", ""train_label_end_max"": ""2021-11-25"", ""validation_start"": ""2021-11-26"", ""validation_end"": ""2022-10-20"", ""train_rows"": 78914, ""validation_rows"": 83274}, {""fold"": 2, ""train_start"": ""2021-01-04"", ""train_end"": ""2022-10-13"", ""train_label_end_max"": ""2022-10-20"", ""validation_start"": ""2022-10-21"", ""validation_end"": ""2023-09-14"", ""train_rows"": 162231, ""validation_rows"": 82746}, {""fold"": 3, ""train_start"": ""2021-01-04"", ""train_end"": ""2023-09-07"", ""train_label_end_max"": ""2023-09-14"", ""validation_start"": ""2023-09-15"", ""validation_end"": ""2024-08-07"", ""train_rows"": 244929, ""validation_rows"": 83453}, {""fold"": 4, ""train_start"": ""2021-01-04"", ""train_end"": ""2024-07-31"", ""train_label_end_max"": ""2024-08-07"", ""validation_start"": ""2024-08-08"", ""validation_end"": ""2025-07-03"", ""train_rows"": 328410, ""validation_rows"": 83231}]",0.5,0.4194640912409196,0.41263774212790005,0.42652009897375576,0.3704944936039242,0.38295902664230064,True,7.4,9eabd4bf8d11,1ce27fb1a1b3d44ec9cb69414ae816f1ddbf6d384fdf977ef1434bf53d8254e5,rolling_recent_cv_oof_threshold,ok,manual-parallel-45m-20260722_150132 strategy=log-grid round=0 index=8
LR_20260722_150249_403819,2026-07-22T15:03:01,logistic_regression,Logistic Regression,"{""C"": 4.05652830848e-05, ""solver"": ""liblinear""}",0.4508950742615773,0.042885458716473056,"[0.4865462414149967, 0.49983598697988946, 0.416099755346855, 0.40109831330456797]",0.40727679498722275,0.02692079790147486,0.5246692595004443,0.12223634590632441,"[0.3725529040972535, 0.44425755231110814, 0.3934391976598412, 0.41885752588068814]","[0.7010539871894804, 0.5713090877628125, 0.4415301644725823, 0.38478379857690204]","[{""fold"": 1, ""train_start"": ""2021-01-04"", ""train_end"": ""2021-11-18"", ""train_label_end_max"": ""2021-11-25"", ""validation_start"": ""2021-11-26"", ""validation_end"": ""2022-10-20"", ""train_rows"": 78914, ""validation_rows"": 83274}, {""fold"": 2, ""train_start"": ""2021-01-04"", ""train_end"": ""2022-10-13"", ""train_label_end_max"": ""2022-10-20"", ""validation_start"": ""2022-10-21"", ""validation_end"": ""2023-09-14"", ""train_rows"": 162231, ""validation_rows"": 82746}, {""fold"": 3, ""train_start"": ""2021-01-04"", ""train_end"": ""2023-09-07"", ""train_label_end_max"": ""2023-09-14"", ""validation_start"": ""2023-09-15"", ""validation_end"": ""2024-08-07"", ""train_rows"": 244929, ""validation_rows"": 83453}, {""fold"": 4, ""train_start"": ""2021-01-04"", ""train_end"": ""2024-07-31"", ""train_label_end_max"": ""2024-08-07"", ""validation_start"": ""2024-08-08"", ""validation_end"": ""2025-07-03"", ""train_rows"": 328410, ""validation_rows"": 83231}]",0.49,0.45763828924877087,0.40458652707671217,0.5267026325396503,0.3704944936039242,0.48232062133307685,True,11.821,9eabd4bf8d11,1ce27fb1a1b3d44ec9cb69414ae816f1ddbf6d384fdf977ef1434bf53d8254e5,rolling_recent_cv_oof_threshold,ok,manual-parallel-45m-20260722_150132 strategy=log-grid round=0 index=9
LR_20260722_150301_227172,2026-07-22T15:03:09,logistic_regression,Logistic Regression,"{""C"": 4.05652830848e-05, ""solver"": ""lbfgs""}",0.44993779971316766,0.042877984126395756,"[0.4862405864397591, 0.4983792544570502, 0.41459511700492735, 0.40053624095093393]",0.40742862707185684,0.026919839245277053,0.5220675910964097,0.1221710944839964,"[0.37274139924833766, 0.44421371013249666, 0.3933381433381433, 0.41942125556844984]","[0.6991222421798218, 0.5675886136186659, 0.43828090979131074, 0.3832785987958402]","[{""fold"": 1, ""train_start"": ""2021-01-04"", ""train_end"": ""2021-11-18"", ""train_label_end_max"": ""2021-11-25"", ""validation_start"": ""2021-11-26"", ""validation_end"": ""2022-10-20"", ""train_rows"": 78914, ""validation_rows"": 83274}, {""fold"": 2, ""train_start"": ""2021-01-04"", ""train_end"": ""2022-10-13"", ""train_label_end_max"": ""2022-10-20"", ""validation_start"": ""2022-10-21"", ""validation_end"": ""2023-09-14"", ""train_rows"": 162231, ""validation_rows"": 82746}, {""fold"": 3, ""train_start"": ""2021-01-04"", ""train_end"": ""2023-09-07"", ""train_label_end_max"": ""2023-09-14"", ""validation_start"": ""2023-09-15"", ""validation_end"": ""2024-08-07"", ""train_rows"": 244929, ""validation_rows"": 83453}, {""fold"": 4, ""train_start"": ""2021-01-04"", ""train_end"": ""2024-07-31"", ""train_label_end_max"": ""2024-08-07"", ""validation_start"": ""2024-08-08"", ""validation_end"": ""2025-07-03"", ""train_rows"": 328410, ""validation_rows"": 83231}]",0.49,0.4566950287922118,0.4046822532952438,0.5240498113819819,0.3704944936039242,0.4797778205251515,True,7.97,9eabd4bf8d11,1ce27fb1a1b3d44ec9cb69414ae816f1ddbf6d384fdf977ef1434bf53d8254e5,rolling_recent_cv_oof_threshold,ok,manual-parallel-45m-20260722_150132 strategy=log-grid round=0 index=10
LR_20260722_150309_194098,2026-07-22T15:03:18,logistic_regression,Logistic Regression,"{""C"": 1.77073883058e-05, ""solver"": ""liblinear""}",0.41251256568985084,0.04996393710644694,"[0.46253127880942974, 0.46221428870263714, 0.3672001174570548, 0.35810457779028176]",0.41645734826267783,0.026630064298979877,0.4282439556318771,0.11643447402228399,"[0.3782607759084936, 0.4474806934168602, 0.4060888979094784, 0.4339990258158792]","[0.5951130240281967, 0.47795114354108387, 0.33510869929320336, 0.30480295566502463]","[{""fold"": 1, ""train_start"": ""2021-01-04"", ""train_end"": ""2021-11-18"", ""train_label_end_max"": ""2021-11-25"", ""validation_start"": ""2021-11-26"", ""validation_end"": ""2022-10-20"", ""train_rows"": 78914, ""validation_rows"": 83274}, {""fold"": 2, ""train_start"": ""2021-01-04"", ""train_end"": ""2022-10-13"", ""train_label_end_max"": ""2022-10-20"", ""validation_start"": ""2022-10-21"", ""validation_end"": ""2023-09-14"", ""train_rows"": 162231, ""validation_rows"": 82746}, {""fold"": 3, ""train_start"": ""2021-01-04"", ""train_end"": ""2023-09-07"", ""train_label_end_max"": ""2023-09-14"", ""validation_start"": ""2023-09-15"", ""validation_end"": ""2024-08-07"", ""train_rows"": 244929, ""validation_rows"": 83453}, {""fold"": 4, ""train_start"": ""2021-01-04"", ""train_end"": ""2024-07-31"", ""train_label_end_max"": ""2024-08-07"", ""validation_start"": ""2024-08-08"", ""validation_end"": ""2025-07-03"", ""train_rows"": 328410, ""validation_rows"": 83231}]",0.5,0.42118886643614,0.41241778233894666,0.43034113495314974,0.3704944936039242,0.386595893046071,True,8.807,9eabd4bf8d11,1ce27fb1a1b3d44ec9cb69414ae816f1ddbf6d384fdf977ef1434bf53d8254e5,rolling_recent_cv_oof_threshold,ok,manual-parallel-45m-20260722_150132 strategy=log-grid round=0 index=11
LR_20260722_150318_008260,2026-07-22T15:03:24,logistic_regression,Logistic Regression,"{""C"": 1.77073883058e-05, ""solver"": ""lbfgs""}",0.410801032505394,0.050160308075857564,"[0.4621192122907977, 0.4595803137133966, 0.36530759150224257, 0.3561970125151393]",0.4167019083910625,0.026456580288829207,0.4248473281459889,0.11674587216077673,"[0.37845082906370925, 0.4470899470899471, 0.4068075310367508, 0.4344593263738428]","[0.59328294980852, 0.47278862515501974, 0.33149097243158143, 0.30182676518883417]","[{""fold"": 1, ""train_start"": ""2021-01-04"", ""train_end"": ""2021-11-18"", ""train_label_end_max"": ""2021-11-25"", ""validation_start"": ""2021-11-26"", ""validation_end"": ""2022-10-20"", ""train_rows"": 78914, ""validation_rows"": 83274}, {""fold"": 2, ""train_start"": ""2021-01-04"", ""train_end"": ""2022-10-13"", ""train_label_end_max"": ""2022-10-20"", ""validation_start"": ""2022-10-21"", ""validation_end"": ""2023-09-14"", ""train_rows"": 162231, ""validation_rows"": 82746}, {""fold"": 3, ""train_start"": ""2021-01-04"", ""train_end"": ""2023-09-07"", ""train_label_end_max"": ""2023-09-14"", ""validation_start"": ""2023-09-15"", ""validation_end"": ""2024-08-07"", ""train_rows"": 244929, ""validation_rows"": 83453}, {""fold"": 4, ""train_start"": ""2021-01-04"", ""train_end"": ""2024-07-31"", ""train_label_end_max"": ""2024-08-07"", ""validation_start"": ""2024-08-08"", ""validation_end"": ""2025-07-03"", ""train_rows"": 328410, ""validation_rows"": 83231}]",0.5,0.4195644720160114,0.4125057817289525,0.4268689408996877,0.3704944936039242,0.3833948494758103,True,6.565,9eabd4bf8d11,1ce27fb1a1b3d44ec9cb69414ae816f1ddbf6d384fdf977ef1434bf53d8254e5,rolling_recent_cv_oof_threshold,ok,manual-parallel-45m-20260722_150132 strategy=log-grid round=0 index=12
LR_20260722_150324_575405,2026-07-22T15:03:34,logistic_regression,Logistic Regression,"{""C"": 4.65751766809e-05, ""solver"": ""liblinear""}",0.44974070574354186,0.04270288891337396,"[0.4860308114307334, 0.4979345649915102, 0.41404688640040604, 0.40095056015151787]",0.40754582719602095,0.026762437123017863,0.5210702781565204,0.12119353738159584,"[0.37322051133062173, 0.44407277658492483, 0.3932154369897268, 0.41967458387881057]","[0.6965804724302708, 0.5666657053038388, 0.43720899072120056, 0.38382594417077176]","[{""fold"": 1, ""train_start"": ""2021-01-04"", ""train_end"": ""2021-11-18"", ""train_label_end_max"": ""2021-11-25"", ""validation_start"": ""2021-11-26"", ""validation_end"": ""2022-10-20"", ""train_rows"": 78914, ""validation_rows"": 83274}, {""fold"": 2, ""train_start"": ""2021-01-04"", ""train_end"": ""2022-10-13"", ""train_label_end_max"": ""2022-10-20"", ""validation_start"": ""2022-10-21"", ""validation_end"": ""2023-09-14"", ""train_rows"": 162231, ""validation_rows"": 82746}, {""fold"": 3, ""train_start"": ""2021-01-04"", ""train_end"": ""2023-09-07"", ""train_label_end_max"": ""2023-09-14"", ""validation_start"": ""2023-09-15"", ""validation_end"": ""2024-08-07"", ""train_rows"": 244929, ""validation_rows"": 83453}, {""fold"": 4, ""train_start"": ""2021-01-04"", ""train_end"": ""2024-07-31"", ""train_label_end_max"": ""2024-08-07"", ""validation_start"": ""2024-08-08"", ""validation_end"": ""2025-07-03"", ""train_rows"": 328410, ""validation_rows"": 83231}]",0.49,0.45643694028529963,0.40487299444252567,0.523051961221758,0.3704944936039242,0.47863866980859865,True,10.275,9eabd4bf8d11,1ce27fb1a1b3d44ec9cb69414ae816f1ddbf6d384fdf977ef1434bf53d8254e5,rolling_recent_cv_oof_threshold,ok,manual-parallel-45m-20260722_150132 strategy=log-grid round=0 index=13
LR_20260722_150334_853338,2026-07-22T15:03:42,logistic_regression,Logistic Regression,"{""C"": 4.65751766809e-05, ""solver"": ""lbfgs""}",0.4488991839718776,0.04263032597236113,"[0.4856276215076187, 0.49659189175441276, 0.41310505044075996, 0.40027217218471894]",0.4077154023621572,0.02674192019456731,0.5187042666490154,0.12094139991996707,"[0.3733398917855386, 0.44412346746127424, 0.39344709483829904, 0.4199511553635168]","[0.6945131663673026, 0.563118276468722, 0.43483067028439354, 0.38235495347564313]","[{""fold"": 1, ""train_start"": ""2021-01-04"", ""train_end"": ""2021-11-18"", ""train_label_end_max"": ""2021-11-25"", ""validation_start"": ""2021-11-26"", ""validation_end"": ""2022-10-20"", ""train_rows"": 78914, ""validation_rows"": 83274}, {""fold"": 2, ""train_start"": ""2021-01-04"", ""train_end"": ""2022-10-13"", ""train_label_end_max"": ""2022-10-20"", ""validation_start"": ""2022-10-21"", ""validation_end"": ""2023-09-14"", ""train_rows"": 162231, ""validation_rows"": 82746}, {""fold"": 3, ""train_start"": ""2021-01-04"", ""train_end"": ""2023-09-07"", ""train_label_end_max"": ""2023-09-14"", ""validation_start"": ""2023-09-15"", ""validation_end"": ""2024-08-07"", ""train_rows"": 244929, ""validation_rows"": 83453}, {""fold"": 4, ""train_start"": ""2021-01-04"", ""train_end"": ""2024-07-31"", ""train_label_end_max"": ""2024-08-07"", ""validation_start"": ""2024-08-08"", ""validation_end"": ""2025-07-03"", ""train_rows"": 328410, ""validation_rows"": 83231}]",0.49,0.4555899860503253,0.4049929951660335,0.5206344055490204,0.3704944936039242,0.47628522650764643,True,7.641,9eabd4bf8d11,1ce27fb1a1b3d44ec9cb69414ae816f1ddbf6d384fdf977ef1434bf53d8254e5,rolling_recent_cv_oof_threshold,ok,manual-parallel-45m-20260722_150132 strategy=log-grid round=0 index=14
LR_20260722_150342_495986,2026-07-22T15:03:51,logistic_regression,Logistic Regression,"{""C"": 1.54224904876e-05, ""solver"": ""liblinear""}",0.4127392687971469,0.050076779588774906,"[0.4623250665471892, 0.4630864077264567, 0.3674554152385491, 0.35809018567639256]",0.41634254881707766,0.026659952005016987,0.42873481140144154,0.11628873788746859,"[0.37823152719981024, 0.44745051635111877, 0.4057314012790415, 0.43395675043834014]","[0.5945029992883045, 0.4798546419404147, 0.33577864871202223, 0.30480295566502463]","[{""fold"": 1, ""train_start"": ""2021-01-04"", ""train_end"": ""2021-11-18"", ""train_label_end_max"": ""2021-11-25"", ""validation_start"": ""2021-11-26"", ""validation_end"": ""2022-10-20"", ""train_rows"": 78914, ""validation_rows"": 83274}, {""fold"": 2, ""train_start"": ""2021-01-04"", ""train_end"": ""2022-10-13"", ""train_label_end_max"": ""2022-10-20"", ""validation_start"": ""2022-10-21"", ""validation_end"": ""2023-09-14"", ""train_rows"": 162231, ""validation_rows"": 82746}, {""fold"": 3, ""train_start"": ""2021-01-04"", ""train_end"": ""2023-09-07"", ""train_label_end_max"": ""2023-09-14"", ""validation_start"": ""2023-09-15"", ""validation_end"": ""2024-08-07"", ""train_rows"": 244929, ""validation_rows"": 83453}, {""fold"": 4, ""train_start"": ""2021-01-04"", ""train_end"": ""2024-07-31"", ""train_label_end_max"": ""2024-08-07"", ""validation_start"": ""2024-08-08"", ""validation_end"": ""2025-07-03"", ""train_rows"": 328410, ""validation_rows"": 83231}]",0.5,0.4214293081970595,0.4123725747470905,0.4308927919522979,0.3704944936039242,0.3871339088198519,True,8.574,9eabd4bf8d11,1ce27fb1a1b3d44ec9cb69414ae816f1ddbf6d384fdf977ef1434bf53d8254e5,rolling_recent_cv_oof_threshold,ok,manual-parallel-45m-20260722_150132 strategy=log-grid round=0 index=15
LR_20260722_150351_073983,2026-07-22T15:03:57,logistic_regression,Logistic Regression,"{""C"": 1.54224904876e-05, ""solver"": ""lbfgs""}",0.4109475758857398,0.05042754373703667,"[0.4617822618984734, 0.4607356212487933, 0.3654459332436368, 0.3558264871520559]",0.4164847592166612,0.026574987810102604,0.42526104602187276,0.11665872507029336,"[0.37830235627582925, 0.4473970220628193, 0.4062448778888707, 0.4339947806391255]","[0.5925373640153184, 0.47489400974821905, 0.3320939269085184, 0.30151888341543515]","[{""fold"": 1, ""train_start"": ""2021-01-04"", ""train_end"": ""2021-11-18"", ""train_label_end_max"": ""2021-11-25"", ""validation_start"": ""2021-11-26"", ""validation_end"": ""2022-10-20"", ""train_rows"": 78914, ""validation_rows"": 83274}, {""fold"": 2, ""train_start"": ""2021-01-04"", ""train_end"": ""2022-10-13"", ""train_label_end_max"": ""2022-10-20"", ""validation_start"": ""2022-10-21"", ""validation_end"": ""2023-09-14"", ""train_rows"": 162231, ""validation_rows"": 82746}, {""fold"": 3, ""train_start"": ""2021-01-04"", ""train_end"": ""2023-09-07"", ""train_label_end_max"": ""2023-09-14"", ""validation_start"": ""2023-09-15"", ""validation_end"": ""2024-08-07"", ""train_rows"": 244929, ""validation_rows"": 83453}, {""fold"": 4, ""train_start"": ""2021-01-04"", ""train_end"": ""2024-07-31"", ""train_label_end_max"": ""2024-08-07"", ""validation_start"": ""2024-08-08"", ""validation_end"": ""2025-07-03"", ""train_rows"": 328410, ""validation_rows"": 83231}]",0.5,0.4197466922178973,0.4124039018585498,0.42735569707540666,0.3704944936039242,0.3839268539001635,True,6.666,9eabd4bf8d11,1ce27fb1a1b3d44ec9cb69414ae816f1ddbf6d384fdf977ef1434bf53d8254e5,rolling_recent_cv_oof_threshold,ok,manual-parallel-45m-20260722_150132 strategy=log-grid round=0 index=16
LR_20260722_150357_744199,2026-07-22T15:04:08,logistic_regression,Logistic Regression,"{""C"": 5.3475457778e-05, ""solver"": ""liblinear""}",0.44871144605966906,0.0422819081540948,"[0.4848585690515807, 0.4963358778625954, 0.4126352007900983, 0.40101613653440193]",0.40778008513293057,0.02675997890206327,0.5177846424436694,0.11959271181917777,"[0.37336408397854776, 0.44405490928130764, 0.39339083950917264, 0.4203105077626941]","[0.6912935913512048, 0.5625702996567935, 0.43385924362710615, 0.38341543513957305]","[{""fold"": 1, ""train_start"": ""2021-01-04"", ""train_end"": ""2021-11-18"", ""train_label_end_max"": ""2021-11-25"", ""validation_start"": ""2021-11-26"", ""validation_end"": ""2022-10-20"", ""train_rows"": 78914, ""validation_rows"": 83274}, {""fold"": 2, ""train_start"": ""2021-01-04"", ""train_end"": ""2022-10-13"", ""train_label_end_max"": ""2022-10-20"", ""validation_start"": ""2022-10-21"", ""validation_end"": ""2023-09-14"", ""train_rows"": 162231, ""validation_rows"": 82746}, {""fold"": 3, ""train_start"": ""2021-01-04"", ""train_end"": ""2023-09-07"", ""train_label_end_max"": ""2023-09-14"", ""validation_start"": ""2023-09-15"", ""validation_end"": ""2024-08-07"", ""train_rows"": 244929, ""validation_rows"": 83453}, {""fold"": 4, ""train_start"": ""2021-01-04"", ""train_end"": ""2024-07-31"", ""train_label_end_max"": ""2024-08-07"", ""validation_start"": ""2024-08-08"", ""validation_end"": ""2025-07-03"", ""train_rows"": 328410, ""validation_rows"": 83231}]",0.49,0.45529911340902224,0.40508378122036043,0.5197257940210116,0.3704944936039242,0.4753474559969222,True,10.547,9eabd4bf8d11,1ce27fb1a1b3d44ec9cb69414ae816f1ddbf6d384fdf977ef1434bf53d8254e5,rolling_recent_cv_oof_threshold,ok,manual-parallel-45m-20260722_150132 strategy=log-grid round=0 index=17
LR_20260722_150408_293544,2026-07-22T15:04:15,logistic_regression,Logistic Regression,"{""C"": 5.3475457778e-05, ""solver"": ""lbfgs""}",0.44783536782136735,0.042341790557173145,"[0.48445725447226123, 0.4951240682119882, 0.4119394403986202, 0.39982070820259974]",0.4078293211002507,0.02668111700362213,0.5155193319680254,0.11943714653889484,"[0.37348269213111746, 0.4441162327402624, 0.39364527057961723, 0.42007308895000567]","[0.689260175551564, 0.559368961439737, 0.4320168827253542, 0.38143130815544607]","[{""fold"": 1, ""train_start"": ""2021-01-04"", ""train_end"": ""2021-11-18"", ""train_label_end_max"": ""2021-11-25"", ""validation_start"": ""2021-11-26"", ""validation_end"": ""2022-10-20"", ""train_rows"": 78914, ""validation_rows"": 83274}, {""fold"": 2, ""train_start"": ""2021-01-04"", ""train_end"": ""2022-10-13"", ""train_label_end_max"": ""2022-10-20"", ""validation_start"": ""2022-10-21"", ""validation_end"": ""2023-09-14"", ""train_rows"": 162231, ""validation_rows"": 82746}, {""fold"": 3, ""train_start"": ""2021-01-04"", ""train_end"": ""2023-09-07"", ""train_label_end_max"": ""2023-09-14"", ""validation_start"": ""2023-09-15"", ""validation_end"": ""2024-08-07"", ""train_rows"": 244929, ""validation_rows"": 83453}, {""fold"": 4, ""train_start"": ""2021-01-04"", ""train_end"": ""2024-07-31"", ""train_label_end_max"": ""2024-08-07"", ""validation_start"": ""2024-08-08"", ""validation_end"": ""2025-07-03"", ""train_rows"": 328410, ""validation_rows"": 83231}]",0.49,0.45444019708083805,0.4051272930535088,0.5174218147892752,0.3704944936039242,0.4731893815523709,True,7.413,9eabd4bf8d11,1ce27fb1a1b3d44ec9cb69414ae816f1ddbf6d384fdf977ef1434bf53d8254e5,rolling_recent_cv_oof_threshold,ok,manual-parallel-45m-20260722_150132 strategy=log-grid round=0 index=18
LR_20260722_150415_708351,2026-07-22T15:04:23,logistic_regression,Logistic Regression,"{""C"": 1.34324276811e-05, ""solver"": ""liblinear""}",0.41316391672818165,0.05025606740931373,"[0.4622643996309477, 0.4642797622354314, 0.3684104664557772, 0.35770103859057034]",0.4162259947925945,0.02665191586818238,0.4295980155259673,0.11619460559102804,"[0.3782326424088174, 0.44775119873563524, 0.40562087292639715, 0.43329926509952793]","[0.5942996577083404, 0.48207539007296746, 0.33745352225906944, 0.30456349206349204]","[{""fold"": 1, ""train_start"": ""2021-01-04"", ""train_end"": ""2021-11-18"", ""train_label_end_max"": ""2021-11-25"", ""validation_start"": ""2021-11-26"", ""validation_end"": ""2022-10-20"", ""train_rows"": 78914, ""validation_rows"": 83274}, {""fold"": 2, ""train_start"": ""2021-01-04"", ""train_end"": ""2022-10-13"", ""train_label_end_max"": ""2022-10-20"", ""validation_start"": ""2022-10-21"", ""validation_end"": ""2023-09-14"", ""train_rows"": 162231, ""validation_rows"": 82746}, {""fold"": 3, ""train_start"": ""2021-01-04"", ""train_end"": ""2023-09-07"", ""train_label_end_max"": ""2023-09-14"", ""validation_start"": ""2023-09-15"", ""validation_end"": ""2024-08-07"", ""train_rows"": 244929, ""validation_rows"": 83453}, {""fold"": 4, ""train_start"": ""2021-01-04"", ""train_end"": ""2024-07-31"", ""train_label_end_max"": ""2024-08-07"", ""validation_start"": ""2024-08-08"", ""validation_end"": ""2025-07-03"", ""train_rows"": 328410, ""validation_rows"": 83231}]",0.5,0.4218719040032971,0.412374009312271,0.43181762868616397,0.3704944936039242,0.3879634750408772,True,7.638,9eabd4bf8d11,1ce27fb1a1b3d44ec9cb69414ae816f1ddbf6d384fdf977ef1434bf53d8254e5,rolling_recent_cv_oof_threshold,ok,manual-parallel-45m-20260722_150132 strategy=log-grid round=0 index=19
LR_20260722_150423_348116,2026-07-22T15:04:27,logistic_regression,Logistic Regression,"{""C"": 1.34324276811e-05, ""solver"": ""lbfgs""}",0.41122798566862956,0.050676393904785955,"[0.461617736437386, 0.4619402047171524, 0.36571323461786076, 0.3556407669021191]",0.4163193846677439,0.026703403554232875,0.4258679650183061,0.11655455564786413,"[0.3782888325862405, 0.4477773566516866, 0.40555646214099217, 0.4336548872920563]","[0.5920290100654082, 0.47702823522625676, 0.3329983586239239, 0.30141625615763545]","[{""fold"": 1, ""train_start"": ""2021-01-04"", ""train_end"": ""2021-11-18"", ""train_label_end_max"": ""2021-11-25"", ""validation_start"": ""2021-11-26"", ""validation_end"": ""2022-10-20"", ""train_rows"": 78914, ""validation_rows"": 83274}, {""fold"": 2, ""train_start"": ""2021-01-04"", ""train_end"": ""2022-10-13"", ""train_label_end_max"": ""2022-10-20"", ""validation_start"": ""2022-10-21"", ""validation_end"": ""2023-09-14"", ""train_rows"": 162231, ""validation_rows"": 82746}, {""fold"": 3, ""train_start"": ""2021-01-04"", ""train_end"": ""2023-09-07"", ""train_label_end_max"": ""2023-09-14"", ""validation_start"": ""2023-09-15"", ""validation_end"": ""2024-08-07"", ""train_rows"": 244929, ""validation_rows"": 83453}, {""fold"": 4, ""train_start"": ""2021-01-04"", ""train_end"": ""2024-07-31"", ""train_label_end_max"": ""2024-08-07"", ""validation_start"": ""2024-08-08"", ""validation_end"": ""2025-07-03"", ""train_rows"": 328410, ""validation_rows"": 83231}]",0.5,0.4200515898922026,0.4123660578208164,0.42802904311848455,0.3704944936039242,0.38456706261421564,True,4.624,9eabd4bf8d11,1ce27fb1a1b3d44ec9cb69414ae816f1ddbf6d384fdf977ef1434bf53d8254e5,rolling_recent_cv_oof_threshold,ok,manual-parallel-45m-20260722_150132 strategy=log-grid round=0 index=20
LR_20260722_150427_967721,2026-07-22T15:04:34,logistic_regression,Logistic Regression,"{""C"": 6.1398040509e-05, ""solver"": ""liblinear""}",0.4477816870017771,0.042055820998280376,"[0.48430878684062884, 0.49469314771058176, 0.41148723196725245, 0.4006375814886453]",0.40796395181129314,0.026554247397875298,0.5149177605995504,0.11856090107678395,"[0.3738252312681974, 0.44395030030718446, 0.39365477574496727, 0.4204254999248233]","[0.687497881858542, 0.558532575779425, 0.43101195859712593, 0.38262862616310894]","[{""fold"": 1, ""train_start"": ""2021-01-04"", ""train_end"": ""2021-11-18"", ""train_label_end_max"": ""2021-11-25"", ""validation_start"": ""2021-11-26"", ""validation_end"": ""2022-10-20"", ""train_rows"": 78914, ""validation_rows"": 83274}, {""fold"": 2, ""train_start"": ""2021-01-04"", ""train_end"": ""2022-10-13"", ""train_label_end_max"": ""2022-10-20"", ""validation_start"": ""2022-10-21"", ""validation_end"": ""2023-09-14"", ""train_rows"": 162231, ""validation_rows"": 82746}, {""fold"": 3, ""train_start"": ""2021-01-04"", ""train_end"": ""2023-09-07"", ""train_label_end_max"": ""2023-09-14"", ""validation_start"": ""2023-09-15"", ""validation_end"": ""2024-08-07"", ""train_rows"": 244929, ""validation_rows"": 83453}, {""fold"": 4, ""train_start"": ""2021-01-04"", ""train_end"": ""2024-07-31"", ""train_label_end_max"": ""2024-08-07"", ""validation_start"": ""2024-08-08"", ""validation_end"": ""2025-07-03"", ""train_rows"": 328410, ""validation_rows"": 83231}]",0.49,0.45430978844185804,0.40529845143722404,0.5168052569666978,0.3704944936039242,0.4724259401750505,True,6.942,9eabd4bf8d11,1ce27fb1a1b3d44ec9cb69414ae816f1ddbf6d384fdf977ef1434bf53d8254e5,rolling_recent_cv_oof_threshold,ok,manual-parallel-45m-20260722_150132 strategy=log-grid round=0 index=21
LR_20260722_150434_912222,2026-07-22T15:04:41,logistic_regression,Logistic Regression,"{""C"": 6.1398040509e-05, ""solver"": ""lbfgs""}",0.4471073154964918,0.04196386264053312,"[0.48409365540839644, 0.49344195101957167, 0.410821900243621, 0.400071755314378]",0.4081021670368177,0.026410436260177025,0.512984036488073,0.11823487707974913,"[0.37412160662770916, 0.44383511140809695, 0.39386582255139985, 0.42058612756006486]","[0.685633917375538, 0.5555331237562369, 0.4293035875791378, 0.38146551724137934]","[{""fold"": 1, ""train_start"": ""2021-01-04"", ""train_end"": ""2021-11-18"", ""train_label_end_max"": ""2021-11-25"", ""validation_start"": ""2021-11-26"", ""validation_end"": ""2022-10-20"", ""train_rows"": 78914, ""validation_rows"": 83274}, {""fold"": 2, ""train_start"": ""2021-01-04"", ""train_end"": ""2022-10-13"", ""train_label_end_max"": ""2022-10-20"", ""validation_start"": ""2022-10-21"", ""validation_end"": ""2023-09-14"", ""train_rows"": 162231, ""validation_rows"": 82746}, {""fold"": 3, ""train_start"": ""2021-01-04"", ""train_end"": ""2023-09-07"", ""train_label_end_max"": ""2023-09-14"", ""validation_start"": ""2023-09-15"", ""validation_end"": ""2024-08-07"", ""train_rows"": 244929, ""validation_rows"": 83453}, {""fold"": 4, ""train_start"": ""2021-01-04"", ""train_end"": ""2024-07-31"", ""train_label_end_max"": ""2024-08-07"", ""validation_start"": ""2024-08-08"", ""validation_end"": ""2025-07-03"", ""train_rows"": 328410, ""validation_rows"": 83231}]",0.49,0.4536226911419912,0.40542526209535734,0.5148257818521073,0.3704944936039242,0.4704692459363278,True,6.826,9eabd4bf8d11,1ce27fb1a1b3d44ec9cb69414ae816f1ddbf6d384fdf977ef1434bf53d8254e5,rolling_recent_cv_oof_threshold,ok,manual-parallel-45m-20260722_150132 strategy=log-grid round=0 index=22
LR_20260722_150441_746353,2026-07-22T15:04:51,logistic_regression,Logistic Regression,"{""C"": 1.1699155435e-05, ""solver"": ""liblinear""}",0.41332790314341095,0.05028787183740982,"[0.4623312948123155, 0.4645383185865254, 0.36914711141929124, 0.3572948877555118]",0.41591097619163797,0.026430317381602047,0.430153405971624,0.11612274048159778,"[0.3782810309500701, 0.4474127107098015, 0.4054270712252996, 0.43252309188138066]","[0.5944013284983224, 0.4830271392726329, 0.3388269185676481, 0.3043582375478927]","[{""fold"": 1, ""train_start"": ""2021-01-04"", ""train_end"": ""2021-11-18"", ""train_label_end_max"": ""2021-11-25"", ""validation_start"": ""2021-11-26"", ""validation_end"": ""2022-10-20"", ""train_rows"": 78914, ""validation_rows"": 83274}, {""fold"": 2, ""train_start"": ""2021-01-04"", ""train_end"": ""2022-10-13"", ""train_label_end_max"": ""2022-10-20"", ""validation_start"": ""2022-10-21"", ""validation_end"": ""2023-09-14"", ""train_rows"": 162231, ""validation_rows"": 82746}, {""fold"": 3, ""train_start"": ""2021-01-04"", ""train_end"": ""2023-09-07"", ""train_label_end_max"": ""2023-09-14"", ""validation_start"": ""2023-09-15"", ""validation_end"": ""2024-08-07"", ""train_rows"": 244929, ""validation_rows"": 83453}, {""fold"": 4, ""train_start"": ""2021-01-04"", ""train_end"": ""2024-07-31"", ""train_label_end_max"": ""2024-08-07"", ""validation_start"": ""2024-08-08"", ""validation_end"": ""2025-07-03"", ""train_rows"": 328410, ""validation_rows"": 83231}]",0.5,0.42203324069015213,0.41215772094929515,0.4323936234940981,0.3704944936039242,0.3886848369722035,True,9.479,9eabd4bf8d11,1ce27fb1a1b3d44ec9cb69414ae816f1ddbf6d384fdf977ef1434bf53d8254e5,rolling_recent_cv_oof_threshold,ok,manual-parallel-45m-20260722_150132 strategy=log-grid round=0 index=23
LR_20260722_150451_230494,2026-07-22T15:04:58,logistic_regression,Logistic Regression,"{""C"": 1.1699155435e-05, ""solver"": ""lbfgs""}",0.41147734308671446,0.05054736949923821,"[0.4612212529738303, 0.4625336325995734, 0.3664904163912756, 0.35566407038217845]",0.4161909063565707,0.026747491890722168,0.4263954212274833,0.11617361458842,"[0.3780469308603991, 0.447649630309245, 0.40548446069469835, 0.4335826035619404]","[0.5913173145355339, 0.4784414385833357, 0.33433825746156165, 0.30148467432950193]","[{""fold"": 1, ""train_start"": ""2021-01-04"", ""train_end"": ""2021-11-18"", ""train_label_end_max"": ""2021-11-25"", ""validation_start"": ""2021-11-26"", ""validation_end"": ""2022-10-20"", ""train_rows"": 78914, ""validation_rows"": 83274}, {""fold"": 2, ""train_start"": ""2021-01-04"", ""train_end"": ""2022-10-13"", ""train_label_end_max"": ""2022-10-20"", ""validation_start"": ""2022-10-21"", ""validation_end"": ""2023-09-14"", ""train_rows"": 162231, ""validation_rows"": 82746}, {""fold"": 3, ""train_start"": ""2021-01-04"", ""train_end"": ""2023-09-07"", ""train_label_end_max"": ""2023-09-14"", ""validation_start"": ""2023-09-15"", ""validation_end"": ""2024-08-07"", ""train_rows"": 244929, ""validation_rows"": 83453}, {""fold"": 4, ""train_start"": ""2021-01-04"", ""train_end"": ""2024-07-31"", ""train_label_end_max"": ""2024-08-07"", ""validation_start"": ""2024-08-08"", ""validation_end"": ""2025-07-03"", ""train_rows"": 328410, ""validation_rows"": 83231}]",0.5,0.42026593269349327,0.4122526374929771,0.42859692532349003,0.3704944936039242,0.38518322593055687,True,7.017,9eabd4bf8d11,1ce27fb1a1b3d44ec9cb69414ae816f1ddbf6d384fdf977ef1434bf53d8254e5,rolling_recent_cv_oof_threshold,ok,manual-parallel-45m-20260722_150132 strategy=log-grid round=0 index=24
LR_20260722_150458_249518,2026-07-22T15:05:09,logistic_regression,Logistic Regression,"{""C"": 7.04943825632e-05, ""solver"": ""liblinear""}",0.446697216974738,0.041970833294237175,"[0.48382802662349345, 0.49300071787508976, 0.40960878076960106, 0.4003513426307676]",0.40795021386498204,0.026380583462180154,0.5119392126578437,0.1175836514664701,"[0.37440142544266675, 0.4437290873427945, 0.3931310642230094, 0.4205392784514574]","[0.6836343918392246, 0.5545813745565714, 0.42752822161926773, 0.3820128626163109]","[{""fold"": 1, ""train_start"": ""2021-01-04"", ""train_end"": ""2021-11-18"", ""train_label_end_max"": ""2021-11-25"", ""validation_start"": ""2021-11-26"", ""validation_end"": ""2022-10-20"", ""train_rows"": 78914, ""validation_rows"": 83274}, {""fold"": 2, ""train_start"": ""2021-01-04"", ""train_end"": ""2022-10-13"", ""train_label_end_max"": ""2022-10-20"", ""validation_start"": ""2022-10-21"", ""validation_end"": ""2023-09-14"", ""train_rows"": 162231, ""validation_rows"": 82746}, {""fold"": 3, ""train_start"": ""2021-01-04"", ""train_end"": ""2023-09-07"", ""train_label_end_max"": ""2023-09-14"", ""validation_start"": ""2023-09-15"", ""validation_end"": ""2024-08-07"", ""train_rows"": 244929, ""validation_rows"": 83453}, {""fold"": 4, ""train_start"": ""2021-01-04"", ""train_end"": ""2024-07-31"", ""train_label_end_max"": ""2024-08-07"", ""validation_start"": ""2024-08-08"", ""validation_end"": ""2025-07-03"", ""train_rows"": 328410, ""validation_rows"": 83231}]",0.49,0.45317838831901597,0.40536509805929644,0.5137792560743114,0.3704944936039242,0.46958257189573915,True,11.32,9eabd4bf8d11,1ce27fb1a1b3d44ec9cb69414ae816f1ddbf6d384fdf977ef1434bf53d8254e5,rolling_recent_cv_oof_threshold,ok,manual-parallel-45m-20260722_150132 strategy=log-grid round=0 index=25
LR_20260722_150509_568889,2026-07-22T15:05:17,logistic_regression,Logistic Regression,"{""C"": 7.04943825632e-05, ""solver"": ""lbfgs""}",0.445925505987424,0.042124907618462444,"[0.4836178827600293, 0.4920434972621404, 0.40839971035481537, 0.39964093357271097]",0.40798221966036874,0.026362779846140185,0.5099800020523714,0.11757167464271295,"[0.37461842007296553, 0.44382608695652176, 0.39297658862876256, 0.42050778298322505]","[0.6820754397261667, 0.5520145358059585, 0.4250829062405788, 0.3807471264367816]","[{""fold"": 1, ""train_start"": ""2021-01-04"", ""train_end"": ""2021-11-18"", ""train_label_end_max"": ""2021-11-25"", ""validation_start"": ""2021-11-26"", ""validation_end"": ""2022-10-20"", ""train_rows"": 78914, ""validation_rows"": 83274}, {""fold"": 2, ""train_start"": ""2021-01-04"", ""train_end"": ""2022-10-13"", ""train_label_end_max"": ""2022-10-20"", ""validation_start"": ""2022-10-21"", ""validation_end"": ""2023-09-14"", ""train_rows"": 162231, ""validation_rows"": 82746}, {""fold"": 3, ""train_start"": ""2021-01-04"", ""train_end"": ""2023-09-07"", ""train_label_end_max"": ""2023-09-14"", ""validation_start"": ""2023-09-15"", ""validation_end"": ""2024-08-07"", ""train_rows"": 244929, ""validation_rows"": 83453}, {""fold"": 4, ""train_start"": ""2021-01-04"", ""train_end"": ""2024-07-31"", ""train_label_end_max"": ""2024-08-07"", ""validation_start"": ""2024-08-08"", ""validation_end"": ""2025-07-03"", ""train_rows"": 328410, ""validation_rows"": 83231}]",0.49,0.4524337155848161,0.4054135686239228,0.5117916683567922,0.3704944936039242,0.4677100365490045,True,8.009,9eabd4bf8d11,1ce27fb1a1b3d44ec9cb69414ae816f1ddbf6d384fdf977ef1434bf53d8254e5,rolling_recent_cv_oof_threshold,ok,manual-parallel-45m-20260722_150132 strategy=log-grid round=0 index=26
LR_20260722_150517_584922,2026-07-22T15:05:27,logistic_regression,Logistic Regression,"{""C"": 1.01895384171e-05, ""solver"": ""liblinear""}",0.41362915586643917,0.050370242142939815,"[0.461909850013851, 0.4656620587543415, 0.36974881689115396, 0.3571958978064102]",0.4156700467620418,0.02651609786888536,0.43082198167303143,0.11571830928535928,"[0.3781425485961123, 0.4475714209714316, 0.4048710487503488, 0.4320951687302743]","[0.5933507303351747, 0.48527672829002394, 0.34023381234716776, 0.3044266557197592]","[{""fold"": 1, ""train_start"": ""2021-01-04"", ""train_end"": ""2021-11-18"", ""train_label_end_max"": ""2021-11-25"", ""validation_start"": ""2021-11-26"", ""validation_end"": ""2022-10-20"", ""train_rows"": 78914, ""validation_rows"": 83274}, {""fold"": 2, ""train_start"": ""2021-01-04"", ""train_end"": ""2022-10-13"", ""train_label_end_max"": ""2022-10-20"", ""validation_start"": ""2022-10-21"", ""validation_end"": ""2023-09-14"", ""train_rows"": 162231, ""validation_rows"": 82746}, {""fold"": 3, ""train_start"": ""2021-01-04"", ""train_end"": ""2023-09-07"", ""train_label_end_max"": ""2023-09-14"", ""validation_start"": ""2023-09-15"", ""validation_end"": ""2024-08-07"", ""train_rows"": 244929, ""validation_rows"": 83453}, {""fold"": 4, ""train_start"": ""2021-01-04"", ""train_end"": ""2024-07-31"", ""train_label_end_max"": ""2024-08-07"", ""validation_start"": ""2024-08-08"", ""validation_end"": ""2025-07-03"", ""train_rows"": 328410, ""validation_rows"": 83231}]",0.5,0.4223207470307426,0.4120361795394209,0.4331318703606052,0.3704944936039242,0.3894633067230932,True,10.215,9eabd4bf8d11,1ce27fb1a1b3d44ec9cb69414ae816f1ddbf6d384fdf977ef1434bf53d8254e5,rolling_recent_cv_oof_threshold,ok,manual-parallel-45m-20260722_150132 strategy=log-grid round=0 index=27
LR_20260722_150527_800756,2026-07-22T15:05:34,logistic_regression,Logistic Regression,"{""C"": 1.01895384171e-05, ""solver"": ""lbfgs""}",0.41197984761975065,0.05042177607757719,"[0.46138585051648656, 0.4630954701116463, 0.36734768666972056, 0.35609038318114933]",0.41621237757769697,0.0266001922962998,0.4271929788079954,0.11577541493151718,"[0.378351409978308, 0.44759290654180456, 0.4054688132028153, 0.43343638058786005]","[0.5911139729555699, 0.479710437516223, 0.33577864871202223, 0.3021688560481664]","[{""fold"": 1, ""train_start"": ""2021-01-04"", ""train_end"": ""2021-11-18"", ""train_label_end_max"": ""2021-11-25"", ""validation_start"": ""2021-11-26"", ""validation_end"": ""2022-10-20"", ""train_rows"": 78914, ""validation_rows"": 83274}, {""fold"": 2, ""train_start"": ""2021-01-04"", ""train_end"": ""2022-10-13"", ""train_label_end_max"": ""2022-10-20"", ""validation_start"": ""2022-10-21"", ""validation_end"": ""2023-09-14"", ""train_rows"": 162231, ""validation_rows"": 82746}, {""fold"": 3, ""train_start"": ""2021-01-04"", ""train_end"": ""2023-09-07"", ""train_label_end_max"": ""2023-09-14"", ""validation_start"": ""2023-09-15"", ""validation_end"": ""2024-08-07"", ""train_rows"": 244929, ""validation_rows"": 83453}, {""fold"": 4, ""train_start"": ""2021-01-04"", ""train_end"": ""2024-07-31"", ""train_label_end_max"": ""2024-08-07"", ""validation_start"": ""2024-08-08"", ""validation_end"": ""2025-07-03"", ""train_rows"": 328410, ""validation_rows"": 83231}]",0.5,0.42071796746772006,0.4123650301491095,0.4294162982192837,0.3704944936039242,0.3858144176204674,True,6.959,9eabd4bf8d11,1ce27fb1a1b3d44ec9cb69414ae816f1ddbf6d384fdf977ef1434bf53d8254e5,rolling_recent_cv_oof_threshold,ok,manual-parallel-45m-20260722_150132 strategy=log-grid round=0 index=28
LR_20260722_150534_764667,2026-07-22T15:05:47,logistic_regression,Logistic Regression,"{""C"": 8.09383806351e-05, ""solver"": ""liblinear""}",0.44544705996259804,0.04206862451322645,"[0.4832452348556911, 0.4914401841871712, 0.4070525722566621, 0.4000502485508677]",0.4077380109265922,0.026392173407007,0.508938670661719,0.11690129052253156,"[0.3747758852532497, 0.44351581000139295, 0.3919136797717971, 0.42074666867992905]","[0.6800759141898532, 0.550976263951778, 0.4234080326935316, 0.38129447181171316]","[{""fold"": 1, ""train_start"": ""2021-01-04"", ""train_end"": ""2021-11-18"", ""train_label_end_max"": ""2021-11-25"", ""validation_start"": ""2021-11-26"", ""validation_end"": ""2022-10-20"", ""train_rows"": 78914, ""validation_rows"": 83274}, {""fold"": 2, ""train_start"": ""2021-01-04"", ""train_end"": ""2022-10-13"", ""train_label_end_max"": ""2022-10-20"", ""validation_start"": ""2022-10-21"", ""validation_end"": ""2023-09-14"", ""train_rows"": 162231, ""validation_rows"": 82746}, {""fold"": 3, ""train_start"": ""2021-01-04"", ""train_end"": ""2023-09-07"", ""train_label_end_max"": ""2023-09-14"", ""validation_start"": ""2023-09-15"", ""validation_end"": ""2024-08-07"", ""train_rows"": 244929, ""validation_rows"": 83453}, {""fold"": 4, ""train_start"": ""2021-01-04"", ""train_end"": ""2024-07-31"", ""train_label_end_max"": ""2024-08-07"", ""validation_start"": ""2024-08-08"", ""validation_end"": ""2025-07-03"", ""train_rows"": 328410, ""validation_rows"": 83231}]",0.49,0.4519104462612965,0.40523039887745316,0.5107451425789965,0.3704944936039242,0.4669646292199673,True,12.695,9eabd4bf8d11,1ce27fb1a1b3d44ec9cb69414ae816f1ddbf6d384fdf977ef1434bf53d8254e5,rolling_recent_cv_oof_threshold,ok,manual-parallel-45m-20260722_150132 strategy=log-grid round=0 index=29
LR_20260722_150547_462454,2026-07-22T15:05:55,logistic_regression,Logistic Regression,"{""C"": 8.09383806351e-05, ""solver"": ""lbfgs""}",0.4448714024822406,0.04206431488167231,"[0.4830921369995176, 0.4904658148859637, 0.40653187678505154, 0.3993957812584294]",0.40791580772095143,0.026308247510300926,0.5073075238562829,0.11686192783120354,"[0.3749836182202835, 0.44348332944742364, 0.3921855541718555, 0.4210107290442431]","[0.6787880841834141, 0.5485824705101953, 0.42196764144307103, 0.379891899288451]","[{""fold"": 1, ""train_start"": ""2021-01-04"", ""train_end"": ""2021-11-18"", ""train_label_end_max"": ""2021-11-25"", ""validation_start"": ""2021-11-26"", ""validation_end"": ""2022-10-20"", ""train_rows"": 78914, ""validation_rows"": 83274}, {""fold"": 2, ""train_start"": ""2021-01-04"", ""train_end"": ""2022-10-13"", ""train_label_end_max"": ""2022-10-20"", ""validation_start"": ""2022-10-21"", ""validation_end"": ""2023-09-14"", ""train_rows"": 162231, ""validation_rows"": 82746}, {""fold"": 3, ""train_start"": ""2021-01-04"", ""train_end"": ""2023-09-07"", ""train_label_end_max"": ""2023-09-14"", ""validation_start"": ""2023-09-15"", ""validation_end"": ""2024-08-07"", ""train_rows"": 244929, ""validation_rows"": 83453}, {""fold"": 4, ""train_start"": ""2021-01-04"", ""train_end"": ""2024-07-31"", ""train_label_end_max"": ""2024-08-07"", ""validation_start"": ""2024-08-08"", ""validation_end"": ""2025-07-03"", ""train_rows"": 328410, ""validation_rows"": 83231}]",0.49,0.45134770647150846,0.405374677002584,0.5090820589786232,0.3704944936039242,0.465278445705492,True,7.669,9eabd4bf8d11,1ce27fb1a1b3d44ec9cb69414ae816f1ddbf6d384fdf977ef1434bf53d8254e5,rolling_recent_cv_oof_threshold,ok,manual-parallel-45m-20260722_150132 strategy=log-grid round=0 index=30
LR_20260722_150555_134789,2026-07-22T15:06:03,logistic_regression,Logistic Regression,"{""C"": 8.87471695976e-06, ""solver"": ""liblinear""}",0.4142107789922597,0.050282029972477514,"[0.4618876090197786, 0.46660496470555735, 0.3708007989831124, 0.3575497432605905]",0.415750969735736,0.02657169122495565,0.43179743607081,0.11539702730455223,"[0.37818158247266753, 0.4477702953497004, 0.404885593052306, 0.43216640806827]","[0.593181279018538, 0.4870937040348398, 0.3420091783070378, 0.3049055829228243]","[{""fold"": 1, ""train_start"": ""2021-01-04"", ""train_end"": ""2021-11-18"", ""train_label_end_max"": ""2021-11-25"", ""validation_start"": ""2021-11-26"", ""validation_end"": ""2022-10-20"", ""train_rows"": 78914, ""validation_rows"": 83274}, {""fold"": 2, ""train_start"": ""2021-01-04"", ""train_end"": ""2022-10-13"", ""train_label_end_max"": ""2022-10-20"", ""validation_start"": ""2022-10-21"", ""validation_end"": ""2023-09-14"", ""train_rows"": 162231, ""validation_rows"": 82746}, {""fold"": 3, ""train_start"": ""2021-01-04"", ""train_end"": ""2023-09-07"", ""train_label_end_max"": ""2023-09-14"", ""validation_start"": ""2023-09-15"", ""validation_end"": ""2024-08-07"", ""train_rows"": 244929, ""validation_rows"": 83453}, {""fold"": 4, ""train_start"": ""2021-01-04"", ""train_end"": ""2024-07-31"", ""train_label_end_max"": ""2024-08-07"", ""validation_start"": ""2024-08-08"", ""validation_end"": ""2025-07-03"", ""train_rows"": 328410, ""validation_rows"": 83231}]",0.5,0.42286630897726646,0.4121579470275183,0.4341459457266864,0.3704944936039242,0.39025981052226605,True,8.225,9eabd4bf8d11,1ce27fb1a1b3d44ec9cb69414ae816f1ddbf6d384fdf977ef1434bf53d8254e5,rolling_recent_cv_oof_threshold,ok,manual-parallel-45m-20260722_150132 strategy=log-grid round=0 index=31
LR_20260722_150603_362939,2026-07-22T15:06:10,logistic_regression,Logistic Regression,"{""C"": 8.87471695976e-06, ""solver"": ""lbfgs""}",0.4121267132212113,0.05049166984620215,"[0.4606930522636088, 0.4641094442976907, 0.36824293423579985, 0.35546142208774584]",0.4162159319532083,0.026766090169892637,0.42737663271439885,0.11535275519806643,"[0.3780588516538445, 0.4480324260482096, 0.4056504916975657, 0.4331219584132134]","[0.589555020842512, 0.4813832088368471, 0.3371520450206009, 0.30141625615763545]","[{""fold"": 1, ""train_start"": ""2021-01-04"", ""train_end"": ""2021-11-18"", ""train_label_end_max"": ""2021-11-25"", ""validation_start"": ""2021-11-26"", ""validation_end"": ""2022-10-20"", ""train_rows"": 78914, ""validation_rows"": 83274}, {""fold"": 2, ""train_start"": ""2021-01-04"", ""train_end"": ""2022-10-13"", ""train_label_end_max"": ""2022-10-20"", ""validation_start"": ""2022-10-21"", ""validation_end"": ""2023-09-14"", ""train_rows"": 162231, ""validation_rows"": 82746}, {""fold"": 3, ""train_start"": ""2021-01-04"", ""train_end"": ""2023-09-07"", ""train_label_end_max"": ""2023-09-14"", ""validation_start"": ""2023-09-15"", ""validation_end"": ""2024-08-07"", ""train_rows"": 244929, ""validation_rows"": 83453}, {""fold"": 4, ""train_start"": ""2021-01-04"", ""train_end"": ""2024-07-31"", ""train_label_end_max"": ""2024-08-07"", ""validation_start"": ""2024-08-08"", ""validation_end"": ""2025-07-03"", ""train_rows"": 328410, ""validation_rows"": 83231}]",0.5,0.4208623374972188,0.41241054951215905,0.4296677889100718,0.3704944936039242,0.38599776377801287,True,6.658,9eabd4bf8d11,1ce27fb1a1b3d44ec9cb69414ae816f1ddbf6d384fdf977ef1434bf53d8254e5,rolling_recent_cv_oof_threshold,ok,manual-parallel-45m-20260722_150132 strategy=log-grid round=0 index=32
LR_20260722_150610_022556,2026-07-22T15:06:20,logistic_regression,Logistic Regression,"{""C"": 9.29296948443e-05, ""solver"": ""liblinear""}",0.4446337124055165,0.042231024100000826,"[0.4829061378385237, 0.4905509577951375, 0.40542983503889984, 0.39964791894950513]",0.40769623860987775,0.026344995643029303,0.5067798966420242,0.11632598472107113,"[0.375267645843507, 0.44350947530360596, 0.39123391794648144, 0.4207739153459167]","[0.6771274612803742, 0.5487555158192253, 0.4206947375473152, 0.3805418719211823]","[{""fold"": 1, ""train_start"": ""2021-01-04"", ""train_end"": ""2021-11-18"", ""train_label_end_max"": ""2021-11-25"", ""validation_start"": ""2021-11-26"", ""validation_end"": ""2022-10-20"", ""train_rows"": 78914, ""validation_rows"": 83274}, {""fold"": 2, ""train_start"": ""2021-01-04"", ""train_end"": ""2022-10-13"", ""train_label_end_max"": ""2022-10-20"", ""validation_start"": ""2022-10-21"", ""validation_end"": ""2023-09-14"", ""train_rows"": 162231, ""validation_rows"": 82746}, {""fold"": 3, ""train_start"": ""2021-01-04"", ""train_end"": ""2023-09-07"", ""train_label_end_max"": ""2023-09-14"", ""validation_start"": ""2023-09-15"", ""validation_end"": ""2024-08-07"", ""train_rows"": 244929, ""validation_rows"": 83453}, {""fold"": 4, ""train_start"": ""2021-01-04"", ""train_end"": ""2024-07-31"", ""train_label_end_max"": ""2024-08-07"", ""validation_start"": ""2024-08-08"", ""validation_end"": ""2025-07-03"", ""train_rows"": 328410, ""validation_rows"": 83231}]",0.49,0.45109481697883763,0.4052857170563935,0.508579077597047,0.3704944936039242,0.46492077041454266,True,10.819,9eabd4bf8d11,1ce27fb1a1b3d44ec9cb69414ae816f1ddbf6d384fdf977ef1434bf53d8254e5,rolling_recent_cv_oof_threshold,ok,manual-parallel-45m-20260722_150132 strategy=log-grid round=0 index=33
LR_20260722_150620_840394,2026-07-22T15:06:28,logistic_regression,Logistic Regression,"{""C"": 9.29296948443e-05, ""solver"": ""lbfgs""}",0.4440169111969581,0.04219042603246318,"[0.48249733707756365, 0.48966141121736884, 0.4049093643375754, 0.3989995321553244]",0.4077931138003342,0.026360490033829904,0.5051304683905216,0.11609037497949605,"[0.3752847916548984, 0.4436040930058304, 0.3913967737901713, 0.42088679675043655]","[0.6754668383773342, 0.5463905632624809, 0.4193883361806184, 0.379276135741653]","[{""fold"": 1, ""train_start"": ""2021-01-04"", ""train_end"": ""2021-11-18"", ""train_label_end_max"": ""2021-11-25"", ""validation_start"": ""2021-11-26"", ""validation_end"": ""2022-10-20"", ""train_rows"": 78914, ""validation_rows"": 83274}, {""fold"": 2, ""train_start"": ""2021-01-04"", ""train_end"": ""2022-10-13"", ""train_label_end_max"": ""2022-10-20"", ""validation_start"": ""2022-10-21"", ""validation_end"": ""2023-09-14"", ""train_rows"": 162231, ""validation_rows"": 82746}, {""fold"": 3, ""train_start"": ""2021-01-04"", ""train_end"": ""2023-09-07"", ""train_label_end_max"": ""2023-09-14"", ""validation_start"": ""2023-09-15"", ""validation_end"": ""2024-08-07"", ""train_rows"": 244929, ""validation_rows"": 83453}, {""fold"": 4, ""train_start"": ""2021-01-04"", ""train_end"": ""2024-07-31"", ""train_label_end_max"": ""2024-08-07"", ""validation_start"": ""2024-08-08"", ""validation_end"": ""2025-07-03"", ""train_rows"": 328410, ""validation_rows"": 83231}]",0.49,0.45047240376192726,0.4053494738754168,0.5068997687908166,0.3704944936039242,0.46331273444262766,True,7.821,9eabd4bf8d11,1ce27fb1a1b3d44ec9cb69414ae816f1ddbf6d384fdf977ef1434bf53d8254e5,rolling_recent_cv_oof_threshold,ok,manual-parallel-45m-20260722_150132 strategy=log-grid round=0 index=34
LR_20260722_150628_670686,2026-07-22T15:06:36,logistic_regression,Logistic Regression,"{""C"": 7.72955534311e-06, ""solver"": ""liblinear""}",0.4143753653014859,0.0501384960021835,"[0.4612601191183656, 0.46718066838613576, 0.3715957890159271, 0.35746488468551507]",0.4154310759419849,0.02655965925936748,0.4322342244809524,0.11474842133584252,"[0.37787779124112864, 0.4476870208828972, 0.4047205557309757, 0.4314389359129383]","[0.5918595587487715, 0.4884492256222421, 0.34348306702843934, 0.30514504652435687]","[{""fold"": 1, ""train_start"": ""2021-01-04"", ""train_end"": ""2021-11-18"", ""train_label_end_max"": ""2021-11-25"", ""validation_start"": ""2021-11-26"", ""validation_end"": ""2022-10-20"", ""train_rows"": 78914, ""validation_rows"": 83274}, {""fold"": 2, ""train_start"": ""2021-01-04"", ""train_end"": ""2022-10-13"", ""train_label_end_max"": ""2022-10-20"", ""validation_start"": ""2022-10-21"", ""validation_end"": ""2023-09-14"", ""train_rows"": 162231, ""validation_rows"": 82746}, {""fold"": 3, ""train_start"": ""2021-01-04"", ""train_end"": ""2023-09-07"", ""train_label_end_max"": ""2023-09-14"", ""validation_start"": ""2023-09-15"", ""validation_end"": ""2024-08-07"", ""train_rows"": 244929, ""validation_rows"": 83453}, {""fold"": 4, ""train_start"": ""2021-01-04"", ""train_end"": ""2024-07-31"", ""train_label_end_max"": ""2024-08-07"", ""validation_start"": ""2024-08-08"", ""validation_end"": ""2025-07-03"", ""train_rows"": 328410, ""validation_rows"": 83231}]",0.5,0.4229715539905733,0.41192707812728263,0.4346245892994767,0.3704944936039242,0.39090903626045975,True,8.191,9eabd4bf8d11,1ce27fb1a1b3d44ec9cb69414ae816f1ddbf6d384fdf977ef1434bf53d8254e5,rolling_recent_cv_oof_threshold,ok,manual-parallel-45m-20260722_150132 strategy=log-grid round=0 index=35
LR_20260722_150636_865982,2026-07-22T15:06:42,logistic_regression,Logistic Regression,"{""C"": 7.72955534311e-06, ""solver"": ""lbfgs""}",0.41244865686696564,0.05057997939503054,"[0.4609609411142687, 0.4646069287141905, 0.3689004910640939, 0.35532626657530936]",0.41584772751931465,0.026685972924644304,0.4284250397882359,0.1156948860728352,"[0.3778495276068302, 0.44781270903010034, 0.40535986520099493, 0.432368808239333]","[0.5909445216389332, 0.4827098895394111, 0.3384584463872978, 0.30158730158730157]","[{""fold"": 1, ""train_start"": ""2021-01-04"", ""train_end"": ""2021-11-18"", ""train_label_end_max"": ""2021-11-25"", ""validation_start"": ""2021-11-26"", ""validation_end"": ""2022-10-20"", ""train_rows"": 78914, ""validation_rows"": 83274}, {""fold"": 2, ""train_start"": ""2021-01-04"", ""train_end"": ""2022-10-13"", ""train_label_end_max"": ""2022-10-20"", ""validation_start"": ""2022-10-21"", ""validation_end"": ""2023-09-14"", ""train_rows"": 162231, ""validation_rows"": 82746}, {""fold"": 3, ""train_start"": ""2021-01-04"", ""train_end"": ""2023-09-07"", ""train_label_end_max"": ""2023-09-14"", ""validation_start"": ""2023-09-15"", ""validation_end"": ""2024-08-07"", ""train_rows"": 244929, ""validation_rows"": 83453}, {""fold"": 4, ""train_start"": ""2021-01-04"", ""train_end"": ""2024-07-31"", ""train_label_end_max"": ""2024-08-07"", ""validation_start"": ""2024-08-08"", ""validation_end"": ""2025-07-03"", ""train_rows"": 328410, ""validation_rows"": 83231}]",0.5,0.42120712087075174,0.41209571635917697,0.4307305398937249,0.3704944936039242,0.38724812445897855,True,6.03,9eabd4bf8d11,1ce27fb1a1b3d44ec9cb69414ae816f1ddbf6d384fdf977ef1434bf53d8254e5,rolling_recent_cv_oof_threshold,ok,manual-parallel-45m-20260722_150132 strategy=log-grid round=0 index=36
LR_20260722_150642_897318,2026-07-22T15:06:54,logistic_regression,Logistic Regression,"{""C"": 0.00010669756568, ""solver"": ""liblinear""}",0.44374297159608533,0.042286798554496706,"[0.4823645033305427, 0.48947633629210435, 0.40397961659791315, 0.3991514301637812]",0.4075812399647718,0.026242322069852792,0.5044947950355738,0.11550622225358924,"[0.3756803749622014, 0.44335736354273947, 0.3906513985357612, 0.4206358228183851]","[0.6736706544209848, 0.5463040406079659, 0.41824942216862626, 0.3797550629447181]","[{""fold"": 1, ""train_start"": ""2021-01-04"", ""train_end"": ""2021-11-18"", ""train_label_end_max"": ""2021-11-25"", ""validation_start"": ""2021-11-26"", ""validation_end"": ""2022-10-20"", ""train_rows"": 78914, ""validation_rows"": 83274}, {""fold"": 2, ""train_start"": ""2021-01-04"", ""train_end"": ""2022-10-13"", ""train_label_end_max"": ""2022-10-20"", ""validation_start"": ""2022-10-21"", ""validation_end"": ""2023-09-14"", ""train_rows"": 162231, ""validation_rows"": 82746}, {""fold"": 3, ""train_start"": ""2021-01-04"", ""train_end"": ""2023-09-07"", ""train_label_end_max"": ""2023-09-14"", ""validation_start"": ""2023-09-15"", ""validation_end"": ""2024-08-07"", ""train_rows"": 244929, ""validation_rows"": 83453}, {""fold"": 4, ""train_start"": ""2021-01-04"", ""train_end"": ""2024-07-31"", ""train_label_end_max"": ""2024-08-07"", ""validation_start"": ""2024-08-08"", ""validation_end"": ""2025-07-03"", ""train_rows"": 328410, ""validation_rows"": 83231}]",0.49,0.4501792580089016,0.40526920754079837,0.5062832109682391,0.3704944936039242,0.4628408435125517,True,11.234,9eabd4bf8d11,1ce27fb1a1b3d44ec9cb69414ae816f1ddbf6d384fdf977ef1434bf53d8254e5,rolling_recent_cv_oof_threshold,ok,manual-parallel-45m-20260722_150132 strategy=log-grid round=0 index=37
LR_20260722_150654_134288,2026-07-22T15:07:02,logistic_regression,Logistic Regression,"{""C"": 0.00010669756568, ""solver"": ""lbfgs""}",0.44320630402354655,0.04214861219659803,"[0.48199358475894244, 0.48851542066965326, 0.4036631817813437, 0.3986530288842469]",0.40771518793181105,0.026168372996994187,0.5030168864812028,0.11528047239993976,"[0.37568422448245165, 0.44324616432884567, 0.391055838201118, 0.4208745247148289]","[0.672213373097909, 0.5440832924754131, 0.4171105081566342, 0.37866037219485493]","[{""fold"": 1, ""train_start"": ""2021-01-04"", ""train_end"": ""2021-11-18"", ""train_label_end_max"": ""2021-11-25"", ""validation_start"": ""2021-11-26"", ""validation_end"": ""2022-10-20"", ""train_rows"": 78914, ""validation_rows"": 83274}, {""fold"": 2, ""train_start"": ""2021-01-04"", ""train_end"": ""2022-10-13"", ""train_label_end_max"": ""2022-10-20"", ""validation_start"": ""2022-10-21"", ""validation_end"": ""2023-09-14"", ""train_rows"": 162231, ""validation_rows"": 82746}, {""fold"": 3, ""train_start"": ""2021-01-04"", ""train_end"": ""2023-09-07"", ""train_label_end_max"": ""2023-09-14"", ""validation_start"": ""2023-09-15"", ""validation_end"": ""2024-08-07"", ""train_rows"": 244929, ""validation_rows"": 83453}, {""fold"": 4, ""train_start"": ""2021-01-04"", ""train_end"": ""2024-07-31"", ""train_label_end_max"": ""2024-08-07"", ""validation_start"": ""2024-08-08"", ""validation_end"": ""2025-07-03"", ""train_rows"": 328410, ""validation_rows"": 83231}]",0.49,0.44963055299622423,0.4053485342019544,0.5047742668235103,0.3704944936039242,0.4613710685774743,True,7.969,9eabd4bf8d11,1ce27fb1a1b3d44ec9cb69414ae816f1ddbf6d384fdf977ef1434bf53d8254e5,rolling_recent_cv_oof_threshold,ok,manual-parallel-45m-20260722_150132 strategy=log-grid round=0 index=38
LR_20260722_150702_105848,2026-07-22T15:07:10,logistic_regression,Logistic Regression,"{""C"": 6.7321612704e-06, ""solver"": ""liblinear""}",0.41473300339415264,0.050150129791890735,"[0.4612437409995904, 0.46784140969162996, 0.3724866194127007, 0.3573602434726894]",0.41526837781534154,0.02640154285518527,0.43298964634378867,0.11451891827292898,"[0.3779663952884116, 0.4475465535860089, 0.40469922596361635, 0.43086133642332947]","[0.5915884366421527, 0.4900643151731895, 0.34502395069172276, 0.30528188286808977]","[{""fold"": 1, ""train_start"": ""2021-01-04"", ""train_end"": ""2021-11-18"", ""train_label_end_max"": ""2021-11-25"", ""validation_start"": ""2021-11-26"", ""validation_end"": ""2022-10-20"", ""train_rows"": 78914, ""validation_rows"": 83274}, {""fold"": 2, ""train_start"": ""2021-01-04"", ""train_end"": ""2022-10-13"", ""train_label_end_max"": ""2022-10-20"", ""validation_start"": ""2022-10-21"", ""validation_end"": ""2023-09-14"", ""train_rows"": 162231, ""validation_rows"": 82746}, {""fold"": 3, ""train_start"": ""2021-01-04"", ""train_end"": ""2023-09-07"", ""train_label_end_max"": ""2023-09-14"", ""validation_start"": ""2023-09-15"", ""validation_end"": ""2024-08-07"", ""train_rows"": 244929, ""validation_rows"": 83453}, {""fold"": 4, ""train_start"": ""2021-01-04"", ""train_end"": ""2024-07-31"", ""train_label_end_max"": ""2024-08-07"", ""validation_start"": ""2024-08-08"", ""validation_end"": ""2025-07-03"", ""train_rows"": 328410, ""validation_rows"": 83231}]",0.5,0.423315810851845,0.41186672191782925,0.4354196243864844,0.3704944936039242,0.3916814946619217,True,8.442,9eabd4bf8d11,1ce27fb1a1b3d44ec9cb69414ae816f1ddbf6d384fdf977ef1434bf53d8254e5,rolling_recent_cv_oof_threshold,ok,manual-parallel-45m-20260722_150132 strategy=log-grid round=0 index=39
LR_20260722_150710_550951,2026-07-22T15:07:16,logistic_regression,Logistic Regression,"{""C"": 6.7321612704e-06, ""solver"": ""lbfgs""}",0.41246194110272155,0.05060624270045046,"[0.4608181565686625, 0.46476412347117063, 0.3693462302129442, 0.3549192541581088]",0.41541166269614943,0.02650955369923835,0.4286999650688759,0.11538360378588863,"[0.37787948462105764, 0.4475841991399802, 0.40480753873183195, 0.43137542829172787]","[0.5904022774256956, 0.48331554812101635, 0.33959736039928984, 0.30148467432950193]","[{""fold"": 1, ""train_start"": ""2021-01-04"", ""train_end"": ""2021-11-18"", ""train_label_end_max"": ""2021-11-25"", ""validation_start"": ""2021-11-26"", ""validation_end"": ""2022-10-20"", ""train_rows"": 78914, ""validation_rows"": 83274}, {""fold"": 2, ""train_start"": ""2021-01-04"", ""train_end"": ""2022-10-13"", ""train_label_end_max"": ""2022-10-20"", ""validation_start"": ""2022-10-21"", ""validation_end"": ""2023-09-14"", ""train_rows"": 162231, ""validation_rows"": 82746}, {""fold"": 3, ""train_start"": ""2021-01-04"", ""train_end"": ""2023-09-07"", ""train_label_end_max"": ""2023-09-14"", ""validation_start"": ""2023-09-15"", ""validation_end"": ""2024-08-07"", ""train_rows"": 244929, ""validation_rows"": 83453}, {""fold"": 4, ""train_start"": ""2021-01-04"", ""train_end"": ""2024-07-31"", ""train_label_end_max"": ""2024-08-07"", ""validation_start"": ""2024-08-08"", ""validation_end"": ""2025-07-03"", ""train_rows"": 328410, ""validation_rows"": 83231}]",0.5,0.4211953290365543,0.41180619608268676,0.4310225935991563,0.3704944936039242,0.3877831345580456,True,5.702,9eabd4bf8d11,1ce27fb1a1b3d44ec9cb69414ae816f1ddbf6d384fdf977ef1434bf53d8254e5,rolling_recent_cv_oof_threshold,ok,manual-parallel-45m-20260722_150132 strategy=log-grid round=0 index=40
LR_20260722_150716_254190,2026-07-22T15:07:27,logistic_regression,Logistic Regression,"{""C"": 0.000122505196441, ""solver"": ""liblinear""}",0.44322490439201,0.04223863702265586,"[0.4823238776727149, 0.48845098140763377, 0.4029231616813041, 0.3992015968063872]",0.40761770548673926,0.02609001489233618,0.5029559672828235,0.114885452601782,"[0.3762769148976569, 0.4431783473909264, 0.39022629547095194, 0.4207892641874218]","[0.6716033483580167, 0.5440256107057364, 0.4164740562087562, 0.3797208538587849]","[{""fold"": 1, ""train_start"": ""2021-01-04"", ""train_end"": ""2021-11-18"", ""train_label_end_max"": ""2021-11-25"", ""validation_start"": ""2021-11-26"", ""validation_end"": ""2022-10-20"", ""train_rows"": 78914, ""validation_rows"": 83274}, {""fold"": 2, ""train_start"": ""2021-01-04"", ""train_end"": ""2022-10-13"", ""train_label_end_max"": ""2022-10-20"", ""validation_start"": ""2022-10-21"", ""validation_end"": ""2023-09-14"", ""train_rows"": 162231, ""validation_rows"": 82746}, {""fold"": 3, ""train_start"": ""2021-01-04"", ""train_end"": ""2023-09-07"", ""train_label_end_max"": ""2023-09-14"", ""validation_start"": ""2023-09-15"", ""validation_end"": ""2024-08-07"", ""train_rows"": 244929, ""validation_rows"": 83453}, {""fold"": 4, ""train_start"": ""2021-01-04"", ""train_end"": ""2024-07-31"", ""train_label_end_max"": ""2024-08-07"", ""validation_start"": ""2024-08-08"", ""validation_end"": ""2025-07-03"", ""train_rows"": 328410, ""validation_rows"": 83231}]",0.49,0.44962310377474396,0.4053782848653474,0.5047093660000811,0.3704944936039242,0.4612778926613446,True,11.282,9eabd4bf8d11,1ce27fb1a1b3d44ec9cb69414ae816f1ddbf6d384fdf977ef1434bf53d8254e5,rolling_recent_cv_oof_threshold,ok,manual-parallel-45m-20260722_150132 strategy=log-grid round=0 index=41
LR_20260722_150727_536770,2026-07-22T15:07:35,logistic_regression,Logistic Regression,"{""C"": 0.000122505196441, ""solver"": ""lbfgs""}",0.4426614346884802,0.042257859743362186,"[0.4818968669998781, 0.48778842786547166, 0.4025457438345266, 0.39841470005404434]",0.4077295255116436,0.026037282148464142,0.5014293181674352,0.11469893944021166,"[0.376311330274356, 0.44321878093621836, 0.39057971014492754, 0.4208082806910724]","[0.6698410546649948, 0.542323998500274, 0.41526814725488226, 0.3782840722495895]","[{""fold"": 1, ""train_start"": ""2021-01-04"", ""train_end"": ""2021-11-18"", ""train_label_end_max"": ""2021-11-25"", ""validation_start"": ""2021-11-26"", ""validation_end"": ""2022-10-20"", ""train_rows"": 78914, ""validation_rows"": 83274}, {""fold"": 2, ""train_start"": ""2021-01-04"", ""train_end"": ""2022-10-13"", ""train_label_end_max"": ""2022-10-20"", ""validation_start"": ""2022-10-21"", ""validation_end"": ""2023-09-14"", ""train_rows"": 162231, ""validation_rows"": 82746}, {""fold"": 3, ""train_start"": ""2021-01-04"", ""train_end"": ""2023-09-07"", ""train_label_end_max"": ""2023-09-14"", ""validation_start"": ""2023-09-15"", ""validation_end"": ""2024-08-07"", ""train_rows"": 244929, ""validation_rows"": 83453}, {""fold"": 4, ""train_start"": ""2021-01-04"", ""train_end"": ""2024-07-31"", ""train_label_end_max"": ""2024-08-07"", ""validation_start"": ""2024-08-08"", ""validation_end"": ""2025-07-03"", ""train_rows"": 328410, ""validation_rows"": 83231}]",0.49,0.4490717947232761,0.4054730758921859,0.5031760840465663,0.3704944936039242,0.459769043954987,True,7.933,9eabd4bf8d11,1ce27fb1a1b3d44ec9cb69414ae816f1ddbf6d384fdf977ef1434bf53d8254e5,rolling_recent_cv_oof_threshold,ok,manual-parallel-45m-20260722_150132 strategy=log-grid round=0 index=42
LR_20260722_150735_472131,2026-07-22T15:07:43,logistic_regression,Logistic Regression,"{""C"": 5.86346734823e-06, ""solver"": ""liblinear""}",0.4149562176866527,0.05020961874802676,"[0.4608938178261272, 0.4686641011544805, 0.3730268973355222, 0.35724005443048107]",0.41500480985938626,0.026475631300155174,0.4335651476102851,0.1142028971234176,"[0.3778008928184458, 0.4476593063249928, 0.40418295543393273, 0.4303760848601736]","[0.590842850848951, 0.49173708649381365, 0.3463303520584196, 0.3053503010399562]","[{""fold"": 1, ""train_start"": ""2021-01-04"", ""train_end"": ""2021-11-18"", ""train_label_end_max"": ""2021-11-25"", ""validation_start"": ""2021-11-26"", ""validation_end"": ""2022-10-20"", ""train_rows"": 78914, ""validation_rows"": 83274}, {""fold"": 2, ""train_start"": ""2021-01-04"", ""train_end"": ""2022-10-13"", ""train_label_end_max"": ""2022-10-20"", ""validation_start"": ""2022-10-21"", ""validation_end"": ""2023-09-14"", ""train_rows"": 162231, ""validation_rows"": 82746}, {""fold"": 3, ""train_start"": ""2021-01-04"", ""train_end"": ""2023-09-07"", ""train_label_end_max"": ""2023-09-14"", ""validation_start"": ""2023-09-15"", ""validation_end"": ""2024-08-07"", ""train_rows"": 244929, ""validation_rows"": 83453}, {""fold"": 4, ""train_start"": ""2021-01-04"", ""train_end"": ""2024-07-31"", ""train_label_end_max"": ""2024-08-07"", ""validation_start"": ""2024-08-08"", ""validation_end"": ""2025-07-03"", ""train_rows"": 328410, ""validation_rows"": 83231}]",0.5,0.4235239423523942,0.41170252694308057,0.4360442948119904,0.3704944936039242,0.3923998509185342,True,7.748,9eabd4bf8d11,1ce27fb1a1b3d44ec9cb69414ae816f1ddbf6d384fdf977ef1434bf53d8254e5,rolling_recent_cv_oof_threshold,ok,manual-parallel-45m-20260722_150132 strategy=log-grid round=0 index=43
LR_20260722_150743_223771,2026-07-22T15:07:49,logistic_regression,Logistic Regression,"{""C"": 5.86346734823e-06, ""solver"": ""lbfgs""}",0.41292658009341726,0.05080417541710765,"[0.4607490478205671, 0.46607310733838414, 0.37003636363636366, 0.354847801578354]",0.4153052342423909,0.026524019405797725,0.4297163201555225,0.11546635388262086,"[0.37780042941725045, 0.44759552829336946, 0.4046605956972999, 0.4311643835616438]","[0.5903683871623683, 0.48614195483517436, 0.34087026429504574, 0.30148467432950193]","[{""fold"": 1, ""train_start"": ""2021-01-04"", ""train_end"": ""2021-11-18"", ""train_label_end_max"": ""2021-11-25"", ""validation_start"": ""2021-11-26"", ""validation_end"": ""2022-10-20"", ""train_rows"": 78914, ""validation_rows"": 83274}, {""fold"": 2, ""train_start"": ""2021-01-04"", ""train_end"": ""2022-10-13"", ""train_label_end_max"": ""2022-10-20"", ""validation_start"": ""2022-10-21"", ""validation_end"": ""2023-09-14"", ""train_rows"": 162231, ""validation_rows"": 82746}, {""fold"": 3, ""train_start"": ""2021-01-04"", ""train_end"": ""2023-09-07"", ""train_label_end_max"": ""2023-09-14"", ""validation_start"": ""2023-09-15"", ""validation_end"": ""2024-08-07"", ""train_rows"": 244929, ""validation_rows"": 83453}, {""fold"": 4, ""train_start"": ""2021-01-04"", ""train_end"": ""2024-07-31"", ""train_label_end_max"": ""2024-08-07"", ""validation_start"": ""2024-08-08"", ""validation_end"": ""2025-07-03"", ""train_rows"": 328410, ""validation_rows"": 83231}]",0.5,0.42170057794315574,0.411773800780797,0.432117794994524,0.3704944936039242,0.3887990526113302,True,6.061,9eabd4bf8d11,1ce27fb1a1b3d44ec9cb69414ae816f1ddbf6d384fdf977ef1434bf53d8254e5,rolling_recent_cv_oof_threshold,ok,manual-parallel-45m-20260722_150132 strategy=log-grid round=0 index=44
LR_20260722_150749_286842,2026-07-22T15:08:01,logistic_regression,Logistic Regression,"{""C"": 0.000140654784945, ""solver"": ""liblinear""}",0.44258943944052503,0.04225537582149057,"[0.4820909734599702, 0.487480864533873, 0.4020315770684927, 0.3987543426997642]",0.4076162535925527,0.025951269325603148,0.5012230748885274,0.1143007118256564,"[0.376762646211384, 0.44301917045910066, 0.38987851702649967, 0.4208046806732267]","[0.6691632493984478, 0.5418625443428604, 0.41496667001641374, 0.37889983579638753]","[{""fold"": 1, ""train_start"": ""2021-01-04"", ""train_end"": ""2021-11-18"", ""train_label_end_max"": ""2021-11-25"", ""validation_start"": ""2021-11-26"", ""validation_end"": ""2022-10-20"", ""train_rows"": 78914, ""validation_rows"": 83274}, {""fold"": 2, ""train_start"": ""2021-01-04"", ""train_end"": ""2022-10-13"", ""train_label_end_max"": ""2022-10-20"", ""validation_start"": ""2022-10-21"", ""validation_end"": ""2023-09-14"", ""train_rows"": 162231, ""validation_rows"": 82746}, {""fold"": 3, ""train_start"": ""2021-01-04"", ""train_end"": ""2023-09-07"", ""train_label_end_max"": ""2023-09-14"", ""validation_start"": ""2023-09-15"", ""validation_end"": ""2024-08-07"", ""train_rows"": 244929, ""validation_rows"": 83453}, {""fold"": 4, ""train_start"": ""2021-01-04"", ""train_end"": ""2024-07-31"", ""train_label_end_max"": ""2024-08-07"", ""validation_start"": ""2024-08-08"", ""validation_end"": ""2025-07-03"", ""train_rows"": 328410, ""validation_rows"": 83231}]",0.49,0.44896732518394067,0.405444997416798,0.5029570437674928,0.3704944936039242,0.4596007261710109,True,11.912,9eabd4bf8d11,1ce27fb1a1b3d44ec9cb69414ae816f1ddbf6d384fdf977ef1434bf53d8254e5,rolling_recent_cv_oof_threshold,ok,manual-parallel-45m-20260722_150132 strategy=log-grid round=0 index=45
GB_20260722_150143_315142,2026-07-22T15:08:07,gradient_boosting,Gradient Boosting,"{""n_estimators"": 110, ""learning_rate"": 0.25, ""max_depth"": 2, ""subsample"": 0.5}",0.47461181879979086,0.02396630764665404,"[0.47936953182394976, 0.511854580437727, 0.45190036183128496, 0.4553228011062017]",0.42126563845424947,0.022703610475762328,0.5468641556436594,0.049878005773355404,"[0.3956082719696636, 0.45612056129585343, 0.40811256042561234, 0.4252211601258683]","[0.6081268851458976, 0.5831050096616964, 0.5062137808595452, 0.49001094690749863]","[{""fold"": 1, ""train_start"": ""2021-01-04"", ""train_end"": ""2021-11-18"", ""train_label_end_max"": ""2021-11-25"", ""validation_start"": ""2021-11-26"", ""validation_end"": ""2022-10-20"", ""train_rows"": 78914, ""validation_rows"": 83274}, {""fold"": 2, ""train_start"": ""2021-01-04"", ""train_end"": ""2022-10-13"", ""train_label_end_max"": ""2022-10-20"", ""validation_start"": ""2022-10-21"", ""validation_end"": ""2023-09-14"", ""train_rows"": 162231, ""validation_rows"": 82746}, {""fold"": 3, ""train_start"": ""2021-01-04"", ""train_end"": ""2023-09-07"", ""train_label_end_max"": ""2023-09-14"", ""validation_start"": ""2023-09-15"", ""validation_end"": ""2024-08-07"", ""train_rows"": 244929, ""validation_rows"": 83453}, {""fold"": 4, ""train_start"": ""2021-01-04"", ""train_end"": ""2024-07-31"", ""train_label_end_max"": ""2024-08-07"", ""validation_start"": ""2024-08-08"", ""validation_end"": ""2025-07-03"", ""train_rows"": 328410, ""validation_rows"": 83231}]",0.49,0.476606125556997,0.4214365426218368,0.5483957327708595,0.3704944936039242,0.4821072184283928,True,384.046,9eabd4bf8d11,1ce27fb1a1b3d44ec9cb69414ae816f1ddbf6d384fdf977ef1434bf53d8254e5,rolling_recent_cv_oof_threshold,ok,manual-parallel-45m-20260722_150132 strategy=coordinate-neighbor index=1
LR_20260722_150801_203488,2026-07-22T15:08:09,logistic_regression,Logistic Regression,"{""C"": 0.000140654784945, ""solver"": ""lbfgs""}",0.4421827930208857,0.0423377224674826,"[0.4819780730166102, 0.48695200363707214, 0.40169050715214566, 0.39811058827771467]",0.4077390722585267,0.025847855904364427,0.5001012840425709,0.11436197040468045,"[0.37692601796979547, 0.4429948950652297, 0.39018536646982666, 0.42085000952925483]","[0.6682143220252821, 0.5405935454099732, 0.41389475094630357, 0.3777025177887247]","[{""fold"": 1, ""train_start"": ""2021-01-04"", ""train_end"": ""2021-11-18"", ""train_label_end_max"": ""2021-11-25"", ""validation_start"": ""2021-11-26"", ""validation_end"": ""2022-10-20"", ""train_rows"": 78914, ""validation_rows"": 83274}, {""fold"": 2, ""train_start"": ""2021-01-04"", ""train_end"": ""2022-10-13"", ""train_label_end_max"": ""2022-10-20"", ""validation_start"": ""2022-10-21"", ""validation_end"": ""2023-09-14"", ""train_rows"": 162231, ""validation_rows"": 82746}, {""fold"": 3, ""train_start"": ""2021-01-04"", ""train_end"": ""2023-09-07"", ""train_label_end_max"": ""2023-09-14"", ""validation_start"": ""2023-09-15"", ""validation_end"": ""2024-08-07"", ""train_rows"": 244929, ""validation_rows"": 83453}, {""fold"": 4, ""train_start"": ""2021-01-04"", ""train_end"": ""2024-07-31"", ""train_label_end_max"": ""2024-08-07"", ""validation_start"": ""2024-08-08"", ""validation_end"": ""2025-07-03"", ""train_rows"": 328410, ""validation_rows"": 83231}]",0.49,0.4485893200961605,0.40556240329390786,0.5018293919604105,0.3704944936039242,0.45843753005674714,True,8.422,9eabd4bf8d11,1ce27fb1a1b3d44ec9cb69414ae816f1ddbf6d384fdf977ef1434bf53d8254e5,rolling_recent_cv_oof_threshold,ok,manual-parallel-45m-20260722_150132 strategy=log-grid round=0 index=46
LR_20260722_150809_627406,2026-07-22T15:08:16,logistic_regression,Logistic Regression,"{""C"": 5.10686657121e-06, ""solver"": ""liblinear""}",0.41544655197561586,0.05018913284974619,"[0.4606656881025112, 0.4697861366037011, 0.3734859528823138, 0.3578484303139372]",0.41497672479478237,0.026702347337170796,0.43445393428411205,0.11383983414670597,"[0.3777160948952596, 0.44796462955211386, 0.40357837417347336, 0.4306478005582828]","[0.5903006066357136, 0.49384247108701296, 0.3475697584832345, 0.30610290093048714]","[{""fold"": 1, ""train_start"": ""2021-01-04"", ""train_end"": ""2021-11-18"", ""train_label_end_max"": ""2021-11-25"", ""validation_start"": ""2021-11-26"", ""validation_end"": ""2022-10-20"", ""train_rows"": 78914, ""validation_rows"": 83274}, {""fold"": 2, ""train_start"": ""2021-01-04"", ""train_end"": ""2022-10-13"", ""train_label_end_max"": ""2022-10-20"", ""validation_start"": ""2022-10-21"", ""validation_end"": ""2023-09-14"", ""train_rows"": 162231, ""validation_rows"": 82746}, {""fold"": 3, ""train_start"": ""2021-01-04"", ""train_end"": ""2023-09-07"", ""train_label_end_max"": ""2023-09-14"", ""validation_start"": ""2023-09-15"", ""validation_end"": ""2024-08-07"", ""train_rows"": 244929, ""validation_rows"": 83453}, {""fold"": 4, ""train_start"": ""2021-01-04"", ""train_end"": ""2024-07-31"", ""train_label_end_max"": ""2024-08-07"", ""validation_start"": ""2024-08-08"", ""validation_end"": ""2025-07-03"", ""train_rows"": 328410, ""validation_rows"": 83231}]",0.5,0.4239819592193348,0.41173008423402074,0.4369853567517138,0.3704944936039242,0.3932204001154179,True,7.205,9eabd4bf8d11,1ce27fb1a1b3d44ec9cb69414ae816f1ddbf6d384fdf977ef1434bf53d8254e5,rolling_recent_cv_oof_threshold,ok,manual-parallel-45m-20260722_150132 strategy=log-grid round=0 index=47
LR_20260722_150816_834884,2026-07-22T15:08:22,logistic_regression,Logistic Regression,"{""C"": 5.10686657121e-06, ""solver"": ""lbfgs""}",0.412931115422592,0.05075732521074751,"[0.460616166428458, 0.46604571460158645, 0.370590904965054, 0.35447167569526955]",0.41516895713023416,0.026416809072719913,0.42977252600563154,0.11520274167352339,"[0.37785787176759233, 0.44739844516967814, 0.4045259987317692, 0.4308935128518972]","[0.5897922526858034, 0.4863150001442044, 0.34190868589421497, 0.3010741652983032]","[{""fold"": 1, ""train_start"": ""2021-01-04"", ""train_end"": ""2021-11-18"", ""train_label_end_max"": ""2021-11-25"", ""validation_start"": ""2021-11-26"", ""validation_end"": ""2022-10-20"", ""train_rows"": 78914, ""validation_rows"": 83274}, {""fold"": 2, ""train_start"": ""2021-01-04"", ""train_end"": ""2022-10-13"", ""train_label_end_max"": ""2022-10-20"", ""validation_start"": ""2022-10-21"", ""validation_end"": ""2023-09-14"", ""train_rows"": 162231, ""validation_rows"": 82746}, {""fold"": 3, ""train_start"": ""2021-01-04"", ""train_end"": ""2023-09-07"", ""train_label_end_max"": ""2023-09-14"", ""validation_start"": ""2023-09-15"", ""validation_end"": ""2024-08-07"", ""train_rows"": 244929, ""validation_rows"": 83453}, {""fold"": 4, ""train_start"": ""2021-01-04"", ""train_end"": ""2024-07-31"", ""train_label_end_max"": ""2024-08-07"", ""validation_start"": ""2024-08-08"", ""validation_end"": ""2025-07-03"", ""train_rows"": 328410, ""validation_rows"": 83231}]",0.5,0.42168379058685707,0.41168288215883714,0.4321826958179532,0.3704944936039242,0.3889433249975955,True,5.913,9eabd4bf8d11,1ce27fb1a1b3d44ec9cb69414ae816f1ddbf6d384fdf977ef1434bf53d8254e5,rolling_recent_cv_oof_threshold,ok,manual-parallel-45m-20260722_150132 strategy=log-grid round=0 index=48
LR_20260722_150822_750467,2026-07-22T15:08:32,logistic_regression,Logistic Regression,"{""C"": 2.87180211522e-05, ""solver"": ""liblinear""}",0.45437287435008833,0.042964875774816176,"[0.487999351003048, 0.5049758670448325, 0.42077922077922075, 0.40373705857325204]",0.4066365405680739,0.027502569797083196,0.5353920486494097,0.12477228989565292,"[0.3707995773159563, 0.4439899376572241, 0.3927472272225771, 0.41900942007653813]","[0.7135256040939438, 0.5853834395639258, 0.4531202894181489, 0.38953886152162015]","[{""fold"": 1, ""train_start"": ""2021-01-04"", ""train_end"": ""2021-11-18"", ""train_label_end_max"": ""2021-11-25"", ""validation_start"": ""2021-11-26"", ""validation_end"": ""2022-10-20"", ""train_rows"": 78914, ""validation_rows"": 83274}, {""fold"": 2, ""train_start"": ""2021-01-04"", ""train_end"": ""2022-10-13"", ""train_label_end_max"": ""2022-10-20"", ""validation_start"": ""2022-10-21"", ""validation_end"": ""2023-09-14"", ""train_rows"": 162231, ""validation_rows"": 82746}, {""fold"": 3, ""train_start"": ""2021-01-04"", ""train_end"": ""2023-09-07"", ""train_label_end_max"": ""2023-09-14"", ""validation_start"": ""2023-09-15"", ""validation_end"": ""2024-08-07"", ""train_rows"": 244929, ""validation_rows"": 83453}, {""fold"": 4, ""train_start"": ""2021-01-04"", ""train_end"": ""2024-07-31"", ""train_label_end_max"": ""2024-08-07"", ""validation_start"": ""2024-08-08"", ""validation_end"": ""2025-07-03"", ""train_rows"": 328410, ""validation_rows"": 83231}]",0.49,0.46116960936466955,0.4037766660776416,0.5375816330669695,0.3704944936039242,0.493270294315668,True,9.256,9eabd4bf8d11,1ce27fb1a1b3d44ec9cb69414ae816f1ddbf6d384fdf977ef1434bf53d8254e5,rolling_recent_cv_oof_threshold,ok,manual-parallel-45m-20260722_150132 strategy=log-grid round=1 index=49
LR_20260722_150832_005837,2026-07-22T15:08:39,logistic_regression,Logistic Regression,"{""C"": 2.87180211522e-05, ""solver"": ""lbfgs""}",0.4533723908770988,0.04302448693742112,"[0.4877052035200966, 0.5035164203715039, 0.4195924495253585, 0.4026754900914363]",0.40700420153325034,0.027462062010150484,0.5324093228061524,0.12506624021995888,"[0.3709184664559309, 0.4441163508153372, 0.3935171604576122, 0.41946482840412125]","[0.7118310909275765, 0.5812591930320422, 0.4493685726727632, 0.38717843459222767]","[{""fold"": 1, ""train_start"": ""2021-01-04"", ""train_end"": ""2021-11-18"", ""train_label_end_max"": ""2021-11-25"", ""validation_start"": ""2021-11-26"", ""validation_end"": ""2022-10-20"", ""train_rows"": 78914, ""validation_rows"": 83274}, {""fold"": 2, ""train_start"": ""2021-01-04"", ""train_end"": ""2022-10-13"", ""train_label_end_max"": ""2022-10-20"", ""validation_start"": ""2022-10-21"", ""validation_end"": ""2023-09-14"", ""train_rows"": 162231, ""validation_rows"": 82746}, {""fold"": 3, ""train_start"": ""2021-01-04"", ""train_end"": ""2023-09-07"", ""train_label_end_max"": ""2023-09-14"", ""validation_start"": ""2023-09-15"", ""validation_end"": ""2024-08-07"", ""train_rows"": 244929, ""validation_rows"": 83453}, {""fold"": 4, ""train_start"": ""2021-01-04"", ""train_end"": ""2024-07-31"", ""train_label_end_max"": ""2024-08-07"", ""validation_start"": ""2024-08-08"", ""validation_end"": ""2025-07-03"", ""train_rows"": 328410, ""validation_rows"": 83231}]",0.49,0.46022266923700167,0.4040434390694081,0.5345475195716546,0.3704944936039242,0.490162426661537,True,7.1,9eabd4bf8d11,1ce27fb1a1b3d44ec9cb69414ae816f1ddbf6d384fdf977ef1434bf53d8254e5,rolling_recent_cv_oof_threshold,ok,manual-parallel-45m-20260722_150132 strategy=log-grid round=1 index=50
LR_20260722_150839_108571,2026-07-22T15:08:48,logistic_regression,Logistic Regression,"{""C"": 2.50123507992e-05, ""solver"": ""liblinear""}",0.4558513506845458,0.043218437644172256,"[0.48842643216427445, 0.5076714021000618, 0.4226984102461106, 0.40460915822773624]",0.4061569747670605,0.027840114028216515,0.5403772569560947,0.1260320240474948,"[0.36981454367984384, 0.4440218683147136, 0.39226931238171703, 0.4185221746919674]","[0.7190497170163013, 0.5926225016583508, 0.4582454024721134, 0.39159140667761355]","[{""fold"": 1, ""train_start"": ""2021-01-04"", ""train_end"": ""2021-11-18"", ""train_label_end_max"": ""2021-11-25"", ""validation_start"": ""2021-11-26"", ""validation_end"": ""2022-10-20"", ""train_rows"": 78914, ""validation_rows"": 83274}, {""fold"": 2, ""train_start"": ""2021-01-04"", ""train_end"": ""2022-10-13"", ""train_label_end_max"": ""2022-10-20"", ""validation_start"": ""2022-10-21"", ""validation_end"": ""2023-09-14"", ""train_rows"": 162231, ""validation_rows"": 82746}, {""fold"": 3, ""train_start"": ""2021-01-04"", ""train_end"": ""2023-09-07"", ""train_label_end_max"": ""2023-09-14"", ""validation_start"": ""2023-09-15"", ""validation_end"": ""2024-08-07"", ""train_rows"": 244929, ""validation_rows"": 83453}, {""fold"": 4, ""train_start"": ""2021-01-04"", ""train_end"": ""2024-07-31"", ""train_label_end_max"": ""2024-08-07"", ""validation_start"": ""2024-08-08"", ""validation_end"": ""2025-07-03"", ""train_rows"": 328410, ""validation_rows"": 83231}]",0.49,0.4626978719577781,0.4032699518911945,0.5426682351032329,0.3704944936039242,0.49856328748677503,True,9.487,9eabd4bf8d11,1ce27fb1a1b3d44ec9cb69414ae816f1ddbf6d384fdf977ef1434bf53d8254e5,rolling_recent_cv_oof_threshold,ok,manual-parallel-45m-20260722_150132 strategy=log-grid round=1 index=51
LR_20260722_150848_600648,2026-07-22T15:08:55,logistic_regression,Logistic Regression,"{""C"": 2.50123507992e-05, ""solver"": ""lbfgs""}",0.45459795423821586,0.04352273732477886,"[0.4883954204282107, 0.5059930019604437, 0.4210657138418518, 0.40293768072235725]",0.40630707663441856,0.027695197905709422,0.5370829335655944,0.12672738045440698,"[0.3701114877852724, 0.4440234315454803, 0.39261813019671465, 0.4184752570102067]","[0.7177957772731894, 0.5880656418538921, 0.4539577261916725, 0.38851258894362345]","[{""fold"": 1, ""train_start"": ""2021-01-04"", ""train_end"": ""2021-11-18"", ""train_label_end_max"": ""2021-11-25"", ""validation_start"": ""2021-11-26"", ""validation_end"": ""2022-10-20"", ""train_rows"": 78914, ""validation_rows"": 83274}, {""fold"": 2, ""train_start"": ""2021-01-04"", ""train_end"": ""2022-10-13"", ""train_label_end_max"": ""2022-10-20"", ""validation_start"": ""2022-10-21"", ""validation_end"": ""2023-09-14"", ""train_rows"": 162231, ""validation_rows"": 82746}, {""fold"": 3, ""train_start"": ""2021-01-04"", ""train_end"": ""2023-09-07"", ""train_label_end_max"": ""2023-09-14"", ""validation_start"": ""2023-09-15"", ""validation_end"": ""2024-08-07"", ""train_rows"": 244929, ""validation_rows"": 83453}, {""fold"": 4, ""train_start"": ""2021-01-04"", ""train_end"": ""2024-07-31"", ""train_label_end_max"": ""2024-08-07"", ""validation_start"": ""2024-08-08"", ""validation_end"": ""2025-07-03"", ""train_rows"": 328410, ""validation_rows"": 83231}]",0.49,0.46155074496299486,0.4033846471241422,0.5393177300937005,0.3704944936039242,0.49534420986823124,True,6.99,9eabd4bf8d11,1ce27fb1a1b3d44ec9cb69414ae816f1ddbf6d384fdf977ef1434bf53d8254e5,rolling_recent_cv_oof_threshold,ok,manual-parallel-45m-20260722_150132 strategy=log-grid round=1 index=52
LR_20260722_150855_592933,2026-07-22T15:09:05,logistic_regression,Logistic Regression,"{""C"": 3.29726999882e-05, ""solver"": ""liblinear""}",0.4531044617690784,0.04285477772787668,"[0.4873816298922424, 0.5030599602017446, 0.4189906518641467, 0.4029856051181802]",0.407153758573685,0.02733908996328223,0.5309600814997748,0.12359826069084748,"[0.37154389146707917, 0.44435109440636744, 0.393384298735666, 0.41933574968562765]","[0.7081709424882231, 0.5796441034810949, 0.44816266371888924, 0.3878626163108922]","[{""fold"": 1, ""train_start"": ""2021-01-04"", ""train_end"": ""2021-11-18"", ""train_label_end_max"": ""2021-11-25"", ""validation_start"": ""2021-11-26"", ""validation_end"": ""2022-10-20"", ""train_rows"": 78914, ""validation_rows"": 83274}, {""fold"": 2, ""train_start"": ""2021-01-04"", ""train_end"": ""2022-10-13"", ""train_label_end_max"": ""2022-10-20"", ""validation_start"": ""2022-10-21"", ""validation_end"": ""2023-09-14"", ""train_rows"": 162231, ""validation_rows"": 82746}, {""fold"": 3, ""train_start"": ""2021-01-04"", ""train_end"": ""2023-09-07"", ""train_label_end_max"": ""2023-09-14"", ""validation_start"": ""2023-09-15"", ""validation_end"": ""2024-08-07"", ""train_rows"": 244929, ""validation_rows"": 83453}, {""fold"": 4, ""train_start"": ""2021-01-04"", ""train_end"": ""2024-07-31"", ""train_label_end_max"": ""2024-08-07"", ""validation_start"": ""2024-08-08"", ""validation_end"": ""2025-07-03"", ""train_rows"": 328410, ""validation_rows"": 83231}]",0.49,0.4598647929905103,0.4043281093287554,0.5330872510444976,0.3704944936039242,0.4884792488217755,True,10.069,9eabd4bf8d11,1ce27fb1a1b3d44ec9cb69414ae816f1ddbf6d384fdf977ef1434bf53d8254e5,rolling_recent_cv_oof_threshold,ok,manual-parallel-45m-20260722_150132 strategy=log-grid round=1 index=53
LR_20260722_150905_664795,2026-07-22T15:09:13,logistic_regression,Logistic Regression,"{""C"": 3.29726999882e-05, ""solver"": ""lbfgs""}",0.4521303716565984,0.04271456804737884,"[0.4868370315841133, 0.5014828591535136, 0.4180048126071434, 0.40219678328162334]",0.407471444495495,0.02735768902923232,0.5281055258259776,0.12351089129641331,"[0.37150907729072297, 0.4443578380063693, 0.39398161873702936, 0.42003724394785846]","[0.706001965635273, 0.5754621751795345, 0.4451478913342043, 0.38581007115489874]","[{""fold"": 1, ""train_start"": ""2021-01-04"", ""train_end"": ""2021-11-18"", ""train_label_end_max"": ""2021-11-25"", ""validation_start"": ""2021-11-26"", ""validation_end"": ""2022-10-20"", ""train_rows"": 78914, ""validation_rows"": 83274}, {""fold"": 2, ""train_start"": ""2021-01-04"", ""train_end"": ""2022-10-13"", ""train_label_end_max"": ""2022-10-20"", ""validation_start"": ""2022-10-21"", ""validation_end"": ""2023-09-14"", ""train_rows"": 162231, ""validation_rows"": 82746}, {""fold"": 3, ""train_start"": ""2021-01-04"", ""train_end"": ""2023-09-07"", ""train_label_end_max"": ""2023-09-14"", ""validation_start"": ""2023-09-15"", ""validation_end"": ""2024-08-07"", ""train_rows"": 244929, ""validation_rows"": 83453}, {""fold"": 4, ""train_start"": ""2021-01-04"", ""train_end"": ""2024-07-31"", ""train_label_end_max"": ""2024-08-07"", ""validation_start"": ""2024-08-08"", ""validation_end"": ""2025-07-03"", ""train_rows"": 328410, ""validation_rows"": 83231}]",0.49,0.45889713575496277,0.4045135772513726,0.5301748265931124,0.3704944936039242,0.4855877897470424,True,7.484,9eabd4bf8d11,1ce27fb1a1b3d44ec9cb69414ae816f1ddbf6d384fdf977ef1434bf53d8254e5,rolling_recent_cv_oof_threshold,ok,manual-parallel-45m-20260722_150132 strategy=log-grid round=1 index=54
LR_20260722_150913_152163,2026-07-22T15:09:22,logistic_regression,Logistic Regression,"{""C"": 2.17848468453e-05, ""solver"": ""liblinear""}",0.4120736430936719,0.04955193735887851,"[0.4627388032208831, 0.46033344522770503, 0.36664458186101295, 0.35857774206508636]",0.4165734059196428,0.026469815187133233,0.42738757037699543,0.11654510609531024,"[0.3781964427812547, 0.44689460391603075, 0.4068537352448638, 0.434348841736422]","[0.5959602806113804, 0.4746056008998356, 0.3336683080427428, 0.305316091954023]","[{""fold"": 1, ""train_start"": ""2021-01-04"", ""train_end"": ""2021-11-18"", ""train_label_end_max"": ""2021-11-25"", ""validation_start"": ""2021-11-26"", ""validation_end"": ""2022-10-20"", ""train_rows"": 78914, ""validation_rows"": 83274}, {""fold"": 2, ""train_start"": ""2021-01-04"", ""train_end"": ""2022-10-13"", ""train_label_end_max"": ""2022-10-20"", ""validation_start"": ""2022-10-21"", ""validation_end"": ""2023-09-14"", ""train_rows"": 162231, ""validation_rows"": 82746}, {""fold"": 3, ""train_start"": ""2021-01-04"", ""train_end"": ""2023-09-07"", ""train_label_end_max"": ""2023-09-14"", ""validation_start"": ""2023-09-15"", ""validation_end"": ""2024-08-07"", ""train_rows"": 244929, ""validation_rows"": 83453}, {""fold"": 4, ""train_start"": ""2021-01-04"", ""train_end"": ""2024-07-31"", ""train_label_end_max"": ""2024-08-07"", ""validation_start"": ""2024-08-08"", ""validation_end"": ""2025-07-03"", ""train_rows"": 328410, ""validation_rows"": 83231}]",0.5,0.4206966170672771,0.41236141518180613,0.4293757352046404,0.3704944936039242,0.385781355198615,True,9.553,9eabd4bf8d11,1ce27fb1a1b3d44ec9cb69414ae816f1ddbf6d384fdf977ef1434bf53d8254e5,rolling_recent_cv_oof_threshold,ok,manual-parallel-45m-20260722_150132 strategy=log-grid round=1 index=55
LR_20260722_150922_708265,2026-07-22T15:09:29,logistic_regression,Logistic Regression,"{""C"": 2.17848468453e-05, ""solver"": ""lbfgs""}",0.41044849932411487,0.04982399042013728,"[0.4621736778925429, 0.4581897945696649, 0.36447059258848125, 0.3569599322457704]",0.4168020532371184,0.026502221631090127,0.4240822195007239,0.1166622531425719,"[0.3783585313174946, 0.44704494320364374, 0.40705843458137037, 0.4347463038459649]","[0.5936896329684481, 0.4699045366711851, 0.329950088768298, 0.30278461959496444]","[{""fold"": 1, ""train_start"": ""2021-01-04"", ""train_end"": ""2021-11-18"", ""train_label_end_max"": ""2021-11-25"", ""validation_start"": ""2021-11-26"", ""validation_end"": ""2022-10-20"", ""train_rows"": 78914, ""validation_rows"": 83274}, {""fold"": 2, ""train_start"": ""2021-01-04"", ""train_end"": ""2022-10-13"", ""train_label_end_max"": ""2022-10-20"", ""validation_start"": ""2022-10-21"", ""validation_end"": ""2023-09-14"", ""train_rows"": 162231, ""validation_rows"": 82746}, {""fold"": 3, ""train_start"": ""2021-01-04"", ""train_end"": ""2023-09-07"", ""train_label_end_max"": ""2023-09-14"", ""validation_start"": ""2023-09-15"", ""validation_end"": ""2024-08-07"", ""train_rows"": 244929, ""validation_rows"": 83453}, {""fold"": 4, ""train_start"": ""2021-01-04"", ""train_end"": ""2024-07-31"", ""train_label_end_max"": ""2024-08-07"", ""validation_start"": ""2024-08-08"", ""validation_end"": ""2025-07-03"", ""train_rows"": 328410, ""validation_rows"": 83231}]",0.5,0.41914370550110147,0.4124961705537183,0.4260090049892508,0.3704944936039242,0.38263140809848994,True,7.194,9eabd4bf8d11,1ce27fb1a1b3d44ec9cb69414ae816f1ddbf6d384fdf977ef1434bf53d8254e5,rolling_recent_cv_oof_threshold,ok,manual-parallel-45m-20260722_150132 strategy=log-grid round=1 index=56
LR_20260722_150929_905035,2026-07-22T15:09:39,logistic_regression,Logistic Regression,"{""C"": 3.78577249019e-05, ""solver"": ""liblinear""}",0.45162018149956934,0.04287031228553676,"[0.48674766618192056, 0.500949960365892, 0.41705877724447243, 0.40172432220599236]",0.4072148881040675,0.027109945244284298,0.5267607198668841,0.1226413885640842,"[0.372159753232546, 0.44431300776716365, 0.39329811231152795, 0.41908867910503234]","[0.7032907445690852, 0.5741354944769705, 0.4438749874384484, 0.3857416529830323]","[{""fold"": 1, ""train_start"": ""2021-01-04"", ""train_end"": ""2021-11-18"", ""train_label_end_max"": ""2021-11-25"", ""validation_start"": ""2021-11-26"", ""validation_end"": ""2022-10-20"", ""train_rows"": 78914, ""validation_rows"": 83274}, {""fold"": 2, ""train_start"": ""2021-01-04"", ""train_end"": ""2022-10-13"", ""train_label_end_max"": ""2022-10-20"", ""validation_start"": ""2022-10-21"", ""validation_end"": ""2023-09-14"", ""train_rows"": 162231, ""validation_rows"": 82746}, {""fold"": 3, ""train_start"": ""2021-01-04"", ""train_end"": ""2023-09-07"", ""train_label_end_max"": ""2023-09-14"", ""validation_start"": ""2023-09-15"", ""validation_end"": ""2024-08-07"", ""train_rows"": 244929, ""validation_rows"": 83453}, {""fold"": 4, ""train_start"": ""2021-01-04"", ""train_end"": ""2024-07-31"", ""train_label_end_max"": ""2024-08-07"", ""validation_start"": ""2024-08-08"", ""validation_end"": ""2025-07-03"", ""train_rows"": 328410, ""validation_rows"": 83231}]",0.49,0.4583655617590392,0.40447249058406703,0.5288281345069565,0.3704944936039242,0.4844035539097817,True,10.065,9eabd4bf8d11,1ce27fb1a1b3d44ec9cb69414ae816f1ddbf6d384fdf977ef1434bf53d8254e5,rolling_recent_cv_oof_threshold,ok,manual-parallel-45m-20260722_150132 strategy=log-grid round=1 index=57
LR_20260722_150939_968273,2026-07-22T15:09:46,logistic_regression,Logistic Regression,"{""C"": 3.78577249019e-05, ""solver"": ""lbfgs""}",0.4506154136613635,0.04275411538742259,"[0.48632254575804956, 0.49928003031451307, 0.4158159233856949, 0.40104315518719635]",0.4074236936878738,0.027035964490015996,0.5239388178141674,0.12245866816967955,"[0.3723002159827214, 0.44416477515338115, 0.3935976065818998, 0.4196321770334928]","[0.7010200969261531, 0.570011247945087, 0.4406927276990587, 0.3840311986863711]","[{""fold"": 1, ""train_start"": ""2021-01-04"", ""train_end"": ""2021-11-18"", ""train_label_end_max"": ""2021-11-25"", ""validation_start"": ""2021-11-26"", ""validation_end"": ""2022-10-20"", ""train_rows"": 78914, ""validation_rows"": 83274}, {""fold"": 2, ""train_start"": ""2021-01-04"", ""train_end"": ""2022-10-13"", ""train_label_end_max"": ""2022-10-20"", ""validation_start"": ""2022-10-21"", ""validation_end"": ""2023-09-14"", ""train_rows"": 162231, ""validation_rows"": 82746}, {""fold"": 3, ""train_start"": ""2021-01-04"", ""train_end"": ""2023-09-07"", ""train_label_end_max"": ""2023-09-14"", ""validation_start"": ""2023-09-15"", ""validation_end"": ""2024-08-07"", ""train_rows"": 244929, ""validation_rows"": 83453}, {""fold"": 4, ""train_start"": ""2021-01-04"", ""train_end"": ""2024-07-31"", ""train_label_end_max"": ""2024-08-07"", ""validation_start"": ""2024-08-08"", ""validation_end"": ""2025-07-03"", ""train_rows"": 328410, ""validation_rows"": 83231}]",0.49,0.45736316530217036,0.4046020195464134,0.5259481604672859,0.3704944936039242,0.48161128210060594,True,6.713,9eabd4bf8d11,1ce27fb1a1b3d44ec9cb69414ae816f1ddbf6d384fdf977ef1434bf53d8254e5,rolling_recent_cv_oof_threshold,ok,manual-parallel-45m-20260722_150132 strategy=log-grid round=1 index=58
LR_20260722_150946_687505,2026-07-22T15:09:55,logistic_regression,Logistic Regression,"{""C"": 1.8973808415e-05, ""solver"": ""liblinear""}",0.4123668045330623,0.04987551970734535,"[0.4627333280678198, 0.46154275663753874, 0.36711533870760416, 0.35807579471928624]",0.416433953910626,0.026507917159158283,0.42802411289492115,0.11656076389179847,"[0.3783120600959986, 0.4472338698769106, 0.40627540237359777, 0.43391448329599686]","[0.5956552682414342, 0.47679750814754995, 0.3348407195256758, 0.30480295566502463]","[{""fold"": 1, ""train_start"": ""2021-01-04"", ""train_end"": ""2021-11-18"", ""train_label_end_max"": ""2021-11-25"", ""validation_start"": ""2021-11-26"", ""validation_end"": ""2022-10-20"", ""train_rows"": 78914, ""validation_rows"": 83274}, {""fold"": 2, ""train_start"": ""2021-01-04"", ""train_end"": ""2022-10-13"", ""train_label_end_max"": ""2022-10-20"", ""validation_start"": ""2022-10-21"", ""validation_end"": ""2023-09-14"", ""train_rows"": 162231, ""validation_rows"": 82746}, {""fold"": 3, ""train_start"": ""2021-01-04"", ""train_end"": ""2023-09-07"", ""train_label_end_max"": ""2023-09-14"", ""validation_start"": ""2023-09-15"", ""validation_end"": ""2024-08-07"", ""train_rows"": 244929, ""validation_rows"": 83453}, {""fold"": 4, ""train_start"": ""2021-01-04"", ""train_end"": ""2024-07-31"", ""train_label_end_max"": ""2024-08-07"", ""validation_start"": ""2024-08-08"", ""validation_end"": ""2025-07-03"", ""train_rows"": 328410, ""validation_rows"": 83231}]",0.5,0.42103507566702536,0.4123613509435136,0.4300815316594329,0.3704944936039242,0.3864155525632394,True,9.066,9eabd4bf8d11,1ce27fb1a1b3d44ec9cb69414ae816f1ddbf6d384fdf977ef1434bf53d8254e5,rolling_recent_cv_oof_threshold,ok,manual-parallel-45m-20260722_150132 strategy=log-grid round=1 index=59
LR_20260722_150955_754197,2026-07-22T15:10:02,logistic_regression,Logistic Regression,"{""C"": 1.8973808415e-05, ""solver"": ""lbfgs""}",0.4109411332376459,0.05007174457430036,"[0.4624539828730521, 0.4593536436479982, 0.3653849703726949, 0.35657193605683835]",0.4169498115730533,0.02650877535512651,0.42490626566208095,0.11679320560648838,"[0.37865168539325844, 0.4473324587296381, 0.4069490131578947, 0.4348660890114218]","[0.5938929745484123, 0.47203876214922275, 0.3315244699025224, 0.3021688560481664]","[{""fold"": 1, ""train_start"": ""2021-01-04"", ""train_end"": ""2021-11-18"", ""train_label_end_max"": ""2021-11-25"", ""validation_start"": ""2021-11-26"", ""validation_end"": ""2022-10-20"", ""train_rows"": 78914, ""validation_rows"": 83274}, {""fold"": 2, ""train_start"": ""2021-01-04"", ""train_end"": ""2022-10-13"", ""train_label_end_max"": ""2022-10-20"", ""validation_start"": ""2022-10-21"", ""validation_end"": ""2023-09-14"", ""train_rows"": 162231, ""validation_rows"": 82746}, {""fold"": 3, ""train_start"": ""2021-01-04"", ""train_end"": ""2023-09-07"", ""train_label_end_max"": ""2023-09-14"", ""validation_start"": ""2023-09-15"", ""validation_end"": ""2024-08-07"", ""train_rows"": 244929, ""validation_rows"": 83453}, {""fold"": 4, ""train_start"": ""2021-01-04"", ""train_end"": ""2024-07-31"", ""train_label_end_max"": ""2024-08-07"", ""validation_start"": ""2024-08-08"", ""validation_end"": ""2025-07-03"", ""train_rows"": 328410, ""validation_rows"": 83231}]",0.5,0.41968376767092697,0.4127137254901961,0.4268932787084736,0.3704944936039242,0.38322352601712034,True,6.916,9eabd4bf8d11,1ce27fb1a1b3d44ec9cb69414ae816f1ddbf6d384fdf977ef1434bf53d8254e5,rolling_recent_cv_oof_threshold,ok,manual-parallel-45m-20260722_150132 strategy=log-grid round=1 index=60
LR_20260722_151002_670538,2026-07-22T15:10:12,logistic_regression,Logistic Regression,"{""C"": 4.34664839478e-05, ""solver"": ""liblinear""}",0.4502641250139194,0.04269081166398437,"[0.48617663710133985, 0.4986976861803009, 0.4150686665400924, 0.4011135102339442]",0.4073509624460518,0.026797298012201716,0.5227779150523763,0.12151914123070677,"[0.3728494672286846, 0.44399666794245446, 0.39330155017840546, 0.41925616443466257]","[0.6984783271766022, 0.5687710898970381, 0.4393863263323619, 0.384475916803503]","[{""fold"": 1, ""train_start"": ""2021-01-04"", ""train_end"": ""2021-11-18"", ""train_label_end_max"": ""2021-11-25"", ""validation_start"": ""2021-11-26"", ""validation_end"": ""2022-10-20"", ""train_rows"": 78914, ""validation_rows"": 83274}, {""fold"": 2, ""train_start"": ""2021-01-04"", ""train_end"": ""2022-10-13"", ""train_label_end_max"": ""2022-10-20"", ""validation_start"": ""2022-10-21"", ""validation_end"": ""2023-09-14"", ""train_rows"": 162231, ""validation_rows"": 82746}, {""fold"": 3, ""train_start"": ""2021-01-04"", ""train_end"": ""2023-09-07"", ""train_label_end_max"": ""2023-09-14"", ""validation_start"": ""2023-09-15"", ""validation_end"": ""2024-08-07"", ""train_rows"": 244929, ""validation_rows"": 83453}, {""fold"": 4, ""train_start"": ""2021-01-04"", ""train_end"": ""2024-07-31"", ""train_label_end_max"": ""2024-08-07"", ""validation_start"": ""2024-08-08"", ""validation_end"": ""2025-07-03"", ""train_rows"": 328410, ""validation_rows"": 83231}]",0.49,0.45696302235471553,0.40466806796286564,0.5247799456455604,0.3704944936039242,0.4804631143599115,True,9.825,9eabd4bf8d11,1ce27fb1a1b3d44ec9cb69414ae816f1ddbf6d384fdf977ef1434bf53d8254e5,rolling_recent_cv_oof_threshold,ok,manual-parallel-45m-20260722_150132 strategy=log-grid round=1 index=61
LR_20260722_151012_501029,2026-07-22T15:10:18,logistic_regression,Logistic Regression,"{""C"": 4.34664839478e-05, ""solver"": ""lbfgs""}",0.4494991614621834,0.04273158985468053,"[0.4860566242851066, 0.4974496916791433, 0.4142256092720489, 0.40026472061243473]",0.40759824600174976,0.02670863997383254,0.5205322205677738,0.12157313785455118,"[0.373124580468424, 0.4440995899503863, 0.3937281178317035, 0.41944069575648524]","[0.6970210458535263, 0.5653678654861131, 0.43697450842461394, 0.3827654625068418]","[{""fold"": 1, ""train_start"": ""2021-01-04"", ""train_end"": ""2021-11-18"", ""train_label_end_max"": ""2021-11-25"", ""validation_start"": ""2021-11-26"", ""validation_end"": ""2022-10-20"", ""train_rows"": 78914, ""validation_rows"": 83274}, {""fold"": 2, ""train_start"": ""2021-01-04"", ""train_end"": ""2022-10-13"", ""train_label_end_max"": ""2022-10-20"", ""validation_start"": ""2022-10-21"", ""validation_end"": ""2023-09-14"", ""train_rows"": 162231, ""validation_rows"": 82746}, {""fold"": 3, ""train_start"": ""2021-01-04"", ""train_end"": ""2023-09-07"", ""train_label_end_max"": ""2023-09-14"", ""validation_start"": ""2023-09-15"", ""validation_end"": ""2024-08-07"", ""train_rows"": 244929, ""validation_rows"": 83453}, {""fold"": 4, ""train_start"": ""2021-01-04"", ""train_end"": ""2024-07-31"", ""train_label_end_max"": ""2024-08-07"", ""validation_start"": ""2024-08-08"", ""validation_end"": ""2025-07-03"", ""train_rows"": 328410, ""validation_rows"": 83231}]",0.49,0.4562239892326492,0.4048783554410008,0.5224840790167525,0.3704944936039242,0.4781126767336732,True,5.756,9eabd4bf8d11,1ce27fb1a1b3d44ec9cb69414ae816f1ddbf6d384fdf977ef1434bf53d8254e5,rolling_recent_cv_oof_threshold,ok,manual-parallel-45m-20260722_150132 strategy=log-grid round=1 index=62
LR_20260722_151018_259230,2026-07-22T15:10:24,logistic_regression,Logistic Regression,"{""C"": 1.65254962923e-05, ""solver"": ""liblinear""}",0.41262567291200386,0.04993288784769851,"[0.46244252078474773, 0.4624514187805592, 0.3675227776861171, 0.35808597439659157]",0.4163614482146192,0.026570995916268953,0.4285043684636072,0.11625997161657145,"[0.37829273550334125, 0.4472436277415531, 0.40589569160997735, 0.434013738003605]","[0.5947402311315959, 0.4787298474317192, 0.33577864871202223, 0.3047687465790914]","[{""fold"": 1, ""train_start"": ""2021-01-04"", ""train_end"": ""2021-11-18"", ""train_label_end_max"": ""2021-11-25"", ""validation_start"": ""2021-11-26"", ""validation_end"": ""2022-10-20"", ""train_rows"": 78914, ""validation_rows"": 83274}, {""fold"": 2, ""train_start"": ""2021-01-04"", ""train_end"": ""2022-10-13"", ""train_label_end_max"": ""2022-10-20"", ""validation_start"": ""2022-10-21"", ""validation_end"": ""2023-09-14"", ""train_rows"": 162231, ""validation_rows"": 82746}, {""fold"": 3, ""train_start"": ""2021-01-04"", ""train_end"": ""2023-09-07"", ""train_label_end_max"": ""2023-09-14"", ""validation_start"": ""2023-09-15"", ""validation_end"": ""2024-08-07"", ""train_rows"": 244929, ""validation_rows"": 83453}, {""fold"": 4, ""train_start"": ""2021-01-04"", ""train_end"": ""2024-07-31"", ""train_label_end_max"": ""2024-08-07"", ""validation_start"": ""2024-08-08"", ""validation_end"": ""2025-07-03"", ""train_rows"": 328410, ""validation_rows"": 83231}]",0.5,0.4212911521000667,0.4123532747597629,0.4306250760556525,0.3704944936039242,0.3869114888910263,True,5.979,9eabd4bf8d11,1ce27fb1a1b3d44ec9cb69414ae816f1ddbf6d384fdf977ef1434bf53d8254e5,rolling_recent_cv_oof_threshold,ok,manual-parallel-45m-20260722_150132 strategy=log-grid round=1 index=63
LR_20260722_151024_239764,2026-07-22T15:10:29,logistic_regression,Logistic Regression,"{""C"": 1.65254962923e-05, ""solver"": ""lbfgs""}",0.4108532422599551,0.05038533358376385,"[0.4621559178823685, 0.4601078355857433, 0.36509487893484793, 0.3560543366368609]",0.4165326584422763,0.02648871419847403,0.42506652425837504,0.1168176505009445,"[0.3785414594056836, 0.44721224000871174, 0.40612948223516865, 0.43424745211954113]","[0.593181279018538, 0.47376921523952353, 0.33159146484440427, 0.3017241379310345]","[{""fold"": 1, ""train_start"": ""2021-01-04"", ""train_end"": ""2021-11-18"", ""train_label_end_max"": ""2021-11-25"", ""validation_start"": ""2021-11-26"", ""validation_end"": ""2022-10-20"", ""train_rows"": 78914, ""validation_rows"": 83274}, {""fold"": 2, ""train_start"": ""2021-01-04"", ""train_end"": ""2022-10-13"", ""train_label_end_max"": ""2022-10-20"", ""validation_start"": ""2022-10-21"", ""validation_end"": ""2023-09-14"", ""train_rows"": 162231, ""validation_rows"": 82746}, {""fold"": 3, ""train_start"": ""2021-01-04"", ""train_end"": ""2023-09-07"", ""train_label_end_max"": ""2023-09-14"", ""validation_start"": ""2023-09-15"", ""validation_end"": ""2024-08-07"", ""train_rows"": 244929, ""validation_rows"": 83453}, {""fold"": 4, ""train_start"": ""2021-01-04"", ""train_end"": ""2024-07-31"", ""train_label_end_max"": ""2024-08-07"", ""validation_start"": ""2024-08-08"", ""validation_end"": ""2025-07-03"", ""train_rows"": 328410, ""validation_rows"": 83231}]",0.5,0.41964769647696476,0.4124319454780463,0.4271204315904758,0.3704944936039242,0.3836894055977686,True,5.019,9eabd4bf8d11,1ce27fb1a1b3d44ec9cb69414ae816f1ddbf6d384fdf977ef1434bf53d8254e5,rolling_recent_cv_oof_threshold,ok,manual-parallel-45m-20260722_150132 strategy=log-grid round=1 index=64
LR_20260722_151029_261267,2026-07-22T15:10:36,logistic_regression,Logistic Regression,"{""C"": 4.99062009584e-05, ""solver"": ""liblinear""}",0.4492777702691548,0.04253834792083186,"[0.48568989637919996, 0.4971171674582815, 0.413252571501248, 0.4010514457378896]",0.407762834341088,0.026731108134090416,0.5194088453161937,0.1204941063326713,"[0.3735115519976659, 0.444121718214618, 0.39327644638102155, 0.42014162077104644]","[0.6941742637340292, 0.5644737980561244, 0.4353666298194486, 0.38362068965517243]","[{""fold"": 1, ""train_start"": ""2021-01-04"", ""train_end"": ""2021-11-18"", ""train_label_end_max"": ""2021-11-25"", ""validation_start"": ""2021-11-26"", ""validation_end"": ""2022-10-20"", ""train_rows"": 78914, ""validation_rows"": 83274}, {""fold"": 2, ""train_start"": ""2021-01-04"", ""train_end"": ""2022-10-13"", ""train_label_end_max"": ""2022-10-20"", ""validation_start"": ""2022-10-21"", ""validation_end"": ""2023-09-14"", ""train_rows"": 162231, ""validation_rows"": 82746}, {""fold"": 3, ""train_start"": ""2021-01-04"", ""train_end"": ""2023-09-07"", ""train_label_end_max"": ""2023-09-14"", ""validation_start"": ""2023-09-15"", ""validation_end"": ""2024-08-07"", ""train_rows"": 244929, ""validation_rows"": 83453}, {""fold"": 4, ""train_start"": ""2021-01-04"", ""train_end"": ""2024-07-31"", ""train_label_end_max"": ""2024-08-07"", ""validation_start"": ""2024-08-08"", ""validation_end"": ""2025-07-03"", ""train_rows"": 328410, ""validation_rows"": 83231}]",0.49,0.4559295099179886,0.40508802561662055,0.5213645398125989,0.3704944936039242,0.4768412763297105,True,7.017,9eabd4bf8d11,1ce27fb1a1b3d44ec9cb69414ae816f1ddbf6d384fdf977ef1434bf53d8254e5,rolling_recent_cv_oof_threshold,ok,manual-parallel-45m-20260722_150132 strategy=log-grid round=1 index=65
LR_20260722_151036_271757,2026-07-22T15:10:41,logistic_regression,Logistic Regression,"{""C"": 4.99062009584e-05, ""solver"": ""lbfgs""}",0.4484273259352003,0.042509328411649235,"[0.48514298613503787, 0.49596106311953725, 0.41228993271469117, 0.40031532177153506]",0.4078481222971616,0.026763424070734603,0.5171350894511526,0.12019222876479244,"[0.37351359262376055, 0.44422888183872367, 0.3933972310969116, 0.42025278362925067]","[0.6919375063544244, 0.5613301416087445, 0.43308880179546444, 0.382183908045977]","[{""fold"": 1, ""train_start"": ""2021-01-04"", ""train_end"": ""2021-11-18"", ""train_label_end_max"": ""2021-11-25"", ""validation_start"": ""2021-11-26"", ""validation_end"": ""2022-10-20"", ""train_rows"": 78914, ""validation_rows"": 83274}, {""fold"": 2, ""train_start"": ""2021-01-04"", ""train_end"": ""2022-10-13"", ""train_label_end_max"": ""2022-10-20"", ""validation_start"": ""2022-10-21"", ""validation_end"": ""2023-09-14"", ""train_rows"": 162231, ""validation_rows"": 82746}, {""fold"": 3, ""train_start"": ""2021-01-04"", ""train_end"": ""2023-09-07"", ""train_label_end_max"": ""2023-09-14"", ""validation_start"": ""2023-09-15"", ""validation_end"": ""2024-08-07"", ""train_rows"": 244929, ""validation_rows"": 83453}, {""fold"": 4, ""train_start"": ""2021-01-04"", ""train_end"": ""2024-07-31"", ""train_label_end_max"": ""2024-08-07"", ""validation_start"": ""2024-08-08"", ""validation_end"": ""2025-07-03"", ""train_rows"": 328410, ""validation_rows"": 83231}]",0.49,0.4550747006461846,0.40513791443985714,0.5190524479779337,0.3704944936039242,0.4746681735115899,True,5.063,9eabd4bf8d11,1ce27fb1a1b3d44ec9cb69414ae816f1ddbf6d384fdf977ef1434bf53d8254e5,rolling_recent_cv_oof_threshold,ok,manual-parallel-45m-20260722_150132 strategy=log-grid round=1 index=66
LR_20260722_151041_344463,2026-07-22T15:10:47,logistic_regression,Logistic Regression,"{""C"": 1.43931055765e-05, ""solver"": ""liblinear""}",0.41294637641924914,0.050242334545880715,"[0.4622887723090713, 0.4638289590747331, 0.3678804855275444, 0.3577872887656479]",0.41629291323407813,0.02666640271076036,0.42914118051840916,0.11627058272732703,"[0.378265277508143, 0.4477095241928991, 0.40564437984496127, 0.4335524713903092]","[0.5942996577083404, 0.48115248175814035, 0.33654909054366394, 0.30456349206349204]","[{""fold"": 1, ""train_start"": ""2021-01-04"", ""train_end"": ""2021-11-18"", ""train_label_end_max"": ""2021-11-25"", ""validation_start"": ""2021-11-26"", ""validation_end"": ""2022-10-20"", ""train_rows"": 78914, ""validation_rows"": 83274}, {""fold"": 2, ""train_start"": ""2021-01-04"", ""train_end"": ""2022-10-13"", ""train_label_end_max"": ""2022-10-20"", ""validation_start"": ""2022-10-21"", ""validation_end"": ""2023-09-14"", ""train_rows"": 162231, ""validation_rows"": 82746}, {""fold"": 3, ""train_start"": ""2021-01-04"", ""train_end"": ""2023-09-07"", ""train_label_end_max"": ""2023-09-14"", ""validation_start"": ""2023-09-15"", ""validation_end"": ""2024-08-07"", ""train_rows"": 244929, ""validation_rows"": 83453}, {""fold"": 4, ""train_start"": ""2021-01-04"", ""train_end"": ""2024-07-31"", ""train_label_end_max"": ""2024-08-07"", ""validation_start"": ""2024-08-08"", ""validation_end"": ""2025-07-03"", ""train_rows"": 328410, ""validation_rows"": 83231}]",0.5,0.42165827352393037,0.4124025596276905,0.43133898511337365,0.3704944936039242,0.3875066124843705,True,5.829,9eabd4bf8d11,1ce27fb1a1b3d44ec9cb69414ae816f1ddbf6d384fdf977ef1434bf53d8254e5,rolling_recent_cv_oof_threshold,ok,manual-parallel-45m-20260722_150132 strategy=log-grid round=1 index=67
LR_20260722_151047_172631,2026-07-22T15:10:51,logistic_regression,Logistic Regression,"{""C"": 1.43931055765e-05, ""solver"": ""lbfgs""}",0.4111355240395448,0.05039462022701731,"[0.46150391037835553, 0.461325619418941, 0.3656753521775159, 0.35603721418336665]",0.41645925812339296,0.02669033686827575,0.42559090266752664,0.1164124670521245,"[0.3781636320336011, 0.44748685137992733, 0.40606085391787994, 0.4341256951621635]","[0.5919612295387535, 0.47604764514175296, 0.33259638897263255, 0.3017583470169677]","[{""fold"": 1, ""train_start"": ""2021-01-04"", ""train_end"": ""2021-11-18"", ""train_label_end_max"": ""2021-11-25"", ""validation_start"": ""2021-11-26"", ""validation_end"": ""2022-10-20"", ""train_rows"": 78914, ""validation_rows"": 83274}, {""fold"": 2, ""train_start"": ""2021-01-04"", ""train_end"": ""2022-10-13"", ""train_label_end_max"": ""2022-10-20"", ""validation_start"": ""2022-10-21"", ""validation_end"": ""2023-09-14"", ""train_rows"": 162231, ""validation_rows"": 82746}, {""fold"": 3, ""train_start"": ""2021-01-04"", ""train_end"": ""2023-09-07"", ""train_label_end_max"": ""2023-09-14"", ""validation_start"": ""2023-09-15"", ""validation_end"": ""2024-08-07"", ""train_rows"": 244929, ""validation_rows"": 83453}, {""fold"": 4, ""train_start"": ""2021-01-04"", ""train_end"": ""2024-07-31"", ""train_label_end_max"": ""2024-08-07"", ""validation_start"": ""2024-08-08"", ""validation_end"": ""2025-07-03"", ""train_rows"": 328410, ""validation_rows"": 83231}]",0.5,0.4199178849194181,0.4123945997528276,0.4277207642071959,0.3704944936039242,0.3842634894681158,True,4.483,9eabd4bf8d11,1ce27fb1a1b3d44ec9cb69414ae816f1ddbf6d384fdf977ef1434bf53d8254e5,rolling_recent_cv_oof_threshold,ok,manual-parallel-45m-20260722_150132 strategy=log-grid round=1 index=68
LR_20260722_151051_655198,2026-07-22T15:10:58,logistic_regression,Logistic Regression,"{""C"": 5.72999853655e-05, ""solver"": ""liblinear""}",0.4482277869112958,0.042162699623014416,"[0.484537310588011, 0.49550663488380986, 0.4120724859622256, 0.40079471621113677]",0.4078134341630743,0.0266701880186902,0.5163589959469881,0.11898110911577887,"[0.3735878171096864, 0.4439875730994152, 0.3933607431094868, 0.42031760333370877]","[0.6892262852882367, 0.5605514377181092, 0.4326533346732322, 0.3830049261083744]","[{""fold"": 1, ""train_start"": ""2021-01-04"", ""train_end"": ""2021-11-18"", ""train_label_end_max"": ""2021-11-25"", ""validation_start"": ""2021-11-26"", ""validation_end"": ""2022-10-20"", ""train_rows"": 78914, ""validation_rows"": 83274}, {""fold"": 2, ""train_start"": ""2021-01-04"", ""train_end"": ""2022-10-13"", ""train_label_end_max"": ""2022-10-20"", ""validation_start"": ""2022-10-21"", ""validation_end"": ""2023-09-14"", ""train_rows"": 162231, ""validation_rows"": 82746}, {""fold"": 3, ""train_start"": ""2021-01-04"", ""train_end"": ""2023-09-07"", ""train_label_end_max"": ""2023-09-14"", ""validation_start"": ""2023-09-15"", ""validation_end"": ""2024-08-07"", ""train_rows"": 244929, ""validation_rows"": 83453}, {""fold"": 4, ""train_start"": ""2021-01-04"", ""train_end"": ""2024-07-31"", ""train_label_end_max"": ""2024-08-07"", ""validation_start"": ""2024-08-08"", ""validation_end"": ""2025-07-03"", ""train_rows"": 328410, ""validation_rows"": 83231}]",0.49,0.4547784303256807,0.4051431651710689,0.5182736380967834,0.3704944936039242,0.4739498172549774,True,6.767,9eabd4bf8d11,1ce27fb1a1b3d44ec9cb69414ae816f1ddbf6d384fdf977ef1434bf53d8254e5,rolling_recent_cv_oof_threshold,ok,manual-parallel-45m-20260722_150132 strategy=log-grid round=1 index=69
LR_20260722_151058_424624,2026-07-22T15:11:03,logistic_regression,Logistic Regression,"{""C"": 5.72999853655e-05, ""solver"": ""lbfgs""}",0.44739446383323866,0.04214340878556128,"[0.48413465554481555, 0.4942719787244924, 0.41110666559974396, 0.40006455546390274]",0.40789499490323994,0.026621220358740063,0.5141933312465543,0.11887332926220914,"[0.37362779046636707, 0.44394680631158273, 0.39360137288551117, 0.4204040099494988]","[0.6874639915952147, 0.5574654630404061, 0.4302415167654842, 0.3816023535851122]","[{""fold"": 1, ""train_start"": ""2021-01-04"", ""train_end"": ""2021-11-18"", ""train_label_end_max"": ""2021-11-25"", ""validation_start"": ""2021-11-26"", ""validation_end"": ""2022-10-20"", ""train_rows"": 78914, ""validation_rows"": 83274}, {""fold"": 2, ""train_start"": ""2021-01-04"", ""train_end"": ""2022-10-13"", ""train_label_end_max"": ""2022-10-20"", ""validation_start"": ""2022-10-21"", ""validation_end"": ""2023-09-14"", ""train_rows"": 162231, ""validation_rows"": 82746}, {""fold"": 3, ""train_start"": ""2021-01-04"", ""train_end"": ""2023-09-07"", ""train_label_end_max"": ""2023-09-14"", ""validation_start"": ""2023-09-15"", ""validation_end"": ""2024-08-07"", ""train_rows"": 244929, ""validation_rows"": 83453}, {""fold"": 4, ""train_start"": ""2021-01-04"", ""train_end"": ""2024-07-31"", ""train_label_end_max"": ""2024-08-07"", ""validation_start"": ""2024-08-08"", ""validation_end"": ""2025-07-03"", ""train_rows"": 328410, ""validation_rows"": 83231}]",0.49,0.4539538003725086,0.4051860863583381,0.5160670101001906,0.3704944936039242,0.47188191305184185,True,5.234,9eabd4bf8d11,1ce27fb1a1b3d44ec9cb69414ae816f1ddbf6d384fdf977ef1434bf53d8254e5,rolling_recent_cv_oof_threshold,ok,manual-parallel-45m-20260722_150132 strategy=log-grid round=1 index=70
LR_20260722_151103_662011,2026-07-22T15:11:09,logistic_regression,Logistic Regression,"{""C"": 1.25358709036e-05, ""solver"": ""liblinear""}",0.41317299261142315,0.050299434676374565,"[0.46214477777191965, 0.4644874731070858, 0.36850951876347426, 0.35755020080321287]",0.41601055238839674,0.026632424649909704,0.4297703445024587,0.1161171468471145,"[0.3781411099846854, 0.4477148667451568, 0.4053293677906837, 0.4328568650330611]","[0.5941302063917037, 0.48256568511521936, 0.33782199443941985, 0.30456349206349204]","[{""fold"": 1, ""train_start"": ""2021-01-04"", ""train_end"": ""2021-11-18"", ""train_label_end_max"": ""2021-11-25"", ""validation_start"": ""2021-11-26"", ""validation_end"": ""2022-10-20"", ""train_rows"": 78914, ""validation_rows"": 83274}, {""fold"": 2, ""train_start"": ""2021-01-04"", ""train_end"": ""2022-10-13"", ""train_label_end_max"": ""2022-10-20"", ""validation_start"": ""2022-10-21"", ""validation_end"": ""2023-09-14"", ""train_rows"": 162231, ""validation_rows"": 82746}, {""fold"": 3, ""train_start"": ""2021-01-04"", ""train_end"": ""2023-09-07"", ""train_label_end_max"": ""2023-09-14"", ""validation_start"": ""2023-09-15"", ""validation_end"": ""2024-08-07"", ""train_rows"": 244929, ""validation_rows"": 83453}, {""fold"": 4, ""train_start"": ""2021-01-04"", ""train_end"": ""2024-07-31"", ""train_label_end_max"": ""2024-08-07"", ""validation_start"": ""2024-08-08"", ""validation_end"": ""2025-07-03"", ""train_rows"": 328410, ""validation_rows"": 83231}]",0.5,0.4218786517566063,0.412216872319673,0.4320042185535229,0.3704944936039242,0.38827907088583247,True,5.588,9eabd4bf8d11,1ce27fb1a1b3d44ec9cb69414ae816f1ddbf6d384fdf977ef1434bf53d8254e5,rolling_recent_cv_oof_threshold,ok,manual-parallel-45m-20260722_150132 strategy=log-grid round=1 index=71
LR_20260722_151109_248275,2026-07-22T15:11:13,logistic_regression,Logistic Regression,"{""C"": 1.25358709036e-05, ""solver"": ""lbfgs""}",0.4116787023771437,0.050527152931203835,"[0.4616340067918445, 0.46247645622602024, 0.36679940542822015, 0.3558049410624899]",0.4164443975920394,0.026773607971469958,0.4265741382780176,0.11627097754998533,"[0.3783245256865633, 0.4479217339603265, 0.4056006493506494, 0.43393068137061835]","[0.5919951198020809, 0.47800882531076055, 0.3347737245837939, 0.30151888341543515]","[{""fold"": 1, ""train_start"": ""2021-01-04"", ""train_end"": ""2021-11-18"", ""train_label_end_max"": ""2021-11-25"", ""validation_start"": ""2021-11-26"", ""validation_end"": ""2022-10-20"", ""train_rows"": 78914, ""validation_rows"": 83274}, {""fold"": 2, ""train_start"": ""2021-01-04"", ""train_end"": ""2022-10-13"", ""train_label_end_max"": ""2022-10-20"", ""validation_start"": ""2022-10-21"", ""validation_end"": ""2023-09-14"", ""train_rows"": 162231, ""validation_rows"": 82746}, {""fold"": 3, ""train_start"": ""2021-01-04"", ""train_end"": ""2023-09-07"", ""train_label_end_max"": ""2023-09-14"", ""validation_start"": ""2023-09-15"", ""validation_end"": ""2024-08-07"", ""train_rows"": 244929, ""validation_rows"": 83453}, {""fold"": 4, ""train_start"": ""2021-01-04"", ""train_end"": ""2024-07-31"", ""train_label_end_max"": ""2024-08-07"", ""validation_start"": ""2024-08-08"", ""validation_end"": ""2025-07-03"", ""train_rows"": 328410, ""validation_rows"": 83231}]",0.5,0.420460557458302,0.41248458548616207,0.4287510647791344,0.3704944936039242,0.3851050783879965,True,4.579,9eabd4bf8d11,1ce27fb1a1b3d44ec9cb69414ae816f1ddbf6d384fdf977ef1434bf53d8254e5,rolling_recent_cv_oof_threshold,ok,manual-parallel-45m-20260722_150132 strategy=log-grid round=1 index=72
LR_20260722_151113_831775,2026-07-22T15:11:20,logistic_regression,Logistic Regression,"{""C"": 2.7743069577e-05, ""solver"": ""liblinear""}",0.4547172546215604,0.043079757162624896,"[0.48823325234293646, 0.5055641114809479, 0.4213730026863771, 0.40369865197598004]",0.4064981876858372,0.0274973893482973,0.5365888537485903,0.12517253929335703,"[0.37065860899812025, 0.4439718168531728, 0.3927516933943148, 0.4186106314977407]","[0.7150506659436744, 0.5869985291148733, 0.45449368572672766, 0.38981253420908596]","[{""fold"": 1, ""train_start"": ""2021-01-04"", ""train_end"": ""2021-11-18"", ""train_label_end_max"": ""2021-11-25"", ""validation_start"": ""2021-11-26"", ""validation_end"": ""2022-10-20"", ""train_rows"": 78914, ""validation_rows"": 83274}, {""fold"": 2, ""train_start"": ""2021-01-04"", ""train_end"": ""2022-10-13"", ""train_label_end_max"": ""2022-10-20"", ""validation_start"": ""2022-10-21"", ""validation_end"": ""2023-09-14"", ""train_rows"": 162231, ""validation_rows"": 82746}, {""fold"": 3, ""train_start"": ""2021-01-04"", ""train_end"": ""2023-09-07"", ""train_label_end_max"": ""2023-09-14"", ""validation_start"": ""2023-09-15"", ""validation_end"": ""2024-08-07"", ""train_rows"": 244929, ""validation_rows"": 83453}, {""fold"": 4, ""train_start"": ""2021-01-04"", ""train_end"": ""2024-07-31"", ""train_label_end_max"": ""2024-08-07"", ""validation_start"": ""2024-08-08"", ""validation_end"": ""2025-07-03"", ""train_rows"": 328410, ""validation_rows"": 83231}]",0.49,0.46153899610143223,0.40365762491415097,0.538798523506267,0.3704944936039242,0.4945326776954891,True,6.849,9eabd4bf8d11,1ce27fb1a1b3d44ec9cb69414ae816f1ddbf6d384fdf977ef1434bf53d8254e5,rolling_recent_cv_oof_threshold,ok,manual-parallel-45m-20260722_150132 strategy=log-grid round=2 index=73
LR_20260722_151120_677745,2026-07-22T15:11:25,logistic_regression,Logistic Regression,"{""C"": 2.7743069577e-05, ""solver"": ""lbfgs""}",0.45364242502669944,0.043140507714243985,"[0.4879400071861562, 0.5039845357610526, 0.4200352865864131, 0.40260987057317593]",0.4068106869485894,0.027438350241381942,0.5335097583673686,0.12551025107900587,"[0.37077681874229346, 0.44397082088240464, 0.39337310639293444, 0.41912200177672493]","[0.7133561527773071, 0.5827589190436363, 0.4505744816266372, 0.3873494800218938]","[{""fold"": 1, ""train_start"": ""2021-01-04"", ""train_end"": ""2021-11-18"", ""train_label_end_max"": ""2021-11-25"", ""validation_start"": ""2021-11-26"", ""validation_end"": ""2022-10-20"", ""train_rows"": 78914, ""validation_rows"": 83274}, {""fold"": 2, ""train_start"": ""2021-01-04"", ""train_end"": ""2022-10-13"", ""train_label_end_max"": ""2022-10-20"", ""validation_start"": ""2022-10-21"", ""validation_end"": ""2023-09-14"", ""train_rows"": 162231, ""validation_rows"": 82746}, {""fold"": 3, ""train_start"": ""2021-01-04"", ""train_end"": ""2023-09-07"", ""train_label_end_max"": ""2023-09-14"", ""validation_start"": ""2023-09-15"", ""validation_end"": ""2024-08-07"", ""train_rows"": 244929, ""validation_rows"": 83453}, {""fold"": 4, ""train_start"": ""2021-01-04"", ""train_end"": ""2024-07-31"", ""train_label_end_max"": ""2024-08-07"", ""validation_start"": ""2024-08-08"", ""validation_end"": ""2025-07-03"", ""train_rows"": 328410, ""validation_rows"": 83231}]",0.49,0.4605223237793672,0.40386685587062365,0.5356670587758082,0.3704944936039242,0.4914037703183611,True,5.091,9eabd4bf8d11,1ce27fb1a1b3d44ec9cb69414ae816f1ddbf6d384fdf977ef1434bf53d8254e5,rolling_recent_cv_oof_threshold,ok,manual-parallel-45m-20260722_150132 strategy=log-grid round=2 index=74
LR_20260722_151125_777653,2026-07-22T15:11:31,logistic_regression,Logistic Regression,"{""C"": 2.5891339e-05, ""solver"": ""liblinear""}",0.45551210343912746,0.043132055022786275,"[0.4883133655431662, 0.5070230802549347, 0.42224182490675827, 0.4044701430516507]",0.40628908002860836,0.027758431716279897,0.5391549440003498,0.12563613158384757,"[0.37007130872483224, 0.4440518512095725, 0.3924174433321827, 0.418615716847846]","[0.7175924356932253, 0.5908055259135351, 0.45697249857635747, 0.3912493158182813]","[{""fold"": 1, ""train_start"": ""2021-01-04"", ""train_end"": ""2021-11-18"", ""train_label_end_max"": ""2021-11-25"", ""validation_start"": ""2021-11-26"", ""validation_end"": ""2022-10-20"", ""train_rows"": 78914, ""validation_rows"": 83274}, {""fold"": 2, ""train_start"": ""2021-01-04"", ""train_end"": ""2022-10-13"", ""train_label_end_max"": ""2022-10-20"", ""validation_start"": ""2022-10-21"", ""validation_end"": ""2023-09-14"", ""train_rows"": 162231, ""validation_rows"": 82746}, {""fold"": 3, ""train_start"": ""2021-01-04"", ""train_end"": ""2023-09-07"", ""train_label_end_max"": ""2023-09-14"", ""validation_start"": ""2023-09-15"", ""validation_end"": ""2024-08-07"", ""train_rows"": 244929, ""validation_rows"": 83453}, {""fold"": 4, ""train_start"": ""2021-01-04"", ""train_end"": ""2024-07-31"", ""train_label_end_max"": ""2024-08-07"", ""validation_start"": ""2024-08-08"", ""validation_end"": ""2025-07-03"", ""train_rows"": 328410, ""validation_rows"": 83231}]",0.49,0.46233780628892474,0.40341407095319554,0.5414188942522208,0.3704944936039242,0.4972377849379629,True,6.183,9eabd4bf8d11,1ce27fb1a1b3d44ec9cb69414ae816f1ddbf6d384fdf977ef1434bf53d8254e5,rolling_recent_cv_oof_threshold,ok,manual-parallel-45m-20260722_150132 strategy=log-grid round=2 index=75
LR_20260722_151131_959866,2026-07-22T15:11:37,logistic_regression,Logistic Regression,"{""C"": 2.5891339e-05, ""solver"": ""lbfgs""}",0.4542765718652786,0.04342062748230553,"[0.48829176437970034, 0.5053126048540432, 0.42077420960916107, 0.4027277086182096]",0.40648931584112863,0.027570844819743593,0.5358626205672078,0.12634591460198605,"[0.37040802019068986, 0.4439470696130666, 0.3928644062872251, 0.418737767273533]","[0.7162368251601315, 0.5863640296484296, 0.45295280206344424, 0.3878968253968254]","[{""fold"": 1, ""train_start"": ""2021-01-04"", ""train_end"": ""2021-11-18"", ""train_label_end_max"": ""2021-11-25"", ""validation_start"": ""2021-11-26"", ""validation_end"": ""2022-10-20"", ""train_rows"": 78914, ""validation_rows"": 83274}, {""fold"": 2, ""train_start"": ""2021-01-04"", ""train_end"": ""2022-10-13"", ""train_label_end_max"": ""2022-10-20"", ""validation_start"": ""2022-10-21"", ""validation_end"": ""2023-09-14"", ""train_rows"": 162231, ""validation_rows"": 82746}, {""fold"": 3, ""train_start"": ""2021-01-04"", ""train_end"": ""2023-09-07"", ""train_label_end_max"": ""2023-09-14"", ""validation_start"": ""2023-09-15"", ""validation_end"": ""2024-08-07"", ""train_rows"": 244929, ""validation_rows"": 83453}, {""fold"": 4, ""train_start"": ""2021-01-04"", ""train_end"": ""2024-07-31"", ""train_label_end_max"": ""2024-08-07"", ""validation_start"": ""2024-08-08"", ""validation_end"": ""2025-07-03"", ""train_rows"": 328410, ""validation_rows"": 83231}]",0.49,0.46121377535942143,0.4035655613020992,0.5380765018456172,0.3704944936039242,0.49398263922285274,True,5.169,9eabd4bf8d11,1ce27fb1a1b3d44ec9cb69414ae816f1ddbf6d384fdf977ef1434bf53d8254e5,rolling_recent_cv_oof_threshold,ok,manual-parallel-45m-20260722_150132 strategy=log-grid round=2 index=76
LR_20260722_151137_129063,2026-07-22T15:11:43,logistic_regression,Logistic Regression,"{""C"": 2.97272346383e-05, ""solver"": ""liblinear""}",0.454045413471932,0.042967588237394175,"[0.4877091989508136, 0.5046533358250794, 0.420263658179325, 0.4035554609325101]",0.4067906103066132,0.02756041533999128,0.5342390233397727,0.12449725308478739,"[0.3708587062042185, 0.44422267064397264, 0.3929081320474345, 0.4191729323308271]","[0.712068322770868, 0.5841144406310386, 0.4517133956386293, 0.389059934318555]","[{""fold"": 1, ""train_start"": ""2021-01-04"", ""train_end"": ""2021-11-18"", ""train_label_end_max"": ""2021-11-25"", ""validation_start"": ""2021-11-26"", ""validation_end"": ""2022-10-20"", ""train_rows"": 78914, ""validation_rows"": 83274}, {""fold"": 2, ""train_start"": ""2021-01-04"", ""train_end"": ""2022-10-13"", ""train_label_end_max"": ""2022-10-20"", ""validation_start"": ""2022-10-21"", ""validation_end"": ""2023-09-14"", ""train_rows"": 162231, ""validation_rows"": 82746}, {""fold"": 3, ""train_start"": ""2021-01-04"", ""train_end"": ""2023-09-07"", ""train_label_end_max"": ""2023-09-14"", ""validation_start"": ""2023-09-15"", ""validation_end"": ""2024-08-07"", ""train_rows"": 244929, ""validation_rows"": 83453}, {""fold"": 4, ""train_start"": ""2021-01-04"", ""train_end"": ""2024-07-31"", ""train_label_end_max"": ""2024-08-07"", ""validation_start"": ""2024-08-08"", ""validation_end"": ""2025-07-03"", ""train_rows"": 328410, ""validation_rows"": 83231}]",0.49,0.46083668740090256,0.40392180818570556,0.5364215308481727,0.3704944936039242,0.4920289506588439,True,6.358,9eabd4bf8d11,1ce27fb1a1b3d44ec9cb69414ae816f1ddbf6d384fdf977ef1434bf53d8254e5,rolling_recent_cv_oof_threshold,ok,manual-parallel-45m-20260722_150132 strategy=log-grid round=2 index=77
LR_20260722_151143_484224,2026-07-22T15:11:48,logistic_regression,Logistic Regression,"{""C"": 2.97272346383e-05, ""solver"": ""lbfgs""}",0.4530562543910879,0.042947418773922046,"[0.4874821214693536, 0.5030086945643335, 0.41916430350791983, 0.4025698980227447]",0.40713141802624536,0.027417430864285185,0.5312978472690987,0.12469391375815121,"[0.3710568242166755, 0.4441695020105165, 0.3937422735032672, 0.4195570723745224]","[0.7103738096045006, 0.5798171487901249, 0.44809566877700735, 0.3869047619047619]","[{""fold"": 1, ""train_start"": ""2021-01-04"", ""train_end"": ""2021-11-18"", ""train_label_end_max"": ""2021-11-25"", ""validation_start"": ""2021-11-26"", ""validation_end"": ""2022-10-20"", ""train_rows"": 78914, ""validation_rows"": 83274}, {""fold"": 2, ""train_start"": ""2021-01-04"", ""train_end"": ""2022-10-13"", ""train_label_end_max"": ""2022-10-20"", ""validation_start"": ""2022-10-21"", ""validation_end"": ""2023-09-14"", ""train_rows"": 162231, ""validation_rows"": 82746}, {""fold"": 3, ""train_start"": ""2021-01-04"", ""train_end"": ""2023-09-07"", ""train_label_end_max"": ""2023-09-14"", ""validation_start"": ""2023-09-15"", ""validation_end"": ""2024-08-07"", ""train_rows"": 244929, ""validation_rows"": 83453}, {""fold"": 4, ""train_start"": ""2021-01-04"", ""train_end"": ""2024-07-31"", ""train_label_end_max"": ""2024-08-07"", ""validation_start"": ""2024-08-08"", ""validation_end"": ""2025-07-03"", ""train_rows"": 328410, ""validation_rows"": 83231}]",0.49,0.4598878117699722,0.4041725318564324,0.5334198677645723,0.3704944936039242,0.4889721794748485,True,5.143,9eabd4bf8d11,1ce27fb1a1b3d44ec9cb69414ae816f1ddbf6d384fdf977ef1434bf53d8254e5,rolling_recent_cv_oof_threshold,ok,manual-parallel-45m-20260722_150132 strategy=log-grid round=2 index=78
LR_20260722_151148_636247,2026-07-22T15:11:55,logistic_regression,Logistic Regression,"{""C"": 2.41632034752e-05, ""solver"": ""liblinear""}",0.45630748326230935,0.04322084471536791,"[0.488779602201565, 0.5081522409412693, 0.4235080091885975, 0.4047900807178056]",0.4061030954339533,0.02780382718360173,0.541763189586696,0.12639450602058577,"[0.36975418100900526, 0.4439009674847551, 0.39231648100542704, 0.4184407522366259]","[0.7208120107093232, 0.5941510685547833, 0.46008776337386526, 0.39200191570881227]","[{""fold"": 1, ""train_start"": ""2021-01-04"", ""train_end"": ""2021-11-18"", ""train_label_end_max"": ""2021-11-25"", ""validation_start"": ""2021-11-26"", ""validation_end"": ""2022-10-20"", ""train_rows"": 78914, ""validation_rows"": 83274}, {""fold"": 2, ""train_start"": ""2021-01-04"", ""train_end"": ""2022-10-13"", ""train_label_end_max"": ""2022-10-20"", ""validation_start"": ""2022-10-21"", ""validation_end"": ""2023-09-14"", ""train_rows"": 162231, ""validation_rows"": 82746}, {""fold"": 3, ""train_start"": ""2021-01-04"", ""train_end"": ""2023-09-07"", ""train_label_end_max"": ""2023-09-14"", ""validation_start"": ""2023-09-15"", ""validation_end"": ""2024-08-07"", ""train_rows"": 244929, ""validation_rows"": 83453}, {""fold"": 4, ""train_start"": ""2021-01-04"", ""train_end"": ""2024-07-31"", ""train_label_end_max"": ""2024-08-07"", ""validation_start"": ""2024-08-08"", ""validation_end"": ""2025-07-03"", ""train_rows"": 328410, ""validation_rows"": 83231}]",0.49,0.4631635651660445,0.4032081574738766,0.5440636028069606,0.3704944936039242,0.49992185245743964,True,6.397,9eabd4bf8d11,1ce27fb1a1b3d44ec9cb69414ae816f1ddbf6d384fdf977ef1434bf53d8254e5,rolling_recent_cv_oof_threshold,ok,manual-parallel-45m-20260722_150132 strategy=log-grid round=2 index=79
LR_20260722_151155_025277,2026-07-22T15:11:59,logistic_regression,Logistic Regression,"{""C"": 2.41632034752e-05, ""solver"": ""lbfgs""}",0.4550535117381169,0.04362163185635089,"[0.48860759493670886, 0.506798424845828, 0.42162396873643077, 0.40318405843349997]",0.4062403899156825,0.02778411249841137,0.5385043632511322,0.1271727744920168,"[0.3699057376335093, 0.4440658839868927, 0.39253847708700296, 0.4184514609553249]","[0.7194902904395567, 0.5901710264470914, 0.45536461997119215, 0.3889915161466886]","[{""fold"": 1, ""train_start"": ""2021-01-04"", ""train_end"": ""2021-11-18"", ""train_label_end_max"": ""2021-11-25"", ""validation_start"": ""2021-11-26"", ""validation_end"": ""2022-10-20"", ""train_rows"": 78914, ""validation_rows"": 83274}, {""fold"": 2, ""train_start"": ""2021-01-04"", ""train_end"": ""2022-10-13"", ""train_label_end_max"": ""2022-10-20"", ""validation_start"": ""2022-10-21"", ""validation_end"": ""2023-09-14"", ""train_rows"": 162231, ""validation_rows"": 82746}, {""fold"": 3, ""train_start"": ""2021-01-04"", ""train_end"": ""2023-09-07"", ""train_label_end_max"": ""2023-09-14"", ""validation_start"": ""2023-09-15"", ""validation_end"": ""2024-08-07"", ""train_rows"": 244929, ""validation_rows"": 83453}, {""fold"": 4, ""train_start"": ""2021-01-04"", ""train_end"": ""2024-07-31"", ""train_label_end_max"": ""2024-08-07"", ""validation_start"": ""2024-08-08"", ""validation_end"": ""2025-07-03"", ""train_rows"": 328410, ""validation_rows"": 83231}]",0.49,0.46203005434179883,0.4033059251326545,0.5407698860179289,0.3704944936039242,0.4967749110320285,True,4.852,9eabd4bf8d11,1ce27fb1a1b3d44ec9cb69414ae816f1ddbf6d384fdf977ef1434bf53d8254e5,rolling_recent_cv_oof_threshold,ok,manual-parallel-45m-20260722_150132 strategy=log-grid round=2 index=80
LR_20260722_151159_881694,2026-07-22T15:12:06,logistic_regression,Logistic Regression,"{""C"": 3.18533058062e-05, ""solver"": ""liblinear""}",0.453474010909748,0.042846827887020475,"[0.48743683487413547, 0.5036305692682622, 0.4196670053935746, 0.40316163410301953]",0.4070993054867895,0.027419650675450893,0.5320869879503414,0.12383085400993268,"[0.37127299171677397, 0.4443782806228221, 0.393468574108818, 0.4192773754987439]","[0.7093909919680076, 0.5811149886078505, 0.4496030549693498, 0.38823891625615764]","[{""fold"": 1, ""train_start"": ""2021-01-04"", ""train_end"": ""2021-11-18"", ""train_label_end_max"": ""2021-11-25"", ""validation_start"": ""2021-11-26"", ""validation_end"": ""2022-10-20"", ""train_rows"": 78914, ""validation_rows"": 83274}, {""fold"": 2, ""train_start"": ""2021-01-04"", ""train_end"": ""2022-10-13"", ""train_label_end_max"": ""2022-10-20"", ""validation_start"": ""2022-10-21"", ""validation_end"": ""2023-09-14"", ""train_rows"": 162231, ""validation_rows"": 82746}, {""fold"": 3, ""train_start"": ""2021-01-04"", ""train_end"": ""2023-09-07"", ""train_label_end_max"": ""2023-09-14"", ""validation_start"": ""2023-09-15"", ""validation_end"": ""2024-08-07"", ""train_rows"": 244929, ""validation_rows"": 83453}, {""fold"": 4, ""train_start"": ""2021-01-04"", ""train_end"": ""2024-07-31"", ""train_label_end_max"": ""2024-08-07"", ""validation_start"": ""2024-08-08"", ""validation_end"": ""2025-07-03"", ""train_rows"": 328410, ""validation_rows"": 83231}]",0.49,0.460236366304872,0.40424552335467556,0.5342311280574372,0.3704944936039242,0.48962741656246994,True,6.539,9eabd4bf8d11,1ce27fb1a1b3d44ec9cb69414ae816f1ddbf6d384fdf977ef1434bf53d8254e5,rolling_recent_cv_oof_threshold,ok,manual-parallel-45m-20260722_150132 strategy=log-grid round=2 index=81
LR_20260722_151206_423174,2026-07-22T15:12:16,logistic_regression,Logistic Regression,"{""C"": 3.18533058062e-05, ""solver"": ""lbfgs""}",0.45247404447698647,0.0427378705561131,"[0.48716064074294446, 0.5018698391185402, 0.4184351486781546, 0.40243054936830663]",0.4074055383650248,0.027327525316821845,0.5291762661990778,0.1238844982623581,"[0.3714550048037576, 0.4442272232466176, 0.3939600094652153, 0.4199799159445085]","[0.7075609177483309, 0.5767023332275835, 0.4461528154624326, 0.3862889983579639]","[{""fold"": 1, ""train_start"": ""2021-01-04"", ""train_end"": ""2021-11-18"", ""train_label_end_max"": ""2021-11-25"", ""validation_start"": ""2021-11-26"", ""validation_end"": ""2022-10-20"", ""train_rows"": 78914, ""validation_rows"": 83274}, {""fold"": 2, ""train_start"": ""2021-01-04"", ""train_end"": ""2022-10-13"", ""train_label_end_max"": ""2022-10-20"", ""validation_start"": ""2022-10-21"", ""validation_end"": ""2023-09-14"", ""train_rows"": 162231, ""validation_rows"": 82746}, {""fold"": 3, ""train_start"": ""2021-01-04"", ""train_end"": ""2023-09-07"", ""train_label_end_max"": ""2023-09-14"", ""validation_start"": ""2023-09-15"", ""validation_end"": ""2024-08-07"", ""train_rows"": 244929, ""validation_rows"": 83453}, {""fold"": 4, ""train_start"": ""2021-01-04"", ""train_end"": ""2024-07-31"", ""train_label_end_max"": ""2024-08-07"", ""validation_start"": ""2024-08-08"", ""validation_end"": ""2025-07-03"", ""train_rows"": 328410, ""validation_rows"": 83231}]",0.49,0.45925541502004,0.40444309942315054,0.5312538027826228,0.3704944936039242,0.48666081561989033,True,9.796,9eabd4bf8d11,1ce27fb1a1b3d44ec9cb69414ae816f1ddbf6d384fdf977ef1434bf53d8254e5,rolling_recent_cv_oof_threshold,ok,manual-parallel-45m-20260722_150132 strategy=log-grid round=2 index=82
LR_20260722_151216_222227,2026-07-22T15:12:26,logistic_regression,Logistic Regression,"{""C"": 2.25504135642e-05, ""solver"": ""liblinear""}",0.4119877536504655,0.04957298202956668,"[0.4627244622771821, 0.4602361764047459, 0.36628795551218074, 0.35870242040775335]",0.4165630275438921,0.026527104270476044,0.4272482170876775,0.11660877426280374,"[0.37814999569966457, 0.4469414929753526, 0.4067228265314468, 0.4344377949691043]","[0.5960280611380351, 0.47434603293629046, 0.33316584597862864, 0.3054529282977559]","[{""fold"": 1, ""train_start"": ""2021-01-04"", ""train_end"": ""2021-11-18"", ""train_label_end_max"": ""2021-11-25"", ""validation_start"": ""2021-11-26"", ""validation_end"": ""2022-10-20"", ""train_rows"": 78914, ""validation_rows"": 83274}, {""fold"": 2, ""train_start"": ""2021-01-04"", ""train_end"": ""2022-10-13"", ""train_label_end_max"": ""2022-10-20"", ""validation_start"": ""2022-10-21"", ""validation_end"": ""2023-09-14"", ""train_rows"": 162231, ""validation_rows"": 82746}, {""fold"": 3, ""train_start"": ""2021-01-04"", ""train_end"": ""2023-09-07"", ""train_label_end_max"": ""2023-09-14"", ""validation_start"": ""2023-09-15"", ""validation_end"": ""2024-08-07"", ""train_rows"": 244929, ""validation_rows"": 83453}, {""fold"": 4, ""train_start"": ""2021-01-04"", ""train_end"": ""2024-07-31"", ""train_label_end_max"": ""2024-08-07"", ""validation_start"": ""2024-08-08"", ""validation_end"": ""2025-07-03"", ""train_rows"": 328410, ""validation_rows"": 83231}]",0.5,0.420615393176696,0.41234004083732095,0.4292297083519247,0.3704944936039242,0.3856701452342022,True,9.918,9eabd4bf8d11,1ce27fb1a1b3d44ec9cb69414ae816f1ddbf6d384fdf977ef1434bf53d8254e5,rolling_recent_cv_oof_threshold,ok,manual-parallel-45m-20260722_150132 strategy=log-grid round=2 index=83
LR_20260722_151226_147592,2026-07-22T15:12:33,logistic_regression,Logistic Regression,"{""C"": 2.25504135642e-05, ""solver"": ""lbfgs""}",0.45602322950525837,0.04360823754642435,"[0.4889913306729049, 0.5081182450772344, 0.4231885848415591, 0.403794757429335]",0.4061115542212721,0.027865407540898116,0.5414177987666705,0.12769752028869297,"[0.3695339445725081, 0.44399404903081136, 0.39257370426610894, 0.41834451901565994]","[0.7225743044023452, 0.5938915005912382, 0.45898234683281414, 0.3902230432402846]","[{""fold"": 1, ""train_start"": ""2021-01-04"", ""train_end"": ""2021-11-18"", ""train_label_end_max"": ""2021-11-25"", ""validation_start"": ""2021-11-26"", ""validation_end"": ""2022-10-20"", ""train_rows"": 78914, ""validation_rows"": 83274}, {""fold"": 2, ""train_start"": ""2021-01-04"", ""train_end"": ""2022-10-13"", ""train_label_end_max"": ""2022-10-20"", ""validation_start"": ""2022-10-21"", ""validation_end"": ""2023-09-14"", ""train_rows"": 162231, ""validation_rows"": 82746}, {""fold"": 3, ""train_start"": ""2021-01-04"", ""train_end"": ""2023-09-07"", ""train_label_end_max"": ""2023-09-14"", ""validation_start"": ""2023-09-15"", ""validation_end"": ""2024-08-07"", ""train_rows"": 244929, ""validation_rows"": 83453}, {""fold"": 4, ""train_start"": ""2021-01-04"", ""train_end"": ""2024-07-31"", ""train_label_end_max"": ""2024-08-07"", ""validation_start"": ""2024-08-08"", ""validation_end"": ""2025-07-03"", ""train_rows"": 328410, ""validation_rows"": 83231}]",0.49,0.4630014058187772,0.4031495494628442,0.5437228734839573,0.3704944936039242,0.4996813984803309,True,7.192,9eabd4bf8d11,1ce27fb1a1b3d44ec9cb69414ae816f1ddbf6d384fdf977ef1434bf53d8254e5,rolling_recent_cv_oof_threshold,ok,manual-parallel-45m-20260722_150132 strategy=log-grid round=2 index=84
LR_20260722_151233_337096,2026-07-22T15:12:43,logistic_regression,Logistic Regression,"{""C"": 3.4131432107e-05, ""solver"": ""liblinear""}",0.4527217357493974,0.04276766212789754,"[0.4871007299270073, 0.5024436702674252, 0.41859662877303017, 0.40274591403012683]",0.4071931479720313,0.027280555220959467,0.5298486229811068,0.1232657964895611,"[0.37160982216044763, 0.4442548476454294, 0.3934909498260716, 0.41941697225617663]","[0.7067475514284746, 0.5781732183543391, 0.44712424211971996, 0.3873494800218938]","[{""fold"": 1, ""train_start"": ""2021-01-04"", ""train_end"": ""2021-11-18"", ""train_label_end_max"": ""2021-11-25"", ""validation_start"": ""2021-11-26"", ""validation_end"": ""2022-10-20"", ""train_rows"": 78914, ""validation_rows"": 83274}, {""fold"": 2, ""train_start"": ""2021-01-04"", ""train_end"": ""2022-10-13"", ""train_label_end_max"": ""2022-10-20"", ""validation_start"": ""2022-10-21"", ""validation_end"": ""2023-09-14"", ""train_rows"": 162231, ""validation_rows"": 82746}, {""fold"": 3, ""train_start"": ""2021-01-04"", ""train_end"": ""2023-09-07"", ""train_label_end_max"": ""2023-09-14"", ""validation_start"": ""2023-09-15"", ""validation_end"": ""2024-08-07"", ""train_rows"": 244929, ""validation_rows"": 83453}, {""fold"": 4, ""train_start"": ""2021-01-04"", ""train_end"": ""2024-07-31"", ""train_label_end_max"": ""2024-08-07"", ""validation_start"": ""2024-08-08"", ""validation_end"": ""2025-07-03"", ""train_rows"": 328410, ""validation_rows"": 83231}]",0.49,0.4594659930560178,0.4043610710277377,0.5319595992374153,0.3704944936039242,0.48740622294892755,True,9.774,9eabd4bf8d11,1ce27fb1a1b3d44ec9cb69414ae816f1ddbf6d384fdf977ef1434bf53d8254e5,rolling_recent_cv_oof_threshold,ok,manual-parallel-45m-20260722_150132 strategy=log-grid round=2 index=85
LR_20260722_151243_117385,2026-07-22T15:12:50,logistic_regression,Logistic Regression,"{""C"": 3.4131432107e-05, ""solver"": ""lbfgs""}",0.45166327918341087,0.04276999535895723,"[0.4866591770818705, 0.5008746869375889, 0.417470989277448, 0.4016482634367363]",0.4073817285655,0.02726642702382177,0.5269467186160246,0.12326290304306199,"[0.3716686030923228, 0.44433279742765275, 0.39387367044981875, 0.4196518432922056]","[0.7046802453655064, 0.5739047673982638, 0.44407597226409407, 0.38512588943623427]","[{""fold"": 1, ""train_start"": ""2021-01-04"", ""train_end"": ""2021-11-18"", ""train_label_end_max"": ""2021-11-25"", ""validation_start"": ""2021-11-26"", ""validation_end"": ""2022-10-20"", ""train_rows"": 78914, ""validation_rows"": 83274}, {""fold"": 2, ""train_start"": ""2021-01-04"", ""train_end"": ""2022-10-13"", ""train_label_end_max"": ""2022-10-20"", ""validation_start"": ""2022-10-21"", ""validation_end"": ""2023-09-14"", ""train_rows"": 162231, ""validation_rows"": 82746}, {""fold"": 3, ""train_start"": ""2021-01-04"", ""train_end"": ""2023-09-07"", ""train_label_end_max"": ""2023-09-14"", ""validation_start"": ""2023-09-15"", ""validation_end"": ""2024-08-07"", ""train_rows"": 244929, ""validation_rows"": 83453}, {""fold"": 4, ""train_start"": ""2021-01-04"", ""train_end"": ""2024-07-31"", ""train_label_end_max"": ""2024-08-07"", ""validation_start"": ""2024-08-08"", ""validation_end"": ""2025-07-03"", ""train_rows"": 328410, ""validation_rows"": 83231}]",0.49,0.4584310265432598,0.40447479747416476,0.5289984991684582,0.3704944936039242,0.4845568433201885,True,7.447,9eabd4bf8d11,1ce27fb1a1b3d44ec9cb69414ae816f1ddbf6d384fdf977ef1434bf53d8254e5,rolling_recent_cv_oof_threshold,ok,manual-parallel-45m-20260722_150132 strategy=log-grid round=2 index=86
LR_20260722_151250_567635,2026-07-22T15:12:59,logistic_regression,Logistic Regression,"{""C"": 2.10452704436e-05, ""solver"": ""liblinear""}",0.4120849540361984,0.049660245776719895,"[0.46273075354271653, 0.46058775829768195, 0.3664992734028659, 0.358522030901529]",0.4165009401768711,0.026534384379657015,0.4274771789038023,0.1165999245441212,"[0.37819933754893104, 0.4469649689306162, 0.40644634842921257, 0.43439310579872437]","[0.5959263903480531, 0.47506705505724917, 0.3337018055136837, 0.3052134646962233]","[{""fold"": 1, ""train_start"": ""2021-01-04"", ""train_end"": ""2021-11-18"", ""train_label_end_max"": ""2021-11-25"", ""validation_start"": ""2021-11-26"", ""validation_end"": ""2022-10-20"", ""train_rows"": 78914, ""validation_rows"": 83274}, {""fold"": 2, ""train_start"": ""2021-01-04"", ""train_end"": ""2022-10-13"", ""train_label_end_max"": ""2022-10-20"", ""validation_start"": ""2022-10-21"", ""validation_end"": ""2023-09-14"", ""train_rows"": 162231, ""validation_rows"": 82746}, {""fold"": 3, ""train_start"": ""2021-01-04"", ""train_end"": ""2023-09-07"", ""train_label_end_max"": ""2023-09-14"", ""validation_start"": ""2023-09-15"", ""validation_end"": ""2024-08-07"", ""train_rows"": 244929, ""validation_rows"": 83453}, {""fold"": 4, ""train_start"": ""2021-01-04"", ""train_end"": ""2024-07-31"", ""train_label_end_max"": ""2024-08-07"", ""validation_start"": ""2024-08-08"", ""validation_end"": ""2025-07-03"", ""train_rows"": 328410, ""validation_rows"": 83231}]",0.5,0.42072470505958415,0.41231814075204837,0.42948119904271287,0.3704944936039242,0.38591661056073867,True,9.063,9eabd4bf8d11,1ce27fb1a1b3d44ec9cb69414ae816f1ddbf6d384fdf977ef1434bf53d8254e5,rolling_recent_cv_oof_threshold,ok,manual-parallel-45m-20260722_150132 strategy=log-grid round=2 index=87
LR_20260722_151259_633098,2026-07-22T15:13:06,logistic_regression,Logistic Regression,"{""C"": 2.10452704436e-05, ""solver"": ""lbfgs""}",0.4106596044488627,0.04989162430834863,"[0.462258924095718, 0.45866943983810676, 0.3646147303019656, 0.3570953235596604]",0.41690176353610536,0.026584193437351397,0.4243961290737357,0.11668564609595503,"[0.3784314996004233, 0.44727970398794026, 0.406959465037563, 0.43493638551849484]","[0.5937913037584303, 0.4706543996769821, 0.3302515660067665, 0.3028872468527641]","[{""fold"": 1, ""train_start"": ""2021-01-04"", ""train_end"": ""2021-11-18"", ""train_label_end_max"": ""2021-11-25"", ""validation_start"": ""2021-11-26"", ""validation_end"": ""2022-10-20"", ""train_rows"": 78914, ""validation_rows"": 83274}, {""fold"": 2, ""train_start"": ""2021-01-04"", ""train_end"": ""2022-10-13"", ""train_label_end_max"": ""2022-10-20"", ""validation_start"": ""2022-10-21"", ""validation_end"": ""2023-09-14"", ""train_rows"": 162231, ""validation_rows"": 82746}, {""fold"": 3, ""train_start"": ""2021-01-04"", ""train_end"": ""2023-09-07"", ""train_label_end_max"": ""2023-09-14"", ""validation_start"": ""2023-09-15"", ""validation_end"": ""2024-08-07"", ""train_rows"": 244929, ""validation_rows"": 83453}, {""fold"": 4, ""train_start"": ""2021-01-04"", ""train_end"": ""2024-07-31"", ""train_label_end_max"": ""2024-08-07"", ""validation_start"": ""2024-08-08"", ""validation_end"": ""2025-07-03"", ""train_rows"": 328410, ""validation_rows"": 83231}]",0.5,0.4193638481917712,0.41261080185605375,0.42634162170932544,0.3704944936039242,0.38282377128017697,True,6.673,9eabd4bf8d11,1ce27fb1a1b3d44ec9cb69414ae816f1ddbf6d384fdf977ef1434bf53d8254e5,rolling_recent_cv_oof_threshold,ok,manual-parallel-45m-20260722_150132 strategy=log-grid round=2 index=88
LR_20260722_151306_305231,2026-07-22T15:13:16,logistic_regression,Logistic Regression,"{""C"": 3.65724884181e-05, ""solver"": ""liblinear""}",0.45184748312420175,0.0428270778846654,"[0.48658779430713367, 0.5014012995010619, 0.4174919048068157, 0.40190893388179566]",0.4071380202352138,0.027229731748672555,0.5275286722291218,0.12272289500336381,"[0.3718024452678875, 0.44431575196008555, 0.39330667851325335, 0.4191272051996286]","[0.7039007693089775, 0.5753179707553427, 0.4448464140957358, 0.38604953475643133]","[{""fold"": 1, ""train_start"": ""2021-01-04"", ""train_end"": ""2021-11-18"", ""train_label_end_max"": ""2021-11-25"", ""validation_start"": ""2021-11-26"", ""validation_end"": ""2022-10-20"", ""train_rows"": 78914, ""validation_rows"": 83274}, {""fold"": 2, ""train_start"": ""2021-01-04"", ""train_end"": ""2022-10-13"", ""train_label_end_max"": ""2022-10-20"", ""validation_start"": ""2022-10-21"", ""validation_end"": ""2023-09-14"", ""train_rows"": 162231, ""validation_rows"": 82746}, {""fold"": 3, ""train_start"": ""2021-01-04"", ""train_end"": ""2023-09-07"", ""train_label_end_max"": ""2023-09-14"", ""validation_start"": ""2023-09-15"", ""validation_end"": ""2024-08-07"", ""train_rows"": 244929, ""validation_rows"": 83453}, {""fold"": 4, ""train_start"": ""2021-01-04"", ""train_end"": ""2024-07-31"", ""train_label_end_max"": ""2024-08-07"", ""validation_start"": ""2024-08-08"", ""validation_end"": ""2025-07-03"", ""train_rows"": 328410, ""validation_rows"": 83231}]",0.49,0.45858651137632855,0.40435679378627304,0.5296150569910356,0.3704944936039242,0.48526317687794557,True,9.972,9eabd4bf8d11,1ce27fb1a1b3d44ec9cb69414ae816f1ddbf6d384fdf977ef1434bf53d8254e5,rolling_recent_cv_oof_threshold,ok,manual-parallel-45m-20260722_150132 strategy=log-grid round=2 index=89
LR_20260722_151316_280051,2026-07-22T15:13:24,logistic_regression,Logistic Regression,"{""C"": 3.65724884181e-05, ""solver"": ""lbfgs""}",0.4510447239914277,0.042793851356343046,"[0.48646365076571024, 0.5000126157495017, 0.4163457288970263, 0.4013569005534726]",0.4074689872459957,0.027195603040932305,0.5250728932392418,0.12279258738812374,"[0.3720650534932146, 0.4443971026842778, 0.3936662388442826, 0.4197475539622078]","[0.7024434879859016, 0.5715398148415194, 0.4417981442401099, 0.3845101258894362]","[{""fold"": 1, ""train_start"": ""2021-01-04"", ""train_end"": ""2021-11-18"", ""train_label_end_max"": ""2021-11-25"", ""validation_start"": ""2021-11-26"", ""validation_end"": ""2022-10-20"", ""train_rows"": 78914, ""validation_rows"": 83274}, {""fold"": 2, ""train_start"": ""2021-01-04"", ""train_end"": ""2022-10-13"", ""train_label_end_max"": ""2022-10-20"", ""validation_start"": ""2022-10-21"", ""validation_end"": ""2023-09-14"", ""train_rows"": 162231, ""validation_rows"": 82746}, {""fold"": 3, ""train_start"": ""2021-01-04"", ""train_end"": ""2023-09-07"", ""train_label_end_max"": ""2023-09-14"", ""validation_start"": ""2023-09-15"", ""validation_end"": ""2024-08-07"", ""train_rows"": 244929, ""validation_rows"": 83453}, {""fold"": 4, ""train_start"": ""2021-01-04"", ""train_end"": ""2024-07-31"", ""train_label_end_max"": ""2024-08-07"", ""validation_start"": ""2024-08-08"", ""validation_end"": ""2025-07-03"", ""train_rows"": 328410, ""validation_rows"": 83231}]",0.49,0.4578029713190557,0.40460948300556726,0.5271001500831541,0.3704944936039242,0.4826572569010291,True,7.872,9eabd4bf8d11,1ce27fb1a1b3d44ec9cb69414ae816f1ddbf6d384fdf977ef1434bf53d8254e5,rolling_recent_cv_oof_threshold,ok,manual-parallel-45m-20260722_150132 strategy=log-grid round=2 index=90
GB_20260722_150807_366366,2026-07-22T15:13:28,gradient_boosting,Gradient Boosting,"{""n_estimators"": 110, ""learning_rate"": 0.2, ""max_depth"": 2, ""subsample"": 0.5}",0.47444104985067465,0.02594222013929886,"[0.4769573047992372, 0.5157868463746412, 0.4551791938511038, 0.44984085437771637]",0.42052539764773517,0.02320822195528302,0.5485813227415944,0.056224306519980206,"[0.39143571350940115, 0.4546054513056295, 0.4098334272149352, 0.42622699856097485]","[0.6102958619988478, 0.5959968851844375, 0.5118078585066828, 0.47622468527640943]","[{""fold"": 1, ""train_start"": ""2021-01-04"", ""train_end"": ""2021-11-18"", ""train_label_end_max"": ""2021-11-25"", ""validation_start"": ""2021-11-26"", ""validation_end"": ""2022-10-20"", ""train_rows"": 78914, ""validation_rows"": 83274}, {""fold"": 2, ""train_start"": ""2021-01-04"", ""train_end"": ""2022-10-13"", ""train_label_end_max"": ""2022-10-20"", ""validation_start"": ""2022-10-21"", ""validation_end"": ""2023-09-14"", ""train_rows"": 162231, ""validation_rows"": 82746}, {""fold"": 3, ""train_start"": ""2021-01-04"", ""train_end"": ""2023-09-07"", ""train_label_end_max"": ""2023-09-14"", ""validation_start"": ""2023-09-15"", ""validation_end"": ""2024-08-07"", ""train_rows"": 244929, ""validation_rows"": 83453}, {""fold"": 4, ""train_start"": ""2021-01-04"", ""train_end"": ""2024-07-31"", ""train_label_end_max"": ""2024-08-07"", ""validation_start"": ""2024-08-08"", ""validation_end"": ""2025-07-03"", ""train_rows"": 328410, ""validation_rows"": 83231}]",0.49,0.47685557612525425,0.4205162201680256,0.5506266985762381,0.3704944936039242,0.48512792151582185,True,320.687,9eabd4bf8d11,1ce27fb1a1b3d44ec9cb69414ae816f1ddbf6d384fdf977ef1434bf53d8254e5,rolling_recent_cv_oof_threshold,ok,manual-parallel-45m-20260722_150132 strategy=coordinate-neighbor index=2
LR_20260722_151324_157453,2026-07-22T15:13:33,logistic_regression,Logistic Regression,"{""C"": 1.96405891529e-05, ""solver"": ""liblinear""}",0.4124113177389185,0.049726801303976276,"[0.4627596556354158, 0.4613343759600078, 0.3669704542113773, 0.3585807851488729]",0.4165867989264431,0.026554438966993964,0.4279748407084423,0.11647457802214259,"[0.37833358445080606, 0.4471725183400558, 0.4064140653616051, 0.4344270275533054]","[0.5956891585047616, 0.4764225766446515, 0.3345057448162664, 0.30528188286808977]","[{""fold"": 1, ""train_start"": ""2021-01-04"", ""train_end"": ""2021-11-18"", ""train_label_end_max"": ""2021-11-25"", ""validation_start"": ""2021-11-26"", ""validation_end"": ""2022-10-20"", ""train_rows"": 78914, ""validation_rows"": 83274}, {""fold"": 2, ""train_start"": ""2021-01-04"", ""train_end"": ""2022-10-13"", ""train_label_end_max"": ""2022-10-20"", ""validation_start"": ""2022-10-21"", ""validation_end"": ""2023-09-14"", ""train_rows"": 162231, ""validation_rows"": 82746}, {""fold"": 3, ""train_start"": ""2021-01-04"", ""train_end"": ""2023-09-07"", ""train_label_end_max"": ""2023-09-14"", ""validation_start"": ""2023-09-15"", ""validation_end"": ""2024-08-07"", ""train_rows"": 244929, ""validation_rows"": 83453}, {""fold"": 4, ""train_start"": ""2021-01-04"", ""train_end"": ""2024-07-31"", ""train_label_end_max"": ""2024-08-07"", ""validation_start"": ""2024-08-08"", ""validation_end"": ""2025-07-03"", ""train_rows"": 328410, ""validation_rows"": 83231}]",0.5,0.4210534677374512,0.41245632737544063,0.4300166308360037,0.3704944936039242,0.38626827450226026,True,9.438,9eabd4bf8d11,1ce27fb1a1b3d44ec9cb69414ae816f1ddbf6d384fdf977ef1434bf53d8254e5,rolling_recent_cv_oof_threshold,ok,manual-parallel-45m-20260722_150132 strategy=log-grid round=2 index=91
LR_20260722_151333_598514,2026-07-22T15:13:40,logistic_regression,Logistic Regression,"{""C"": 1.96405891529e-05, ""solver"": ""lbfgs""}",0.41085042352747125,0.05006029306310392,"[0.46249851577239204, 0.4591167591097381, 0.36510751496342275, 0.35667890426433213]",0.4169170906146993,0.02647129412144357,0.42474596437826406,0.11681607081860884,"[0.37865629725642685, 0.4473756225712878, 0.40701841097244534, 0.4346180316586373]","[0.5940285356017216, 0.47149078533729416, 0.3310220078384082, 0.3024425287356322]","[{""fold"": 1, ""train_start"": ""2021-01-04"", ""train_end"": ""2021-11-18"", ""train_label_end_max"": ""2021-11-25"", ""validation_start"": ""2021-11-26"", ""validation_end"": ""2022-10-20"", ""train_rows"": 78914, ""validation_rows"": 83274}, {""fold"": 2, ""train_start"": ""2021-01-04"", ""train_end"": ""2022-10-13"", ""train_label_end_max"": ""2022-10-20"", ""validation_start"": ""2022-10-21"", ""validation_end"": ""2023-09-14"", ""train_rows"": 162231, ""validation_rows"": 82746}, {""fold"": 3, ""train_start"": ""2021-01-04"", ""train_end"": ""2023-09-07"", ""train_label_end_max"": ""2023-09-14"", ""validation_start"": ""2023-09-15"", ""validation_end"": ""2024-08-07"", ""train_rows"": 244929, ""validation_rows"": 83453}, {""fold"": 4, ""train_start"": ""2021-01-04"", ""train_end"": ""2024-07-31"", ""train_label_end_max"": ""2024-08-07"", ""validation_start"": ""2024-08-08"", ""validation_end"": ""2025-07-03"", ""train_rows"": 328410, ""validation_rows"": 83231}]",0.5,0.4195869462902544,0.41269330655221925,0.42671480144404333,0.3704944936039242,0.38308225930556894,True,6.706,9eabd4bf8d11,1ce27fb1a1b3d44ec9cb69414ae816f1ddbf6d384fdf977ef1434bf53d8254e5,rolling_recent_cv_oof_threshold,ok,manual-parallel-45m-20260722_150132 strategy=log-grid round=2 index=92
LR_20260722_151340_305058,2026-07-22T15:13:50,logistic_regression,Logistic Regression,"{""C"": 3.91881273805e-05, ""solver"": ""liblinear""}",0.45134208397137654,0.04281768653766175,"[0.48665601653902174, 0.50042207914929, 0.41677171309718897, 0.40151852710000535]",0.40732878526656957,0.027012403711751037,0.5257807834941303,0.12232179591315955,"[0.3724044943820225, 0.44431269017361735, 0.39347237511528965, 0.41912558139534883]","[0.7020368048259735, 0.5727511320047299, 0.44300405319398384, 0.3853311439518336]","[{""fold"": 1, ""train_start"": ""2021-01-04"", ""train_end"": ""2021-11-18"", ""train_label_end_max"": ""2021-11-25"", ""validation_start"": ""2021-11-26"", ""validation_end"": ""2022-10-20"", ""train_rows"": 78914, ""validation_rows"": 83274}, {""fold"": 2, ""train_start"": ""2021-01-04"", ""train_end"": ""2022-10-13"", ""train_label_end_max"": ""2022-10-20"", ""validation_start"": ""2022-10-21"", ""validation_end"": ""2023-09-14"", ""train_rows"": 162231, ""validation_rows"": 82746}, {""fold"": 3, ""train_start"": ""2021-01-04"", ""train_end"": ""2023-09-07"", ""train_label_end_max"": ""2023-09-14"", ""validation_start"": ""2023-09-15"", ""validation_end"": ""2024-08-07"", ""train_rows"": 244929, ""validation_rows"": 83453}, {""fold"": 4, ""train_start"": ""2021-01-04"", ""train_end"": ""2024-07-31"", ""train_label_end_max"": ""2024-08-07"", ""validation_start"": ""2024-08-08"", ""validation_end"": ""2025-07-03"", ""train_rows"": 328410, ""validation_rows"": 83231}]",0.49,0.4580740094060661,0.4046030334500364,0.5278302843467326,0.3704944936039242,0.4833335337116476,True,9.731,9eabd4bf8d11,1ce27fb1a1b3d44ec9cb69414ae816f1ddbf6d384fdf977ef1434bf53d8254e5,rolling_recent_cv_oof_threshold,ok,manual-parallel-45m-20260722_150132 strategy=log-grid round=2 index=93
LR_20260722_151350_038882,2026-07-22T15:13:57,logistic_regression,Logistic Regression,"{""C"": 3.91881273805e-05, ""solver"": ""lbfgs""}",0.4501951134518367,0.042946851985510445,"[0.48619447779111646, 0.4989882638607851, 0.4150829944459389, 0.4005147177095062]",0.4073647158362765,0.027047255877196415,0.5229105004651085,0.12242655257148716,"[0.3724372960204836, 0.44433433185432103, 0.39335412667946257, 0.4193331087908387]","[0.7000033890263327, 0.5689729760909065, 0.43935282886142096, 0.3833128078817734]","[{""fold"": 1, ""train_start"": ""2021-01-04"", ""train_end"": ""2021-11-18"", ""train_label_end_max"": ""2021-11-25"", ""validation_start"": ""2021-11-26"", ""validation_end"": ""2022-10-20"", ""train_rows"": 78914, ""validation_rows"": 83274}, {""fold"": 2, ""train_start"": ""2021-01-04"", ""train_end"": ""2022-10-13"", ""train_label_end_max"": ""2022-10-20"", ""validation_start"": ""2022-10-21"", ""validation_end"": ""2023-09-14"", ""train_rows"": 162231, ""validation_rows"": 82746}, {""fold"": 3, ""train_start"": ""2021-01-04"", ""train_end"": ""2023-09-07"", ""train_label_end_max"": ""2023-09-14"", ""validation_start"": ""2023-09-15"", ""validation_end"": ""2024-08-07"", ""train_rows"": 244929, ""validation_rows"": 83453}, {""fold"": 4, ""train_start"": ""2021-01-04"", ""train_end"": ""2024-07-31"", ""train_label_end_max"": ""2024-08-07"", ""validation_start"": ""2024-08-08"", ""validation_end"": ""2025-07-03"", ""train_rows"": 328410, ""validation_rows"": 83231}]",0.49,0.45696851561506846,0.4045947112047673,0.5249178598953474,0.3704944936039242,0.48067651726459554,True,7.293,9eabd4bf8d11,1ce27fb1a1b3d44ec9cb69414ae816f1ddbf6d384fdf977ef1434bf53d8254e5,rolling_recent_cv_oof_threshold,ok,manual-parallel-45m-20260722_150132 strategy=log-grid round=2 index=94
LR_20260722_151357_329651,2026-07-22T15:14:06,logistic_regression,Logistic Regression,"{""C"": 1.83296642971e-05, ""solver"": ""liblinear""}",0.4123691182540102,0.04997233832715307,"[0.46266887888125147, 0.4618175222202068, 0.3669040975179909, 0.35808597439659157]",0.4163934205046739,0.02657654000145174,0.4280452307541404,0.11654404617560249,"[0.37833530741897275, 0.4473186290409774, 0.40590600755514034, 0.434013738003605]","[0.5953841461348155, 0.47728780318980185, 0.334740227112853, 0.3047687465790914]","[{""fold"": 1, ""train_start"": ""2021-01-04"", ""train_end"": ""2021-11-18"", ""train_label_end_max"": ""2021-11-25"", ""validation_start"": ""2021-11-26"", ""validation_end"": ""2022-10-20"", ""train_rows"": 78914, ""validation_rows"": 83274}, {""fold"": 2, ""train_start"": ""2021-01-04"", ""train_end"": ""2022-10-13"", ""train_label_end_max"": ""2022-10-20"", ""validation_start"": ""2022-10-21"", ""validation_end"": ""2023-09-14"", ""train_rows"": 162231, ""validation_rows"": 82746}, {""fold"": 3, ""train_start"": ""2021-01-04"", ""train_end"": ""2023-09-07"", ""train_label_end_max"": ""2023-09-14"", ""validation_start"": ""2023-09-15"", ""validation_end"": ""2024-08-07"", ""train_rows"": 244929, ""validation_rows"": 83453}, {""fold"": 4, ""train_start"": ""2021-01-04"", ""train_end"": ""2024-07-31"", ""train_label_end_max"": ""2024-08-07"", ""validation_start"": ""2024-08-08"", ""validation_end"": ""2025-07-03"", ""train_rows"": 328410, ""validation_rows"": 83231}]",0.5,0.42104970576790207,0.412352131407639,0.4301220946740762,0.3704944936039242,0.3864606376839473,True,9.275,9eabd4bf8d11,1ce27fb1a1b3d44ec9cb69414ae816f1ddbf6d384fdf977ef1434bf53d8254e5,rolling_recent_cv_oof_threshold,ok,manual-parallel-45m-20260722_150132 strategy=log-grid round=2 index=95
LR_20260722_151406_611393,2026-07-22T15:14:14,logistic_regression,Logistic Regression,"{""C"": 1.83296642971e-05, ""solver"": ""lbfgs""}",0.41084728972248047,0.05005943755474926,"[0.46222867322029426, 0.45935711881521374, 0.36545206187470003, 0.3563513049797138]",0.416800829920962,0.02645587452802067,0.4248675498882609,0.1167527320041669,"[0.37847357275595317, 0.447080341787011, 0.40701451420583035, 0.4346348909350534]","[0.5935879621784661, 0.4723271709976062, 0.33159146484440427, 0.30196360153256707]","[{""fold"": 1, ""train_start"": ""2021-01-04"", ""train_end"": ""2021-11-18"", ""train_label_end_max"": ""2021-11-25"", ""validation_start"": ""2021-11-26"", ""validation_end"": ""2022-10-20"", ""train_rows"": 78914, ""validation_rows"": 83274}, {""fold"": 2, ""train_start"": ""2021-01-04"", ""train_end"": ""2022-10-13"", ""train_label_end_max"": ""2022-10-20"", ""validation_start"": ""2022-10-21"", ""validation_end"": ""2023-09-14"", ""train_rows"": 162231, ""validation_rows"": 82746}, {""fold"": 3, ""train_start"": ""2021-01-04"", ""train_end"": ""2023-09-07"", ""train_label_end_max"": ""2023-09-14"", ""validation_start"": ""2023-09-15"", ""validation_end"": ""2024-08-07"", ""train_rows"": 244929, ""validation_rows"": 83453}, {""fold"": 4, ""train_start"": ""2021-01-04"", ""train_end"": ""2024-07-31"", ""train_label_end_max"": ""2024-08-07"", ""validation_start"": ""2024-08-08"", ""validation_end"": ""2025-07-03"", ""train_rows"": 328410, ""validation_rows"": 83231}]",0.5,0.4195945838184399,0.41256400003136295,0.4268689408996877,0.3704944936039242,0.38334074733096085,True,7.705,9eabd4bf8d11,1ce27fb1a1b3d44ec9cb69414ae816f1ddbf6d384fdf977ef1434bf53d8254e5,rolling_recent_cv_oof_threshold,ok,manual-parallel-45m-20260722_150132 strategy=log-grid round=2 index=96
LR_20260722_151414_319028,2026-07-22T15:14:24,logistic_regression,Logistic Regression,"{""C"": 2.72680769594e-05, ""solver"": ""liblinear""}",0.4548543957869607,0.043023692251561184,"[0.4882137365749893, 0.5057382845941016, 0.4214985027385145, 0.4039670592402373]",0.40641451036922516,0.027526617004048987,0.5371374392266297,0.12526452516598668,"[0.3704905951712521, 0.4437791229368985, 0.39259494768483727, 0.4187933756839129]","[0.715592910156912, 0.587806073890347, 0.4549961477908418, 0.3901546250684182]","[{""fold"": 1, ""train_start"": ""2021-01-04"", ""train_end"": ""2021-11-18"", ""train_label_end_max"": ""2021-11-25"", ""validation_start"": ""2021-11-26"", ""validation_end"": ""2022-10-20"", ""train_rows"": 78914, ""validation_rows"": 83274}, {""fold"": 2, ""train_start"": ""2021-01-04"", ""train_end"": ""2022-10-13"", ""train_label_end_max"": ""2022-10-20"", ""validation_start"": ""2022-10-21"", ""validation_end"": ""2023-09-14"", ""train_rows"": 162231, ""validation_rows"": 82746}, {""fold"": 3, ""train_start"": ""2021-01-04"", ""train_end"": ""2023-09-07"", ""train_label_end_max"": ""2023-09-14"", ""validation_start"": ""2023-09-15"", ""validation_end"": ""2024-08-07"", ""train_rows"": 244929, ""validation_rows"": 83453}, {""fold"": 4, ""train_start"": ""2021-01-04"", ""train_end"": ""2024-07-31"", ""train_label_end_max"": ""2024-08-07"", ""validation_start"": ""2024-08-08"", ""validation_end"": ""2025-07-03"", ""train_rows"": 328410, ""validation_rows"": 83231}]",0.49,0.4616720020554556,0.4035472142471275,0.5393582931083438,0.3704944936039242,0.4951819034336828,True,10.496,9eabd4bf8d11,1ce27fb1a1b3d44ec9cb69414ae816f1ddbf6d384fdf977ef1434bf53d8254e5,rolling_recent_cv_oof_threshold,ok,manual-parallel-45m-20260722_150132 strategy=log-grid round=3 index=97
LR_20260722_151424_817420,2026-07-22T15:14:32,logistic_regression,Logistic Regression,"{""C"": 2.72680769594e-05, ""solver"": ""lbfgs""}",0.4537984794978123,0.04318465868108411,"[0.488159068011534, 0.5041310985108106, 0.42037282583261837, 0.40253092563628606]",0.40672754438637626,0.027373227872173472,0.5340995675854551,0.1257725606950088,"[0.370773669211554, 0.4438470990959361, 0.3933784888473666, 0.41891092039064814]","[0.7143050801504728, 0.5833645776252415, 0.4513449234582789, 0.38738368910782706]","[{""fold"": 1, ""train_start"": ""2021-01-04"", ""train_end"": ""2021-11-18"", ""train_label_end_max"": ""2021-11-25"", ""validation_start"": ""2021-11-26"", ""validation_end"": ""2022-10-20"", ""train_rows"": 78914, ""validation_rows"": 83274}, {""fold"": 2, ""train_start"": ""2021-01-04"", ""train_end"": ""2022-10-13"", ""train_label_end_max"": ""2022-10-20"", ""validation_start"": ""2022-10-21"", ""validation_end"": ""2023-09-14"", ""train_rows"": 162231, ""validation_rows"": 82746}, {""fold"": 3, ""train_start"": ""2021-01-04"", ""train_end"": ""2023-09-07"", ""train_label_end_max"": ""2023-09-14"", ""validation_start"": ""2023-09-15"", ""validation_end"": ""2024-08-07"", ""train_rows"": 244929, ""validation_rows"": 83453}, {""fold"": 4, ""train_start"": ""2021-01-04"", ""train_end"": ""2024-07-31"", ""train_label_end_max"": ""2024-08-07"", ""validation_start"": ""2024-08-08"", ""validation_end"": ""2025-07-03"", ""train_rows"": 328410, ""validation_rows"": 83231}]",0.49,0.4606940867765283,0.4037947001258384,0.5362592787895997,0.3704944936039242,0.4920349620082716,True,7.284,9eabd4bf8d11,1ce27fb1a1b3d44ec9cb69414ae816f1ddbf6d384fdf977ef1434bf53d8254e5,rolling_recent_cv_oof_threshold,ok,manual-parallel-45m-20260722_150132 strategy=log-grid round=3 index=98
LR_20260722_151432_103359,2026-07-22T15:14:42,logistic_regression,Logistic Regression,"{""C"": 2.6342349715e-05, ""solver"": ""liblinear""}",0.45528771495891274,0.0430820591403081,"[0.4883189436262062, 0.5065391855741603, 0.42194105895652984, 0.40435167167875463]",0.4062975650700633,0.027649067544085852,0.5384971312167097,0.1254644659735704,"[0.3702672898177808, 0.4438800981094398, 0.39236751152073734, 0.4186753608322954]","[0.716880740163351, 0.5897960949441929, 0.45633604662847954, 0.39097564313081556]","[{""fold"": 1, ""train_start"": ""2021-01-04"", ""train_end"": ""2021-11-18"", ""train_label_end_max"": ""2021-11-25"", ""validation_start"": ""2021-11-26"", ""validation_end"": ""2022-10-20"", ""train_rows"": 78914, ""validation_rows"": 83274}, {""fold"": 2, ""train_start"": ""2021-01-04"", ""train_end"": ""2022-10-13"", ""train_label_end_max"": ""2022-10-20"", ""validation_start"": ""2022-10-21"", ""validation_end"": ""2023-09-14"", ""train_rows"": 162231, ""validation_rows"": 82746}, {""fold"": 3, ""train_start"": ""2021-01-04"", ""train_end"": ""2023-09-07"", ""train_label_end_max"": ""2023-09-14"", ""validation_start"": ""2023-09-15"", ""validation_end"": ""2024-08-07"", ""train_rows"": 244929, ""validation_rows"": 83453}, {""fold"": 4, ""train_start"": ""2021-01-04"", ""train_end"": ""2024-07-31"", ""train_label_end_max"": ""2024-08-07"", ""validation_start"": ""2024-08-08"", ""validation_end"": ""2025-07-03"", ""train_rows"": 328410, ""validation_rows"": 83231}]",0.49,0.46210695257606166,0.40343667154910484,0.5407455482091429,0.3704944936039242,0.496591564874483,True,10.178,9eabd4bf8d11,1ce27fb1a1b3d44ec9cb69414ae816f1ddbf6d384fdf977ef1434bf53d8254e5,rolling_recent_cv_oof_threshold,ok,manual-parallel-45m-20260722_150132 strategy=log-grid round=3 index=99
LR_20260722_151442_278820,2026-07-22T15:14:50,logistic_regression,Logistic Regression,"{""C"": 2.6342349715e-05, ""solver"": ""lbfgs""}",0.45400541752772994,0.04331652646882905,"[0.4881962588730375, 0.5047021943573667, 0.42059364001619587, 0.40252957686431945]",0.4064752012908506,0.027455410851057148,0.5351410002335556,0.12616375345247094,"[0.37047954940253724, 0.443749316416931, 0.3930036960507552, 0.41866824329317864]","[0.7155590198935846, 0.585066189830704, 0.4523498475865072, 0.3875889436234264]","[{""fold"": 1, ""train_start"": ""2021-01-04"", ""train_end"": ""2021-11-18"", ""train_label_end_max"": ""2021-11-25"", ""validation_start"": ""2021-11-26"", ""validation_end"": ""2022-10-20"", ""train_rows"": 78914, ""validation_rows"": 83274}, {""fold"": 2, ""train_start"": ""2021-01-04"", ""train_end"": ""2022-10-13"", ""train_label_end_max"": ""2022-10-20"", ""validation_start"": ""2022-10-21"", ""validation_end"": ""2023-09-14"", ""train_rows"": 162231, ""validation_rows"": 82746}, {""fold"": 3, ""train_start"": ""2021-01-04"", ""train_end"": ""2023-09-07"", ""train_label_end_max"": ""2023-09-14"", ""validation_start"": ""2023-09-15"", ""validation_end"": ""2024-08-07"", ""train_rows"": 244929, ""validation_rows"": 83453}, {""fold"": 4, ""train_start"": ""2021-01-04"", ""train_end"": ""2024-07-31"", ""train_label_end_max"": ""2024-08-07"", ""validation_start"": ""2024-08-08"", ""validation_end"": ""2025-07-03"", ""train_rows"": 328410, ""validation_rows"": 83231}]",0.49,0.46092820309401034,0.4035484283703672,0.5373301423761814,0.3704944936039242,0.4933183851110897,True,7.769,9eabd4bf8d11,1ce27fb1a1b3d44ec9cb69414ae816f1ddbf6d384fdf977ef1434bf53d8254e5,rolling_recent_cv_oof_threshold,ok,manual-parallel-45m-20260722_150132 strategy=log-grid round=3 index=100
LR_20260722_151450_054954,2026-07-22T15:15:00,logistic_regression,Logistic Regression,"{""C"": 2.82263362649e-05, ""solver"": ""liblinear""}",0.4544914618575833,0.043056917301143416,"[0.488108195734235, 0.5052396046988625, 0.421010101010101, 0.40360794598713473]",0.40651547202136423,0.027501903237844662,0.5359348384522343,0.12500794069390603,"[0.37071497669510156, 0.4439832211832561, 0.39267182653564076, 0.4186918636714585]","[0.7143050801504728, 0.5861044616848845, 0.45375674136602684, 0.38957307060755336]","[{""fold"": 1, ""train_start"": ""2021-01-04"", ""train_end"": ""2021-11-18"", ""train_label_end_max"": ""2021-11-25"", ""validation_start"": ""2021-11-26"", ""validation_end"": ""2022-10-20"", ""train_rows"": 78914, ""validation_rows"": 83274}, {""fold"": 2, ""train_start"": ""2021-01-04"", ""train_end"": ""2022-10-13"", ""train_label_end_max"": ""2022-10-20"", ""validation_start"": ""2022-10-21"", ""validation_end"": ""2023-09-14"", ""train_rows"": 162231, ""validation_rows"": 82746}, {""fold"": 3, ""train_start"": ""2021-01-04"", ""train_end"": ""2023-09-07"", ""train_label_end_max"": ""2023-09-14"", ""validation_start"": ""2023-09-15"", ""validation_end"": ""2024-08-07"", ""train_rows"": 244929, ""validation_rows"": 83453}, {""fold"": 4, ""train_start"": ""2021-01-04"", ""train_end"": ""2024-07-31"", ""train_label_end_max"": ""2024-08-07"", ""validation_start"": ""2024-08-08"", ""validation_end"": ""2025-07-03"", ""train_rows"": 328410, ""validation_rows"": 83231}]",0.49,0.4613057568466,0.40367447040280424,0.5381332900661178,0.3704944936039242,0.49390148600557854,True,10.315,9eabd4bf8d11,1ce27fb1a1b3d44ec9cb69414ae816f1ddbf6d384fdf977ef1434bf53d8254e5,rolling_recent_cv_oof_threshold,ok,manual-parallel-45m-20260722_150132 strategy=log-grid round=3 index=101
LR_20260722_151500_371527,2026-07-22T15:15:07,logistic_regression,Logistic Regression,"{""C"": 2.82263362649e-05, ""solver"": ""lbfgs""}",0.453521367164151,0.043085695700920634,"[0.487847886866437, 0.5037700988714671, 0.4197712214026753, 0.4026962615160246]",0.4069539543497694,0.02748017180637915,0.532921201040487,0.12527972497652431,"[0.37088125308685527, 0.44412405626114326, 0.3934210140894578, 0.4193894939616211]","[0.7125766767207781, 0.5819225333833242, 0.4499045322078183, 0.38728106185002736]","[{""fold"": 1, ""train_start"": ""2021-01-04"", ""train_end"": ""2021-11-18"", ""train_label_end_max"": ""2021-11-25"", ""validation_start"": ""2021-11-26"", ""validation_end"": ""2022-10-20"", ""train_rows"": 78914, ""validation_rows"": 83274}, {""fold"": 2, ""train_start"": ""2021-01-04"", ""train_end"": ""2022-10-13"", ""train_label_end_max"": ""2022-10-20"", ""validation_start"": ""2022-10-21"", ""validation_end"": ""2023-09-14"", ""train_rows"": 162231, ""validation_rows"": 82746}, {""fold"": 3, ""train_start"": ""2021-01-04"", ""train_end"": ""2023-09-07"", ""train_label_end_max"": ""2023-09-14"", ""validation_start"": ""2023-09-15"", ""validation_end"": ""2024-08-07"", ""train_rows"": 244929, ""validation_rows"": 83453}, {""fold"": 4, ""train_start"": ""2021-01-04"", ""train_end"": ""2024-07-31"", ""train_label_end_max"": ""2024-08-07"", ""validation_start"": ""2024-08-08"", ""validation_end"": ""2025-07-03"", ""train_rows"": 328410, ""validation_rows"": 83231}]",0.49,0.46038510266263205,0.40399740285196256,0.5350667261590881,0.3704944936039242,0.49069443108589017,True,6.871,9eabd4bf8d11,1ce27fb1a1b3d44ec9cb69414ae816f1ddbf6d384fdf977ef1434bf53d8254e5,rolling_recent_cv_oof_threshold,ok,manual-parallel-45m-20260722_150132 strategy=log-grid round=3 index=102
LR_20260722_151507_243954,2026-07-22T15:15:16,logistic_regression,Logistic Regression,"{""C"": 2.54480500968e-05, ""solver"": ""liblinear""}",0.45566729166929665,0.04319968140694533,"[0.488451126087207, 0.5072951184529403, 0.4224607200296919, 0.40446220210734746]",0.4062222485261099,0.027759173940946156,0.5397437959215212,0.1259217906563999,"[0.36999546231980174, 0.4439971430426596, 0.3923759731119474, 0.41852041563003073]","[0.7184735825397364, 0.591641911573847, 0.45754195558235355, 0.3913177339901478]","[{""fold"": 1, ""train_start"": ""2021-01-04"", ""train_end"": ""2021-11-18"", ""train_label_end_max"": ""2021-11-25"", ""validation_start"": ""2021-11-26"", ""validation_end"": ""2022-10-20"", ""train_rows"": 78914, ""validation_rows"": 83274}, {""fold"": 2, ""train_start"": ""2021-01-04"", ""train_end"": ""2022-10-13"", ""train_label_end_max"": ""2022-10-20"", ""validation_start"": ""2022-10-21"", ""validation_end"": ""2023-09-14"", ""train_rows"": 162231, ""validation_rows"": 82746}, {""fold"": 3, ""train_start"": ""2021-01-04"", ""train_end"": ""2023-09-07"", ""train_label_end_max"": ""2023-09-14"", ""validation_start"": ""2023-09-15"", ""validation_end"": ""2024-08-07"", ""train_rows"": 244929, ""validation_rows"": 83453}, {""fold"": 4, ""train_start"": ""2021-01-04"", ""train_end"": ""2024-07-31"", ""train_label_end_max"": ""2024-08-07"", ""validation_start"": ""2024-08-08"", ""validation_end"": ""2025-07-03"", ""train_rows"": 328410, ""validation_rows"": 83231}]",0.49,0.4625124174047884,0.4033469368042308,0.5420192268689409,0.3704944936039242,0.4978719823025873,True,9.655,9eabd4bf8d11,1ce27fb1a1b3d44ec9cb69414ae816f1ddbf6d384fdf977ef1434bf53d8254e5,rolling_recent_cv_oof_threshold,ok,manual-parallel-45m-20260722_150132 strategy=log-grid round=3 index=103
LR_20260722_151516_901408,2026-07-22T15:15:25,logistic_regression,Logistic Regression,"{""C"": 2.54480500968e-05, ""solver"": ""lbfgs""}",0.454457280645996,0.04350342785836417,"[0.4882985598227474, 0.5057856575288041, 0.42091190324436084, 0.4028330019880716]",0.40640144013392926,0.02768121991315546,0.5365338860429344,0.12656575084369515,"[0.3702077026719628, 0.44404961740533233, 0.39270174624354587, 0.41864669421487605]","[0.7170163012166605, 0.5874599832722868, 0.4534887615984993, 0.38817049808429116]","[{""fold"": 1, ""train_start"": ""2021-01-04"", ""train_end"": ""2021-11-18"", ""train_label_end_max"": ""2021-11-25"", ""validation_start"": ""2021-11-26"", ""validation_end"": ""2022-10-20"", ""train_rows"": 78914, ""validation_rows"": 83274}, {""fold"": 2, ""train_start"": ""2021-01-04"", ""train_end"": ""2022-10-13"", ""train_label_end_max"": ""2022-10-20"", ""validation_start"": ""2022-10-21"", ""validation_end"": ""2023-09-14"", ""train_rows"": 162231, ""validation_rows"": 82746}, {""fold"": 3, ""train_start"": ""2021-01-04"", ""train_end"": ""2023-09-07"", ""train_label_end_max"": ""2023-09-14"", ""validation_start"": ""2023-09-15"", ""validation_end"": ""2024-08-07"", ""train_rows"": 244929, ""validation_rows"": 83453}, {""fold"": 4, ""train_start"": ""2021-01-04"", ""train_end"": ""2024-07-31"", ""train_label_end_max"": ""2024-08-07"", ""validation_start"": ""2024-08-08"", ""validation_end"": ""2025-07-03"", ""train_rows"": 328410, ""validation_rows"": 83231}]",0.49,0.46140698874117203,0.40347391827361206,0.5387660730945524,0.3704944936039242,0.49472804655188996,True,8.628,9eabd4bf8d11,1ce27fb1a1b3d44ec9cb69414ae816f1ddbf6d384fdf977ef1434bf53d8254e5,rolling_recent_cv_oof_threshold,ok,manual-parallel-45m-20260722_150132 strategy=log-grid round=3 index=104
LR_20260722_151525_531261,2026-07-22T15:15:35,logistic_regression,Logistic Regression,"{""C"": 2.92182708787e-05, ""solver"": ""liblinear""}",0.4542059384892414,0.04296454811559139,"[0.4878863438677878, 0.5047748297371665, 0.42054459684575984, 0.40361798350625167]",0.40672511998629635,0.027518093722679483,0.5347908516870173,0.12465128316744292,"[0.3708522867520011, 0.44411094557882747, 0.39286753156088194, 0.41906971605347476]","[0.7128477988273969, 0.5846335765581288, 0.4524168425283891, 0.38926518883415434]","[{""fold"": 1, ""train_start"": ""2021-01-04"", ""train_end"": ""2021-11-18"", ""train_label_end_max"": ""2021-11-25"", ""validation_start"": ""2021-11-26"", ""validation_end"": ""2022-10-20"", ""train_rows"": 78914, ""validation_rows"": 83274}, {""fold"": 2, ""train_start"": ""2021-01-04"", ""train_end"": ""2022-10-13"", ""train_label_end_max"": ""2022-10-20"", ""validation_start"": ""2022-10-21"", ""validation_end"": ""2023-09-14"", ""train_rows"": 162231, ""validation_rows"": 82746}, {""fold"": 3, ""train_start"": ""2021-01-04"", ""train_end"": ""2023-09-07"", ""train_label_end_max"": ""2023-09-14"", ""validation_start"": ""2023-09-15"", ""validation_end"": ""2024-08-07"", ""train_rows"": 244929, ""validation_rows"": 83453}, {""fold"": 4, ""train_start"": ""2021-01-04"", ""train_end"": ""2024-07-31"", ""train_label_end_max"": ""2024-08-07"", ""validation_start"": ""2024-08-08"", ""validation_end"": ""2025-07-03"", ""train_rows"": 328410, ""validation_rows"": 83231}]",0.49,0.4610005641493533,0.40386105568877256,0.5369731878473208,0.3704944936039242,0.4926090458786188,True,9.899,9eabd4bf8d11,1ce27fb1a1b3d44ec9cb69414ae816f1ddbf6d384fdf977ef1434bf53d8254e5,rolling_recent_cv_oof_threshold,ok,manual-parallel-45m-20260722_150132 strategy=log-grid round=3 index=105
LR_20260722_151535_432896,2026-07-22T15:15:42,logistic_regression,Logistic Regression,"{""C"": 2.92182708787e-05, ""solver"": ""lbfgs""}",0.4532007546126657,0.042960765440920916,"[0.4875623046625382, 0.5032253225322533, 0.41933918705294954, 0.4026762042029218]",0.40705529187155365,0.027459093801499926,0.5318434805837737,0.12485835907344825,"[0.3709557653548319, 0.44411836095235996, 0.39356013866854694, 0.41958690251047576]","[0.7110855051343749, 0.5804804891414068, 0.4487321207248853, 0.38707580733442803]","[{""fold"": 1, ""train_start"": ""2021-01-04"", ""train_end"": ""2021-11-18"", ""train_label_end_max"": ""2021-11-25"", ""validation_start"": ""2021-11-26"", ""validation_end"": ""2022-10-20"", ""train_rows"": 78914, ""validation_rows"": 83274}, {""fold"": 2, ""train_start"": ""2021-01-04"", ""train_end"": ""2022-10-13"", ""train_label_end_max"": ""2022-10-20"", ""validation_start"": ""2022-10-21"", ""validation_end"": ""2023-09-14"", ""train_rows"": 162231, ""validation_rows"": 82746}, {""fold"": 3, ""train_start"": ""2021-01-04"", ""train_end"": ""2023-09-07"", ""train_label_end_max"": ""2023-09-14"", ""validation_start"": ""2023-09-15"", ""validation_end"": ""2024-08-07"", ""train_rows"": 244929, ""validation_rows"": 83453}, {""fold"": 4, ""train_start"": ""2021-01-04"", ""train_end"": ""2024-07-31"", ""train_label_end_max"": ""2024-08-07"", ""validation_start"": ""2024-08-08"", ""validation_end"": ""2025-07-03"", ""train_rows"": 328410, ""validation_rows"": 83231}]",0.49,0.46003683369969,0.4040862934813305,0.5339715247637205,0.3704944936039242,0.48958233144176205,True,7.38,9eabd4bf8d11,1ce27fb1a1b3d44ec9cb69414ae816f1ddbf6d384fdf977ef1434bf53d8254e5,rolling_recent_cv_oof_threshold,ok,manual-parallel-45m-20260722_150132 strategy=log-grid round=3 index=106
LR_20260722_151542_814878,2026-07-22T15:15:51,logistic_regression,Logistic Regression,"{""C"": 2.45841111646e-05, ""solver"": ""liblinear""}",0.45605814203060935,0.043244376492526826,"[0.48862721648536145, 0.5079243606201245, 0.4229178242884485, 0.40476316672850304]",0.40611331401179107,0.027848778423261344,0.5410535428644481,0.12627117381632605,"[0.3697850491689148, 0.44397212092441146, 0.39215686274509803, 0.4185392232087398]","[0.7200325346527943, 0.5934012055489862, 0.45891535189093224, 0.39186507936507936]","[{""fold"": 1, ""train_start"": ""2021-01-04"", ""train_end"": ""2021-11-18"", ""train_label_end_max"": ""2021-11-25"", ""validation_start"": ""2021-11-26"", ""validation_end"": ""2022-10-20"", ""train_rows"": 78914, ""validation_rows"": 83274}, {""fold"": 2, ""train_start"": ""2021-01-04"", ""train_end"": ""2022-10-13"", ""train_label_end_max"": ""2022-10-20"", ""validation_start"": ""2022-10-21"", ""validation_end"": ""2023-09-14"", ""train_rows"": 162231, ""validation_rows"": 82746}, {""fold"": 3, ""train_start"": ""2021-01-04"", ""train_end"": ""2023-09-07"", ""train_label_end_max"": ""2023-09-14"", ""validation_start"": ""2023-09-15"", ""validation_end"": ""2024-08-07"", ""train_rows"": 244929, ""validation_rows"": 83453}, {""fold"": 4, ""train_start"": ""2021-01-04"", ""train_end"": ""2024-07-31"", ""train_label_end_max"": ""2024-08-07"", ""validation_start"": ""2024-08-08"", ""validation_end"": ""2025-07-03"", ""train_rows"": 328410, ""validation_rows"": 83231}]",0.49,0.4629138775326834,0.40322211653080636,0.5433496937492395,0.3704944936039242,0.49924858132153505,True,9.027,9eabd4bf8d11,1ce27fb1a1b3d44ec9cb69414ae816f1ddbf6d384fdf977ef1434bf53d8254e5,rolling_recent_cv_oof_threshold,ok,manual-parallel-45m-20260722_150132 strategy=log-grid round=3 index=107
LR_20260722_151551_846110,2026-07-22T15:15:58,logistic_regression,Logistic Regression,"{""C"": 2.45841111646e-05, ""solver"": ""lbfgs""}",0.4547601307476893,0.0435638040902505,"[0.4884061142916383, 0.5063410401041344, 0.42127811495894324, 0.4030152536360411]",0.4062495758311315,0.027764491187183094,0.5376680596661053,0.12692302754324833,"[0.36994381042124735, 0.4440337449991303, 0.392536881689326, 0.4184838662148225]","[0.7184735825397364, 0.5889885501687192, 0.4545606806686095, 0.3886494252873563]","[{""fold"": 1, ""train_start"": ""2021-01-04"", ""train_end"": ""2021-11-18"", ""train_label_end_max"": ""2021-11-25"", ""validation_start"": ""2021-11-26"", ""validation_end"": ""2022-10-20"", ""train_rows"": 78914, ""validation_rows"": 83274}, {""fold"": 2, ""train_start"": ""2021-01-04"", ""train_end"": ""2022-10-13"", ""train_label_end_max"": ""2022-10-20"", ""validation_start"": ""2022-10-21"", ""validation_end"": ""2023-09-14"", ""train_rows"": 162231, ""validation_rows"": 82746}, {""fold"": 3, ""train_start"": ""2021-01-04"", ""train_end"": ""2023-09-07"", ""train_label_end_max"": ""2023-09-14"", ""validation_start"": ""2023-09-15"", ""validation_end"": ""2024-08-07"", ""train_rows"": 244929, ""validation_rows"": 83453}, {""fold"": 4, ""train_start"": ""2021-01-04"", ""train_end"": ""2024-07-31"", ""train_label_end_max"": ""2024-08-07"", ""validation_start"": ""2024-08-08"", ""validation_end"": ""2025-07-03"", ""train_rows"": 328410, ""validation_rows"": 83231}]",0.49,0.46172311043738573,0.40331240606971447,0.5399180627104206,0.3704944936039242,0.49598441858228337,True,6.868,9eabd4bf8d11,1ce27fb1a1b3d44ec9cb69414ae816f1ddbf6d384fdf977ef1434bf53d8254e5,rolling_recent_cv_oof_threshold,ok,manual-parallel-45m-20260722_150132 strategy=log-grid round=3 index=108
LR_20260722_151558_715359,2026-07-22T15:16:08,logistic_regression,Logistic Regression,"{""C"": 3.0245064224e-05, ""solver"": ""liblinear""}",0.45388739492814567,0.04287337568666171,"[0.4877278165619301, 0.5041775782516523, 0.42016623263212066, 0.4034779522668796]",0.406847170754724,0.027446442405501436,0.5336779254481758,0.12429412964583966,"[0.3710367254603938, 0.4441197794230727, 0.39306763144074225, 0.41916454669468717]","[0.711492188294303, 0.5830184870071814, 0.45127792851639703, 0.3889230979748221]","[{""fold"": 1, ""train_start"": ""2021-01-04"", ""train_end"": ""2021-11-18"", ""train_label_end_max"": ""2021-11-25"", ""validation_start"": ""2021-11-26"", ""validation_end"": ""2022-10-20"", ""train_rows"": 78914, ""validation_rows"": 83274}, {""fold"": 2, ""train_start"": ""2021-01-04"", ""train_end"": ""2022-10-13"", ""train_label_end_max"": ""2022-10-20"", ""validation_start"": ""2022-10-21"", ""validation_end"": ""2023-09-14"", ""train_rows"": 162231, ""validation_rows"": 82746}, {""fold"": 3, ""train_start"": ""2021-01-04"", ""train_end"": ""2023-09-07"", ""train_label_end_max"": ""2023-09-14"", ""validation_start"": ""2023-09-15"", ""validation_end"": ""2024-08-07"", ""train_rows"": 244929, ""validation_rows"": 83453}, {""fold"": 4, ""train_start"": ""2021-01-04"", ""train_end"": ""2024-07-31"", ""train_label_end_max"": ""2024-08-07"", ""validation_start"": ""2024-08-08"", ""validation_end"": ""2025-07-03"", ""train_rows"": 328410, ""validation_rows"": 83231}]",0.49,0.46066236343156847,0.4039854186035132,0.5358374234373099,0.3704944936039242,0.4914157930172165,True,9.964,9eabd4bf8d11,1ce27fb1a1b3d44ec9cb69414ae816f1ddbf6d384fdf977ef1434bf53d8254e5,rolling_recent_cv_oof_threshold,ok,manual-parallel-45m-20260722_150132 strategy=log-grid round=3 index=109
LR_20260722_151608_685110,2026-07-22T15:16:15,logistic_regression,Logistic Regression,"{""C"": 3.0245064224e-05, ""solver"": ""lbfgs""}",0.4528825847156167,0.0428160120478817,"[0.4873030281870447, 0.5026045579764588, 0.4190523972280581, 0.40257035547090547]",0.40718317910305224,0.027389295690119334,0.5307077040574426,0.12438413086659726,"[0.37108066431521297, 0.4441321619049727, 0.39388134044622597, 0.4196385497457973]","[0.709526553021317, 0.5788077178207828, 0.44766020165477505, 0.38683634373289544]","[{""fold"": 1, ""train_start"": ""2021-01-04"", ""train_end"": ""2021-11-18"", ""train_label_end_max"": ""2021-11-25"", ""validation_start"": ""2021-11-26"", ""validation_end"": ""2022-10-20"", ""train_rows"": 78914, ""validation_rows"": 83274}, {""fold"": 2, ""train_start"": ""2021-01-04"", ""train_end"": ""2022-10-13"", ""train_label_end_max"": ""2022-10-20"", ""validation_start"": ""2022-10-21"", ""validation_end"": ""2023-09-14"", ""train_rows"": 162231, ""validation_rows"": 82746}, {""fold"": 3, ""train_start"": ""2021-01-04"", ""train_end"": ""2023-09-07"", ""train_label_end_max"": ""2023-09-14"", ""validation_start"": ""2023-09-15"", ""validation_end"": ""2024-08-07"", ""train_rows"": 244929, ""validation_rows"": 83453}, {""fold"": 4, ""train_start"": ""2021-01-04"", ""train_end"": ""2024-07-31"", ""train_label_end_max"": ""2024-08-07"", ""validation_start"": ""2024-08-08"", ""validation_end"": ""2025-07-03"", ""train_rows"": 328410, ""validation_rows"": 83231}]",0.49,0.4596863659111032,0.4042109279797147,0.5328114225449235,0.3704944936039242,0.4883680388573627,True,7.013,9eabd4bf8d11,1ce27fb1a1b3d44ec9cb69414ae816f1ddbf6d384fdf977ef1434bf53d8254e5,rolling_recent_cv_oof_threshold,ok,manual-parallel-45m-20260722_150132 strategy=log-grid round=3 index=110
LR_20260722_151615_700598,2026-07-22T15:16:24,logistic_regression,Logistic Regression,"{""C"": 2.37495021997e-05, ""solver"": ""liblinear""}",0.4119047327236675,0.04947786012964477,"[0.4626901015629111, 0.45991626174506045, 0.36621845643764966, 0.35879411114904897]",0.41660262824531413,0.02654761076768379,0.42703480140154787,0.11651880200323056,"[0.3781313837221804, 0.44697876973326073, 0.40680116217211604, 0.43449919735369946]","[0.5959602806113804, 0.4736250108153318, 0.3329983586239239, 0.3055555555555556]","[{""fold"": 1, ""train_start"": ""2021-01-04"", ""train_end"": ""2021-11-18"", ""train_label_end_max"": ""2021-11-25"", ""validation_start"": ""2021-11-26"", ""validation_end"": ""2022-10-20"", ""train_rows"": 78914, ""validation_rows"": 83274}, {""fold"": 2, ""train_start"": ""2021-01-04"", ""train_end"": ""2022-10-13"", ""train_label_end_max"": ""2022-10-20"", ""validation_start"": ""2022-10-21"", ""validation_end"": ""2023-09-14"", ""train_rows"": 162231, ""validation_rows"": 82746}, {""fold"": 3, ""train_start"": ""2021-01-04"", ""train_end"": ""2023-09-07"", ""train_label_end_max"": ""2023-09-14"", ""validation_start"": ""2023-09-15"", ""validation_end"": ""2024-08-07"", ""train_rows"": 244929, ""validation_rows"": 83453}, {""fold"": 4, ""train_start"": ""2021-01-04"", ""train_end"": ""2024-07-31"", ""train_label_end_max"": ""2024-08-07"", ""validation_start"": ""2024-08-08"", ""validation_end"": ""2025-07-03"", ""train_rows"": 328410, ""validation_rows"": 83231}]",0.5,0.42051021057319166,0.4123550557942592,0.4289944428669939,0.3704944936039242,0.3854447196306627,True,8.773,9eabd4bf8d11,1ce27fb1a1b3d44ec9cb69414ae816f1ddbf6d384fdf977ef1434bf53d8254e5,rolling_recent_cv_oof_threshold,ok,manual-parallel-45m-20260722_150132 strategy=log-grid round=3 index=111
LR_20260722_151624_475730,2026-07-22T15:16:31,logistic_regression,Logistic Regression,"{""C"": 2.37495021997e-05, ""solver"": ""lbfgs""}",0.45527839744445475,0.04357661320331172,"[0.4886507370696594, 0.5070830291857918, 0.4219282483425243, 0.40345157517984337]",0.40618148933234166,0.027816866268193744,0.5392022670665401,0.1272001570901428,"[0.36979411406394125, 0.4440135199549335, 0.39244445725153443, 0.4184738660589576]","[0.720100315179449, 0.5910362529922418, 0.45620205674471576, 0.38947044334975367]","[{""fold"": 1, ""train_start"": ""2021-01-04"", ""train_end"": ""2021-11-18"", ""train_label_end_max"": ""2021-11-25"", ""validation_start"": ""2021-11-26"", ""validation_end"": ""2022-10-20"", ""train_rows"": 78914, ""validation_rows"": 83274}, {""fold"": 2, ""train_start"": ""2021-01-04"", ""train_end"": ""2022-10-13"", ""train_label_end_max"": ""2022-10-20"", ""validation_start"": ""2022-10-21"", ""validation_end"": ""2023-09-14"", ""train_rows"": 162231, ""validation_rows"": 82746}, {""fold"": 3, ""train_start"": ""2021-01-04"", ""train_end"": ""2023-09-07"", ""train_label_end_max"": ""2023-09-14"", ""validation_start"": ""2023-09-15"", ""validation_end"": ""2024-08-07"", ""train_rows"": 244929, ""validation_rows"": 83453}, {""fold"": 4, ""train_start"": ""2021-01-04"", ""train_end"": ""2024-07-31"", ""train_label_end_max"": ""2024-08-07"", ""validation_start"": ""2024-08-08"", ""validation_end"": ""2025-07-03"", ""train_rows"": 328410, ""validation_rows"": 83231}]",0.49,0.4622437990629772,0.40323944853252136,0.5414756824727214,0.3704944936039242,0.4975052899874964,True,6.646,9eabd4bf8d11,1ce27fb1a1b3d44ec9cb69414ae816f1ddbf6d384fdf977ef1434bf53d8254e5,rolling_recent_cv_oof_threshold,ok,manual-parallel-45m-20260722_150132 strategy=log-grid round=3 index=112
LR_20260722_151631_124761,2026-07-22T15:16:40,logistic_regression,Logistic Regression,"{""C"": 3.13079413122e-05, ""solver"": ""liblinear""}",0.453636540229718,0.04285362539067338,"[0.4874984002140804, 0.5038896172816383, 0.41982753233768666, 0.40333061108546675]",0.4070244488531636,0.02743661800036935,0.5326525185600445,0.12394618996457069,"[0.37117749193862726, 0.4443098740421034, 0.39336631634415525, 0.4192441130877685]","[0.7100010167078998, 0.5819225333833242, 0.45010551703346396, 0.3885810071154899]","[{""fold"": 1, ""train_start"": ""2021-01-04"", ""train_end"": ""2021-11-18"", ""train_label_end_max"": ""2021-11-25"", ""validation_start"": ""2021-11-26"", ""validation_end"": ""2022-10-20"", ""train_rows"": 78914, ""validation_rows"": 83274}, {""fold"": 2, ""train_start"": ""2021-01-04"", ""train_end"": ""2022-10-13"", ""train_label_end_max"": ""2022-10-20"", ""validation_start"": ""2022-10-21"", ""validation_end"": ""2023-09-14"", ""train_rows"": 162231, ""validation_rows"": 82746}, {""fold"": 3, ""train_start"": ""2021-01-04"", ""train_end"": ""2023-09-07"", ""train_label_end_max"": ""2023-09-14"", ""validation_start"": ""2023-09-15"", ""validation_end"": ""2024-08-07"", ""train_rows"": 244929, ""validation_rows"": 83453}, {""fold"": 4, ""train_start"": ""2021-01-04"", ""train_end"": ""2024-07-31"", ""train_label_end_max"": ""2024-08-07"", ""validation_start"": ""2024-08-08"", ""validation_end"": ""2025-07-03"", ""train_rows"": 328410, ""validation_rows"": 83231}]",0.49,0.46040115653765035,0.4041702685966881,0.5348071228653714,0.3704944936039242,0.49024658555352507,True,9.307,9eabd4bf8d11,1ce27fb1a1b3d44ec9cb69414ae816f1ddbf6d384fdf977ef1434bf53d8254e5,rolling_recent_cv_oof_threshold,ok,manual-parallel-45m-20260722_150132 strategy=log-grid round=3 index=113
LR_20260722_151640_431963,2026-07-22T15:16:47,logistic_regression,Logistic Regression,"{""C"": 3.13079413122e-05, ""solver"": ""lbfgs""}",0.4526798375109205,0.04266919917238578,"[0.4872829001049073, 0.5019938304115567, 0.4188565508147311, 0.40258606871248687]",0.4073750387273143,0.027276142254395095,0.5297935710082418,0.12401057362028316,"[0.37137323881100864, 0.4440796041976349, 0.39413276610830456, 0.41991454579230914]","[0.7083742840681873, 0.5772791509243503, 0.44688975982313334, 0.3866310892172961]","[{""fold"": 1, ""train_start"": ""2021-01-04"", ""train_end"": ""2021-11-18"", ""train_label_end_max"": ""2021-11-25"", ""validation_start"": ""2021-11-26"", ""validation_end"": ""2022-10-20"", ""train_rows"": 78914, ""validation_rows"": 83274}, {""fold"": 2, ""train_start"": ""2021-01-04"", ""train_end"": ""2022-10-13"", ""train_label_end_max"": ""2022-10-20"", ""validation_start"": ""2022-10-21"", ""validation_end"": ""2023-09-14"", ""train_rows"": 162231, ""validation_rows"": 82746}, {""fold"": 3, ""train_start"": ""2021-01-04"", ""train_end"": ""2023-09-07"", ""train_label_end_max"": ""2023-09-14"", ""validation_start"": ""2023-09-15"", ""validation_end"": ""2024-08-07"", ""train_rows"": 244929, ""validation_rows"": 83453}, {""fold"": 4, ""train_start"": ""2021-01-04"", ""train_end"": ""2024-07-31"", ""train_label_end_max"": ""2024-08-07"", ""validation_start"": ""2024-08-08"", ""validation_end"": ""2025-07-03"", ""train_rows"": 328410, ""validation_rows"": 83231}]",0.49,0.45945652364349915,0.4043979768073032,0.5318703606052002,0.3704944936039242,0.48727998461094546,True,6.924,9eabd4bf8d11,1ce27fb1a1b3d44ec9cb69414ae816f1ddbf6d384fdf977ef1434bf53d8254e5,rolling_recent_cv_oof_threshold,ok,manual-parallel-45m-20260722_150132 strategy=log-grid round=3 index=114
LR_20260722_151647_361599,2026-07-22T15:16:56,logistic_regression,Logistic Regression,"{""C"": 2.29432274756e-05, ""solver"": ""liblinear""}",0.4119743582868223,0.049535801460441724,"[0.4627507728737749, 0.4601066435279135, 0.36631183469004386, 0.3587281820555567]",0.41659375313658326,0.02650637978355837,0.4271919755663711,0.11659271305991482,"[0.3781714973767954, 0.44692767808591627, 0.4068316629167519, 0.43444417416686937]","[0.5960619514013624, 0.47408646497274537, 0.3331323485076877, 0.3054871373836891]","[{""fold"": 1, ""train_start"": ""2021-01-04"", ""train_end"": ""2021-11-18"", ""train_label_end_max"": ""2021-11-25"", ""validation_start"": ""2021-11-26"", ""validation_end"": ""2022-10-20"", ""train_rows"": 78914, ""validation_rows"": 83274}, {""fold"": 2, ""train_start"": ""2021-01-04"", ""train_end"": ""2022-10-13"", ""train_label_end_max"": ""2022-10-20"", ""validation_start"": ""2022-10-21"", ""validation_end"": ""2023-09-14"", ""train_rows"": 162231, ""validation_rows"": 82746}, {""fold"": 3, ""train_start"": ""2021-01-04"", ""train_end"": ""2023-09-07"", ""train_label_end_max"": ""2023-09-14"", ""validation_start"": ""2023-09-15"", ""validation_end"": ""2024-08-07"", ""train_rows"": 244929, ""validation_rows"": 83453}, {""fold"": 4, ""train_start"": ""2021-01-04"", ""train_end"": ""2024-07-31"", ""train_label_end_max"": ""2024-08-07"", ""validation_start"": ""2024-08-08"", ""validation_end"": ""2025-07-03"", ""train_rows"": 328410, ""validation_rows"": 83231}]",0.5,0.4205952622310209,0.41236124968820154,0.4291648075284955,0.3704944936039242,0.3855919976916418,True,8.893,9eabd4bf8d11,1ce27fb1a1b3d44ec9cb69414ae816f1ddbf6d384fdf977ef1434bf53d8254e5,rolling_recent_cv_oof_threshold,ok,manual-parallel-45m-20260722_150132 strategy=log-grid round=3 index=115
LR_20260722_151656_255457,2026-07-22T15:17:02,logistic_regression,Logistic Regression,"{""C"": 2.29432274756e-05, ""solver"": ""lbfgs""}",0.45586632916499703,0.04358966861116368,"[0.4890557028568805, 0.5077871231489373, 0.4228260533555906, 0.4037964372985799]",0.40622372591782563,0.02783833113907626,0.5407776612221316,0.12757018114629912,"[0.369758400444321, 0.444053225039962, 0.3925383842732099, 0.41854489391380956]","[0.7219981699257804, 0.592882069621896, 0.4581784075302315, 0.3900519978106185]","[{""fold"": 1, ""train_start"": ""2021-01-04"", ""train_end"": ""2021-11-18"", ""train_label_end_max"": ""2021-11-25"", ""validation_start"": ""2021-11-26"", ""validation_end"": ""2022-10-20"", ""train_rows"": 78914, ""validation_rows"": 83274}, {""fold"": 2, ""train_start"": ""2021-01-04"", ""train_end"": ""2022-10-13"", ""train_label_end_max"": ""2022-10-20"", ""validation_start"": ""2022-10-21"", ""validation_end"": ""2023-09-14"", ""train_rows"": 162231, ""validation_rows"": 82746}, {""fold"": 3, ""train_start"": ""2021-01-04"", ""train_end"": ""2023-09-07"", ""train_label_end_max"": ""2023-09-14"", ""validation_start"": ""2023-09-15"", ""validation_end"": ""2024-08-07"", ""train_rows"": 244929, ""validation_rows"": 83453}, {""fold"": 4, ""train_start"": ""2021-01-04"", ""train_end"": ""2024-07-31"", ""train_label_end_max"": ""2024-08-07"", ""validation_start"": ""2024-08-08"", ""validation_end"": ""2025-07-03"", ""train_rows"": 328410, ""validation_rows"": 83231}]",0.49,0.4628399167536697,0.4032663240901944,0.5430657526467367,0.3704944936039242,0.49893298547657977,True,6.632,9eabd4bf8d11,1ce27fb1a1b3d44ec9cb69414ae816f1ddbf6d384fdf977ef1434bf53d8254e5,rolling_recent_cv_oof_threshold,ok,manual-parallel-45m-20260722_150132 strategy=log-grid round=3 index=116
LR_20260722_151702_888267,2026-07-22T15:17:12,logistic_regression,Logistic Regression,"{""C"": 3.24081702041e-05, ""solver"": ""liblinear""}",0.45331311233327876,0.042819883418085035,"[0.48738536119236014, 0.5033521789162956, 0.419381082011327, 0.40313382721313223]",0.40715180903082754,0.02740026206381266,0.5315308806384168,0.12364423919946665,"[0.3713991404113238, 0.4444174489232468, 0.3934536914721855, 0.41933695531655396]","[0.7087131867014607, 0.5803074438323768, 0.4489666030214719, 0.38813628899835795]","[{""fold"": 1, ""train_start"": ""2021-01-04"", ""train_end"": ""2021-11-18"", ""train_label_end_max"": ""2021-11-25"", ""validation_start"": ""2021-11-26"", ""validation_end"": ""2022-10-20"", ""train_rows"": 78914, ""validation_rows"": 83274}, {""fold"": 2, ""train_start"": ""2021-01-04"", ""train_end"": ""2022-10-13"", ""train_label_end_max"": ""2022-10-20"", ""validation_start"": ""2022-10-21"", ""validation_end"": ""2023-09-14"", ""train_rows"": 162231, ""validation_rows"": 82746}, {""fold"": 3, ""train_start"": ""2021-01-04"", ""train_end"": ""2023-09-07"", ""train_label_end_max"": ""2023-09-14"", ""validation_start"": ""2023-09-15"", ""validation_end"": ""2024-08-07"", ""train_rows"": 244929, ""validation_rows"": 83453}, {""fold"": 4, ""train_start"": ""2021-01-04"", ""train_end"": ""2024-07-31"", ""train_label_end_max"": ""2024-08-07"", ""validation_start"": ""2024-08-08"", ""validation_end"": ""2025-07-03"", ""train_rows"": 328410, ""validation_rows"": 83231}]",0.49,0.4600654618698596,0.4043072346545546,0.5336632458524317,0.3704944936039242,0.4890322929691257,True,9.643,9eabd4bf8d11,1ce27fb1a1b3d44ec9cb69414ae816f1ddbf6d384fdf977ef1434bf53d8254e5,rolling_recent_cv_oof_threshold,ok,manual-parallel-45m-20260722_150132 strategy=log-grid round=3 index=117
LR_20260722_151712_535462,2026-07-22T15:17:19,logistic_regression,Logistic Regression,"{""C"": 3.24081702041e-05, ""solver"": ""lbfgs""}",0.45232276714908537,0.042735477957596225,"[0.4869169245139821, 0.5017956252040483, 0.41826839962909995, 0.40231011924921123]",0.4074426373528339,0.027385291932115655,0.5286789952902683,0.12365004078332209,"[0.3714239908796181, 0.44436784165462023, 0.3939779725248697, 0.42000074435222745]","[0.7066458806384925, 0.5762697199550082, 0.44575084581114127, 0.38604953475643133]","[{""fold"": 1, ""train_start"": ""2021-01-04"", ""train_end"": ""2021-11-18"", ""train_label_end_max"": ""2021-11-25"", ""validation_start"": ""2021-11-26"", ""validation_end"": ""2022-10-20"", ""train_rows"": 78914, ""validation_rows"": 83274}, {""fold"": 2, ""train_start"": ""2021-01-04"", ""train_end"": ""2022-10-13"", ""train_label_end_max"": ""2022-10-20"", ""validation_start"": ""2022-10-21"", ""validation_end"": ""2023-09-14"", ""train_rows"": 162231, ""validation_rows"": 82746}, {""fold"": 3, ""train_start"": ""2021-01-04"", ""train_end"": ""2023-09-07"", ""train_label_end_max"": ""2023-09-14"", ""validation_start"": ""2023-09-15"", ""validation_end"": ""2024-08-07"", ""train_rows"": 244929, ""validation_rows"": 83453}, {""fold"": 4, ""train_start"": ""2021-01-04"", ""train_end"": ""2024-07-31"", ""train_label_end_max"": ""2024-08-07"", ""validation_start"": ""2024-08-08"", ""validation_end"": ""2025-07-03"", ""train_rows"": 328410, ""validation_rows"": 83231}]",0.49,0.459094848305165,0.4044810445878774,0.5307589340039752,0.3704944936039242,0.4861618736173896,True,6.926,9eabd4bf8d11,1ce27fb1a1b3d44ec9cb69414ae816f1ddbf6d384fdf977ef1434bf53d8254e5,rolling_recent_cv_oof_threshold,ok,manual-parallel-45m-20260722_150132 strategy=log-grid round=3 index=118
LR_20260722_151719_461776,2026-07-22T15:17:28,logistic_regression,Logistic Regression,"{""C"": 2.21643250697e-05, ""solver"": ""liblinear""}",0.4120039466084761,0.04961161019425152,"[0.4627205388977331, 0.4603267864137429, 0.3665813837913453, 0.3583870773310831]",0.41654577945438964,0.02647352744557787,0.42728950298126117,0.11661029650054888,"[0.3781720430107527, 0.44695878949227136, 0.40684752410524594, 0.43420476120928875]","[0.5959602806113804, 0.4745190782453206, 0.33356781562991994, 0.30511083743842365]","[{""fold"": 1, ""train_start"": ""2021-01-04"", ""train_end"": ""2021-11-18"", ""train_label_end_max"": ""2021-11-25"", ""validation_start"": ""2021-11-26"", ""validation_end"": ""2022-10-20"", ""train_rows"": 78914, ""validation_rows"": 83274}, {""fold"": 2, ""train_start"": ""2021-01-04"", ""train_end"": ""2022-10-13"", ""train_label_end_max"": ""2022-10-20"", ""validation_start"": ""2022-10-21"", ""validation_end"": ""2023-09-14"", ""train_rows"": 162231, ""validation_rows"": 82746}, {""fold"": 3, ""train_start"": ""2021-01-04"", ""train_end"": ""2023-09-07"", ""train_label_end_max"": ""2023-09-14"", ""validation_start"": ""2023-09-15"", ""validation_end"": ""2024-08-07"", ""train_rows"": 244929, ""validation_rows"": 83453}, {""fold"": 4, ""train_start"": ""2021-01-04"", ""train_end"": ""2024-07-31"", ""train_label_end_max"": ""2024-08-07"", ""validation_start"": ""2024-08-08"", ""validation_end"": ""2025-07-03"", ""train_rows"": 328410, ""validation_rows"": 83231}]",0.5,0.4206396839339727,0.4123418116077551,0.42927838396949664,0.3704944936039242,0.3857122246801962,True,8.943,9eabd4bf8d11,1ce27fb1a1b3d44ec9cb69414ae816f1ddbf6d384fdf977ef1434bf53d8254e5,rolling_recent_cv_oof_threshold,ok,manual-parallel-45m-20260722_150132 strategy=log-grid round=3 index=119
LR_20260722_151728_408797,2026-07-22T15:17:35,logistic_regression,Logistic Regression,"{""C"": 2.21643250697e-05, ""solver"": ""lbfgs""}",0.4105516057207785,0.049838737505454624,"[0.46236431501338715, 0.4582308027616463, 0.3645750448733369, 0.35703626023474366]",0.41693590848597495,0.026481476764316496,0.4241910820194705,0.11677263633009416,"[0.3784764207980653, 0.44709691581604655, 0.40726806680998845, 0.43490223051979954]","[0.5940285356017216, 0.46993337755602343, 0.32998358623923896, 0.30281882868089766]","[{""fold"": 1, ""train_start"": ""2021-01-04"", ""train_end"": ""2021-11-18"", ""train_label_end_max"": ""2021-11-25"", ""validation_start"": ""2021-11-26"", ""validation_end"": ""2022-10-20"", ""train_rows"": 78914, ""validation_rows"": 83274}, {""fold"": 2, ""train_start"": ""2021-01-04"", ""train_end"": ""2022-10-13"", ""train_label_end_max"": ""2022-10-20"", ""validation_start"": ""2022-10-21"", ""validation_end"": ""2023-09-14"", ""train_rows"": 162231, ""validation_rows"": 82746}, {""fold"": 3, ""train_start"": ""2021-01-04"", ""train_end"": ""2023-09-07"", ""train_label_end_max"": ""2023-09-14"", ""validation_start"": ""2023-09-15"", ""validation_end"": ""2024-08-07"", ""train_rows"": 244929, ""validation_rows"": 83453}, {""fold"": 4, ""train_start"": ""2021-01-04"", ""train_end"": ""2024-07-31"", ""train_label_end_max"": ""2024-08-07"", ""validation_start"": ""2024-08-08"", ""validation_end"": ""2025-07-03"", ""train_rows"": 328410, ""validation_rows"": 83231}]",0.5,0.4192558358576486,0.41261449512168297,0.42611446882732323,0.3704944936039242,0.38261637972492063,True,6.899,9eabd4bf8d11,1ce27fb1a1b3d44ec9cb69414ae816f1ddbf6d384fdf977ef1434bf53d8254e5,rolling_recent_cv_oof_threshold,ok,manual-parallel-45m-20260722_150132 strategy=log-grid round=3 index=120
LR_20260722_151735_308719,2026-07-22T15:17:44,logistic_regression,Logistic Regression,"{""C"": 2.70336390625e-05, ""solver"": ""liblinear""}",0.4549562753258262,0.04308158955209089,"[0.48814985151203505, 0.5060826647155843, 0.421555400480732, 0.4040371845949535]",0.40638110578767234,0.027632484086871106,0.537479370892033,0.12532960958359823,"[0.37035348576237903, 0.44391506765870425, 0.39246939246939244, 0.4187864772602136]","[0.7158301420002033, 0.5884982551264673, 0.45529762502931026, 0.39029146141215104]","[{""fold"": 1, ""train_start"": ""2021-01-04"", ""train_end"": ""2021-11-18"", ""train_label_end_max"": ""2021-11-25"", ""validation_start"": ""2021-11-26"", ""validation_end"": ""2022-10-20"", ""train_rows"": 78914, ""validation_rows"": 83274}, {""fold"": 2, ""train_start"": ""2021-01-04"", ""train_end"": ""2022-10-13"", ""train_label_end_max"": ""2022-10-20"", ""validation_start"": ""2022-10-21"", ""validation_end"": ""2023-09-14"", ""train_rows"": 162231, ""validation_rows"": 82746}, {""fold"": 3, ""train_start"": ""2021-01-04"", ""train_end"": ""2023-09-07"", ""train_label_end_max"": ""2023-09-14"", ""validation_start"": ""2023-09-15"", ""validation_end"": ""2024-08-07"", ""train_rows"": 244929, ""validation_rows"": 83453}, {""fold"": 4, ""train_start"": ""2021-01-04"", ""train_end"": ""2024-07-31"", ""train_label_end_max"": ""2024-08-07"", ""validation_start"": ""2024-08-08"", ""validation_end"": ""2025-07-03"", ""train_rows"": 328410, ""validation_rows"": 83231}]",0.49,0.46177873102471734,0.40351058087133734,0.5397152476372044,0.3704944936039242,0.4955546070982014,True,8.985,9eabd4bf8d11,1ce27fb1a1b3d44ec9cb69414ae816f1ddbf6d384fdf977ef1434bf53d8254e5,rolling_recent_cv_oof_threshold,ok,manual-parallel-45m-20260722_150132 strategy=log-grid round=4 index=121
LR_20260722_151744_295011,2026-07-22T15:17:51,logistic_regression,Logistic Regression,"{""C"": 2.70336390625e-05, ""solver"": ""lbfgs""}",0.4538943684559212,0.04318876050145566,"[0.48821030455266295, 0.5042722267892286, 0.42046500023390354, 0.40262994224788984]",0.4066982926892619,0.027377197276002966,0.5344178856482571,0.12585733811505087,"[0.37073239337576036, 0.4437989169754237, 0.39333644532617573, 0.4189254150796879]","[0.7146778730470735, 0.5838260317826551, 0.45161290322580644, 0.3875547345374932]","[{""fold"": 1, ""train_start"": ""2021-01-04"", ""train_end"": ""2021-11-18"", ""train_label_end_max"": ""2021-11-25"", ""validation_start"": ""2021-11-26"", ""validation_end"": ""2022-10-20"", ""train_rows"": 78914, ""validation_rows"": 83274}, {""fold"": 2, ""train_start"": ""2021-01-04"", ""train_end"": ""2022-10-13"", ""train_label_end_max"": ""2022-10-20"", ""validation_start"": ""2022-10-21"", ""validation_end"": ""2023-09-14"", ""train_rows"": 162231, ""validation_rows"": 82746}, {""fold"": 3, ""train_start"": ""2021-01-04"", ""train_end"": ""2023-09-07"", ""train_label_end_max"": ""2023-09-14"", ""validation_start"": ""2023-09-15"", ""validation_end"": ""2024-08-07"", ""train_rows"": 244929, ""validation_rows"": 83453}, {""fold"": 4, ""train_start"": ""2021-01-04"", ""train_end"": ""2024-07-31"", ""train_label_end_max"": ""2024-08-07"", ""validation_start"": ""2024-08-08"", ""validation_end"": ""2025-07-03"", ""train_rows"": 328410, ""validation_rows"": 83231}]",0.49,0.460793022129797,0.40376280415593296,0.5365837829067456,0.3704944936039242,0.4923715975762239,True,6.777,9eabd4bf8d11,1ce27fb1a1b3d44ec9cb69414ae816f1ddbf6d384fdf977ef1434bf53d8254e5,rolling_recent_cv_oof_threshold,ok,manual-parallel-45m-20260722_150132 strategy=log-grid round=4 index=122
LR_20260722_151751_077251,2026-07-22T15:18:00,logistic_regression,Logistic Regression,"{""C"": 2.65707926949e-05, ""solver"": ""liblinear""}",0.4551240638942259,0.0430608818058784,"[0.4881693361201889, 0.506337897280218, 0.42172127972732204, 0.40426774244917457]",0.4062765410535656,0.027662020306540462,0.5380801580436533,0.12534025816340189,"[0.37023997197407604, 0.44386513729579424, 0.3923094661593451, 0.41869158878504675]","[0.7163384959501136, 0.5892769590171026, 0.4559005795062473, 0.39080459770114945]","[{""fold"": 1, ""train_start"": ""2021-01-04"", ""train_end"": ""2021-11-18"", ""train_label_end_max"": ""2021-11-25"", ""validation_start"": ""2021-11-26"", ""validation_end"": ""2022-10-20"", ""train_rows"": 78914, ""validation_rows"": 83274}, {""fold"": 2, ""train_start"": ""2021-01-04"", ""train_end"": ""2022-10-13"", ""train_label_end_max"": ""2022-10-20"", ""validation_start"": ""2022-10-21"", ""validation_end"": ""2023-09-14"", ""train_rows"": 162231, ""validation_rows"": 82746}, {""fold"": 3, ""train_start"": ""2021-01-04"", ""train_end"": ""2023-09-07"", ""train_label_end_max"": ""2023-09-14"", ""validation_start"": ""2023-09-15"", ""validation_end"": ""2024-08-07"", ""train_rows"": 244929, ""validation_rows"": 83453}, {""fold"": 4, ""train_start"": ""2021-01-04"", ""train_end"": ""2024-07-31"", ""train_label_end_max"": ""2024-08-07"", ""validation_start"": ""2024-08-08"", ""validation_end"": ""2025-07-03"", ""train_rows"": 328410, ""validation_rows"": 83231}]",0.49,0.46193699629634766,0.403412497955772,0.5403236928568531,0.3704944936039242,0.4962338895835337,True,9.093,9eabd4bf8d11,1ce27fb1a1b3d44ec9cb69414ae816f1ddbf6d384fdf977ef1434bf53d8254e5,rolling_recent_cv_oof_threshold,ok,manual-parallel-45m-20260722_150132 strategy=log-grid round=4 index=123
LR_20260722_151800_168445,2026-07-22T15:18:06,logistic_regression,Logistic Regression,"{""C"": 2.65707926949e-05, ""solver"": ""lbfgs""}",0.45393373676200277,0.04326631450817683,"[0.4881450810760797, 0.5045486789541149, 0.4204047926956576, 0.40263639432215886]",0.4065259644575664,0.027462878940318076,0.5348478864536701,0.12603922898644968,"[0.37052058642788166, 0.443760945709282, 0.3930027965509205, 0.41881952914218135]","[0.7151862269969838, 0.5846335765581288, 0.45191438046427496, 0.3876573617952928]","[{""fold"": 1, ""train_start"": ""2021-01-04"", ""train_end"": ""2021-11-18"", ""train_label_end_max"": ""2021-11-25"", ""validation_start"": ""2021-11-26"", ""validation_end"": ""2022-10-20"", ""train_rows"": 78914, ""validation_rows"": 83274}, {""fold"": 2, ""train_start"": ""2021-01-04"", ""train_end"": ""2022-10-13"", ""train_label_end_max"": ""2022-10-20"", ""validation_start"": ""2022-10-21"", ""validation_end"": ""2023-09-14"", ""train_rows"": 162231, ""validation_rows"": 82746}, {""fold"": 3, ""train_start"": ""2021-01-04"", ""train_end"": ""2023-09-07"", ""train_label_end_max"": ""2023-09-14"", ""validation_start"": ""2023-09-15"", ""validation_end"": ""2024-08-07"", ""train_rows"": 244929, ""validation_rows"": 83453}, {""fold"": 4, ""train_start"": ""2021-01-04"", ""train_end"": ""2024-07-31"", ""train_label_end_max"": ""2024-08-07"", ""validation_start"": ""2024-08-08"", ""validation_end"": ""2025-07-03"", ""train_rows"": 328410, ""validation_rows"": 83231}]",0.49,0.46084550185356005,0.403591025484697,0.5370299760678213,0.3704944936039242,0.492990766567279,True,6.75,9eabd4bf8d11,1ce27fb1a1b3d44ec9cb69414ae816f1ddbf6d384fdf977ef1434bf53d8254e5,rolling_recent_cv_oof_threshold,ok,manual-parallel-45m-20260722_150132 strategy=log-grid round=4 index=124
LR_20260722_151806_922976,2026-07-22T15:18:16,logistic_regression,Logistic Regression,"{""C"": 2.75045479205e-05, ""solver"": ""liblinear""}",0.45479464570333467,0.04306546898316593,"[0.48823760727255905, 0.5056732129999751, 0.4214774685273436, 0.40379029401346084]",0.4064707859024901,0.027504835054762578,0.5368587813999943,0.1252257996605858,"[0.3705908173119129, 0.4439092434776923, 0.39273316361953253, 0.4186499192008227]","[0.7153217880502931, 0.5874023015026101, 0.4547616654942552, 0.3899493705528188]","[{""fold"": 1, ""train_start"": ""2021-01-04"", ""train_end"": ""2021-11-18"", ""train_label_end_max"": ""2021-11-25"", ""validation_start"": ""2021-11-26"", ""validation_end"": ""2022-10-20"", ""train_rows"": 78914, ""validation_rows"": 83274}, {""fold"": 2, ""train_start"": ""2021-01-04"", ""train_end"": ""2022-10-13"", ""train_label_end_max"": ""2022-10-20"", ""validation_start"": ""2022-10-21"", ""validation_end"": ""2023-09-14"", ""train_rows"": 162231, ""validation_rows"": 82746}, {""fold"": 3, ""train_start"": ""2021-01-04"", ""train_end"": ""2023-09-07"", ""train_label_end_max"": ""2023-09-14"", ""validation_start"": ""2023-09-15"", ""validation_end"": ""2024-08-07"", ""train_rows"": 244929, ""validation_rows"": 83453}, {""fold"": 4, ""train_start"": ""2021-01-04"", ""train_end"": ""2024-07-31"", ""train_label_end_max"": ""2024-08-07"", ""validation_start"": ""2024-08-08"", ""validation_end"": ""2025-07-03"", ""train_rows"": 328410, ""validation_rows"": 83231}]",0.49,0.4616164808942087,0.4036214101754215,0.5390743520058411,0.3704944936039242,0.4948302394921612,True,9.139,9eabd4bf8d11,1ce27fb1a1b3d44ec9cb69414ae816f1ddbf6d384fdf977ef1434bf53d8254e5,rolling_recent_cv_oof_threshold,ok,manual-parallel-45m-20260722_150132 strategy=log-grid round=4 index=125
LR_20260722_151816_059981,2026-07-22T15:18:22,logistic_regression,Logistic Regression,"{""C"": 2.75045479205e-05, ""solver"": ""lbfgs""}",0.4537071525208947,0.04316964517332431,"[0.48815412954574416, 0.5039582112625136, 0.4201851187038569, 0.4025311505714641]",0.4067593574292359,0.027343295738461337,0.5337893677550481,0.12570815933848414,"[0.3708502024291498, 0.4438296003513395, 0.39340620798503534, 0.41895141895141896]","[0.7140000677805266, 0.5829319643526664, 0.4508759588651057, 0.3873494800218938]","[{""fold"": 1, ""train_start"": ""2021-01-04"", ""train_end"": ""2021-11-18"", ""train_label_end_max"": ""2021-11-25"", ""validation_start"": ""2021-11-26"", ""validation_end"": ""2022-10-20"", ""train_rows"": 78914, ""validation_rows"": 83274}, {""fold"": 2, ""train_start"": ""2021-01-04"", ""train_end"": ""2022-10-13"", ""train_label_end_max"": ""2022-10-20"", ""validation_start"": ""2022-10-21"", ""validation_end"": ""2023-09-14"", ""train_rows"": 162231, ""validation_rows"": 82746}, {""fold"": 3, ""train_start"": ""2021-01-04"", ""train_end"": ""2023-09-07"", ""train_label_end_max"": ""2023-09-14"", ""validation_start"": ""2023-09-15"", ""validation_end"": ""2024-08-07"", ""train_rows"": 244929, ""validation_rows"": 83453}, {""fold"": 4, ""train_start"": ""2021-01-04"", ""train_end"": ""2024-07-31"", ""train_label_end_max"": ""2024-08-07"", ""validation_start"": ""2024-08-08"", ""validation_end"": ""2025-07-03"", ""train_rows"": 328410, ""validation_rows"": 83231}]",0.49,0.46060044063920574,0.40383028406208166,0.5359428872753823,0.3704944936039242,0.4917013321150332,True,6.761,9eabd4bf8d11,1ce27fb1a1b3d44ec9cb69414ae816f1ddbf6d384fdf977ef1434bf53d8254e5,rolling_recent_cv_oof_threshold,ok,manual-parallel-45m-20260722_150132 strategy=log-grid round=4 index=126
LR_20260722_151822_829107,2026-07-22T15:18:31,logistic_regression,Logistic Regression,"{""C"": 2.61158707786e-05, ""solver"": ""liblinear""}",0.4553559745801112,0.04313919256544301,"[0.48830233953209357, 0.5067904673475704, 0.4219098340351746, 0.40442125740560614]",0.4062471649829256,0.02772983763292296,0.5387879978832547,0.1255833607382443,"[0.3701488360704479, 0.44397206194959005, 0.3922392699847434, 0.41862849192692125]","[0.7172535330599519, 0.5903152308712831, 0.4564365390413024, 0.3911466885604817]","[{""fold"": 1, ""train_start"": ""2021-01-04"", ""train_end"": ""2021-11-18"", ""train_label_end_max"": ""2021-11-25"", ""validation_start"": ""2021-11-26"", ""validation_end"": ""2022-10-20"", ""train_rows"": 78914, ""validation_rows"": 83274}, {""fold"": 2, ""train_start"": ""2021-01-04"", ""train_end"": ""2022-10-13"", ""train_label_end_max"": ""2022-10-20"", ""validation_start"": ""2022-10-21"", ""validation_end"": ""2023-09-14"", ""train_rows"": 162231, ""validation_rows"": 82746}, {""fold"": 3, ""train_start"": ""2021-01-04"", ""train_end"": ""2023-09-07"", ""train_label_end_max"": ""2023-09-14"", ""validation_start"": ""2023-09-15"", ""validation_end"": ""2024-08-07"", ""train_rows"": 244929, ""validation_rows"": 83453}, {""fold"": 4, ""train_start"": ""2021-01-04"", ""train_end"": ""2024-07-31"", ""train_label_end_max"": ""2024-08-07"", ""validation_start"": ""2024-08-08"", ""validation_end"": ""2025-07-03"", ""train_rows"": 328410, ""validation_rows"": 83231}]",0.49,0.46218242803088055,0.40338472518765384,0.5410457145175029,0.3704944936039242,0.4969312061171492,True,9.0,9eabd4bf8d11,1ce27fb1a1b3d44ec9cb69414ae816f1ddbf6d384fdf977ef1434bf53d8254e5,rolling_recent_cv_oof_threshold,ok,manual-parallel-45m-20260722_150132 strategy=log-grid round=4 index=127
LR_20260722_151831_831745,2026-07-22T15:18:38,logistic_regression,Logistic Regression,"{""C"": 2.61158707786e-05, ""solver"": ""lbfgs""}",0.4540575071814386,0.04335032543345729,"[0.48814366275307386, 0.5049239033124441, 0.42050531625075893, 0.40265714640947764]",0.40642316931208416,0.027544815984998777,0.5353896022690379,0.12623901079503927,"[0.3703554332006523, 0.4437935782824419, 0.3927989762680316, 0.41874468949721083]","[0.715796251736876, 0.5855853257577942, 0.4524168425283891, 0.3877599890530925]","[{""fold"": 1, ""train_start"": ""2021-01-04"", ""train_end"": ""2021-11-18"", ""train_label_end_max"": ""2021-11-25"", ""validation_start"": ""2021-11-26"", ""validation_end"": ""2022-10-20"", ""train_rows"": 78914, ""validation_rows"": 83274}, {""fold"": 2, ""train_start"": ""2021-01-04"", ""train_end"": ""2022-10-13"", ""train_label_end_max"": ""2022-10-20"", ""validation_start"": ""2022-10-21"", ""validation_end"": ""2023-09-14"", ""train_rows"": 162231, ""validation_rows"": 82746}, {""fold"": 3, ""train_start"": ""2021-01-04"", ""train_end"": ""2023-09-07"", ""train_label_end_max"": ""2023-09-14"", ""validation_start"": ""2023-09-15"", ""validation_end"": ""2024-08-07"", ""train_rows"": 244929, ""validation_rows"": 83453}, {""fold"": 4, ""train_start"": ""2021-01-04"", ""train_end"": ""2024-07-31"", ""train_label_end_max"": ""2024-08-07"", ""validation_start"": ""2024-08-08"", ""validation_end"": ""2025-07-03"", ""train_rows"": 328410, ""validation_rows"": 83231}]",0.49,0.46098407641096634,0.4034877278013554,0.5375897456698981,0.3704944936039242,0.49363097528133115,True,6.831,9eabd4bf8d11,1ce27fb1a1b3d44ec9cb69414ae816f1ddbf6d384fdf977ef1434bf53d8254e5,rolling_recent_cv_oof_threshold,ok,manual-parallel-45m-20260722_150132 strategy=log-grid round=4 index=128
LR_20260722_151838_665495,2026-07-22T15:18:47,logistic_regression,Logistic Regression,"{""C"": 2.79836597124e-05, ""solver"": ""liblinear""}",0.45462755542567296,0.04311121923750823,"[0.4882926885727844, 0.5054418049895637, 0.4210624446481565, 0.4037132834921872]",0.40652451323321936,0.02748247400710231,0.5363006773741985,0.12518636813074824,"[0.37077269211839975, 0.44398122885517843, 0.3926625709980294, 0.41868156096126996]","[0.7148812146270377, 0.586652438496813, 0.4538907312497906, 0.3897783251231527]","[{""fold"": 1, ""train_start"": ""2021-01-04"", ""train_end"": ""2021-11-18"", ""train_label_end_max"": ""2021-11-25"", ""validation_start"": ""2021-11-26"", ""validation_end"": ""2022-10-20"", ""train_rows"": 78914, ""validation_rows"": 83274}, {""fold"": 2, ""train_start"": ""2021-01-04"", ""train_end"": ""2022-10-13"", ""train_label_end_max"": ""2022-10-20"", ""validation_start"": ""2022-10-21"", ""validation_end"": ""2023-09-14"", ""train_rows"": 162231, ""validation_rows"": 82746}, {""fold"": 3, ""train_start"": ""2021-01-04"", ""train_end"": ""2023-09-07"", ""train_label_end_max"": ""2023-09-14"", ""validation_start"": ""2023-09-15"", ""validation_end"": ""2024-08-07"", ""train_rows"": 244929, ""validation_rows"": 83453}, {""fold"": 4, ""train_start"": ""2021-01-04"", ""train_end"": ""2024-07-31"", ""train_label_end_max"": ""2024-08-07"", ""validation_start"": ""2024-08-08"", ""validation_end"": ""2025-07-03"", ""train_rows"": 328410, ""validation_rows"": 83231}]",0.49,0.4614555743254986,0.40369399558472047,0.5385064698008356,0.3704944936039242,0.49422008752524765,True,8.858,9eabd4bf8d11,1ce27fb1a1b3d44ec9cb69414ae816f1ddbf6d384fdf977ef1434bf53d8254e5,rolling_recent_cv_oof_threshold,ok,manual-parallel-45m-20260722_150132 strategy=log-grid round=4 index=129
LR_20260722_151847_522899,2026-07-22T15:18:54,logistic_regression,Logistic Regression,"{""C"": 2.79836597124e-05, ""solver"": ""lbfgs""}",0.4536385275968489,0.043060774600046,"[0.48788859127329226, 0.5038870933526336, 0.42001843145217976, 0.4027599943092901]",0.4069525201448936,0.02748128781553234,0.5332595026689368,0.12535472621759935,"[0.3708182042514189, 0.4440876297730072, 0.3934968391477406, 0.4194074074074074]","[0.7129833598807063, 0.5822974648862227, 0.45037349680099154, 0.38738368910782706]","[{""fold"": 1, ""train_start"": ""2021-01-04"", ""train_end"": ""2021-11-18"", ""train_label_end_max"": ""2021-11-25"", ""validation_start"": ""2021-11-26"", ""validation_end"": ""2022-10-20"", ""train_rows"": 78914, ""validation_rows"": 83274}, {""fold"": 2, ""train_start"": ""2021-01-04"", ""train_end"": ""2022-10-13"", ""train_label_end_max"": ""2022-10-20"", ""validation_start"": ""2022-10-21"", ""validation_end"": ""2023-09-14"", ""train_rows"": 162231, ""validation_rows"": 82746}, {""fold"": 3, ""train_start"": ""2021-01-04"", ""train_end"": ""2023-09-07"", ""train_label_end_max"": ""2023-09-14"", ""validation_start"": ""2023-09-15"", ""validation_end"": ""2024-08-07"", ""train_rows"": 244929, ""validation_rows"": 83453}, {""fold"": 4, ""train_start"": ""2021-01-04"", ""train_end"": ""2024-07-31"", ""train_label_end_max"": ""2024-08-07"", ""validation_start"": ""2024-08-08"", ""validation_end"": ""2025-07-03"", ""train_rows"": 328410, ""validation_rows"": 83231}]",0.49,0.4605014809982172,0.40398246881236,0.5354074554820915,0.3704944936039242,0.49102505530441476,True,6.809,9eabd4bf8d11,1ce27fb1a1b3d44ec9cb69414ae816f1ddbf6d384fdf977ef1434bf53d8254e5,rolling_recent_cv_oof_threshold,ok,manual-parallel-45m-20260722_150132 strategy=log-grid round=4 index=130
LR_20260722_151854_337953,2026-07-22T15:19:03,logistic_regression,Logistic Regression,"{""C"": 2.56687376383e-05, ""solver"": ""liblinear""}",0.4556303342126076,0.04312766528503699,"[0.4884334766421927, 0.507113343395106, 0.4224694070143412, 0.4045051097987906]",0.4063052149875467,0.02772829858614097,0.5394704693110904,0.12575137371024386,"[0.3700831412003074, 0.4440111782673686, 0.3925142298625884, 0.41861231061992243]","[0.7180668993798082, 0.5911227756467569, 0.4573744682276488, 0.3913177339901478]","[{""fold"": 1, ""train_start"": ""2021-01-04"", ""train_end"": ""2021-11-18"", ""train_label_end_max"": ""2021-11-25"", ""validation_start"": ""2021-11-26"", ""validation_end"": ""2022-10-20"", ""train_rows"": 78914, ""validation_rows"": 83274}, {""fold"": 2, ""train_start"": ""2021-01-04"", ""train_end"": ""2022-10-13"", ""train_label_end_max"": ""2022-10-20"", ""validation_start"": ""2022-10-21"", ""validation_end"": ""2023-09-14"", ""train_rows"": 162231, ""validation_rows"": 82746}, {""fold"": 3, ""train_start"": ""2021-01-04"", ""train_end"": ""2023-09-07"", ""train_label_end_max"": ""2023-09-14"", ""validation_start"": ""2023-09-15"", ""validation_end"": ""2024-08-07"", ""train_rows"": 244929, ""validation_rows"": 83453}, {""fold"": 4, ""train_start"": ""2021-01-04"", ""train_end"": ""2024-07-31"", ""train_label_end_max"": ""2024-08-07"", ""validation_start"": ""2024-08-08"", ""validation_end"": ""2025-07-03"", ""train_rows"": 328410, ""validation_rows"": 83231}]",0.49,0.4624606115170193,0.4034254644313548,0.5417352857664381,0.3704944936039242,0.49751430701163796,True,9.171,9eabd4bf8d11,1ce27fb1a1b3d44ec9cb69414ae816f1ddbf6d384fdf977ef1434bf53d8254e5,rolling_recent_cv_oof_threshold,ok,manual-parallel-45m-20260722_150132 strategy=log-grid round=4 index=131
LR_20260722_151903_510405,2026-07-22T15:19:10,logistic_regression,Logistic Regression,"{""C"": 2.56687376383e-05, ""solver"": ""lbfgs""}",0.4543794398573763,0.04345456241080914,"[0.4882689820801773, 0.505588951264345, 0.42081201698051596, 0.402847809104467]",0.4064367279754624,0.02764703246276361,0.5362398642518635,0.12642369722271685,"[0.3702912383320782, 0.4439936304343084, 0.3927037381007662, 0.4187583050346966]","[0.716575727793405, 0.5870273699997116, 0.4532542793019127, 0.38810207991242474]","[{""fold"": 1, ""train_start"": ""2021-01-04"", ""train_end"": ""2021-11-18"", ""train_label_end_max"": ""2021-11-25"", ""validation_start"": ""2021-11-26"", ""validation_end"": ""2022-10-20"", ""train_rows"": 78914, ""validation_rows"": 83274}, {""fold"": 2, ""train_start"": ""2021-01-04"", ""train_end"": ""2022-10-13"", ""train_label_end_max"": ""2022-10-20"", ""validation_start"": ""2022-10-21"", ""validation_end"": ""2023-09-14"", ""train_rows"": 162231, ""validation_rows"": 82746}, {""fold"": 3, ""train_start"": ""2021-01-04"", ""train_end"": ""2023-09-07"", ""train_label_end_max"": ""2023-09-14"", ""validation_start"": ""2023-09-15"", ""validation_end"": ""2024-08-07"", ""train_rows"": 244929, ""validation_rows"": 83453}, {""fold"": 4, ""train_start"": ""2021-01-04"", ""train_end"": ""2024-07-31"", ""train_label_end_max"": ""2024-08-07"", ""validation_start"": ""2024-08-08"", ""validation_end"": ""2025-07-03"", ""train_rows"": 328410, ""validation_rows"": 83231}]",0.49,0.4613197941318543,0.40350898523940376,0.5384659067861923,0.3704944936039242,0.49440944503222084,True,6.792,9eabd4bf8d11,1ce27fb1a1b3d44ec9cb69414ae816f1ddbf6d384fdf977ef1434bf53d8254e5,rolling_recent_cv_oof_threshold,ok,manual-parallel-45m-20260722_150132 strategy=log-grid round=4 index=132
LR_20260722_151910_305241,2026-07-22T15:19:19,logistic_regression,Logistic Regression,"{""C"": 2.8471117328e-05, ""solver"": ""liblinear""}",0.45438414479465844,0.043002452833796015,"[0.4880444856348471, 0.5050113158745555, 0.42085788467219104, 0.40362289299704]",0.40653547345384505,0.027468278490114472,0.5356001089690129,0.12488510341957254,"[0.3707602133314558, 0.4438955077057602, 0.39268306835325517, 0.418803104424909]","[0.7138645067272172, 0.5856430075274709, 0.4533882691856765, 0.38950465243568694]","[{""fold"": 1, ""train_start"": ""2021-01-04"", ""train_end"": ""2021-11-18"", ""train_label_end_max"": ""2021-11-25"", ""validation_start"": ""2021-11-26"", ""validation_end"": ""2022-10-20"", ""train_rows"": 78914, ""validation_rows"": 83274}, {""fold"": 2, ""train_start"": ""2021-01-04"", ""train_end"": ""2022-10-13"", ""train_label_end_max"": ""2022-10-20"", ""validation_start"": ""2022-10-21"", ""validation_end"": ""2023-09-14"", ""train_rows"": 162231, ""validation_rows"": 82746}, {""fold"": 3, ""train_start"": ""2021-01-04"", ""train_end"": ""2023-09-07"", ""train_label_end_max"": ""2023-09-14"", ""validation_start"": ""2023-09-15"", ""validation_end"": ""2024-08-07"", ""train_rows"": 244929, ""validation_rows"": 83453}, {""fold"": 4, ""train_start"": ""2021-01-04"", ""train_end"": ""2024-07-31"", ""train_label_end_max"": ""2024-08-07"", ""validation_start"": ""2024-08-08"", ""validation_end"": ""2025-07-03"", ""train_rows"": 328410, ""validation_rows"": 83231}]",0.49,0.461190073675203,0.4036891110935188,0.5377925607431144,0.3704944936039242,0.49357086178705395,True,9.406,9eabd4bf8d11,1ce27fb1a1b3d44ec9cb69414ae816f1ddbf6d384fdf977ef1434bf53d8254e5,rolling_recent_cv_oof_threshold,ok,manual-parallel-45m-20260722_150132 strategy=log-grid round=4 index=133
LR_20260722_151919_711943,2026-07-22T15:19:26,logistic_regression,Logistic Regression,"{""C"": 2.8471117328e-05, ""solver"": ""lbfgs""}",0.4534695580910997,0.04306722865054974,"[0.48783205096960625, 0.5036589325407728, 0.4197048339691076, 0.4026824148849123]",0.40700541825204484,0.027460942655777296,0.5326900085956784,0.1252158025049818,"[0.37093643005894605, 0.44413610835811035, 0.39350942511213394, 0.4194397094789891]","[0.7123055546141593, 0.5816052836501023, 0.44963655244029077, 0.38721264367816094]","[{""fold"": 1, ""train_start"": ""2021-01-04"", ""train_end"": ""2021-11-18"", ""train_label_end_max"": ""2021-11-25"", ""validation_start"": ""2021-11-26"", ""validation_end"": ""2022-10-20"", ""train_rows"": 78914, ""validation_rows"": 83274}, {""fold"": 2, ""train_start"": ""2021-01-04"", ""train_end"": ""2022-10-13"", ""train_label_end_max"": ""2022-10-20"", ""validation_start"": ""2022-10-21"", ""validation_end"": ""2023-09-14"", ""train_rows"": 162231, ""validation_rows"": 82746}, {""fold"": 3, ""train_start"": ""2021-01-04"", ""train_end"": ""2023-09-07"", ""train_label_end_max"": ""2023-09-14"", ""validation_start"": ""2023-09-15"", ""validation_end"": ""2024-08-07"", ""train_rows"": 244929, ""validation_rows"": 83453}, {""fold"": 4, ""train_start"": ""2021-01-04"", ""train_end"": ""2024-07-31"", ""train_label_end_max"": ""2024-08-07"", ""validation_start"": ""2024-08-08"", ""validation_end"": ""2025-07-03"", ""train_rows"": 328410, ""validation_rows"": 83231}]",0.49,0.460330483296035,0.4040474614498296,0.5348314606741573,0.3704944936039242,0.49041790901221505,True,7.103,9eabd4bf8d11,1ce27fb1a1b3d44ec9cb69414ae816f1ddbf6d384fdf977ef1434bf53d8254e5,rolling_recent_cv_oof_threshold,ok,manual-parallel-45m-20260722_150132 strategy=log-grid round=4 index=134
LR_20260722_151926_818715,2026-07-22T15:19:35,logistic_regression,Logistic Regression,"{""C"": 2.52292599213e-05, ""solver"": ""liblinear""}",0.455749982822247,0.04320312613078401,"[0.48850250446197246, 0.5074154637136642, 0.4225073427113928, 0.4045746204019585]",0.40618761502794926,0.02777700463058047,0.5400477917400006,0.12601903660330693,"[0.3699466322508633, 0.44395423776465753, 0.39228406579211755, 0.4185655243041586]","[0.7188802656996645, 0.592045683961584, 0.4577764378789401, 0.3914887794198139]","[{""fold"": 1, ""train_start"": ""2021-01-04"", ""train_end"": ""2021-11-18"", ""train_label_end_max"": ""2021-11-25"", ""validation_start"": ""2021-11-26"", ""validation_end"": ""2022-10-20"", ""train_rows"": 78914, ""validation_rows"": 83274}, {""fold"": 2, ""train_start"": ""2021-01-04"", ""train_end"": ""2022-10-13"", ""train_label_end_max"": ""2022-10-20"", ""validation_start"": ""2022-10-21"", ""validation_end"": ""2023-09-14"", ""train_rows"": 162231, ""validation_rows"": 82746}, {""fold"": 3, ""train_start"": ""2021-01-04"", ""train_end"": ""2023-09-07"", ""train_label_end_max"": ""2023-09-14"", ""validation_start"": ""2023-09-15"", ""validation_end"": ""2024-08-07"", ""train_rows"": 244929, ""validation_rows"": 83453}, {""fold"": 4, ""train_start"": ""2021-01-04"", ""train_end"": ""2024-07-31"", ""train_label_end_max"": ""2024-08-07"", ""validation_start"": ""2024-08-08"", ""validation_end"": ""2025-07-03"", ""train_rows"": 328410, ""validation_rows"": 83231}]",0.49,0.46259774410075427,0.40330608428101716,0.5423275057802296,0.3704944936039242,0.4982056121958257,True,9.104,9eabd4bf8d11,1ce27fb1a1b3d44ec9cb69414ae816f1ddbf6d384fdf977ef1434bf53d8254e5,rolling_recent_cv_oof_threshold,ok,manual-parallel-45m-20260722_150132 strategy=log-grid round=4 index=135
LR_20260722_151935_917761,2026-07-22T15:19:43,logistic_regression,Logistic Regression,"{""C"": 2.52292599213e-05, ""solver"": ""lbfgs""}",0.4545422945861277,0.04352329595575414,"[0.4883962351204208, 0.5059011876838304, 0.42095448258714196, 0.4029172729531178]",0.4063556171672813,0.027676806006190702,0.536847794675616,0.1266794945678239,"[0.3701935686932802, 0.4440135935866155, 0.39262523191094617, 0.41859007447828334]","[0.7174907649032433, 0.5878349147751853, 0.453689746424145, 0.38837575259989054]","[{""fold"": 1, ""train_start"": ""2021-01-04"", ""train_end"": ""2021-11-18"", ""train_label_end_max"": ""2021-11-25"", ""validation_start"": ""2021-11-26"", ""validation_end"": ""2022-10-20"", ""train_rows"": 78914, ""validation_rows"": 83274}, {""fold"": 2, ""train_start"": ""2021-01-04"", ""train_end"": ""2022-10-13"", ""train_label_end_max"": ""2022-10-20"", ""validation_start"": ""2022-10-21"", ""validation_end"": ""2023-09-14"", ""train_rows"": 162231, ""validation_rows"": 82746}, {""fold"": 3, ""train_start"": ""2021-01-04"", ""train_end"": ""2023-09-07"", ""train_label_end_max"": ""2023-09-14"", ""validation_start"": ""2023-09-15"", ""validation_end"": ""2024-08-07"", ""train_rows"": 244929, ""validation_rows"": 83453}, {""fold"": 4, ""train_start"": ""2021-01-04"", ""train_end"": ""2024-07-31"", ""train_label_end_max"": ""2024-08-07"", ""validation_start"": ""2024-08-08"", ""validation_end"": ""2025-07-03"", ""train_rows"": 328410, ""validation_rows"": 83231}]",0.49,0.4614967913992833,0.40343389330402946,0.5390824646087697,0.3704944936039242,0.4950676877945561,True,7.267,9eabd4bf8d11,1ce27fb1a1b3d44ec9cb69414ae816f1ddbf6d384fdf977ef1434bf53d8254e5,rolling_recent_cv_oof_threshold,ok,manual-parallel-45m-20260722_150132 strategy=log-grid round=4 index=136
GB_20260722_151328_056485,2026-07-22T15:19:45,gradient_boosting,Gradient Boosting,"{""n_estimators"": 110, ""learning_rate"": 0.3, ""max_depth"": 2, ""subsample"": 0.5}",0.4742780164147243,0.02754262648155954,"[0.4741911048587815, 0.5192838144025219, 0.4517831561486843, 0.45185399024890943]",0.4209646923897926,0.021505807744603637,0.5464585251637324,0.055286233573840986,"[0.3945881452466176, 0.4530998173417857, 0.41083868136690255, 0.42533212560386474]","[0.5940285356017216, 0.6081100568165432, 0.5017921146953405, 0.48190339354132455]","[{""fold"": 1, ""train_start"": ""2021-01-04"", ""train_end"": ""2021-11-18"", ""train_label_end_max"": ""2021-11-25"", ""validation_start"": ""2021-11-26"", ""validation_end"": ""2022-10-20"", ""train_rows"": 78914, ""validation_rows"": 83274}, {""fold"": 2, ""train_start"": ""2021-01-04"", ""train_end"": ""2022-10-13"", ""train_label_end_max"": ""2022-10-20"", ""validation_start"": ""2022-10-21"", ""validation_end"": ""2023-09-14"", ""train_rows"": 162231, ""validation_rows"": 82746}, {""fold"": 3, ""train_start"": ""2021-01-04"", ""train_end"": ""2023-09-07"", ""train_label_end_max"": ""2023-09-14"", ""validation_start"": ""2023-09-15"", ""validation_end"": ""2024-08-07"", ""train_rows"": 244929, ""validation_rows"": 83453}, {""fold"": 4, ""train_start"": ""2021-01-04"", ""train_end"": ""2024-07-31"", ""train_label_end_max"": ""2024-08-07"", ""validation_start"": ""2024-08-08"", ""validation_end"": ""2025-07-03"", ""train_rows"": 328410, ""validation_rows"": 83231}]",0.49,0.47695056077631315,0.42158242908221105,0.5490609662110087,0.3704944936039242,0.4825250072136193,True,377.688,9eabd4bf8d11,1ce27fb1a1b3d44ec9cb69414ae816f1ddbf6d384fdf977ef1434bf53d8254e5,rolling_recent_cv_oof_threshold,ok,manual-parallel-45m-20260722_150132 strategy=coordinate-neighbor index=3
LR_20260722_151943_192903,2026-07-22T15:19:52,logistic_regression,Logistic Regression,"{""C"": 2.89670661463e-05, ""solver"": ""liblinear""}",0.4542633323990216,0.04297968924852239,"[0.48794852472320444, 0.5048476023348144, 0.4206398605751276, 0.40361734196293997]",0.40666088258316013,0.027502486212732248,0.53505573799896,0.1247287404863906,"[0.37083245224501304, 0.44404063403100097, 0.3927813780477173, 0.4189890660089092]","[0.7131867014606703, 0.5849508262913506, 0.45275181723779856, 0.3893336070060208]","[{""fold"": 1, ""train_start"": ""2021-01-04"", ""train_end"": ""2021-11-18"", ""train_label_end_max"": ""2021-11-25"", ""validation_start"": ""2021-11-26"", ""validation_end"": ""2022-10-20"", ""train_rows"": 78914, ""validation_rows"": 83274}, {""fold"": 2, ""train_start"": ""2021-01-04"", ""train_end"": ""2022-10-13"", ""train_label_end_max"": ""2022-10-20"", ""validation_start"": ""2022-10-21"", ""validation_end"": ""2023-09-14"", ""train_rows"": 162231, ""validation_rows"": 82746}, {""fold"": 3, ""train_start"": ""2021-01-04"", ""train_end"": ""2023-09-07"", ""train_label_end_max"": ""2023-09-14"", ""validation_start"": ""2023-09-15"", ""validation_end"": ""2024-08-07"", ""train_rows"": 244929, ""validation_rows"": 83453}, {""fold"": 4, ""train_start"": ""2021-01-04"", ""train_end"": ""2024-07-31"", ""train_label_end_max"": ""2024-08-07"", ""validation_start"": ""2024-08-08"", ""validation_end"": ""2025-07-03"", ""train_rows"": 328410, ""validation_rows"": 83231}]",0.49,0.4610618144348559,0.40380370492323076,0.5372409037439663,0.3704944936039242,0.4929246417235741,True,8.945,9eabd4bf8d11,1ce27fb1a1b3d44ec9cb69414ae816f1ddbf6d384fdf977ef1434bf53d8254e5,rolling_recent_cv_oof_threshold,ok,manual-parallel-45m-20260722_150132 strategy=log-grid round=4 index=137
LR_20260722_151952_141889,2026-07-22T15:19:59,logistic_regression,Logistic Regression,"{""C"": 2.89670661463e-05, ""solver"": ""lbfgs""}",0.45331493068791234,0.04300953911238665,"[0.48758449281085225, 0.5034926585442049, 0.41949967928159076, 0.4026828921150014]",0.40704831324686364,0.027502839525347038,0.5321659504672966,0.12494013084954914,"[0.3708984892658362, 0.44421414711589347, 0.39355956085246285, 0.41952105575326215]","[0.711390517504321, 0.5810284659533355, 0.44910059290523563, 0.38714422550629446]","[{""fold"": 1, ""train_start"": ""2021-01-04"", ""train_end"": ""2021-11-18"", ""train_label_end_max"": ""2021-11-25"", ""validation_start"": ""2021-11-26"", ""validation_end"": ""2022-10-20"", ""train_rows"": 78914, ""validation_rows"": 83274}, {""fold"": 2, ""train_start"": ""2021-01-04"", ""train_end"": ""2022-10-13"", ""train_label_end_max"": ""2022-10-20"", ""validation_start"": ""2022-10-21"", ""validation_end"": ""2023-09-14"", ""train_rows"": 162231, ""validation_rows"": 82746}, {""fold"": 3, ""train_start"": ""2021-01-04"", ""train_end"": ""2023-09-07"", ""train_label_end_max"": ""2023-09-14"", ""validation_start"": ""2023-09-15"", ""validation_end"": ""2024-08-07"", ""train_rows"": 244929, ""validation_rows"": 83453}, {""fold"": 4, ""train_start"": ""2021-01-04"", ""train_end"": ""2024-07-31"", ""train_label_end_max"": ""2024-08-07"", ""validation_start"": ""2024-08-08"", ""validation_end"": ""2025-07-03"", ""train_rows"": 328410, ""validation_rows"": 83231}]",0.49,0.46015776198760544,0.4040824840940186,0.5343041414837951,0.3704944936039242,0.4898919159372896,True,7.042,9eabd4bf8d11,1ce27fb1a1b3d44ec9cb69414ae816f1ddbf6d384fdf977ef1434bf53d8254e5,rolling_recent_cv_oof_threshold,ok,manual-parallel-45m-20260722_150132 strategy=log-grid round=4 index=138
LR_20260722_151959_187846,2026-07-22T15:20:08,logistic_regression,Logistic Regression,"{""C"": 2.47973065581e-05, ""solver"": ""liblinear""}",0.45600671783665464,0.04322832940779629,"[0.48858316174525207, 0.5078290936033588, 0.422928441273665, 0.40468617472434265]",0.4061760809389758,0.027839313002689912,0.5407991016038922,0.12619734722923354,"[0.36981506634625433, 0.4440365387522405, 0.3923220169030225, 0.41853070175438595]","[0.7197275222828481, 0.5930262740460878, 0.45871436706528657, 0.39172824302134646]","[{""fold"": 1, ""train_start"": ""2021-01-04"", ""train_end"": ""2021-11-18"", ""train_label_end_max"": ""2021-11-25"", ""validation_start"": ""2021-11-26"", ""validation_end"": ""2022-10-20"", ""train_rows"": 78914, ""validation_rows"": 83274}, {""fold"": 2, ""train_start"": ""2021-01-04"", ""train_end"": ""2022-10-13"", ""train_label_end_max"": ""2022-10-20"", ""validation_start"": ""2022-10-21"", ""validation_end"": ""2023-09-14"", ""train_rows"": 162231, ""validation_rows"": 82746}, {""fold"": 3, ""train_start"": ""2021-01-04"", ""train_end"": ""2023-09-07"", ""train_label_end_max"": ""2023-09-14"", ""validation_start"": ""2023-09-15"", ""validation_end"": ""2024-08-07"", ""train_rows"": 244929, ""validation_rows"": 83453}, {""fold"": 4, ""train_start"": ""2021-01-04"", ""train_end"": ""2024-07-31"", ""train_label_end_max"": ""2024-08-07"", ""validation_start"": ""2024-08-08"", ""validation_end"": ""2025-07-03"", ""train_rows"": 328410, ""validation_rows"": 83231}]",0.49,0.46285905905698277,0.4032819672526175,0.5430900904555227,0.3704944936039242,0.49893599115129367,True,9.419,9eabd4bf8d11,1ce27fb1a1b3d44ec9cb69414ae816f1ddbf6d384fdf977ef1434bf53d8254e5,rolling_recent_cv_oof_threshold,ok,manual-parallel-45m-20260722_150132 strategy=log-grid round=4 index=139
LR_20260722_152008_608500,2026-07-22T15:20:15,logistic_regression,Logistic Regression,"{""C"": 2.47973065581e-05, ""solver"": ""lbfgs""}",0.4546940749298121,0.04358005097095855,"[0.4884176558718451, 0.506238372814089, 0.4212111801242236, 0.4029090909090909]",0.40628629942288796,0.027734645467705554,0.5373967714719825,0.12684299044886263,"[0.37004697623247124, 0.44408903975455316, 0.3925955944076186, 0.418413587296909]","[0.7181346799064628, 0.5886136186658206, 0.4543261983720229, 0.38851258894362345]","[{""fold"": 1, ""train_start"": ""2021-01-04"", ""train_end"": ""2021-11-18"", ""train_label_end_max"": ""2021-11-25"", ""validation_start"": ""2021-11-26"", ""validation_end"": ""2022-10-20"", ""train_rows"": 78914, ""validation_rows"": 83274}, {""fold"": 2, ""train_start"": ""2021-01-04"", ""train_end"": ""2022-10-13"", ""train_label_end_max"": ""2022-10-20"", ""validation_start"": ""2022-10-21"", ""validation_end"": ""2023-09-14"", ""train_rows"": 162231, ""validation_rows"": 82746}, {""fold"": 3, ""train_start"": ""2021-01-04"", ""train_end"": ""2023-09-07"", ""train_label_end_max"": ""2023-09-14"", ""validation_start"": ""2023-09-15"", ""validation_end"": ""2024-08-07"", ""train_rows"": 244929, ""validation_rows"": 83453}, {""fold"": 4, ""train_start"": ""2021-01-04"", ""train_end"": ""2024-07-31"", ""train_label_end_max"": ""2024-08-07"", ""validation_start"": ""2024-08-08"", ""validation_end"": ""2025-07-03"", ""train_rows"": 328410, ""validation_rows"": 83231}]",0.49,0.46165697926607097,0.40336547207567763,0.5396422342108466,0.3704944936039242,0.4956658170626142,True,6.951,9eabd4bf8d11,1ce27fb1a1b3d44ec9cb69414ae816f1ddbf6d384fdf977ef1434bf53d8254e5,rolling_recent_cv_oof_threshold,ok,manual-parallel-45m-20260722_150132 strategy=log-grid round=4 index=140
LR_20260722_152015_559083,2026-07-22T15:20:24,logistic_regression,Logistic Regression,"{""C"": 2.94716540787e-05, ""solver"": ""liblinear""}",0.45409992887719425,0.04292480919943412,"[0.48770753326913485, 0.5046645160486753, 0.4204230397806922, 0.4036046264102746]",0.4067501056412793,0.0275524848399371,0.5344593674873906,0.12450835506466226,"[0.37079246348175854, 0.44413995703073617, 0.3929080904829835, 0.4191599115696389]","[0.7123055546141593, 0.5842874859400686, 0.4520818678189797, 0.3891625615763547]","[{""fold"": 1, ""train_start"": ""2021-01-04"", ""train_end"": ""2021-11-18"", ""train_label_end_max"": ""2021-11-25"", ""validation_start"": ""2021-11-26"", ""validation_end"": ""2022-10-20"", ""train_rows"": 78914, ""validation_rows"": 83274}, {""fold"": 2, ""train_start"": ""2021-01-04"", ""train_end"": ""2022-10-13"", ""train_label_end_max"": ""2022-10-20"", ""validation_start"": ""2022-10-21"", ""validation_end"": ""2023-09-14"", ""train_rows"": 162231, ""validation_rows"": 82746}, {""fold"": 3, ""train_start"": ""2021-01-04"", ""train_end"": ""2023-09-07"", ""train_label_end_max"": ""2023-09-14"", ""validation_start"": ""2023-09-15"", ""validation_end"": ""2024-08-07"", ""train_rows"": 244929, ""validation_rows"": 83453}, {""fold"": 4, ""train_start"": ""2021-01-04"", ""train_end"": ""2024-07-31"", ""train_label_end_max"": ""2024-08-07"", ""validation_start"": ""2024-08-08"", ""validation_end"": ""2025-07-03"", ""train_rows"": 328410, ""validation_rows"": 83231}]",0.49,0.4608851357942115,0.40387210218149183,0.5366405711272462,0.3704944936039242,0.4922904443589497,True,9.167,9eabd4bf8d11,1ce27fb1a1b3d44ec9cb69414ae816f1ddbf6d384fdf977ef1434bf53d8254e5,rolling_recent_cv_oof_threshold,ok,manual-parallel-45m-20260722_150132 strategy=log-grid round=4 index=141
LR_20260722_152024_731009,2026-07-22T15:20:31,logistic_regression,Logistic Regression,"{""C"": 2.94716540787e-05, ""solver"": ""lbfgs""}",0.4531155467241859,0.04293815789382124,"[0.4874992735514616, 0.50307009316576, 0.4193300865970341, 0.402562733582488]",0.40708663110573845,0.027416900393147547,0.5315551675523358,0.12477665966981996,"[0.3709842909708463, 0.4440960876092908, 0.39372463682879494, 0.4195415090140218]","[0.7107127122377741, 0.5801055576385084, 0.44849763842829865, 0.3869047619047619]","[{""fold"": 1, ""train_start"": ""2021-01-04"", ""train_end"": ""2021-11-18"", ""train_label_end_max"": ""2021-11-25"", ""validation_start"": ""2021-11-26"", ""validation_end"": ""2022-10-20"", ""train_rows"": 78914, ""validation_rows"": 83274}, {""fold"": 2, ""train_start"": ""2021-01-04"", ""train_end"": ""2022-10-13"", ""train_label_end_max"": ""2022-10-20"", ""validation_start"": ""2022-10-21"", ""validation_end"": ""2023-09-14"", ""train_rows"": 162231, ""validation_rows"": 82746}, {""fold"": 3, ""train_start"": ""2021-01-04"", ""train_end"": ""2023-09-07"", ""train_label_end_max"": ""2023-09-14"", ""validation_start"": ""2023-09-15"", ""validation_end"": ""2024-08-07"", ""train_rows"": 244929, ""validation_rows"": 83453}, {""fold"": 4, ""train_start"": ""2021-01-04"", ""train_end"": ""2024-07-31"", ""train_label_end_max"": ""2024-08-07"", ""validation_start"": ""2024-08-08"", ""validation_end"": ""2025-07-03"", ""train_rows"": 328410, ""validation_rows"": 83231}]",0.49,0.4599491695478747,0.4041183408688815,0.5336794710582891,0.3704944936039242,0.48927575262094836,True,6.815,9eabd4bf8d11,1ce27fb1a1b3d44ec9cb69414ae816f1ddbf6d384fdf977ef1434bf53d8254e5,rolling_recent_cv_oof_threshold,ok,manual-parallel-45m-20260722_150132 strategy=log-grid round=4 index=142
LR_20260722_152031_547353,2026-07-22T15:20:40,logistic_regression,Logistic Regression,"{""C"": 2.43727487232e-05, ""solver"": ""liblinear""}",0.45625083974597824,0.04323204061441869,"[0.48872949641941676, 0.5081429205941864, 0.423262630158118, 0.40486831181219196]",0.40616397331516585,0.027850505522993743,0.5414953445464206,0.12632717678079175,"[0.36978604974778223, 0.4440156105133789, 0.39228525677685006, 0.4185689762226524]","[0.7204731080760498, 0.5939203414760765, 0.45955180383881017, 0.3920361247947455]","[{""fold"": 1, ""train_start"": ""2021-01-04"", ""train_end"": ""2021-11-18"", ""train_label_end_max"": ""2021-11-25"", ""validation_start"": ""2021-11-26"", ""validation_end"": ""2022-10-20"", ""train_rows"": 78914, ""validation_rows"": 83274}, {""fold"": 2, ""train_start"": ""2021-01-04"", ""train_end"": ""2022-10-13"", ""train_label_end_max"": ""2022-10-20"", ""validation_start"": ""2022-10-21"", ""validation_end"": ""2023-09-14"", ""train_rows"": 162231, ""validation_rows"": 82746}, {""fold"": 3, ""train_start"": ""2021-01-04"", ""train_end"": ""2023-09-07"", ""train_label_end_max"": ""2023-09-14"", ""validation_start"": ""2023-09-15"", ""validation_end"": ""2024-08-07"", ""train_rows"": 244929, ""validation_rows"": 83453}, {""fold"": 4, ""train_start"": ""2021-01-04"", ""train_end"": ""2024-07-31"", ""train_label_end_max"": ""2024-08-07"", ""validation_start"": ""2024-08-08"", ""validation_end"": ""2025-07-03"", ""train_rows"": 328410, ""validation_rows"": 83231}]",0.49,0.46310516952519126,0.4032667549031404,0.5437958869103152,0.3704944936039242,0.4996032509377705,True,8.954,9eabd4bf8d11,1ce27fb1a1b3d44ec9cb69414ae816f1ddbf6d384fdf977ef1434bf53d8254e5,rolling_recent_cv_oof_threshold,ok,manual-parallel-45m-20260722_150132 strategy=log-grid round=4 index=143
LR_20260722_152040_504049,2026-07-22T15:20:47,logistic_regression,Logistic Regression,"{""C"": 2.43727487232e-05, ""solver"": ""lbfgs""}",0.45492139290680766,0.04362172467399405,"[0.4884866906143502, 0.5066603883471085, 0.4214740108611327, 0.4030644818046393]",0.4062808541447569,0.027813440104941543,0.5380714496816348,0.12706028640758243,"[0.36991054769917525, 0.4441644216563831, 0.39257739110327483, 0.4184710561201944]","[0.7189480462263191, 0.5896230496351628, 0.45496265031990085, 0.388752052545156]","[{""fold"": 1, ""train_start"": ""2021-01-04"", ""train_end"": ""2021-11-18"", ""train_label_end_max"": ""2021-11-25"", ""validation_start"": ""2021-11-26"", ""validation_end"": ""2022-10-20"", ""train_rows"": 78914, ""validation_rows"": 83274}, {""fold"": 2, ""train_start"": ""2021-01-04"", ""train_end"": ""2022-10-13"", ""train_label_end_max"": ""2022-10-20"", ""validation_start"": ""2022-10-21"", ""validation_end"": ""2023-09-14"", ""train_rows"": 162231, ""validation_rows"": 82746}, {""fold"": 3, ""train_start"": ""2021-01-04"", ""train_end"": ""2023-09-07"", ""train_label_end_max"": ""2023-09-14"", ""validation_start"": ""2023-09-15"", ""validation_end"": ""2024-08-07"", ""train_rows"": 244929, ""validation_rows"": 83453}, {""fold"": 4, ""train_start"": ""2021-01-04"", ""train_end"": ""2024-07-31"", ""train_label_end_max"": ""2024-08-07"", ""validation_start"": ""2024-08-08"", ""validation_end"": ""2025-07-03"", ""train_rows"": 328410, ""validation_rows"": 83231}]",0.49,0.461894276946549,0.40334282080784833,0.5403318054597818,0.3704944936039242,0.4963270654996634,True,6.797,9eabd4bf8d11,1ce27fb1a1b3d44ec9cb69414ae816f1ddbf6d384fdf977ef1434bf53d8254e5,rolling_recent_cv_oof_threshold,ok,manual-parallel-45m-20260722_150132 strategy=log-grid round=4 index=144
LR_20260722_152047_303031,2026-07-22T15:20:56,logistic_regression,Logistic Regression,"{""C"": 2.69171770451e-05, ""solver"": ""liblinear""}",0.4550161879508222,0.04305737928846538,"[0.48813567154178505, 0.5061432981638295, 0.4217282113291787, 0.4040575707684954]",0.40635441072398654,0.027630585127671116,0.5376816057614615,0.12532542413320835,"[0.37029182367890634, 0.4438935281837161, 0.39252012812743486, 0.4187121629058888]","[0.71599959331684, 0.5887001413203357, 0.4556325997387197, 0.39039408866995073]","[{""fold"": 1, ""train_start"": ""2021-01-04"", ""train_end"": ""2021-11-18"", ""train_label_end_max"": ""2021-11-25"", ""validation_start"": ""2021-11-26"", ""validation_end"": ""2022-10-20"", ""train_rows"": 78914, ""validation_rows"": 83274}, {""fold"": 2, ""train_start"": ""2021-01-04"", ""train_end"": ""2022-10-13"", ""train_label_end_max"": ""2022-10-20"", ""validation_start"": ""2022-10-21"", ""validation_end"": ""2023-09-14"", ""train_rows"": 162231, ""validation_rows"": 82746}, {""fold"": 3, ""train_start"": ""2021-01-04"", ""train_end"": ""2023-09-07"", ""train_label_end_max"": ""2023-09-14"", ""validation_start"": ""2023-09-15"", ""validation_end"": ""2024-08-07"", ""train_rows"": 244929, ""validation_rows"": 83453}, {""fold"": 4, ""train_start"": ""2021-01-04"", ""train_end"": ""2024-07-31"", ""train_label_end_max"": ""2024-08-07"", ""validation_start"": ""2024-08-08"", ""validation_end"": ""2025-07-03"", ""train_rows"": 328410, ""validation_rows"": 83231}]",0.49,0.461833650229692,0.40348111817735394,0.5399180627104206,0.3704944936039242,0.49577702702702703,True,9.032,9eabd4bf8d11,1ce27fb1a1b3d44ec9cb69414ae816f1ddbf6d384fdf977ef1434bf53d8254e5,rolling_recent_cv_oof_threshold,ok,manual-parallel-45m-20260722_150132 strategy=log-grid round=5 index=145
LR_20260722_152056_335583,2026-07-22T15:21:03,logistic_regression,Logistic Regression,"{""C"": 2.69171770451e-05, ""solver"": ""lbfgs""}",0.4538955385246508,0.043232494178112854,"[0.4881774938370195, 0.5043770624494116, 0.42046180950747597, 0.40256578830469625]",0.4066485563460169,0.027395686136400033,0.5345079192347942,0.12590607837749904,"[0.37067632170978626, 0.44381136044880787, 0.39328005599953336, 0.41882648722594]","[0.7147456535737282, 0.5840855997462002, 0.45167989816768833, 0.38752052545155996]","[{""fold"": 1, ""train_start"": ""2021-01-04"", ""train_end"": ""2021-11-18"", ""train_label_end_max"": ""2021-11-25"", ""validation_start"": ""2021-11-26"", ""validation_end"": ""2022-10-20"", ""train_rows"": 78914, ""validation_rows"": 83274}, {""fold"": 2, ""train_start"": ""2021-01-04"", ""train_end"": ""2022-10-13"", ""train_label_end_max"": ""2022-10-20"", ""validation_start"": ""2022-10-21"", ""validation_end"": ""2023-09-14"", ""train_rows"": 162231, ""validation_rows"": 82746}, {""fold"": 3, ""train_start"": ""2021-01-04"", ""train_end"": ""2023-09-07"", ""train_label_end_max"": ""2023-09-14"", ""validation_start"": ""2023-09-15"", ""validation_end"": ""2024-08-07"", ""train_rows"": 244929, ""validation_rows"": 83453}, {""fold"": 4, ""train_start"": ""2021-01-04"", ""train_end"": ""2024-07-31"", ""train_label_end_max"": ""2024-08-07"", ""validation_start"": ""2024-08-08"", ""validation_end"": ""2025-07-03"", ""train_rows"": 328410, ""validation_rows"": 83231}]",0.49,0.460801181362886,0.403720226289355,0.5366811341418894,0.3704944936039242,0.4925128642877753,True,6.782,9eabd4bf8d11,1ce27fb1a1b3d44ec9cb69414ae816f1ddbf6d384fdf977ef1434bf53d8254e5,rolling_recent_cv_oof_threshold,ok,manual-parallel-45m-20260722_150132 strategy=log-grid round=5 index=146
LR_20260722_152103_120768,2026-07-22T15:21:12,logistic_regression,Logistic Regression,"{""C"": 2.6685756018e-05, ""solver"": ""liblinear""}",0.4551165194158342,0.04307455333412728,"[0.4881558735548549, 0.506351389869998, 0.4217539510381159, 0.4042048632003681]",0.40631887410787176,0.02767435364179121,0.5379904280307639,0.12532343137177257,"[0.3702607050248791, 0.44393498196357944, 0.3923660160867184, 0.41871379335631004]","[0.7162029348968042, 0.5891904363625876, 0.4559005795062473, 0.39066776135741654]","[{""fold"": 1, ""train_start"": ""2021-01-04"", ""train_end"": ""2021-11-18"", ""train_label_end_max"": ""2021-11-25"", ""validation_start"": ""2021-11-26"", ""validation_end"": ""2022-10-20"", ""train_rows"": 78914, ""validation_rows"": 83274}, {""fold"": 2, ""train_start"": ""2021-01-04"", ""train_end"": ""2022-10-13"", ""train_label_end_max"": ""2022-10-20"", ""validation_start"": ""2022-10-21"", ""validation_end"": ""2023-09-14"", ""train_rows"": 162231, ""validation_rows"": 82746}, {""fold"": 3, ""train_start"": ""2021-01-04"", ""train_end"": ""2023-09-07"", ""train_label_end_max"": ""2023-09-14"", ""validation_start"": ""2023-09-15"", ""validation_end"": ""2024-08-07"", ""train_rows"": 244929, ""validation_rows"": 83453}, {""fold"": 4, ""train_start"": ""2021-01-04"", ""train_end"": ""2024-07-31"", ""train_label_end_max"": ""2024-08-07"", ""validation_start"": ""2024-08-08"", ""validation_end"": ""2025-07-03"", ""train_rows"": 328410, ""validation_rows"": 83231}]",0.49,0.46193118756936735,0.4034533943231044,0.540234454224638,0.3704944936039242,0.4961016398961239,True,8.998,9eabd4bf8d11,1ce27fb1a1b3d44ec9cb69414ae816f1ddbf6d384fdf977ef1434bf53d8254e5,rolling_recent_cv_oof_threshold,ok,manual-parallel-45m-20260722_150132 strategy=log-grid round=5 index=147
LR_20260722_152112_123974,2026-07-22T15:21:19,logistic_regression,Logistic Regression,"{""C"": 2.6685756018e-05, ""solver"": ""lbfgs""}",0.4539656107323322,0.043278462834361986,"[0.48823998981917466, 0.5045435307590809, 0.4204637536620333, 0.40261516868904007]",0.40660091214718247,0.027433207274535146,0.5347863379444752,0.12601073902466034,"[0.3706481644124363, 0.44383609644992444, 0.39310585972784756, 0.4188135279985215]","[0.7151184464703291, 0.584489372133937, 0.45191438046427496, 0.3876231527093596]","[{""fold"": 1, ""train_start"": ""2021-01-04"", ""train_end"": ""2021-11-18"", ""train_label_end_max"": ""2021-11-25"", ""validation_start"": ""2021-11-26"", ""validation_end"": ""2022-10-20"", ""train_rows"": 78914, ""validation_rows"": 83274}, {""fold"": 2, ""train_start"": ""2021-01-04"", ""train_end"": ""2022-10-13"", ""train_label_end_max"": ""2022-10-20"", ""validation_start"": ""2022-10-21"", ""validation_end"": ""2023-09-14"", ""train_rows"": 162231, ""validation_rows"": 82746}, {""fold"": 3, ""train_start"": ""2021-01-04"", ""train_end"": ""2023-09-07"", ""train_label_end_max"": ""2023-09-14"", ""validation_start"": ""2023-09-15"", ""validation_end"": ""2024-08-07"", ""train_rows"": 244929, ""validation_rows"": 83453}, {""fold"": 4, ""train_start"": ""2021-01-04"", ""train_end"": ""2024-07-31"", ""train_label_end_max"": ""2024-08-07"", ""validation_start"": ""2024-08-08"", ""validation_end"": ""2025-07-03"", ""train_rows"": 328410, ""validation_rows"": 83231}]",0.49,0.4608780419872576,0.40367761412496567,0.5369650752443922,0.3704944936039242,0.49282545445801673,True,7.305,9eabd4bf8d11,1ce27fb1a1b3d44ec9cb69414ae816f1ddbf6d384fdf977ef1434bf53d8254e5,rolling_recent_cv_oof_threshold,ok,manual-parallel-45m-20260722_150132 strategy=log-grid round=5 index=148
LR_20260722_152119_433453,2026-07-22T15:21:28,logistic_regression,Logistic Regression,"{""C"": 2.71506049739e-05, ""solver"": ""liblinear""}",0.4549277360525821,0.04308282115129072,"[0.4882344782950395, 0.5059601334672968, 0.4215424706831296, 0.40397386176486216]",0.40641418577330296,0.02758071752403728,0.5373481143945463,0.1253523956080027,"[0.37045091814721925, 0.4438906542462891, 0.39254658385093166, 0.4187685868487719]","[0.7158301420002033, 0.5882098462780838, 0.45516363514554653, 0.3901888341543514]","[{""fold"": 1, ""train_start"": ""2021-01-04"", ""train_end"": ""2021-11-18"", ""train_label_end_max"": ""2021-11-25"", ""validation_start"": ""2021-11-26"", ""validation_end"": ""2022-10-20"", ""train_rows"": 78914, ""validation_rows"": 83274}, {""fold"": 2, ""train_start"": ""2021-01-04"", ""train_end"": ""2022-10-13"", ""train_label_end_max"": ""2022-10-20"", ""validation_start"": ""2022-10-21"", ""validation_end"": ""2023-09-14"", ""train_rows"": 162231, ""validation_rows"": 82746}, {""fold"": 3, ""train_start"": ""2021-01-04"", ""train_end"": ""2023-09-07"", ""train_label_end_max"": ""2023-09-14"", ""validation_start"": ""2023-09-15"", ""validation_end"": ""2024-08-07"", ""train_rows"": 244929, ""validation_rows"": 83453}, {""fold"": 4, ""train_start"": ""2021-01-04"", ""train_end"": ""2024-07-31"", ""train_label_end_max"": ""2024-08-07"", ""validation_start"": ""2024-08-08"", ""validation_end"": ""2025-07-03"", ""train_rows"": 328410, ""validation_rows"": 83231}]",0.49,0.4617536795334629,0.4035494342141189,0.5395773333874173,0.3704944936039242,0.49538027796479756,True,9.186,9eabd4bf8d11,1ce27fb1a1b3d44ec9cb69414ae816f1ddbf6d384fdf977ef1434bf53d8254e5,rolling_recent_cv_oof_threshold,ok,manual-parallel-45m-20260722_150132 strategy=log-grid round=5 index=149
LR_20260722_152128_619697,2026-07-22T15:21:35,logistic_regression,Logistic Regression,"{""C"": 2.71506049739e-05, ""solver"": ""lbfgs""}",0.45382620333556495,0.043180354008902966,"[0.4881381051071565, 0.50419246726387, 0.4204008422366061, 0.40257339873462716]",0.40670541290488493,0.027387469008393728,0.5342176844775899,0.12579227400336745,"[0.37072209911716086, 0.4438254003070849, 0.3933512346039344, 0.4189229175913597]","[0.7144067509404548, 0.5835664638191099, 0.4514454158711017, 0.3874521072796935]","[{""fold"": 1, ""train_start"": ""2021-01-04"", ""train_end"": ""2021-11-18"", ""train_label_end_max"": ""2021-11-25"", ""validation_start"": ""2021-11-26"", ""validation_end"": ""2022-10-20"", ""train_rows"": 78914, ""validation_rows"": 83274}, {""fold"": 2, ""train_start"": ""2021-01-04"", ""train_end"": ""2022-10-13"", ""train_label_end_max"": ""2022-10-20"", ""validation_start"": ""2022-10-21"", ""validation_end"": ""2023-09-14"", ""train_rows"": 162231, ""validation_rows"": 82746}, {""fold"": 3, ""train_start"": ""2021-01-04"", ""train_end"": ""2023-09-07"", ""train_label_end_max"": ""2023-09-14"", ""validation_start"": ""2023-09-15"", ""validation_end"": ""2024-08-07"", ""train_rows"": 244929, ""validation_rows"": 83453}, {""fold"": 4, ""train_start"": ""2021-01-04"", ""train_end"": ""2024-07-31"", ""train_label_end_max"": ""2024-08-07"", ""validation_start"": ""2024-08-08"", ""validation_end"": ""2025-07-03"", ""train_rows"": 328410, ""validation_rows"": 83231}]",0.49,0.46072156507499606,0.4037679389312977,0.5363809678335294,0.3704944936039242,0.49217923439453687,True,6.585,9eabd4bf8d11,1ce27fb1a1b3d44ec9cb69414ae816f1ddbf6d384fdf977ef1434bf53d8254e5,rolling_recent_cv_oof_threshold,ok,manual-parallel-45m-20260722_150132 strategy=log-grid round=5 index=150
LR_20260722_152135_209872,2026-07-22T15:21:44,logistic_regression,Logistic Regression,"{""C"": 2.64563246384e-05, ""solver"": ""liblinear""}",0.4551774945547896,0.04309997600296891,"[0.4882407952616813, 0.5064354289253639, 0.4218157034650475, 0.40421805056706595]",0.40626874141913905,0.027647404306956388,0.5382460519302904,0.1254282406770493,"[0.3702588169369243, 0.443867801615565, 0.39232409381663114, 0.4186242533074358]","[0.716575727793405, 0.5895365269806477, 0.4561015643318929, 0.3907703886152162]","[{""fold"": 1, ""train_start"": ""2021-01-04"", ""train_end"": ""2021-11-18"", ""train_label_end_max"": ""2021-11-25"", ""validation_start"": ""2021-11-26"", ""validation_end"": ""2022-10-20"", ""train_rows"": 78914, ""validation_rows"": 83274}, {""fold"": 2, ""train_start"": ""2021-01-04"", ""train_end"": ""2022-10-13"", ""train_label_end_max"": ""2022-10-20"", ""validation_start"": ""2022-10-21"", ""validation_end"": ""2023-09-14"", ""train_rows"": 162231, ""validation_rows"": 82746}, {""fold"": 3, ""train_start"": ""2021-01-04"", ""train_end"": ""2023-09-07"", ""train_label_end_max"": ""2023-09-14"", ""validation_start"": ""2023-09-15"", ""validation_end"": ""2024-08-07"", ""train_rows"": 244929, ""validation_rows"": 83453}, {""fold"": 4, ""train_start"": ""2021-01-04"", ""train_end"": ""2024-07-31"", ""train_label_end_max"": ""2024-08-07"", ""validation_start"": ""2024-08-08"", ""validation_end"": ""2025-07-03"", ""train_rows"": 328410, ""validation_rows"": 83231}]",0.49,0.46199933429490736,0.403412634498126,0.5404940575183548,0.3704944936039242,0.4963901846686544,True,9.306,9eabd4bf8d11,1ce27fb1a1b3d44ec9cb69414ae816f1ddbf6d384fdf977ef1434bf53d8254e5,rolling_recent_cv_oof_threshold,ok,manual-parallel-45m-20260722_150132 strategy=log-grid round=5 index=151
LR_20260722_152144_515940,2026-07-22T15:21:51,logistic_regression,Logistic Regression,"{""C"": 2.64563246384e-05, ""solver"": ""lbfgs""}",0.4539465661192549,0.043289694590373407,"[0.48812414718194225, 0.504609871719899, 0.4205295950155763, 0.40252265055960207]",0.4064800022328299,0.027456398491325265,0.5349651138270647,0.12608148390232893,"[0.370469186077127, 0.44373933213707384, 0.39301831309866947, 0.41869317761844926]","[0.7152878977869658, 0.5848354627519973, 0.45218236023180247, 0.3875547345374932]","[{""fold"": 1, ""train_start"": ""2021-01-04"", ""train_end"": ""2021-11-18"", ""train_label_end_max"": ""2021-11-25"", ""validation_start"": ""2021-11-26"", ""validation_end"": ""2022-10-20"", ""train_rows"": 78914, ""validation_rows"": 83274}, {""fold"": 2, ""train_start"": ""2021-01-04"", ""train_end"": ""2022-10-13"", ""train_label_end_max"": ""2022-10-20"", ""validation_start"": ""2022-10-21"", ""validation_end"": ""2023-09-14"", ""train_rows"": 162231, ""validation_rows"": 82746}, {""fold"": 3, ""train_start"": ""2021-01-04"", ""train_end"": ""2023-09-07"", ""train_label_end_max"": ""2023-09-14"", ""validation_start"": ""2023-09-15"", ""validation_end"": ""2024-08-07"", ""train_rows"": 244929, ""validation_rows"": 83453}, {""fold"": 4, ""train_start"": ""2021-01-04"", ""train_end"": ""2024-07-31"", ""train_label_end_max"": ""2024-08-07"", ""validation_start"": ""2024-08-08"", ""validation_end"": ""2025-07-03"", ""train_rows"": 328410, ""validation_rows"": 83231}]",0.49,0.4608633008397746,0.4035496178553579,0.537151665111751,0.3704944936039242,0.4931530730018274,True,6.698,9eabd4bf8d11,1ce27fb1a1b3d44ec9cb69414ae816f1ddbf6d384fdf977ef1434bf53d8254e5,rolling_recent_cv_oof_threshold,ok,manual-parallel-45m-20260722_150132 strategy=log-grid round=5 index=152
LR_20260722_152151_216926,2026-07-22T15:22:00,logistic_regression,Logistic Regression,"{""C"": 2.73860572086e-05, ""solver"": ""liblinear""}",0.4548141076049679,0.043045440115647655,"[0.4882166562593955, 0.5056840746624305, 0.4215442865123208, 0.4038114129857249]",0.4064242218454753,0.027501704584674148,0.5369946332703772,0.12523104236511656,"[0.37053939723719087, 0.44382720083654664, 0.39267439507386315, 0.4186558942343004]","[0.7154234588402751, 0.5875753468116401, 0.4549961477908418, 0.3899835796387521]","[{""fold"": 1, ""train_start"": ""2021-01-04"", ""train_end"": ""2021-11-18"", ""train_label_end_max"": ""2021-11-25"", ""validation_start"": ""2021-11-26"", ""validation_end"": ""2022-10-20"", ""train_rows"": 78914, ""validation_rows"": 83274}, {""fold"": 2, ""train_start"": ""2021-01-04"", ""train_end"": ""2022-10-13"", ""train_label_end_max"": ""2022-10-20"", ""validation_start"": ""2022-10-21"", ""validation_end"": ""2023-09-14"", ""train_rows"": 162231, ""validation_rows"": 82746}, {""fold"": 3, ""train_start"": ""2021-01-04"", ""train_end"": ""2023-09-07"", ""train_label_end_max"": ""2023-09-14"", ""validation_start"": ""2023-09-15"", ""validation_end"": ""2024-08-07"", ""train_rows"": 244929, ""validation_rows"": 83453}, {""fold"": 4, ""train_start"": ""2021-01-04"", ""train_end"": ""2024-07-31"", ""train_label_end_max"": ""2024-08-07"", ""validation_start"": ""2024-08-08"", ""validation_end"": ""2025-07-03"", ""train_rows"": 328410, ""validation_rows"": 83231}]",0.49,0.46163356021669677,0.4035702358905856,0.5392122662556281,0.3704944936039242,0.4950195969991344,True,9.052,9eabd4bf8d11,1ce27fb1a1b3d44ec9cb69414ae816f1ddbf6d384fdf977ef1434bf53d8254e5,rolling_recent_cv_oof_threshold,ok,manual-parallel-45m-20260722_150132 strategy=log-grid round=5 index=153
LR_20260722_152200_270715,2026-07-22T15:22:07,logistic_regression,Logistic Regression,"{""C"": 2.73860572086e-05, ""solver"": ""lbfgs""}",0.45376209460095884,0.04316180089824699,"[0.4881450165054729, 0.5040447729567352, 0.42029211659696647, 0.40256647234466086]",0.4067533067893553,0.02736310315596723,0.5339494546839559,0.12571789983920248,"[0.370803125219962, 0.4438468630636168, 0.3934153252899419, 0.41894791358390054]","[0.7141356288338361, 0.5831338505465348, 0.4511104411616923, 0.38741789819376027]","[{""fold"": 1, ""train_start"": ""2021-01-04"", ""train_end"": ""2021-11-18"", ""train_label_end_max"": ""2021-11-25"", ""validation_start"": ""2021-11-26"", ""validation_end"": ""2022-10-20"", ""train_rows"": 78914, ""validation_rows"": 83274}, {""fold"": 2, ""train_start"": ""2021-01-04"", ""train_end"": ""2022-10-13"", ""train_label_end_max"": ""2022-10-20"", ""validation_start"": ""2022-10-21"", ""validation_end"": ""2023-09-14"", ""train_rows"": 162231, ""validation_rows"": 82746}, {""fold"": 3, ""train_start"": ""2021-01-04"", ""train_end"": ""2023-09-07"", ""train_label_end_max"": ""2023-09-14"", ""validation_start"": ""2023-09-15"", ""validation_end"": ""2024-08-07"", ""train_rows"": 244929, ""validation_rows"": 83453}, {""fold"": 4, ""train_start"": ""2021-01-04"", ""train_end"": ""2024-07-31"", ""train_label_end_max"": ""2024-08-07"", ""validation_start"": ""2024-08-08"", ""validation_end"": ""2025-07-03"", ""train_rows"": 328410, ""validation_rows"": 83231}]",0.49,0.46065316649820504,0.4038192428732928,0.5361051393339553,0.3704944936039242,0.4918636385495816,True,6.834,9eabd4bf8d11,1ce27fb1a1b3d44ec9cb69414ae816f1ddbf6d384fdf977ef1434bf53d8254e5,rolling_recent_cv_oof_threshold,ok,manual-parallel-45m-20260722_150132 strategy=log-grid round=5 index=154
LR_20260722_152207_108099,2026-07-22T15:22:16,logistic_regression,Logistic Regression,"{""C"": 2.62288658001e-05, ""solver"": ""liblinear""}",0.4553081366008193,0.04312878150123448,"[0.488339083974751, 0.5066491666873034, 0.4219001610305958, 0.40434413471062686]",0.40625756304696015,0.027672488050602163,0.5386297852418056,0.12554774861848952,"[0.3702362204724409, 0.44390201566534315, 0.3922720336298984, 0.41861998242015824]","[0.7170840817433152, 0.590055662907738, 0.4563695440994205, 0.3910098522167488]","[{""fold"": 1, ""train_start"": ""2021-01-04"", ""train_end"": ""2021-11-18"", ""train_label_end_max"": ""2021-11-25"", ""validation_start"": ""2021-11-26"", ""validation_end"": ""2022-10-20"", ""train_rows"": 78914, ""validation_rows"": 83274}, {""fold"": 2, ""train_start"": ""2021-01-04"", ""train_end"": ""2022-10-13"", ""train_label_end_max"": ""2022-10-20"", ""validation_start"": ""2022-10-21"", ""validation_end"": ""2023-09-14"", ""train_rows"": 162231, ""validation_rows"": 82746}, {""fold"": 3, ""train_start"": ""2021-01-04"", ""train_end"": ""2023-09-07"", ""train_label_end_max"": ""2023-09-14"", ""validation_start"": ""2023-09-15"", ""validation_end"": ""2024-08-07"", ""train_rows"": 244929, ""validation_rows"": 83453}, {""fold"": 4, ""train_start"": ""2021-01-04"", ""train_end"": ""2024-07-31"", ""train_label_end_max"": ""2024-08-07"", ""validation_start"": ""2024-08-08"", ""validation_end"": ""2025-07-03"", ""train_rows"": 328410, ""validation_rows"": 83231}]",0.49,0.462135101320792,0.4034028340815857,0.5408834624589299,0.3704944936039242,0.49675988265845916,True,9.243,9eabd4bf8d11,1ce27fb1a1b3d44ec9cb69414ae816f1ddbf6d384fdf977ef1434bf53d8254e5,rolling_recent_cv_oof_threshold,ok,manual-parallel-45m-20260722_150132 strategy=log-grid round=5 index=155
LR_20260722_152216_344362,2026-07-22T15:22:23,logistic_regression,Logistic Regression,"{""C"": 2.62288658001e-05, ""solver"": ""lbfgs""}",0.4540320997931951,0.0433307716579954,"[0.48811216292751713, 0.504856542340841, 0.42055929247633284, 0.4026004014280893]",0.4064498228417579,0.027523378623571362,0.535262816414878,0.12617180633435907,"[0.3703736186633924, 0.44380548388507457, 0.39291844869221143, 0.41870174012635314]","[0.715592910156912, 0.5853834395639258, 0.45238334505744815, 0.3876915708812261]","[{""fold"": 1, ""train_start"": ""2021-01-04"", ""train_end"": ""2021-11-18"", ""train_label_end_max"": ""2021-11-25"", ""validation_start"": ""2021-11-26"", ""validation_end"": ""2022-10-20"", ""train_rows"": 78914, ""validation_rows"": 83274}, {""fold"": 2, ""train_start"": ""2021-01-04"", ""train_end"": ""2022-10-13"", ""train_label_end_max"": ""2022-10-20"", ""validation_start"": ""2022-10-21"", ""validation_end"": ""2023-09-14"", ""train_rows"": 162231, ""validation_rows"": 82746}, {""fold"": 3, ""train_start"": ""2021-01-04"", ""train_end"": ""2023-09-07"", ""train_label_end_max"": ""2023-09-14"", ""validation_start"": ""2023-09-15"", ""validation_end"": ""2024-08-07"", ""train_rows"": 244929, ""validation_rows"": 83453}, {""fold"": 4, ""train_start"": ""2021-01-04"", ""train_end"": ""2024-07-31"", ""train_label_end_max"": ""2024-08-07"", ""validation_start"": ""2024-08-08"", ""validation_end"": ""2025-07-03"", ""train_rows"": 328410, ""validation_rows"": 83231}]",0.49,0.4609545411849837,0.40351561072468356,0.5374599440230398,0.3704944936039242,0.49347768587092433,True,6.956,9eabd4bf8d11,1ce27fb1a1b3d44ec9cb69414ae816f1ddbf6d384fdf977ef1434bf53d8254e5,rolling_recent_cv_oof_threshold,ok,manual-parallel-45m-20260722_150132 strategy=log-grid round=5 index=156
LR_20260722_152223_310145,2026-07-22T15:22:32,logistic_regression,Logistic Regression,"{""C"": 2.7623551304e-05, ""solver"": ""liblinear""}",0.45473868758971414,0.043058407560673306,"[0.488218487200546, 0.5055690072639225, 0.42145463013273304, 0.4037126257616551]",0.4064616987529828,0.027489284314329086,0.5367175935958602,0.12519240633825027,"[0.37060517719785047, 0.4438969081156513, 0.39274347549331634, 0.41860123420511314]","[0.7151862269969838, 0.587142733539065, 0.4546946705523733, 0.38984674329501917]","[{""fold"": 1, ""train_start"": ""2021-01-04"", ""train_end"": ""2021-11-18"", ""train_label_end_max"": ""2021-11-25"", ""validation_start"": ""2021-11-26"", ""validation_end"": ""2022-10-20"", ""train_rows"": 78914, ""validation_rows"": 83274}, {""fold"": 2, ""train_start"": ""2021-01-04"", ""train_end"": ""2022-10-13"", ""train_label_end_max"": ""2022-10-20"", ""validation_start"": ""2022-10-21"", ""validation_end"": ""2023-09-14"", ""train_rows"": 162231, ""validation_rows"": 82746}, {""fold"": 3, ""train_start"": ""2021-01-04"", ""train_end"": ""2023-09-07"", ""train_label_end_max"": ""2023-09-14"", ""validation_start"": ""2023-09-15"", ""validation_end"": ""2024-08-07"", ""train_rows"": 244929, ""validation_rows"": 83453}, {""fold"": 4, ""train_start"": ""2021-01-04"", ""train_end"": ""2024-07-31"", ""train_label_end_max"": ""2024-08-07"", ""validation_start"": ""2024-08-08"", ""validation_end"": ""2025-07-03"", ""train_rows"": 328410, ""validation_rows"": 83231}]",0.49,0.4615587709089646,0.40361504344127835,0.5389283251531254,0.3704944936039242,0.49470400115417906,True,9.607,9eabd4bf8d11,1ce27fb1a1b3d44ec9cb69414ae816f1ddbf6d384fdf977ef1434bf53d8254e5,rolling_recent_cv_oof_threshold,ok,manual-parallel-45m-20260722_150132 strategy=log-grid round=5 index=157
LR_20260722_152232_919701,2026-07-22T15:22:39,logistic_regression,Logistic Regression,"{""C"": 2.7623551304e-05, ""solver"": ""lbfgs""}",0.45365153372085937,0.043138667611114734,"[0.48802363984008346, 0.5039275828532954, 0.42004527359300603, 0.4026096385970526]",0.4067675425944914,0.027388991797322335,0.5336172603433962,0.12559201655252608,"[0.37080016904979923, 0.4438489753783303, 0.3933395707853342, 0.4190814551645017]","[0.7136272748839259, 0.582816600813313, 0.45064147656851905, 0.38738368910782706]","[{""fold"": 1, ""train_start"": ""2021-01-04"", ""train_end"": ""2021-11-18"", ""train_label_end_max"": ""2021-11-25"", ""validation_start"": ""2021-11-26"", ""validation_end"": ""2022-10-20"", ""train_rows"": 78914, ""validation_rows"": 83274}, {""fold"": 2, ""train_start"": ""2021-01-04"", ""train_end"": ""2022-10-13"", ""train_label_end_max"": ""2022-10-20"", ""validation_start"": ""2022-10-21"", ""validation_end"": ""2023-09-14"", ""train_rows"": 162231, ""validation_rows"": 82746}, {""fold"": 3, ""train_start"": ""2021-01-04"", ""train_end"": ""2023-09-07"", ""train_label_end_max"": ""2023-09-14"", ""validation_start"": ""2023-09-15"", ""validation_end"": ""2024-08-07"", ""train_rows"": 244929, ""validation_rows"": 83453}, {""fold"": 4, ""train_start"": ""2021-01-04"", ""train_end"": ""2024-07-31"", ""train_label_end_max"": ""2024-08-07"", ""validation_start"": ""2024-08-08"", ""validation_end"": ""2025-07-03"", ""train_rows"": 328410, ""validation_rows"": 83231}]",0.49,0.46053590418577084,0.40382780971016263,0.5357725226138806,0.3704944936039242,0.4915480427046263,True,7.001,9eabd4bf8d11,1ce27fb1a1b3d44ec9cb69414ae816f1ddbf6d384fdf977ef1434bf53d8254e5,rolling_recent_cv_oof_threshold,ok,manual-parallel-45m-20260722_150132 strategy=log-grid round=5 index=158
LR_20260722_152239_923625,2026-07-22T15:22:49,logistic_regression,Logistic Regression,"{""C"": 2.60033625443e-05, ""solver"": ""liblinear""}",0.4554346738012346,0.04314879026434547,"[0.4883168408183978, 0.5069254477713551, 0.42206123649422617, 0.4044351701209592]",0.40627269165310403,0.02775037599151295,0.5389708981147621,0.12563375376624186,"[0.37011136558331437, 0.44403243993407926, 0.3923278367722812, 0.41861912432274123]","[0.7174568746399159, 0.5905747988348282, 0.456671021337889, 0.3911808976464149]","[{""fold"": 1, ""train_start"": ""2021-01-04"", ""train_end"": ""2021-11-18"", ""train_label_end_max"": ""2021-11-25"", ""validation_start"": ""2021-11-26"", ""validation_end"": ""2022-10-20"", ""train_rows"": 78914, ""validation_rows"": 83274}, {""fold"": 2, ""train_start"": ""2021-01-04"", ""train_end"": ""2022-10-13"", ""train_label_end_max"": ""2022-10-20"", ""validation_start"": ""2022-10-21"", ""validation_end"": ""2023-09-14"", ""train_rows"": 162231, ""validation_rows"": 82746}, {""fold"": 3, ""train_start"": ""2021-01-04"", ""train_end"": ""2023-09-07"", ""train_label_end_max"": ""2023-09-14"", ""validation_start"": ""2023-09-15"", ""validation_end"": ""2024-08-07"", ""train_rows"": 244929, ""validation_rows"": 83453}, {""fold"": 4, ""train_start"": ""2021-01-04"", ""train_end"": ""2024-07-31"", ""train_label_end_max"": ""2024-08-07"", ""validation_start"": ""2024-08-08"", ""validation_end"": ""2025-07-03"", ""train_rows"": 328410, ""validation_rows"": 83231}]",0.49,0.46226333385300283,0.4034042810497037,0.5412323043848619,0.3704944936039242,0.49707848417812833,True,9.573,9eabd4bf8d11,1ce27fb1a1b3d44ec9cb69414ae816f1ddbf6d384fdf977ef1434bf53d8254e5,rolling_recent_cv_oof_threshold,ok,manual-parallel-45m-20260722_150132 strategy=log-grid round=5 index=159
LR_20260722_152249_500465,2026-07-22T15:22:56,logistic_regression,Logistic Regression,"{""C"": 2.60033625443e-05, ""solver"": ""lbfgs""}",0.45416703070922626,0.043352460680624365,"[0.48818533710786294, 0.5050778773602496, 0.4207053257384754, 0.402699582630317]",0.4064630293436428,0.02754369484534296,0.5356108634071993,0.12624686008452976,"[0.370367123671938, 0.4438327434788308, 0.39289555536176274, 0.41875669486203965]","[0.7159318127901854, 0.5859314163758544, 0.45275181723779856, 0.3878284072249589]","[{""fold"": 1, ""train_start"": ""2021-01-04"", ""train_end"": ""2021-11-18"", ""train_label_end_max"": ""2021-11-25"", ""validation_start"": ""2021-11-26"", ""validation_end"": ""2022-10-20"", ""train_rows"": 78914, ""validation_rows"": 83274}, {""fold"": 2, ""train_start"": ""2021-01-04"", ""train_end"": ""2022-10-13"", ""train_label_end_max"": ""2022-10-20"", ""validation_start"": ""2022-10-21"", ""validation_end"": ""2023-09-14"", ""train_rows"": 162231, ""validation_rows"": 82746}, {""fold"": 3, ""train_start"": ""2021-01-04"", ""train_end"": ""2023-09-07"", ""train_label_end_max"": ""2023-09-14"", ""validation_start"": ""2023-09-15"", ""validation_end"": ""2024-08-07"", ""train_rows"": 244929, ""validation_rows"": 83453}, {""fold"": 4, ""train_start"": ""2021-01-04"", ""train_end"": ""2024-07-31"", ""train_label_end_max"": ""2024-08-07"", ""validation_start"": ""2024-08-08"", ""validation_end"": ""2025-07-03"", ""train_rows"": 328410, ""validation_rows"": 83231}]",0.49,0.4610938581329921,0.4035279938643585,0.5378168985519004,0.3704944936039242,0.4937902760411657,True,6.704,9eabd4bf8d11,1ce27fb1a1b3d44ec9cb69414ae816f1ddbf6d384fdf977ef1434bf53d8254e5,rolling_recent_cv_oof_threshold,ok,manual-parallel-45m-20260722_150132 strategy=log-grid round=5 index=160
GB_20260722_151945_740689,2026-07-22T15:23:05,gradient_boosting,Gradient Boosting,"{""n_estimators"": 110, ""learning_rate"": 0.25, ""max_depth"": 1, ""subsample"": 0.5}",0.4678105743567136,0.028741985603827916,"[0.483840946467956, 0.5052398226521564, 0.43065195835399106, 0.4515095699527509]",0.41535635302336793,0.02322623369001762,0.5423148351459081,0.07240892018380583,"[0.3878034823837162, 0.4484894563831928, 0.4006226398777781, 0.42450983344878473]","[0.6431016368997187, 0.5784327863178842, 0.4655478511372391, 0.48217706622879036]","[{""fold"": 1, ""train_start"": ""2021-01-04"", ""train_end"": ""2021-11-18"", ""train_label_end_max"": ""2021-11-25"", ""validation_start"": ""2021-11-26"", ""validation_end"": ""2022-10-20"", ""train_rows"": 78914, ""validation_rows"": 83274}, {""fold"": 2, ""train_start"": ""2021-01-04"", ""train_end"": ""2022-10-13"", ""train_label_end_max"": ""2022-10-20"", ""validation_start"": ""2022-10-21"", ""validation_end"": ""2023-09-14"", ""train_rows"": 162231, ""validation_rows"": 82746}, {""fold"": 3, ""train_start"": ""2021-01-04"", ""train_end"": ""2023-09-07"", ""train_label_end_max"": ""2023-09-14"", ""validation_start"": ""2023-09-15"", ""validation_end"": ""2024-08-07"", ""train_rows"": 244929, ""validation_rows"": 83453}, {""fold"": 4, ""train_start"": ""2021-01-04"", ""train_end"": ""2024-07-31"", ""train_label_end_max"": ""2024-08-07"", ""validation_start"": ""2024-08-08"", ""validation_end"": ""2025-07-03"", ""train_rows"": 328410, ""validation_rows"": 83231}]",0.49,0.47066465362873494,0.4148998731003745,0.5437472112927433,0.3704944936039242,0.4855517216504761,True,199.927,9eabd4bf8d11,1ce27fb1a1b3d44ec9cb69414ae816f1ddbf6d384fdf977ef1434bf53d8254e5,rolling_recent_cv_oof_threshold,ok,manual-parallel-45m-20260722_150132 strategy=coordinate-neighbor index=4
LR_20260722_152256_207513,2026-07-22T15:23:06,logistic_regression,Logistic Regression,"{""C"": 2.78631049673e-05, ""solver"": ""liblinear""}",0.4546230917124781,0.043113645610839677,"[0.4882310736686185, 0.5054783969788069, 0.4211196719274264, 0.4036632242750607]",0.40646871316365474,0.02749664228646274,0.5363798626635449,0.12518250780460524,"[0.3706925334317395, 0.44397163120567373, 0.3926367928627292, 0.41857389515447635]","[0.714915104890365, 0.5867678020361665, 0.45405821860449536, 0.3897783251231527]","[{""fold"": 1, ""train_start"": ""2021-01-04"", ""train_end"": ""2021-11-18"", ""train_label_end_max"": ""2021-11-25"", ""validation_start"": ""2021-11-26"", ""validation_end"": ""2022-10-20"", ""train_rows"": 78914, ""validation_rows"": 83274}, {""fold"": 2, ""train_start"": ""2021-01-04"", ""train_end"": ""2022-10-13"", ""train_label_end_max"": ""2022-10-20"", ""validation_start"": ""2022-10-21"", ""validation_end"": ""2023-09-14"", ""train_rows"": 162231, ""validation_rows"": 82746}, {""fold"": 3, ""train_start"": ""2021-01-04"", ""train_end"": ""2023-09-07"", ""train_label_end_max"": ""2023-09-14"", ""validation_start"": ""2023-09-15"", ""validation_end"": ""2024-08-07"", ""train_rows"": 244929, ""validation_rows"": 83453}, {""fold"": 4, ""train_start"": ""2021-01-04"", ""train_end"": ""2024-07-31"", ""train_label_end_max"": ""2024-08-07"", ""validation_start"": ""2024-08-08"", ""validation_end"": ""2025-07-03"", ""train_rows"": 328410, ""validation_rows"": 83231}]",0.49,0.4614497065068934,0.4036394367567305,0.5385875958301221,0.3704944936039242,0.49436135423679906,True,9.802,9eabd4bf8d11,1ce27fb1a1b3d44ec9cb69414ae816f1ddbf6d384fdf977ef1434bf53d8254e5,rolling_recent_cv_oof_threshold,ok,manual-parallel-45m-20260722_150132 strategy=log-grid round=5 index=161
LR_20260722_152306_011700,2026-07-22T15:23:12,logistic_regression,Logistic Regression,"{""C"": 2.78631049673e-05, ""solver"": ""lbfgs""}",0.45363147319882524,0.043125352486681943,"[0.4878964941569282, 0.5039916176030337, 0.4199281586756208, 0.40270962235971836]",0.4068653842554717,0.027476621488847306,0.5333800934905273,0.12543280519303274,"[0.37079067472554583, 0.4440487965710518, 0.3933639582175147, 0.4192581075077743]","[0.7131189209340156, 0.5826435555042828, 0.4503399993300506, 0.38741789819376027]","[{""fold"": 1, ""train_start"": ""2021-01-04"", ""train_end"": ""2021-11-18"", ""train_label_end_max"": ""2021-11-25"", ""validation_start"": ""2021-11-26"", ""validation_end"": ""2022-10-20"", ""train_rows"": 78914, ""validation_rows"": 83274}, {""fold"": 2, ""train_start"": ""2021-01-04"", ""train_end"": ""2022-10-13"", ""train_label_end_max"": ""2022-10-20"", ""validation_start"": ""2022-10-21"", ""validation_end"": ""2023-09-14"", ""train_rows"": 162231, ""validation_rows"": 82746}, {""fold"": 3, ""train_start"": ""2021-01-04"", ""train_end"": ""2023-09-07"", ""train_label_end_max"": ""2023-09-14"", ""validation_start"": ""2023-09-15"", ""validation_end"": ""2024-08-07"", ""train_rows"": 244929, ""validation_rows"": 83453}, {""fold"": 4, ""train_start"": ""2021-01-04"", ""train_end"": ""2024-07-31"", ""train_label_end_max"": ""2024-08-07"", ""validation_start"": ""2024-08-08"", ""validation_end"": ""2025-07-03"", ""train_rows"": 328410, ""validation_rows"": 83231}]",0.49,0.46050547963362143,0.40391475405823796,0.5355372571289498,0.3704944936039242,0.49122643551024336,True,6.702,9eabd4bf8d11,1ce27fb1a1b3d44ec9cb69414ae816f1ddbf6d384fdf977ef1434bf53d8254e5,rolling_recent_cv_oof_threshold,ok,manual-parallel-45m-20260722_150132 strategy=log-grid round=5 index=162
LR_20260722_152312_709688,2026-07-22T15:23:21,logistic_regression,Logistic Regression,"{""C"": 2.57797980577e-05, ""solver"": ""liblinear""}",0.455639209806522,0.04312300594442225,"[0.488419013800339, 0.5071335766874961, 0.42247768167963734, 0.4045265670586155]",0.406359837938668,0.027749019290544824,0.5393824186635258,0.12567279637768888,"[0.3701205661366416, 0.4441073208790256, 0.3925531914893617, 0.41865827324964316]","[0.7178635577998441, 0.5910074121074035, 0.4573409707567079, 0.3913177339901478]","[{""fold"": 1, ""train_start"": ""2021-01-04"", ""train_end"": ""2021-11-18"", ""train_label_end_max"": ""2021-11-25"", ""validation_start"": ""2021-11-26"", ""validation_end"": ""2022-10-20"", ""train_rows"": 78914, ""validation_rows"": 83274}, {""fold"": 2, ""train_start"": ""2021-01-04"", ""train_end"": ""2022-10-13"", ""train_label_end_max"": ""2022-10-20"", ""validation_start"": ""2022-10-21"", ""validation_end"": ""2023-09-14"", ""train_rows"": 162231, ""validation_rows"": 82746}, {""fold"": 3, ""train_start"": ""2021-01-04"", ""train_end"": ""2023-09-07"", ""train_label_end_max"": ""2023-09-14"", ""validation_start"": ""2023-09-15"", ""validation_end"": ""2024-08-07"", ""train_rows"": 244929, ""validation_rows"": 83453}, {""fold"": 4, ""train_start"": ""2021-01-04"", ""train_end"": ""2024-07-31"", ""train_label_end_max"": ""2024-08-07"", ""validation_start"": ""2024-08-08"", ""validation_end"": ""2025-07-03"", ""train_rows"": 328410, ""validation_rows"": 83231}]",0.49,0.46246450093509733,0.40348088835171475,0.541646047134223,0.3704944936039242,0.497364023275945,True,8.959,9eabd4bf8d11,1ce27fb1a1b3d44ec9cb69414ae816f1ddbf6d384fdf977ef1434bf53d8254e5,rolling_recent_cv_oof_threshold,ok,manual-parallel-45m-20260722_150132 strategy=log-grid round=5 index=163
LR_20260722_152321_675488,2026-07-22T15:23:28,logistic_regression,Logistic Regression,"{""C"": 2.57797980577e-05, ""solver"": ""lbfgs""}",0.4543115448959622,0.04342785680127715,"[0.48830010856760064, 0.5053913043478261, 0.4207562724571855, 0.4027984942112366]",0.4064469795700292,0.027579012095058093,0.5360350757473279,0.12639158370171685,"[0.3703723171265878, 0.44388679162938877, 0.39275757927750027, 0.4187712302466401]","[0.7164062764767682, 0.5866812793816514, 0.453053294476267, 0.38799945265462504]","[{""fold"": 1, ""train_start"": ""2021-01-04"", ""train_end"": ""2021-11-18"", ""train_label_end_max"": ""2021-11-25"", ""validation_start"": ""2021-11-26"", ""validation_end"": ""2022-10-20"", ""train_rows"": 78914, ""validation_rows"": 83274}, {""fold"": 2, ""train_start"": ""2021-01-04"", ""train_end"": ""2022-10-13"", ""train_label_end_max"": ""2022-10-20"", ""validation_start"": ""2022-10-21"", ""validation_end"": ""2023-09-14"", ""train_rows"": 162231, ""validation_rows"": 82746}, {""fold"": 3, ""train_start"": ""2021-01-04"", ""train_end"": ""2023-09-07"", ""train_label_end_max"": ""2023-09-14"", ""validation_start"": ""2023-09-15"", ""validation_end"": ""2024-08-07"", ""train_rows"": 244929, ""validation_rows"": 83453}, {""fold"": 4, ""train_start"": ""2021-01-04"", ""train_end"": ""2024-07-31"", ""train_label_end_max"": ""2024-08-07"", ""validation_start"": ""2024-08-08"", ""validation_end"": ""2025-07-03"", ""train_rows"": 328410, ""validation_rows"": 83231}]",0.49,0.46125129046498453,0.4035226429553223,0.5382549791100475,0.3704944936039242,0.49419904780225066,True,6.857,9eabd4bf8d11,1ce27fb1a1b3d44ec9cb69414ae816f1ddbf6d384fdf977ef1434bf53d8254e5,rolling_recent_cv_oof_threshold,ok,manual-parallel-45m-20260722_150132 strategy=log-grid round=5 index=164
LR_20260722_152328_536235,2026-07-22T15:23:37,logistic_regression,Logistic Regression,"{""C"": 2.81047360593e-05, ""solver"": ""liblinear""}",0.45453136074619316,0.043115814241619754,"[0.4882086666589486, 0.505337459145758, 0.42100029520983206, 0.4035790219702339]",0.4064803770951649,0.027480311449104566,0.5361000221979386,0.12511257757368083,"[0.3707578688236329, 0.4439689055812735, 0.39260461342297437, 0.4185901205527786]","[0.7145762022570915, 0.5863928705332679, 0.45382373630790873, 0.3896072796934866]","[{""fold"": 1, ""train_start"": ""2021-01-04"", ""train_end"": ""2021-11-18"", ""train_label_end_max"": ""2021-11-25"", ""validation_start"": ""2021-11-26"", ""validation_end"": ""2022-10-20"", ""train_rows"": 78914, ""validation_rows"": 83274}, {""fold"": 2, ""train_start"": ""2021-01-04"", ""train_end"": ""2022-10-13"", ""train_label_end_max"": ""2022-10-20"", ""validation_start"": ""2022-10-21"", ""validation_end"": ""2023-09-14"", ""train_rows"": 162231, ""validation_rows"": 82746}, {""fold"": 3, ""train_start"": ""2021-01-04"", ""train_end"": ""2023-09-07"", ""train_label_end_max"": ""2023-09-14"", ""validation_start"": ""2023-09-15"", ""validation_end"": ""2024-08-07"", ""train_rows"": 244929, ""validation_rows"": 83453}, {""fold"": 4, ""train_start"": ""2021-01-04"", ""train_end"": ""2024-07-31"", ""train_label_end_max"": ""2024-08-07"", ""validation_start"": ""2024-08-08"", ""validation_end"": ""2025-07-03"", ""train_rows"": 328410, ""validation_rows"": 83231}]",0.49,0.4613571495617893,0.4036573347446801,0.5383036547276193,0.3704944936039242,0.49407882081369625,True,9.148,9eabd4bf8d11,1ce27fb1a1b3d44ec9cb69414ae816f1ddbf6d384fdf977ef1434bf53d8254e5,rolling_recent_cv_oof_threshold,ok,manual-parallel-45m-20260722_150132 strategy=log-grid round=5 index=165
LR_20260722_152337_686278,2026-07-22T15:23:44,logistic_regression,Logistic Regression,"{""C"": 2.81047360593e-05, ""solver"": ""lbfgs""}",0.4536118015164653,0.043065649846253606,"[0.4879033193384519, 0.5038379451080242, 0.4199671900632763, 0.40273875155610883]",0.4069800195763048,0.02746653599992423,0.5331319269681926,0.1253268612116505,"[0.3708719033765318, 0.44411195212110544, 0.39353478566408995, 0.4194014371434921]","[0.7128477988273969, 0.5821244195771926, 0.4502060094462868, 0.3873494800218938]","[{""fold"": 1, ""train_start"": ""2021-01-04"", ""train_end"": ""2021-11-18"", ""train_label_end_max"": ""2021-11-25"", ""validation_start"": ""2021-11-26"", ""validation_end"": ""2022-10-20"", ""train_rows"": 78914, ""validation_rows"": 83274}, {""fold"": 2, ""train_start"": ""2021-01-04"", ""train_end"": ""2022-10-13"", ""train_label_end_max"": ""2022-10-20"", ""validation_start"": ""2022-10-21"", ""validation_end"": ""2023-09-14"", ""train_rows"": 162231, ""validation_rows"": 82746}, {""fold"": 3, ""train_start"": ""2021-01-04"", ""train_end"": ""2023-09-07"", ""train_label_end_max"": ""2023-09-14"", ""validation_start"": ""2023-09-15"", ""validation_end"": ""2024-08-07"", ""train_rows"": 244929, ""validation_rows"": 83453}, {""fold"": 4, ""train_start"": ""2021-01-04"", ""train_end"": ""2024-07-31"", ""train_label_end_max"": ""2024-08-07"", ""validation_start"": ""2024-08-08"", ""validation_end"": ""2025-07-03"", ""train_rows"": 328410, ""validation_rows"": 83231}]",0.49,0.4604749841229962,0.4040156019422826,0.5352776538352331,0.3704944936039242,0.49086575454458015,True,7.074,9eabd4bf8d11,1ce27fb1a1b3d44ec9cb69414ae816f1ddbf6d384fdf977ef1434bf53d8254e5,rolling_recent_cv_oof_threshold,ok,manual-parallel-45m-20260722_150132 strategy=log-grid round=5 index=166
LR_20260722_152344_762859,2026-07-22T15:23:55,logistic_regression,Logistic Regression,"{""C"": 2.55581556718e-05, ""solver"": ""liblinear""}",0.4556507945793988,0.04319721374827428,"[0.488511971977047, 0.5072108843537415, 0.4224463280331622, 0.4044339939536446]",0.40625951611082556,0.02773343526483452,0.5396210732030726,0.125894539258598,"[0.370083276593516, 0.4440305779933733, 0.3924250696859105, 0.4184991401705024]","[0.7184058020130817, 0.5913535027254636, 0.4574414631695307, 0.3912835249042146]","[{""fold"": 1, ""train_start"": ""2021-01-04"", ""train_end"": ""2021-11-18"", ""train_label_end_max"": ""2021-11-25"", ""validation_start"": ""2021-11-26"", ""validation_end"": ""2022-10-20"", ""train_rows"": 78914, ""validation_rows"": 83274}, {""fold"": 2, ""train_start"": ""2021-01-04"", ""train_end"": ""2022-10-13"", ""train_label_end_max"": ""2022-10-20"", ""validation_start"": ""2022-10-21"", ""validation_end"": ""2023-09-14"", ""train_rows"": 162231, ""validation_rows"": 82746}, {""fold"": 3, ""train_start"": ""2021-01-04"", ""train_end"": ""2023-09-07"", ""train_label_end_max"": ""2023-09-14"", ""validation_start"": ""2023-09-15"", ""validation_end"": ""2024-08-07"", ""train_rows"": 244929, ""validation_rows"": 83453}, {""fold"": 4, ""train_start"": ""2021-01-04"", ""train_end"": ""2024-07-31"", ""train_label_end_max"": ""2024-08-07"", ""validation_start"": ""2024-08-08"", ""validation_end"": ""2025-07-03"", ""train_rows"": 328410, ""validation_rows"": 83231}]",0.49,0.46249450408688214,0.40339159107654027,0.5418894252220825,0.3704944936039242,0.4976976531691834,True,10.299,9eabd4bf8d11,1ce27fb1a1b3d44ec9cb69414ae816f1ddbf6d384fdf977ef1434bf53d8254e5,rolling_recent_cv_oof_threshold,ok,manual-parallel-45m-20260722_150132 strategy=log-grid round=5 index=167
LR_20260722_152355_066472,2026-07-22T15:24:02,logistic_regression,Logistic Regression,"{""C"": 2.55581556718e-05, ""solver"": ""lbfgs""}",0.4544148741609946,0.043518863513622476,"[0.4882902224222907, 0.5057494101577052, 0.4208218666915434, 0.40279799737243904]",0.4064201380762747,0.02768731363235307,0.5363879434546013,0.12654838680474145,"[0.3702433047435673, 0.444076149769937, 0.39267061281337046, 0.418690484978224]","[0.7168468499000237, 0.587315778848095, 0.4533212742437946, 0.3880678708264915]","[{""fold"": 1, ""train_start"": ""2021-01-04"", ""train_end"": ""2021-11-18"", ""train_label_end_max"": ""2021-11-25"", ""validation_start"": ""2021-11-26"", ""validation_end"": ""2022-10-20"", ""train_rows"": 78914, ""validation_rows"": 83274}, {""fold"": 2, ""train_start"": ""2021-01-04"", ""train_end"": ""2022-10-13"", ""train_label_end_max"": ""2022-10-20"", ""validation_start"": ""2022-10-21"", ""validation_end"": ""2023-09-14"", ""train_rows"": 162231, ""validation_rows"": 82746}, {""fold"": 3, ""train_start"": ""2021-01-04"", ""train_end"": ""2023-09-07"", ""train_label_end_max"": ""2023-09-14"", ""validation_start"": ""2023-09-15"", ""validation_end"": ""2024-08-07"", ""train_rows"": 244929, ""validation_rows"": 83453}, {""fold"": 4, ""train_start"": ""2021-01-04"", ""train_end"": ""2024-07-31"", ""train_label_end_max"": ""2024-08-07"", ""validation_start"": ""2024-08-08"", ""validation_end"": ""2025-07-03"", ""train_rows"": 328410, ""validation_rows"": 83231}]",0.49,0.4613668739793614,0.40349448479139444,0.5386200462418367,0.3704944936039242,0.4945687457920554,True,7.076,9eabd4bf8d11,1ce27fb1a1b3d44ec9cb69414ae816f1ddbf6d384fdf977ef1434bf53d8254e5,rolling_recent_cv_oof_threshold,ok,manual-parallel-45m-20260722_150132 strategy=log-grid round=5 index=168
GB_20260722_152305_676620,2026-07-22T15:26:56,gradient_boosting,Gradient Boosting,"{""n_estimators"": 100, ""learning_rate"": 0.25, ""max_depth"": 2, ""subsample"": 0.5}",0.4730456282414198,0.024623193576229732,"[0.4790933333333333, 0.5107807823042971, 0.4493905829663806, 0.45291781436166806]",0.42102552664731735,0.022912053514253895,0.5435459750659557,0.052563955723800425,"[0.39491789945705935, 0.4558647076135926, 0.4075396609060677, 0.4257798386125497]","[0.6088724709390992, 0.580740057104952, 0.5008206880380531, 0.4837506841817187]","[{""fold"": 1, ""train_start"": ""2021-01-04"", ""train_end"": ""2021-11-18"", ""train_label_end_max"": ""2021-11-25"", ""validation_start"": ""2021-11-26"", ""validation_end"": ""2022-10-20"", ""train_rows"": 78914, ""validation_rows"": 83274}, {""fold"": 2, ""train_start"": ""2021-01-04"", ""train_end"": ""2022-10-13"", ""train_label_end_max"": ""2022-10-20"", ""validation_start"": ""2022-10-21"", ""validation_end"": ""2023-09-14"", ""train_rows"": 162231, ""validation_rows"": 82746}, {""fold"": 3, ""train_start"": ""2021-01-04"", ""train_end"": ""2023-09-07"", ""train_label_end_max"": ""2023-09-14"", ""validation_start"": ""2023-09-15"", ""validation_end"": ""2024-08-07"", ""train_rows"": 244929, ""validation_rows"": 83453}, {""fold"": 4, ""train_start"": ""2021-01-04"", ""train_end"": ""2024-07-31"", ""train_label_end_max"": ""2024-08-07"", ""validation_start"": ""2024-08-08"", ""validation_end"": ""2025-07-03"", ""train_rows"": 328410, ""validation_rows"": 83231}]",0.49,0.47515972661733147,0.4211153031423522,0.545118241187685,0.3704944936039242,0.47959146869289215,True,230.389,9eabd4bf8d11,1ce27fb1a1b3d44ec9cb69414ae816f1ddbf6d384fdf977ef1434bf53d8254e5,rolling_recent_cv_oof_threshold,ok,manual-parallel-45m-20260722_150132 strategy=coordinate-neighbor index=5
GB_20260722_152656_061260,2026-07-22T15:30:56,gradient_boosting,Gradient Boosting,"{""n_estimators"": 120, ""learning_rate"": 0.25, ""max_depth"": 2, ""subsample"": 0.5}",0.47538106290506854,0.024041962536257365,"[0.4785844308812507, 0.5133504946497073, 0.45229218242013897, 0.45729714366917723]",0.4210232510086694,0.02286650541634358,0.5489699972526486,0.04799411970648595,"[0.39548722486450616, 0.45633202467750983, 0.40762345098250047, 0.424650303510161]","[0.6058901277662927, 0.586652438496813, 0.5079556493484741, 0.4953817733990148]","[{""fold"": 1, ""train_start"": ""2021-01-04"", ""train_end"": ""2021-11-18"", ""train_label_end_max"": ""2021-11-25"", ""validation_start"": ""2021-11-26"", ""validation_end"": ""2022-10-20"", ""train_rows"": 78914, ""validation_rows"": 83274}, {""fold"": 2, ""train_start"": ""2021-01-04"", ""train_end"": ""2022-10-13"", ""train_label_end_max"": ""2022-10-20"", ""validation_start"": ""2022-10-21"", ""validation_end"": ""2023-09-14"", ""train_rows"": 162231, ""validation_rows"": 82746}, {""fold"": 3, ""train_start"": ""2021-01-04"", ""train_end"": ""2023-09-07"", ""train_label_end_max"": ""2023-09-14"", ""validation_start"": ""2023-09-15"", ""validation_end"": ""2024-08-07"", ""train_rows"": 244929, ""validation_rows"": 83453}, {""fold"": 4, ""train_start"": ""2021-01-04"", ""train_end"": ""2024-07-31"", ""train_label_end_max"": ""2024-08-07"", ""validation_start"": ""2024-08-08"", ""validation_end"": ""2025-07-03"", ""train_rows"": 328410, ""validation_rows"": 83231}]",0.49,0.47733227359529024,0.4213009523100036,0.5505536851498803,0.3704944936039242,0.48416009425795903,True,240.863,9eabd4bf8d11,1ce27fb1a1b3d44ec9cb69414ae816f1ddbf6d384fdf977ef1434bf53d8254e5,rolling_recent_cv_oof_threshold,ok,manual-parallel-45m-20260722_150132 strategy=coordinate-neighbor index=6
GB_20260722_153056_925693,2026-07-22T15:34:59,gradient_boosting,Gradient Boosting,"{""n_estimators"": 120, ""learning_rate"": 0.2, ""max_depth"": 2, ""subsample"": 0.5}",0.47552702314250583,0.025442676020109505,"[0.4754653581524348, 0.5170779051103065, 0.45582210082536667, 0.4537427284819154]",0.4206922272441468,0.023194710958348828,0.5505175277368466,0.052340478635235374,"[0.3919409087911363, 0.4547205322361798, 0.40929327397296794, 0.42681419397630316]","[0.6042295048632528, 0.5992559051711707, 0.5142866713563126, 0.48429802955665024]","[{""fold"": 1, ""train_start"": ""2021-01-04"", ""train_end"": ""2021-11-18"", ""train_label_end_max"": ""2021-11-25"", ""validation_start"": ""2021-11-26"", ""validation_end"": ""2022-10-20"", ""train_rows"": 78914, ""validation_rows"": 83274}, {""fold"": 2, ""train_start"": ""2021-01-04"", ""train_end"": ""2022-10-13"", ""train_label_end_max"": ""2022-10-20"", ""validation_start"": ""2022-10-21"", ""validation_end"": ""2023-09-14"", ""train_rows"": 162231, ""validation_rows"": 82746}, {""fold"": 3, ""train_start"": ""2021-01-04"", ""train_end"": ""2023-09-07"", ""train_label_end_max"": ""2023-09-14"", ""validation_start"": ""2023-09-15"", ""validation_end"": ""2024-08-07"", ""train_rows"": 244929, ""validation_rows"": 83453}, {""fold"": 4, ""train_start"": ""2021-01-04"", ""train_end"": ""2024-07-31"", ""train_label_end_max"": ""2024-08-07"", ""validation_start"": ""2024-08-08"", ""validation_end"": ""2025-07-03"", ""train_rows"": 328410, ""validation_rows"": 83231}]",0.49,0.477799444460032,0.4208311967528095,0.5526061736908287,0.3704944936039242,0.4865075262094835,True,242.836,9eabd4bf8d11,1ce27fb1a1b3d44ec9cb69414ae816f1ddbf6d384fdf977ef1434bf53d8254e5,rolling_recent_cv_oof_threshold,ok,manual-parallel-45m-20260722_150132 strategy=coordinate-neighbor index=7
GB_20260722_153459_770292,2026-07-22T15:39:52,gradient_boosting,Gradient Boosting,"{""n_estimators"": 120, ""learning_rate"": 0.2, ""max_depth"": 2, ""subsample"": 0.6}",0.47269467030297396,0.0250932986221956,"[0.47280736884261115, 0.513578583635842, 0.4540438464489097, 0.4503488822845329]",0.41871348165359334,0.023431281801782423,0.5465550593739151,0.05223263925401356,"[0.39004030570667136, 0.4525170367113651, 0.4057053969258351, 0.4265911872705018]","[0.6001626732639712, 0.5936896143973697, 0.5154590828392457, 0.4769088669950739]","[{""fold"": 1, ""train_start"": ""2021-01-04"", ""train_end"": ""2021-11-18"", ""train_label_end_max"": ""2021-11-25"", ""validation_start"": ""2021-11-26"", ""validation_end"": ""2022-10-20"", ""train_rows"": 78914, ""validation_rows"": 83274}, {""fold"": 2, ""train_start"": ""2021-01-04"", ""train_end"": ""2022-10-13"", ""train_label_end_max"": ""2022-10-20"", ""validation_start"": ""2022-10-21"", ""validation_end"": ""2023-09-14"", ""train_rows"": 162231, ""validation_rows"": 82746}, {""fold"": 3, ""train_start"": ""2021-01-04"", ""train_end"": ""2023-09-07"", ""train_label_end_max"": ""2023-09-14"", ""validation_start"": ""2023-09-15"", ""validation_end"": ""2024-08-07"", ""train_rows"": 244929, ""validation_rows"": 83453}, {""fold"": 4, ""train_start"": ""2021-01-04"", ""train_end"": ""2024-07-31"", ""train_label_end_max"": ""2024-08-07"", ""validation_start"": ""2024-08-08"", ""validation_end"": ""2025-07-03"", ""train_rows"": 328410, ""validation_rows"": 83231}]",0.49,0.4749356491447394,0.4187130809525579,0.5485985478440758,0.3704944936039242,0.4854224776377801,True,293.225,9eabd4bf8d11,1ce27fb1a1b3d44ec9cb69414ae816f1ddbf6d384fdf977ef1434bf53d8254e5,rolling_recent_cv_oof_threshold,ok,manual-parallel-45m-20260722_150132 strategy=coordinate-neighbor index=8
GB_20260722_153952_996115,2026-07-22T15:42:08,gradient_boosting,Gradient Boosting,"{""n_estimators"": 120, ""learning_rate"": 0.2, ""max_depth"": 1, ""subsample"": 0.5}",0.46887210384584155,0.02875289812812255,"[0.4813954374071676, 0.5082685618855084, 0.4317280801499739, 0.45409633594071636]",0.4141183844955342,0.02479041398780255,0.5468416539761651,0.06983886211932513,"[0.384865215979214, 0.4500956278076769, 0.39880766501064585, 0.42270502918459996]","[0.6425593926864812, 0.5837106682433018, 0.47057247177838074, 0.490524083196497]","[{""fold"": 1, ""train_start"": ""2021-01-04"", ""train_end"": ""2021-11-18"", ""train_label_end_max"": ""2021-11-25"", ""validation_start"": ""2021-11-26"", ""validation_end"": ""2022-10-20"", ""train_rows"": 78914, ""validation_rows"": 83274}, {""fold"": 2, ""train_start"": ""2021-01-04"", ""train_end"": ""2022-10-13"", ""train_label_end_max"": ""2022-10-20"", ""validation_start"": ""2022-10-21"", ""validation_end"": ""2023-09-14"", ""train_rows"": 162231, ""validation_rows"": 82746}, {""fold"": 3, ""train_start"": ""2021-01-04"", ""train_end"": ""2023-09-07"", ""train_label_end_max"": ""2023-09-14"", ""validation_start"": ""2023-09-15"", ""validation_end"": ""2024-08-07"", ""train_rows"": 244929, ""validation_rows"": 83453}, {""fold"": 4, ""train_start"": ""2021-01-04"", ""train_end"": ""2024-07-31"", ""train_label_end_max"": ""2024-08-07"", ""validation_start"": ""2024-08-08"", ""validation_end"": ""2025-07-03"", ""train_rows"": 328410, ""validation_rows"": 83231}]",0.49,0.47157080958128955,0.4136812403214651,0.5482983815357158,0.3704944936039242,0.4910581177262672,True,135.357,9eabd4bf8d11,1ce27fb1a1b3d44ec9cb69414ae816f1ddbf6d384fdf977ef1434bf53d8254e5,rolling_recent_cv_oof_threshold,ok,manual-parallel-45m-20260722_150132 strategy=coordinate-neighbor index=9
